Code,Innovation Name,Spatial Scale,Indicator Number,Indicator Name,Description,Metric,Category,slope_log,slope_exp,slope_lin,log_t0,log_Dt,log_K,exp_a,exp_c,lin_intercept,log_r2,log_r2adj,log_rmse,log_mae,exp_r2,exp_r2adj,exp_rmse,exp_mae,lin_r2,lin_r2adj,lin_rmse,lin_mae,n_data_points,n_non_zero_data_points,max_over_K,min_over_K,range_over_k,length_trimmed_series_years,n_data_points_beyond_max,n_data_points_beyond_min,suspected_reversal_up2down,suspected_reversal_down2up,at_least_one_big_jump,autocorr_l1,all_values_less_than_or_equal_to_1,all_values_less_than_or_equal_to_100,C1_R2,C2_threshold_non_zero_value_years,C3_pct_non_zero,C4_less_than_250_jump_in_second_half,C4_less_than_80_fall_in_second_half,C4_combined_less_than_80_fall_and_250_jump_in_second_half,C5_volatility_autocorrelation_lag1_threshold_0.7,C6_{K_COVERAGE_THRESHOLD}_of_k_covered_by_data,C7_lin_r2,use_log,use_lin, old GN scoring @retreat,old GN comments,old CW scoring @retreat,comments_fit_CW,comments_delete_CW,comments_alternativeseries_CW,comments_transformations_CW,use_logfit_CW,use_linfit_CW,select_1.1_earegion_CW,select_1.1_allregions_CW,select_non1.1s_earegion_CW,select_non1.1s_allregions_CW,GN final scoring,use_logfit_GN,use_linfit_GN,select_1.1_earegion_GN,select_1.1_allregions_GN,select_non1.1s_earegion_GN,select_non1.1s_allregions_GN,PDF page,use_logfit_AGREE?,use_linfit_AGREE?,select_1.1_earegion_AGREE?,select_1.1_allregions_AGREE?,select_non1.1s_earegion_AGREE?,select_non1.1s_allregions_AGREE?,FINAL AGREED,use_logfit_FIN,use_linfit_FIN,select_1.1_earegion_FIN,select_1.1_allregions_FIN,select_non1.1s_earegion_FIN,select_non1.1s_allregions_FIN,Delete from working file,Unnamed: 89,code_without_indicator_name
eat_ger_1.1Ado_d260_m170,eating less meat,Germany,1.1,Adoption over time,Partial up to max per capita beef consumption,Partial up to max Kg/yr,b1,-0.0010666,-0.00099417,-0.023182,-481.75,-4119.9,344.6,28.798,1765.1,69.159,0.065413,-0.40188,0.25203,0.2169,0.065427,-0.20159,0.25202,0.2169,0.065235,-0.20184,0.25205,0.217,10,10,0.068969,0.066757,0.0022128,10,1,2,1,1,0,0.89909,0,1,n,y,y,y,y,y,y,m,m,n,m,,,,not interested in this part of curve,1,delete,transformed-partial,0,0,0,0,0,0,,1,1,0,0,0,0,267,check,check,,,,,,1,1,0,0,0,0,delete,,eat_ger_1.1_d260_m170
eat_ger_1.1Ado_d262_m170,eating less meat,Germany,1.1,Adoption over time,Partial up to max per capita other meat consumption,Partial up to max kg/yr,b1,0.047747,0.047744,0.050807,2234.3,92.037,1.9301e+05,4.8751,2012.6,-99.343,0.48518,0.43193,0.59049,0.47484,0.48518,0.45086,0.59049,0.47484,0.34555,0.30192,0.66577,0.48838,33,33,2.4757e-05,4.6759e-06,2.0081e-05,33,1,13,0,1,0,0.91446,0,1,m,y,y,y,y,y,y,m,y,m,y,,,,not interested in this part of curve,1,delete,transformed-partial,0,0,0,0,0,0,,1,1,0,0,0,0,269,check,check,,,,,,1,1,0,0,0,0,delete,,eat_ger_1.1_d262_m170
eat_ger_1.1Ado_d264_m170,eating less meat,Germany,1.1,Adoption over time,Partial up to max per capita pig consumption,Partial up to max Kg/yr,b1,0.11889,0.017787,1.0357,1964.1,36.963,68.274,6.2147,1854.6,-1992.5,0.97688,0.97226,0.88966,0.65394,0.92159,0.91179,1.6385,1.262,0.93983,0.93231,1.4354,1.1028,19,19,0.9391,0.66583,0.27328,19,1,18,0,0,0,0.95047,0,1,y,y,y,y,y,y,y,y,y,y,y,,,,not interested in this part of curve,1,delete,transformed-partial,0,0,0,0,0,0,,1,1,0,0,0,0,271,check,check,,,,,,1,1,0,0,0,0,delete,,eat_ger_1.1_d264_m170
eat_ger_1.1Ado_d268_m170,eating less meat,Germany,1.1,Adoption over time,Partial up to max per capita sheep & goat consumption,Partial up to max Kg/yr,b1,0.28242,0.022055,0.019525,1971.9,15.56,0.95282,10.166,2098.2,-37.906,0.90044,0.888,0.058505,0.049294,0.67232,0.64611,0.10614,0.089069,0.72356,0.70145,0.097487,0.08452,28,28,1.1303,0.42532,0.70497,28,1,26,0,0,0,0.96625,0,1,y,y,y,y,y,y,y,y,y,y,y,,,,not interested in this part of curve,1,delete,transformed-partial,0,0,0,0,0,0,,1,1,0,0,0,0,275,check,check,,,,,,1,1,0,0,0,0,delete,,eat_ger_1.1_d268_m170
eat_ger_1.1Ado_d257_m167,eating less meat,Germany,1.1,Adoption over time,Partial max and after % poultry+pig in total meat consumption,Partial max and after % kg/yr,b1,-0.0028687,0.00070956,-0.00229,210.28,-1531.8,142.38,1555.7,1.5743e+05,5.4133,0.6816,0.60813,0.0076717,0.0062368,-3494.2,-3993.5,0.80379,0.80367,0.68085,0.63526,0.0076808,0.0062379,17,17,0.0057911,0.0054685,0.00032258,17,16,4,0,1,0,0.94023,1,1,m,y,y,y,y,y,y,m,y,m,y,,,,not interested in this part of curve,0,hide,transformed-partial,1,1,0,0,0,0,,1,1,0,0,0,0,264,,,,,,,,1,1,0,0,0,0,delete,,eat_ger_1.1_d257_m167
eat_ger_1.1Ado_d267_m171,eating less meat,Germany,1.1,Adoption over time,Partial max and after per capita poultry consumption,Partial max and after kg/yr,b1,-0.0058195,-0.0056857,-0.101,1375,-755.13,776.78,25.85,1954.2,221.8,0.11005,,0.32174,0.2768,0.11006,-1.6698,0.32174,0.27681,0.10963,-1.6711,0.32182,0.277,4,4,0.023443,0.022375,0.0010685,4,3,2,0,1,0,0.747,0,1,n,n,y,y,y,y,y,m,m,n,n,,,,too few,0,hide,transformed-partial,0,0,0,0,0,0,,1,1,0,0,0,0,274,check,check,,,,,,1,1,0,0,0,0,delete,,eat_ger_1.1_d267_m171
eat_ind_1.1Ado_d257_m167,eating less meat,India,1.1,Adoption over time,Partial max and after % poultry+pig in total meat consumption,Partial max and after % kg/yr,b1,0.46213,-0.071941,-0.046303,1930.9,9.5091,0.62074,0.81258,2015.2,94.107,-6.9558e-10,-3,0.072345,0.067531,0.79,0.58,0.033153,0.025925,0.81928,0.63856,0.030755,0.023247,5,5,1.1038,0.80974,0.29402,5,4,0,0,0,0,0.81088,1,1,n,n,y,y,y,y,y,y,y,n,n,,,,not interested in this part of curve,0,hide,transformed-partial,,,,,0,0,,1,1,0,0,0,0,330,,,,,,,,1,1,0,0,0,0,delete,,eat_ind_1.1_d257_m167
low_ger_4.1Kso_d213_m100,low-carbon long distance travel,Germany,4.1,Knowledge Flows (social networks),annualised Google search frequency (index 100=monthly max.),Index 0-100,b4,0.0090896,-0.072543,-0.77922,-437.38,483.46,4.7619,-1519.5,-1.5515e+05,1574.1,-1.1471e-12,-0.17647,21.296,9.0703,-0.05,-0.16667,21.822,4.7619,0.049091,-0.056566,20.767,9.3342,21,1,21,21,0,1,0,0,0,0,,,0,1,n,n,m,m,m,m,m,m,m,n,n,,,,too few,0,hide,original,0,0,0,0,0,0,,0,0,0,0,0,0,891,,,,,,,,0,0,0,0,0,0,delete,,low_ger_4.1_d213_m100
pas_aus_1.1Ado_d222_m146,passive building retrofits,Austria,1.1,Adoption over time,new building,number of buildings,m5,-0.58194,-0.012369,-0.72527,2018.3,-7.5514,47.505,80.659,1949.3,1496,0.30282,0.21188,22.644,17.563,0.028338,-0.052634,26.732,22.382,0.043391,-0.036327,26.524,22.215,27,27,1.8103,0.02105,1.7893,27,18,0,1,0,1,0.96282,0,1,m,y,y,y,m,m,y,y,m,m,m,4,,convert to cum.,noisy,0,hide,original,0,0,0,0,0,0,,,,,,,,1218,,,,,,,,0,0,0,0,0,0,delete,,pas_aus_1.1_d222_m146
pas_aus_1.1Ado_d234_m129,passive building retrofits,Austria,1.1,Adoption over time,renovation,floorspace,m5,-0.0013574,0.013637,88.745,24208,-3237.4,3860.3,14.749,1601.9,-1.7452e+05,-4.4409e-16,-0.13043,5468.7,4373,0.0095046,-0.073037,5442.6,4365.8,0.015976,-0.066026,5424.8,4333.5,27,17,4.833,0.029531,4.8035,27,14,6,1,1,1,0.47304,0,0,n,y,y,m,m,m,m,y,m,n,m,4,,convert to cum.,noisy,0,hide,original,0,0,0,0,0,0,,,,,,,,1219,,,,,,,,0,0,0,0,0,0,delete,,pas_aus_1.1_d234_m129
pas_aus_1.1Ado_d234_m146,passive building retrofits,Austria,1.1,Adoption over time,renovation,number of buildings,m5,-0.00064145,0.00055824,-0.0018315,-11097,-6850.8,7634.2,1556.1,1.5738e+05,5.385,2.2173e-05,-0.13041,2.3383,1.6785,-0.53086,-0.65843,2.8932,1.7037,3.7218e-05,-0.083293,2.3383,1.6781,27,17,0.0014409,0.00013099,0.0013099,27,14,26,1,0,1,0.66814,0,1,n,y,y,m,m,m,m,m,m,n,m,4,,convert to cum.,noisy,0,hide,original,0,0,0,0,0,0,,,,,,,,1220,,,,,,,,0,0,0,0,0,0,delete,,pas_aus_1.1_d234_m146
pas_aus_1.1Ado_d234_m147,passive building retrofits,Austria,1.1,Adoption over time,renovation,number of units,m5,0.024942,0.015477,2.0421,3998.8,176.19,2179.9,4.8346,1833.3,-4030,-0.17487,-0.32811,193.54,74.667,0.0045125,-0.078445,178.15,95.303,0.0079356,-0.074736,177.84,94.296,27,17,0.42111,0.00045873,0.42066,27,12,6,1,1,1,0.11709,0,0,n,y,y,m,m,m,m,y,m,n,m,4,1 hi pt,convert to cum.,noisy,0,hide,original,0,0,0,0,0,0,,,,,,,,1221,,,,,,,,0,0,0,0,0,0,delete,,pas_aus_1.1_d234_m147
pas_bel_1.1Ado_d222_m146,passive building retrofits,Belgium,1.1,Adoption over time,new building,number of buildings,m5,-96.631,-0.16096,-0.18346,2012,-0.045477,2.7143,3.3166,2005.5,370.68,0.64775,0.5817,0.87831,0.48572,0.52376,0.46773,1.0213,0.69715,0.511,0.45347,1.0348,0.74759,20,9,1.8421,0.36842,1.4737,12,5,7,1,1,1,0.63235,0,1,m,y,y,m,m,m,m,y,y,m,m,2,,convert to cum.,,0,hide,original,0,0,0,0,0,0,,,,,,,,1229,,,,,,,,0,0,0,0,0,0,delete,,pas_bel_1.1_d222_m146
pas_bel_1.1Ado_d234_m129,passive building retrofits,Belgium,1.1,Adoption over time,renovation,floorspace,m5,0.033823,-0.11303,-16.475,3129.6,129.92,-564.71,178.04,2008.3,33286,-0.10762,-0.3153,309.9,96.6,0.079925,-0.028319,282.45,171.65,0.10409,-0.0013134,278.71,169.84,20,2,-2.0028,-1.4184,-0.58437,3,2,0,0,0,1,0,0,0,n,n,y,m,y,m,m,m,m,n,n,3,messy,convert to cum.,,0,hide,original,0,0,0,0,0,0,,,,,,,,1230,,,,,,,,0,0,0,0,0,0,delete,,pas_bel_1.1_d234_m129
pas_bel_1.1Ado_d234_m146,passive building retrofits,Belgium,1.1,Adoption over time,renovation,number of buildings,m5,-172.16,-0.0014805,-0.026316,2010.8,-0.025526,0.5,-1544.4,-1.5266e+05,53.163,0.23077,0.086538,0.41833,0.2,-0.098901,-0.22818,0.5,0.15,0.10121,-0.0045249,0.45219,0.26526,20,2,4,2,2,3,2,0,0,0,1,0,0,1,n,n,y,m,y,m,m,y,m,n,n,3,messy,convert to cum.,,0,hide,original,0,0,0,0,0,0,,,,,,,,1231,,,,,,,,0,0,0,0,0,0,delete,,pas_bel_1.1_d234_m146
pas_bel_1.1Ado_d234_m147,passive building retrofits,Belgium,1.1,Adoption over time,renovation,number of units,m5,0.0055351,-0.0072487,-0.087218,-1868.7,793.92,0.6,-1542.3,-1.5287e+05,176.3,-1.8316e-12,-0.1875,2.2,1.08,-0.07438,-0.20078,2.2804,0.6,0.052259,-0.05924,2.1417,1.0265,20,2,16.667,3.3333,13.333,3,0,2,0,0,1,0,0,1,n,n,y,m,y,m,m,y,m,n,n,3,messy,convert to cum.,,0,hide,original,0,0,0,0,0,0,,,,,,,,1232,,,,,,,,0,0,0,0,0,0,delete,,pas_bel_1.1_d234_m147
pas_ger_1.1Ado_d222_m146,passive building retrofits,Germany,1.1,Adoption over time,new building,number of buildings,m5,-0.54686,-0.039567,-0.56233,2020,-8.0357,18.554,18.797,1999.2,1143.4,0.58055,0.44074,5.6509,4.1032,0.38752,0.26503,6.8285,5.5985,0.44834,0.33801,6.4806,5.172,13,13,1.563,0.053897,1.5091,27,10,0,0,0,1,0.86411,0,1,m,y,y,y,y,y,y,y,y,m,y,4,,convert to cum.,,0,hide,original,0,0,0,0,0,0,,,,,,,,1240,,,,,,,,0,0,0,0,0,0,delete,,pas_ger_1.1_d222_m146
pas_ger_1.1Ado_d234_m129,passive building retrofits,Germany,1.1,Adoption over time,renovation,floorspace,m5,-0.46843,-0.4684,-220.03,1995.5,-9.3812,8.4396e+07,1047.1,2019.6,4.454e+05,0.45245,-0.36886,446.34,342.99,0.45246,0.087426,446.34,343,0.3881,-0.01984,471.84,419.5,6,5,1.9693e-05,1.6233e-06,1.8069e-05,6,5,0,0,0,1,0.24122,0,0,m,n,y,m,m,m,m,m,y,n,n,3,,convert to cum.,,0,hide,original,0,0,0,0,0,0,,,,,,,,1241,,,,,,,,0,0,0,0,0,0,delete,,pas_ger_1.1_d234_m129
pas_ger_1.1Ado_d234_m146,passive building retrofits,Germany,1.1,Adoption over time,renovation,number of buildings,m5,-0.38723,-0.0019632,-0.009977,2024.2,-11.348,1.1469,-1410.4,-2.417e+05,21.058,0.10738,-0.19016,0.52407,0.37777,-3.25,-4.1,1.1435,1,0.034919,-0.1581,0.54493,0.36873,13,11,1.7438,0.87192,0.87192,26,7,11,1,0,1,0.82353,0,1,n,y,y,m,m,m,y,y,m,n,m,3,hi and low,convert to cum.,,0,hide,original,0,0,0,0,0,0,,,,,,,,1242,,,,,,,,0,0,0,0,0,0,delete,,pas_ger_1.1_d234_m146
pas_ger_1.1Ado_d234_m147,passive building retrofits,Germany,1.1,Adoption over time,renovation,number of units,m5,-0.66045,-0.66026,-2.8,2002.1,-6.6537,1.3076e+06,15.162,2019.4,5667.5,0.4081,-0.47976,6.5231,4.6469,0.4081,0.013498,6.5231,4.6475,0.31808,-0.13653,7.0016,6.1333,6,5,1.6824e-05,7.6473e-07,1.6059e-05,6,5,0,0,0,1,0.12997,0,1,m,n,y,m,m,m,m,m,y,n,n,3,,convert to cum.,,0,hide,original,0,0,0,0,0,0,,,,,,,,1243,,,,,,,,0,0,0,0,0,0,delete,,pas_ger_1.1_d234_m147
ego_est_1.1Ado_d034_m028,e-government,Estonia,1.1,Adoption over time,% people who interacted online with public authorities (in the past year),%,s2,0.21302,0.044441,0.031073,2009.5,20.629,0.88961,1.354,2032.1,-61.966,0.84816,0.81019,0.062292,0.043298,0.76113,0.72438,0.07813,0.061672,0.80288,0.77255,0.070975,0.05406,16,16,0.93423,0.4167,0.51753,16,0,15,0,0,0,0.93642,1,1,y,y,y,y,y,y,y,y,y,y,y,2,,,,0,original,duplicated in market share,1,1,0,0,0,0,,1,1,0,0,0,0,779,,,,,,,,1,1,0,0,0,0,delete,,ego_est_1.1_d034_m028
ego_hun_1.1Ado_d034_m028,e-government,Hungary,1.1,Adoption over time,% people who interacted online with public authorities (in the past year),%,s2,0.06119,0.061188,0.029056,2184.7,71.816,14635,1.0997,2029.5,-58.076,0.94091,0.92614,0.033949,0.026912,0.94091,0.93182,0.033949,0.026913,0.91983,0.90749,0.039544,0.034178,16,16,5.0009e-05,1.9221e-05,3.0788e-05,16,0,15,0,0,0,0.9183,1,1,y,y,y,y,y,y,y,m,y,m,y,1,,,,0,original,duplicated in market share,1,1,0,0,0,0,,1,1,0,0,0,0,792,,,,,,,,1,1,0,0,0,0,delete,,ego_hun_1.1_d034_m028
ego_lat_1.1Ado_d034_m028,e-government,Latvia,1.1,Adoption over time,% people who interacted online with public authorities (in the past year),%,s2,0.30711,0.052199,0.031526,2010.4,14.309,0.72463,1.2072,2031.2,-62.997,0.85287,0.81608,0.064114,0.052093,0.68404,0.63544,0.093952,0.078275,0.756,0.71846,0.082563,0.069012,16,16,1.0685,0.28263,0.78592,16,2,15,1,0,0,0.9442,1,1,y,y,y,y,y,y,y,y,y,y,y,1,,,,0,original,duplicated in market share,1,1,0,0,0,0,,1,1,0,0,0,0,803,,,,,,,,1,1,0,0,0,0,delete,,ego_lat_1.1_d034_m028
ego_por_1.1Ado_d034_m028,e-government,Portugal,1.1,Adoption over time,% people who interacted online with public authorities (in the past year),%,s2,0.20707,0.052509,0.022007,2010.2,21.222,0.57044,0.95769,2032.4,-43.95,0.83473,0.79342,0.045155,0.038398,0.80693,0.77723,0.048807,0.046019,0.83418,0.80867,0.045231,0.042818,16,16,1.0501,0.32606,0.724,16,0,15,0,0,0,0.92483,1,1,y,y,y,y,y,y,y,y,y,y,y,1,,,,0,original,duplicated in market share,1,1,0,0,0,0,,1,1,0,0,0,0,815,,,,,,,,1,1,0,0,0,0,delete,,ego_por_1.1_d034_m028
ego_swe_1.1Ado_d034_m028,e-government,Sweden,1.1,Adoption over time,% people who interacted online with public authorities (in the past year),%,s2,0.29597,0.018421,0.014876,2005.1,14.848,0.84991,2.994,2088.8,-29.204,0.8481,0.81012,0.031901,0.023702,0.67697,0.62728,0.04652,0.041122,0.70194,0.65609,0.044686,0.039451,16,16,1.0664,0.69196,0.37439,16,2,15,1,0,0,0.94608,1,1,y,y,y,y,y,y,y,y,y,y,y,1,,,,0,original,duplicated in market share,1,1,0,0,0,0,,1,1,0,0,0,0,827,,,,,,,,1,1,0,0,0,0,delete,,ego_swe_1.1_d034_m028
ego_uki_1.1Ado_d034_m028,e-government,UK,1.1,Adoption over time,% people who interacted online with public authorities (in the past year),%,s2,0.032087,0.032084,0.015379,2303.2,136.95,5238.4,2.2699,2061.8,-30.479,0.67178,0.56237,0.040789,0.035589,0.67178,0.60613,0.040789,0.035589,0.65319,0.58383,0.041928,0.035775,13,13,0.00012025,7.5595e-05,4.4651e-05,13,1,12,0,0,0,0.91782,1,1,m,y,y,y,y,y,y,m,y,m,y,,,,,0,original,duplicated in market share,1,1,0,0,0,0,,1,1,0,0,0,0,839,,,,,,,,1,1,0,0,0,0,delete,,ego_uki_1.1_d034_m028
org_aus_1.1Ado_d164_m028,organic food consumption,Austria,1.1,Adoption over time,Organic retail sales share [%],%,b2,0.05769,0.057688,0.003994,2195.8,76.174,2645.5,8.8416e-29,939.49,-7.9666,0.98329,0.98015,0.0030454,0.0021624,0.98329,0.98132,0.0030454,0.0021623,0.95583,0.95064,0.0049506,0.0044213,20,20,4.347e-05,1.4364e-05,2.9106e-05,20,0,19,0,0,0,0.93187,1,1,y,y,y,y,y,y,y,m,y,m,y,1,,,,0,original,duplicated in market share,1,1,0,0,0,0,,,,,,,,1022,,,,,,,,1,1,0,0,0,0,delete,,org_aus_1.1_d164_m028
pas_glo_4.3Com_d002_m010,passive building retrofits,Global,4.3,Compatibility,# new countries with passive buildings,# countries,m5,-87.345,-0.0051331,-0.010237,2013.9,-0.050311,1.7826,2.3707,1875.7,21.756,0.29721,0.22693,1.2824,0.90537,0.0026023,-0.061746,1.5277,1.2818,0.0043104,-0.059928,1.5264,1.2819,34,17,2.8049,0.56098,2.2439,23,1,22,0,0,1,0.75969,0,1,n,y,y,m,y,m,y,y,m,n,m,3,zeroes,convert to cum.,noisy,0,original,,0,0,0,0,0,0,,,,,,,,1252,,,,,,,,0,0,0,0,0,0,delete,,pas_glo_4.3_d002_m010
tex_usa_1.1Ado_d180_m028,textile recycling,US,1.1,Adoption over time,Recycled textiles as a share of textiles generation.,%,m14,0.13192,0.020045,0.0025345,1982.4,33.311,0.15586,2.0096e-07,1337.7,-4.9468,0.98803,0.98085,0.0048042,0.0037241,0.77726,0.70301,0.020727,0.01884,0.8734,0.83121,0.015626,0.014559,9,9,1.0201,0.1887,0.83137,49,4,8,1,0,1,0.91164,1,1,y,y,y,y,y,y,y,y,y,y,y,,,,,0,original,duplicated in market share,1,1,,,0,0,,,,,,,,1765,,,,,,,,1,1,0,0,0,0,delete,,tex_usa_1.1_d180_m028
eat_ger_1.1Ado_d256_m166,eating less meat,Germany,1.1,Adoption over time,Partial up to max % poultry+pig in total meat consumption,Partial up to max % kg/yr,b1,0.0047962,0.004793,0.003607,3516.1,916.24,1148.1,13.156,2584.9,-6.4169,0.95697,0.95306,0.0081724,0.0062675,0.95697,0.95444,0.0081723,0.0062674,0.95551,0.95289,0.0083102,0.0063018,37,37,0.00071819,0.00058966,0.00012853,37,1,36,0,0,0,0.97323,1,1,y,y,y,y,y,y,y,m,y,m,y,,,,part of curve consistent with LED innovation *probably positive slope = LED innovation,0,prefer,transformed-partial,1,1,0,0,0,0,,1,1,0,0,0,0,263,,,,,,,,1,1,0,0,0,0,delete,,eat_ger_1.1_d256_m166
eat_ger_1.1Ado_d261_m171,eating less meat,Germany,1.1,Adoption over time,Partial max and after per capita beef consumption,Partial max and after Kg/yr,b1,-0.018338,-0.018337,-0.28478,1419.4,-239.64,6.8305e+05,28.866,1968.6,586.29,0.74322,0.72397,2.2162,1.8588,0.74322,0.7307,2.2162,1.8588,0.68367,0.66824,2.4598,2.1249,44,44,3.4795e-05,1.5597e-05,1.9198e-05,44,43,20,0,1,0,0.9704,0,1,y,y,y,y,y,y,y,m,y,m,y,,,,part of curve consistent with LED innovation *needs sign reversal * negative slope = LED innovation,0,prefer,transformed-partial,1,1,0,0,0,0,,1,1,0,0,0,0,268,,,,,,,,1,1,0,0,0,0,delete,,eat_ger_1.1_d261_m171
eat_ger_1.1Ado_d263_m171,eating less meat,Germany,1.1,Adoption over time,Partial max and after per capita other meat consumption,Partial max and after kg/yr,b1,-0.045109,-0.045104,-0.10208,1809.5,-97.418,19420,2.6916,2006.5,207.56,0.42979,0.32916,0.71103,0.55061,0.42979,0.36643,0.71103,0.55062,0.43095,0.36772,0.7103,0.52525,21,21,0.00024604,4.0164e-05,0.00020588,21,20,2,0,0,1,0.85929,0,1,m,y,y,y,y,y,y,m,y,m,y,,,,part of curve consistent with LED innovation *needs sign reversal * negative slope = LED innovation,0,prefer,transformed-partial,1,1,0,0,0,0,,1,1,0,0,0,0,270,,,,,,,,1,1,0,0,0,0,delete,,eat_ger_1.1_d263_m171
eat_ger_1.1Ado_d265_m171,eating less meat,Germany,1.1,Adoption over time,Partial max and after per capita pig consumption,Partial max and after Kg/yr,b1,-0.11864,-0.0071591,-0.38654,2030.2,-37.039,57.547,87.403,1934.9,828.04,0.69245,0.66268,2.6874,2.1282,0.64191,0.61953,2.8997,2.6128,0.64901,0.62707,2.8709,2.5811,35,35,1.1142,0.75173,0.36243,35,34,0,0,0,0,0.96961,0,1,m,y,y,y,y,y,y,y,y,m,y,,,,part of curve consistent with LED innovation *needs sign reversal * negative slope = LED innovation,0,prefer,transformed-partial,1,1,0,0,0,0,,1,1,0,0,0,0,272,,,,,,,,1,1,0,0,0,0,delete,,eat_ger_1.1_d265_m171
eat_ger_1.1Ado_d266_m170,eating less meat,Germany,1.1,Adoption over time,Partial up to max per capita poultry consumption,Partial up to max kg/yr,b1,0.024792,0.018241,0.23111,2039.8,177.25,50.746,6.9815,1963.3,-448.19,0.96564,0.9634,0.6322,0.50791,0.96391,0.96238,0.64787,0.5069,0.95635,0.95449,0.71254,0.59258,50,50,0.35885,0.14847,0.21038,50,1,49,0,0,0,0.97827,0,1,y,y,y,y,y,y,y,y,y,y,y,,,,,0,prefer,transformed-partial,1,1,0,0,0,0,,1,1,0,0,0,0,273,,,,,,,,1,1,0,0,0,0,delete,,eat_ger_1.1_d266_m170
eat_ger_1.1Ado_d269_m171,eating less meat,Germany,1.1,Adoption over time,Partial max and after per capita sheep & goat consumption,Partial max and after Kg/yr,b1,-0.011772,-0.01177,-0.010166,1255.4,-373.3,6266.8,4.6666,1867.2,21.305,0.6236,0.57227,0.060056,0.045843,0.6236,0.59087,0.060056,0.045843,0.60663,0.57242,0.061395,0.046956,26,26,0.00017185,0.0001133,5.8558e-05,26,25,0,0,0,0,0.95637,0,1,m,y,y,y,y,y,y,m,y,m,y,,,,part of curve consistent with LED innovation *needs sign reversal * negative slope = LED innovation,0,prefer,transformed-partial,1,1,0,0,0,0,,1,1,0,0,0,0,276,,,,,,,,1,1,0,0,0,0,delete,,eat_ger_1.1_d269_m171
eat_ind_1.1Ado_d256_m166,eating less meat,India,1.1,Adoption over time,Partial up to max % poultry+pig in total meat consumption,Partial up to max % kg/yr,b1,0.040548,0.0020863,0.011622,2297.6,108.38,59476,1554.9,1.5745e+05,-22.859,0.98713,0.98627,0.019643,0.01552,-3.3068,-3.4941,0.35931,0.31484,0.90117,0.89688,0.054429,0.047789,49,49,1.152e-05,2.2356e-06,9.2841e-06,49,1,48,0,0,0,0.9622,1,1,y,y,y,y,y,y,y,m,y,m,y,,,,part of curve consistent with LED innovation *probably positive slope = LED innovation,0,prefer,transformed-partial,,1,,,0,0,,1,1,0,0,0,0,329,,,,,,,,1,1,0,0,0,0,delete,,eat_ind_1.1_d256_m166
low_ger_4.1Kso_d239_m153,low-carbon long distance travel,Germany,4.1,Knowledge Flows (social networks),Partial up to max annualised Google search frequency (index 100=monthly max.),Partial up to max Index 0-100,b4,109.72,0.31475,8.5714,2007.1,0.040052,50,0.21653,1992.9,-17182,0.4,-0.5,28.868,16.667,0.1057,-0.4905,35.243,26.456,0.15429,-0.40952,34.272,25.079,6,1,2,2,0,1,0,0,0,0,,,0,1,m,n,y,m,m,m,m,m,m,n,n,,,,,0,prefer,transformed-partial,0,0,0,0,1,1,,0,0,0,0,1,1,892,,,,,,,,0,0,0,0,1,1,,,low_ger_4.1_d239_m153
pas_glo_4.3Com_d215_m010,passive building retrofits,Global,4.3,Compatibility,cumulative # countries with passive buildings,# countries,m5,0.2946,0.061785,1.5977,2007.3,14.917,42.886,2.087,1971.6,-3185.3,0.98968,0.98865,1.6573,1.3611,0.8229,0.81147,6.8661,6.013,0.92298,0.91801,4.5281,3.7924,34,34,0.95602,0.023318,0.9327,34,11,33,1,0,0,0.9647,0,1,y,y,y,y,y,y,y,y,y,y,y,1,,convert to cum.,,0,prefer,transformed-cumulative,1,1,0,0,1,1,,,,,,,,1253,,,,,,,,1,1,0,0,1,1,,,pas_glo_4.3_d215_m010
dri_sto_1.1Ado_d334_m185,drivers licence,Stockholm,1.1,Adoption over Time,share of teenagers with drivers licenses,market share,b9,0.018264,0.018264,0.004499,2570.4,240.6,6803.5,2.2448e-08,1122.9,-8.7965,0.76953,0.078113,0.017874,0.016363,0.76953,0.53906,0.017874,0.016363,0.73006,0.46013,0.019344,0.018109,5,5,4.8168e-05,3.1961e-05,1.6207e-05,21,0,3,0,1,0,0.75348,1,1,y,m,y,y,y,y,y,m,y,m,m,,,,*needs sign reversal * negative slope = LED innovation,0,prefer-relative,transformed-marketshare,1,1,0,1,0,0,,1,1,0,1,0,0,217,,,,,,,,1,1,0,1,0,0,,,dri_sto_3.2_d334_m185
dri_swe_1.1Ado_d334_m185,drivers licence,Sweden,1.1,Adoption over Time,share of teenagers with drivers licenses,market share,b9,-0.022396,-0.022396,-0.0092404,1514.9,-196.21,22427,1.3617,1948.4,18.918,0.74424,0.68943,0.045534,0.036586,0.74424,0.71014,0.045534,0.036587,0.67556,0.6323,0.051285,0.039707,18,18,3.139e-05,1.6364e-05,1.5026e-05,29,17,8,0,1,0,0.90776,1,1,y,y,y,y,y,y,y,m,y,m,y,,,,*needs sign reversal * negative slope = LED innovation,0,prefer-relative,transformed-marketshare,1,1,1,1,0,0,,1,1,1,1,0,0,220,,,,,,,,1,1,1,1,0,0,,,dri_swe_3.2_d334_m185
low_ger_1.1Ado_d329_m185,low-carbon long distance travel,Germany,1.1,Adoption over Time,share of pkm by rail,market share,b4,0.0039154,0.001,4.3929e+09,2007.5,1122.3,1.122e+12,10,1950,-7.7945e+12,-75.283,-85.685,4.6589e+11,4.6334e+11,-368.74,-400.9,1.0257e+12,1.0243e+12,0.3815,0.32771,4.1951e+10,2.156e+10,26,26,1,0.79323,0.20677,26,4,0,1,0,0,0.96807,0,0,n,y,y,y,y,y,y,y,y,n,y,,,,* error in logfit,0,prefer-relative,transformed-marketshare,0,1,1,1,0,0,,0,1,1,1,0,0,890,,,,,,,,0,1,1,1,0,0,,,low_ger_1.1_d329_m185
act_ams_1.1Ado_d063_m028,active mobility,Amsterdam,1.1,Adoption over time,Bike ownership,%,b7,-0.011465,0.0054776,0.0038502,4079.4,-383.29,0.69857,0.76729,2018.3,-7.0056,-1.4439e-10,-1,0.039071,0.030204,0.78529,0.67794,0.018104,0.017715,0.79629,0.69443,0.017635,0.017232,7,7,1.0736,0.88753,0.18609,29,1,6,0,0,0,0.86693,1,1,n,y,y,y,y,y,y,m,y,n,y,1,,,,0,,,0,1,0,0,0,0,,0,1,0,0,0,0,1,,,,,,,,0,1,0,0,0,0,delete,Current rules (fix in March),act_ams_1.1_d063_m028
act_bei_1.1Ado_d060_m028,active mobility,Beijing,1.1,Adoption over time,Bicycle modal share,%,b7,-0.16166,-0.00040147,-0.01425,2004.6,-27.183,0.56684,-1544.5,-1.526e+05,28.852,1,1,2.154e-10,1.9821e-10,-9.2413,,0.4054,0.3851,0.96449,,0.023871,0.0221,3,3,0.95317,0.40576,0.54742,22,2,0,0,0,0,0.60149,1,1,y,m,y,y,y,y,m,y,y,m,m,2,,,,0,,,1,1,0,0,0,0,,1,1,0,0,0,0,5,,,,,,,,1,1,0,0,0,0,delete,delete if time series wont be used in Feb analysis,act_bei_1.1_d060_m028
cro_ber_1.1Ado_d059_m126,car ownership,Berlin,1.1,Adaption over time,"Berlin Car density: 
2008-2024","cars per 1,000 inhabitants",b5,0.46191,0.0019583,0.65735,2002,9.5137,334.89,79.734,1288.1,-993.56,0.57391,0.47558,4.627,3.8783,0.20393,0.090208,6.3244,5.2346,0.2064,0.093033,6.3146,5.2253,17,17,1.0197,0.94687,0.072859,17,12,15,1,0,0,0.94371,0,0,m,y,y,y,y,y,y,m,m,m,m,2,,,*needs sign reversal * negative slope = LED innovation,0,,,0,1,0,0,0,0,,0,1,0,0,0,0,90,,,,,,,,0,1,0,0,0,0,delete,,cro_ber_1.1_d059_m126
dig_den_2.9Int_d004_m028,digital skills,Denmark,2.9,Inter-dependence with hardware,% households with a computer,%,s1,-0.083208,0.023104,0.019516,2444.8,-52.813,0.74064,1.086,2024.9,-38.438,-7.2558e-12,-0.10714,0.21178,0.17571,0.63618,0.61108,0.12774,0.11192,0.72394,0.7049,0.11127,0.099385,32,32,1.2827,0.31594,0.96673,32,7,31,1,0,0,0.97687,1,1,n,y,y,y,y,y,y,y,y,n,y,,,,,0,,,,1,,,,,,1,1,0,0,1,1,164,,,,,,,,1,1,0,0,1,1,,,dig_den_2.9_d004_m028
dig_ita_2.9Int_d004_m028,digital skills,Italy,2.9,Inter-dependence with hardware,% households with a computer,%,s1,0.26892,0.0027294,0.018968,2001.2,16.341,0.67885,1554.9,1.575e+05,-37.587,0.97071,0.96671,0.028144,0.023768,-10.971,-12.012,0.56894,0.54466,0.79519,0.77738,0.074417,0.063119,26,26,1.048,0.246,0.80201,27,10,25,1,0,0,0.96842,1,1,y,y,y,y,y,y,y,y,y,y,y,,,,,0,,,1,1,,,,,,1,1,0,0,0,1,173,,,,,,,,1,1,0,0,0,1,,,dig_ita_2.9_d004_m028
dig_nor_2.9Int_d004_m028,digital skills,Norway,2.9,Inter-dependence with hardware,% households with a computer,%,s1,0.13851,0.0031965,0.024041,1997,31.727,1.0333,1554.9,1.5749e+05,-47.459,0.96664,0.96075,0.029395,0.021318,-23.724,-26.471,0.80025,0.7839,0.93106,0.9234,0.042258,0.031692,21,21,0.94416,0.37743,0.56672,23,1,20,0,0,0,0.9593,1,1,y,y,y,y,y,y,y,y,y,y,y,,,,,0,,,1,1,,,,,,1,1,0,0,0,1,181,,,,,,,,1,1,0,0,0,1,,,dig_nor_2.9_d004_m028
dig_pol_2.9Int_d004_m028,digital skills,Poland,2.9,Inter-dependence with hardware,% households with a computer,%,s1,0.31138,0.0044591,0.037382,2005.2,14.113,0.83096,1554.4,1.5754e+05,-74.538,0.99586,0.99504,0.013756,0.011496,-7.8449,-8.9505,0.63614,0.5991,0.91627,0.90581,0.061892,0.052927,19,19,1.0003,0.22745,0.7729,19,0,18,0,0,0,0.95029,1,1,y,y,y,y,y,y,y,y,y,y,y,,,,,0,,,1,1,,,,,,1,1,0,0,0,1,189,,,,,,,,1,1,0,0,0,1,,,dig_pol_2.9_d004_m028
dig_por_2.9Int_d004_m028,digital skills,Portugal,2.9,Inter-dependence with hardware,% households with a computer,%,s1,0.20112,0.0038986,0.031109,2004.3,21.85,0.78167,1554.5,1.5752e+05,-61.966,0.99349,0.99246,0.01681,0.012073,-4.4435,-4.9878,0.48612,0.4392,0.98088,0.97897,0.028808,0.024172,23,23,0.91459,0.14072,0.77387,23,0,22,0,0,0,0.94926,1,1,y,y,y,y,y,y,y,y,y,y,y,,,,,0,,,1,1,,,,,,1,1,0,0,0,1,197,,,,,,,,1,1,0,0,0,1,,,dig_por_2.9_d004_m028
dig_swe_2.9Int_d004_m028,digital skills,Sweden,2.9,Inter-dependence with hardware,% households with a computer,%,s1,0.28729,0.029801,0.024658,1997.3,15.296,0.9072,0.98083,2015,-48.703,0.98103,0.97768,0.022848,0.019241,0.74577,0.71752,0.083634,0.069902,0.81031,0.78923,0.072242,0.059427,21,21,1.0173,0.35273,0.66457,21,4,20,1,0,0,0.96347,1,1,y,y,y,y,y,y,y,y,y,y,y,,,,,0,,,1,1,,,,,,1,1,0,0,0,1,205,,,,,,,,1,1,0,0,0,1,,,dig_swe_2.9_d004_m028
dri_sto_1.1Ado_d031_m072,drivers licence,Stockholm,1.1,Adoption over Time,% of population holding a drivers licence,% of population,b9,-0.00011746,-0.00010085,-5.3361e-05,-13366,-37411,3.7855,0.56004,1540.6,0.6414,0.0037638,-2.9849,0.0061621,0.0055958,0.0037694,-0.99246,0.006162,0.0055958,0.0037354,-0.99253,0.0061621,0.0055959,5,5,0.14317,0.13917,0.0039982,21,0,1,0,1,0,0.79465,1,1,n,m,y,y,y,y,y,m,m,n,m,,,,*needs sign reversal * negative slope = LED innovation,0,,,0,1,0,0,0,0,,1,1,0,0,0,0,216,check,,,,,,,1,1,0,0,0,0,delete,,dri_sto_1.1_d031_m072
dri_swe_1.1Ado_d031_m072,drivers licence,Sweden,1.1,Adoption over Time,% of population holding a drivers licence,% of population,b9,1.3446,0.0012141,0.00096677,1986.3,3.2683,0.8,0.17332,746.87,-1.1399,1,1,3.7468e-09,3.7425e-09,0.77033,,0.0045183,0.0042591,0.77341,,0.0044879,0.0042296,3,3,1,0.975,0.025,22,1,2,1,0,0,0.66935,1,1,y,m,y,y,y,y,m,m,y,m,m,,,,*needs sign reversal * negative slope = LED innovation,0,,,0,1,0,0,0,0,,0,1,0,0,0,0,219,,,,,,,,0,1,0,0,0,0,delete,,dri_swe_1.1_d031_m072
dri_usa_3.2Adc_d032_m057,drivers licence,US,3.2,Adopter characteristics,"% of population holding a drivers licence, by age group",% of <=19 yr olds,b9,-0.075899,0.00033889,-0.0063917,2024.5,-57.899,0.67678,1555.5,1.5742e+05,13.326,0.59835,0.29712,0.092151,0.083982,-13.3,-19.019,0.54985,0.53027,0.5309,0.34326,0.09959,0.090787,8,8,1.1821,0.48908,0.69299,45,5,1,1,0,0,0.85176,1,1,m,y,y,y,y,y,y,y,y,m,y,,,,,0,,,,1,,,,,,1,1,0,0,0,0,239,,,,,,,,1,1,0,0,0,0,delete,,dri_usa_3.2_d032_m057
dri_usa_3.2Adc_d033_m065,drivers licence,US,3.2,Adopter characteristics,"% of population holding a drivers licence, by gender",% of female population,b9,-0.01787,0.0013376,0.0043526,4076.9,-245.91,0.79508,1555.3,1.5741e+05,-7.8775,-5.2731e-12,-0.053571,0.085541,0.069542,-86.392,-89.459,0.79967,0.79508,0.77652,0.76868,0.040438,0.03566,60,60,1.1054,0.72255,0.38288,60,0,59,0,0,0,0.98557,1,1,n,y,y,y,y,y,y,y,y,n,y,,,,,0,,,,1,,,,,,0,1,0,0,0,0,240,,,,,,,,0,1,0,0,0,0,delete,,dri_usa_3.2_d033_m065
dri_usa_3.2Adc_d033_m070,drivers licence,US,3.2,Adopter characteristics,"% of population holding a drivers licence, by gender",% of male population,b9,-0.018262,0.00073867,-0.001779,2111.9,-240.63,1.0557,1555.5,1.5739e+05,4.4893,0.91468,0.91011,0.0094831,0.0075253,-846.62,-876.37,0.94522,0.94466,0.90049,0.897,0.010242,0.0078867,60,60,0.93901,0.83772,0.10128,60,55,8,0,1,0,0.98349,1,1,y,y,y,y,y,y,y,m,y,m,y,,,,,0,,,,1,,,,,,1,1,0,0,0,0,241,,,,,,,,1,1,0,0,0,0,delete,,dri_usa_3.2_d033_m070
dri_usa_3.2Adc_d334_m185,drivers licence,US,3.2,Adopter characteristics,share of teenagers with drivers licenses,market share,b9,-0.075899,0.00033889,-0.0063917,2024.5,-57.899,0.67678,1555.5,1.5742e+05,13.326,0.59835,0.29712,0.092151,0.083982,-13.3,-19.019,0.54985,0.53027,0.5309,0.34326,0.09959,0.090787,8,8,1.1821,0.48908,0.69299,45,5,1,1,0,0,0.85176,1,1,m,y,y,y,y,y,y,y,y,m,y,,,,* should be 1.1 Adoption over Time + *needs sign reversal * negative slope = LED innovation,0,,,1,1,0,1,0,0,,1,1,0,1,0,0,242,,,,,,,,1,1,0,1,0,0,,,dri_usa_3.2_d334_m185
dri_was_3.2Adc_d032_m055,drivers licence,Washington DC,3.2,Adopter characteristics,"% of population holding a drivers licence, by age group",% of 20-24 yr olds,b9,-0.051167,-0.00121,-0.023009,1756.8,-85.885,1.8549e+05,-1544.4,-1.5267e+05,46.743,0.98882,0.95526,0.022825,0.021204,-3.7241,-8.4481,0.46909,0.41649,0.94381,0.88763,0.051158,0.042152,5,5,4.4391e-06,1.3428e-06,3.0962e-06,25,4,1,0,0,0,0.58555,1,1,y,m,y,y,y,y,m,m,y,m,m,,,,,0,,,,,,,,,,1,1,0,0,0,0,250,,,,,,,,1,1,0,0,0,0,delete,,dri_was_3.2_d032_m055
dri_was_3.2Adc_d032_m057,drivers licence,Washington DC,3.2,Adopter characteristics,"% of population holding a drivers licence, by age group",% of <=19 yr olds,b9,-0.14227,-0.053496,-0.012033,1912.6,-30.888,61328,-1544.9,-1.5262e+05,24.32,0.9963,0.98519,0.0072609,0.006048,-0.59679,-2.1936,0.15078,0.092178,0.84453,0.68906,0.047048,0.034591,5,5,5.3417e-06,2.5565e-07,5.0861e-06,25,4,1,0,0,1,0.22605,1,1,y,m,y,y,y,y,m,m,y,m,m,,,,,0,,,,,,,,,,1,1,0,0,0,0,251,,,,,,,,1,1,0,0,0,0,delete,,dri_was_3.2_d032_m057
dri_was_3.2Adc_d033_m065,drivers licence,Washington DC,3.2,Adopter characteristics,"% of population holding a drivers licence, by gender",% of female population,b9,0.011993,0.011992,0.0092807,2826.8,366.42,14283,4.2766,2150.3,-17.853,0.79296,0.17183,0.043915,0.040946,0.79296,0.58592,0.043915,0.040946,0.76787,0.53575,0.046499,0.042484,5,5,6.8541e-05,5.0529e-05,1.8012e-05,25,0,3,0,1,0,0.78303,1,1,y,m,y,y,y,y,y,m,y,m,m,,,,,0,,,,,,,,,,1,1,0,0,0,0,252,,,,,,,,1,1,0,0,0,0,delete,,dri_was_3.2_d033_m065
dri_was_3.2Adc_d033_m070,drivers licence,Washington DC,3.2,Adopter characteristics,"% of population holding a drivers licence, by gender",% of male population,b9,0.0036751,0.0036734,0.0032036,4084.2,1195.7,1838.6,3.4298,2374.6,-5.5396,0.26003,-1.9599,0.050012,0.040584,0.26003,-0.47993,0.050011,0.040584,0.25214,-0.49572,0.050278,0.040739,5,5,0.00052182,0.00043538,8.6446e-05,25,2,3,1,1,0,0.78495,1,1,n,m,y,y,y,y,y,m,m,n,m,,,,,0,,,,,,,,,,1,1,0,0,0,0,253,,,,,,,,1,1,0,0,0,0,delete,,dri_was_3.2_d033_m070
dri_was_3.2Adc_d334_m185,drivers licence,Washington DC,3.2,Adopter characteristics,share of teenagers with drivers licenses,market share,b9,-0.14227,-0.053496,-0.012033,1912.6,-30.888,61328,-1544.9,-1.5262e+05,24.32,0.9963,0.98519,0.0072609,0.006048,-0.59679,-2.1936,0.15078,0.092178,0.84453,0.68906,0.047048,0.034591,5,5,5.3417e-06,2.5565e-07,5.0861e-06,25,4,1,0,0,1,0.22605,1,1,y,m,y,y,y,y,m,m,y,m,m,,,,* should be 1.1 Adoption over Time + *needs sign reversal * negative slope = LED innovation,0,,,1,1,0,1,0,0,,1,1,0,1,0,0,254,,,,,,,,1,1,0,1,0,0,,,dri_was_3.2_d334_m185
eat_ind_1.1Ado_d260_m170,eating less meat,India,1.1,Adoption over time,Partial up to max per capita beef consumption,Partial up to max Kg/yr,b1,0.0046749,0.0046688,0.010866,3394.5,940.01,1780.9,4.6546,2122.9,-19.127,0.5374,0.39862,0.040839,0.031418,0.5374,0.4533,0.040839,0.031417,0.53222,0.44717,0.041067,0.031497,14,14,0.0014025,0.001287,0.00011557,14,1,11,0,1,0,0.92535,0,1,m,y,y,y,y,y,y,m,y,m,y,,,,,0,,transformed-partial,,1,,,0,0,,1,1,0,0,0,0,333,,,,,,,,1,1,0,0,0,0,delete,,eat_ind_1.1_d260_m170
eat_ind_1.1Ado_d261_m171,eating less meat,India,1.1,Adoption over time,Partial max and after per capita beef consumption,Partial max and after Kg/yr,b1,-0.033193,-0.0028796,-0.039091,1979,-132.39,5.5622,-1543.2,-1.5274e+05,80.06,0.71898,0.69557,0.28461,0.16599,-11.478,-12.153,1.8965,1.8189,0.70643,0.69056,0.29089,0.16143,40,40,0.44906,0.15102,0.29804,40,39,8,0,1,0,0.95622,0,1,y,y,y,y,y,y,y,y,y,y,y,,,,,0,,transformed-partial,1,1,,,0,0,,1,1,0,0,0,0,334,,,,,,,,1,1,0,0,0,0,delete,,eat_ind_1.1_d261_m171
eat_ind_1.1Ado_d262_m170,eating less meat,India,1.1,Adoption over time,Partial up to max per capita other meat consumption,Partial up to max kg/yr,b1,0.0090313,0.0090273,0.0011687,2829.8,486.58,293.62,16.357,2510.4,-2.1779,0.24891,0.023581,0.0082668,0.0068562,0.24891,0.11235,0.0082668,0.0068561,0.24395,0.10649,0.0082941,0.0069035,14,14,0.00051246,0.000407,0.00010545,14,1,13,0,0,0,0.92917,1,1,n,y,y,y,y,y,y,m,m,n,m,,,,,0,,transformed-partial,,,,,0,0,,1,1,0,0,0,0,335,,,,,,,,1,1,0,0,0,0,delete,,eat_ind_1.1_d262_m170
eat_ind_1.1Ado_d263_m171,eating less meat,India,1.1,Adoption over time,Partial max and after per capita other meat consumption,Partial max and after kg/yr,b1,-9.2187,-0.036974,-0.0046166,2009.2,-0.47669,0.13938,5.3627e-05,2202.7,9.3373,0.99322,0.99266,0.0052609,0.0028664,0.55291,0.52875,0.042733,0.038197,0.6953,0.67883,0.035278,0.030345,40,28,1.0795,0.90715,0.17238,28,27,0,0,0,0,0.96379,1,1,y,y,y,y,y,y,y,m,y,m,y,,,,,0,,transformed-partial,,1,,,0,0,,0,1,0,0,0,0,336,,,,,,,,0,1,0,0,0,0,delete,,eat_ind_1.1_d263_m171
eat_ind_1.1Ado_d264_m170,eating less meat,India,1.1,Adoption over time,Partial up to max per capita pig consumption,Partial up to max Kg/yr,b1,0.020192,0.0017399,0.0080323,2374.7,217.64,1114.8,1554.8,1.5742e+05,-15.515,0.93641,0.92687,0.014547,0.011846,-48.327,-53.025,0.40517,0.40104,0.92893,0.92216,0.015379,0.012596,24,24,0.00043769,0.00027693,0.00016076,24,1,23,0,0,0,0.95697,1,1,y,y,y,y,y,y,y,m,y,m,y,,,,,0,,transformed-partial,,1,,,0,0,,1,1,0,0,0,0,337,,,,,,,,1,1,0,0,0,0,delete,,eat_ind_1.1_d264_m170
eat_ind_1.1Ado_d265_m171,eating less meat,India,1.1,Adoption over time,Partial max and after per capita pig consumption,Partial max and after Kg/yr,b1,-0.041858,-0.027295,-0.009741,1989.4,-104.98,1.0752,1.2234,1960.5,19.903,0.94238,0.93573,0.020928,0.017926,0.93921,0.93471,0.021495,0.018687,0.9352,0.9304,0.022194,0.018464,30,30,0.4538,0.21391,0.23989,30,29,0,0,0,0,0.96341,1,1,y,y,y,y,y,y,y,y,y,y,y,,,,,0,,transformed-partial,1,1,,,0,0,,1,1,0,0,0,0,338,,,,,,,,1,1,0,0,0,0,delete,,eat_ind_1.1_d265_m171
eat_ind_1.1Ado_d266_m170,eating less meat,India,1.1,Adoption over time,Partial up to max per capita poultry consumption,Partial up to max kg/yr,b1,0.086579,0.0064102,0.057363,2020.1,50.757,6.1502,1554.2,1.5752e+05,-113.44,0.98616,0.9853,0.10914,0.067554,-1.2202,-1.3108,1.3825,1.0249,0.86091,0.85523,0.34604,0.28993,52,52,0.52519,0.025925,0.49926,52,1,49,0,0,0,0.96117,0,1,y,y,y,y,y,y,y,y,y,y,y,,,,,0,,transformed-partial,1,1,,,0,0,,1,1,0,0,0,0,339,,,,,,,,1,1,0,0,0,0,delete,,eat_ind_1.1_d266_m170
eat_ind_1.1Ado_d267_m171,eating less meat,India,1.1,Adoption over time,Partial max and after per capita poultry consumption,Partial max and after kg/yr,b1,,,-0.6,,,,,,1215.2,,,,,,,,,1,1,7.99e-14,6.9056e-14,2,2,,,,2,1,0,0,0,0,0.48963,0,1,n,n,y,y,y,y,m,m,y,n,n,,,,,0,,transformed-partial,,,,,0,0,,1,1,0,0,0,0,340,,,,,,,,1,1,0,0,0,0,delete,,eat_ind_1.1_d267_m171
eat_ind_1.1Ado_d268_m170,eating less meat,India,1.1,Adoption over time,Partial up to max per capita sheep & goat consumption,Partial up to max Kg/yr,b1,0.0043051,0.0012062,0.0027657,3696.7,1020.7,1073,1555,1.5739e+05,-4.8143,0.3022,0.16264,0.023308,0.019233,-557.9,-627.76,0.65964,0.65905,0.29475,0.20659,0.023432,0.019333,19,19,0.00066218,0.00057803,8.4151e-05,19,1,11,0,1,0,0.9406,1,1,m,y,y,y,y,y,y,m,m,m,m,,,,,0,,transformed-partial,,,,,0,0,,1,1,0,0,0,0,341,,,,,,,,1,1,0,0,0,0,delete,,eat_ind_1.1_d268_m170
eat_ind_1.1Ado_d269_m171,eating less meat,India,1.1,Adoption over time,Partial max and after per capita sheep & goat consumption,Partial max and after Kg/yr,b1,-0.0073337,-0.007329,-0.0045885,1001.6,-599.21,977.51,0.45544,2047.6,9.8241,0.78929,0.7689,0.023998,0.014874,0.78929,0.77612,0.023998,0.014874,0.78574,0.77235,0.024199,0.015224,35,35,0.00072688,0.00052173,0.00020515,35,34,9,0,1,0,0.9693,1,1,y,y,y,y,y,y,y,m,y,m,y,,,,,0,,transformed-partial,,1,,,0,0,,1,1,0,0,0,0,342,,,,,,,,1,1,0,0,0,0,delete,,eat_ind_1.1_d269_m171
eat_jap_1.1Ado_d256_m166,eating less meat,Japan,1.1,Adoption over time,Partial up to max % poultry+pig in total meat consumption,Partial up to max % kg/yr,b1,0.0025228,0.0011112,0.0019324,4302.5,1741.9,259.72,1555.3,1.5741e+05,-3.0873,0.60368,0.57891,0.023508,0.019095,-423.95,-441.3,0.76976,0.76886,0.60324,0.58705,0.023521,0.01914,52,52,0.0031929,0.0025954,0.00059759,52,0,51,0,0,0,0.98136,1,1,m,y,y,y,y,y,y,m,y,m,y,,,,,0,,,,1,,,0,0,,1,1,0,0,0,0,376,,,,,,,,1,1,0,0,0,0,delete,,eat_jap_1.1_d256_m166
eat_jap_1.1Ado_d257_m167,eating less meat,Japan,1.1,Adoption over time,Partial max and after % poultry+pig in total meat consumption,Partial max and after % kg/yr,b1,,,,,,,,,,,,,,,,,,,,,,1,1,,,,1,0,0,0,0,,,1,1,n,n,y,m,m,m,m,m,m,n,n,,,,,0,,,,,,,0,0,,0,0,0,0,0,0,377,,,,,,,,0,0,0,0,0,0,delete,,eat_jap_1.1_d257_m167
eat_jap_1.1Ado_d260_m170,eating less meat,Japan,1.1,Adoption over time,Partial up to max per capita beef consumption,Partial up to max Kg/yr,b1,0.087765,0.042589,0.30206,1988.2,50.071,15.45,9.7641,1995.2,-592.8,0.97054,0.96739,0.48881,0.34893,0.94433,0.9405,0.67195,0.45931,0.95896,0.95613,0.57699,0.43947,32,32,0.73283,0.1853,0.54753,32,1,31,0,0,0,0.96647,0,1,y,y,y,y,y,y,y,y,y,y,y,,,,,0,,,1,1,,,0,0,,1,1,0,0,0,0,380,,,,,,,,1,1,0,0,0,0,delete,,eat_jap_1.1_d260_m170
eat_jap_1.1Ado_d261_m171,eating less meat,Japan,1.1,Adoption over time,Partial max and after per capita beef consumption,Partial max and after Kg/yr,b1,-0.00064922,-0.00063817,-0.0055381,-4316.4,-6768.8,565.26,9.6152,1932.3,20.281,0.0026246,-0.1636,0.70289,0.55788,0.002627,-0.10236,0.70289,0.55787,0.0024921,-0.10251,0.70294,0.55745,22,22,0.02003,0.014721,0.0053089,22,21,17,0,1,0,0.9392,0,1,n,y,y,y,y,y,y,m,m,n,m,,,,,0,,,,,,,0,0,,1,1,0,0,0,0,381,,,,,,,,1,1,0,0,0,0,delete,,eat_jap_1.1_d261_m171
eat_jap_1.1Ado_d262_m170,eating less meat,Japan,1.1,Adoption over time,Partial up to max per capita other meat consumption,Partial up to max kg/yr,b1,-42.246,-0.0012148,-0.020913,1974.1,-0.10402,1.7258,-1543.6,-1.5262e+05,42.938,0.88903,0.55611,0.019651,0.01459,-828.51,-1658,1.699,1.698,0.25135,-0.4973,0.051042,0.045203,5,5,1.0164,0.91943,0.096998,5,1,0,1,0,0,0.80903,0,1,y,n,y,y,y,y,y,m,m,n,n,,,,,0,,,,,,,0,0,,0,1,0,0,0,0,382,,,,,,,,0,1,0,0,0,0,delete,,eat_jap_1.1_d262_m170
eat_jap_1.1Ado_d263_m171,eating less meat,Japan,1.1,Adoption over time,Partial max and after per capita other meat consumption,Partial max and after kg/yr,b1,-0.078744,-0.078743,-0.027755,1835.4,-55.807,86717,0.58276,1986.6,55.884,0.98643,0.98553,0.052128,0.041493,0.98643,0.98585,0.052127,0.041493,0.76912,0.75908,0.21505,0.17304,49,49,2.0228e-05,1.0379e-06,1.919e-05,49,48,8,0,1,0,0.91865,0,1,y,y,y,y,y,y,y,m,y,m,y,,,,,0,,,,1,,,0,0,,1,1,0,0,0,0,383,,,,,,,,1,1,0,0,0,0,delete,,eat_jap_1.1_d263_m171
eat_jap_1.1Ado_d264_m170,eating less meat,Japan,1.1,Adoption over time,Partial up to max per capita pig consumption,Partial up to max Kg/yr,b1,0.059276,0.015845,0.2676,1979.1,74.136,23.421,7.2636,1946.1,-517.67,0.96904,0.96707,0.71038,0.56409,0.91289,0.90926,1.1917,0.93494,0.95177,0.94977,0.88664,0.70489,51,51,0.9466,0.29824,0.64836,51,1,50,0,0,0,0.98079,0,1,y,y,y,y,y,y,y,y,y,y,y,,,,,0,,,1,1,,,0,0,,1,1,0,0,0,0,384,,,,,,,,1,1,0,0,0,0,delete,,eat_jap_1.1_d264_m170
eat_jap_1.1Ado_d265_m171,eating less meat,Japan,1.1,Adoption over time,Partial max and after per capita pig consumption,Partial max and after Kg/yr,b1,-0.0053131,-0.005266,-0.115,1133.3,-827.09,2461.9,33.259,1941.1,254.25,0.2744,2.4512,0.15307,0.14431,0.27441,,0.15306,0.14431,0.27306,,0.15321,0.14444,3,3,0.0090051,0.0088263,0.00017872,3,2,1,0,1,0,0.6633,0,1,n,n,y,y,y,y,m,m,m,n,n,,,,,0,,,,,,,0,0,,1,1,0,0,0,0,385,,,,,,,,1,1,0,0,0,0,delete,,eat_jap_1.1_d265_m171
eat_jap_1.1Ado_d266_m170,eating less meat,Japan,1.1,Adoption over time,Partial up to max per capita poultry consumption,Partial up to max kg/yr,b1,0.058183,0.020182,0.29304,1986.6,75.528,22.996,7.985,1969.9,-570.79,0.93134,0.92705,1.191,0.8883,0.90054,0.89648,1.4334,1.1896,0.93627,0.93367,1.1474,0.91426,52,52,1.1076,0.20235,0.90521,52,0,51,0,0,0,0.96855,0,1,y,y,y,y,y,y,y,y,y,y,y,,,,,0,,,1,1,,,0,0,,1,1,0,0,0,0,386,,,,,,,,1,1,0,0,0,0,delete,,eat_jap_1.1_d266_m170
eat_jap_1.1Ado_d267_m171,eating less meat,Japan,1.1,Adoption over time,Partial max and after per capita poultry consumption,Partial max and after kg/yr,b1,,,,,,,,,,,,,,,,,,,,,,1,1,,,,1,0,0,0,0,,,0,1,n,n,y,m,m,m,m,m,m,n,n,,,,,0,,,,,,,0,0,,0,0,0,0,0,0,387,,,,,,,,0,0,0,0,0,0,delete,,eat_jap_1.1_d267_m171
eat_jap_1.1Ado_d268_m170,eating less meat,Japan,1.1,Adoption over time,Partial up to max per capita sheep & goat consumption,Partial up to max Kg/yr,b1,1.7633,0.051505,0.065644,1969.2,2.4921,1.2819,4.6656,1997.8,-128.21,0.67618,,0.067741,0.054769,0.35979,-0.92063,0.095248,0.085438,0.38011,-0.85968,0.093725,0.083839,4,4,1.0759,0.81349,0.26245,4,1,3,1,0,0,0.77705,0,1,m,n,y,y,y,y,y,y,y,n,n,,,,,0,,,,,,,0,0,,0,1,0,0,0,0,388,,,,,,,,0,1,0,0,0,0,delete,,eat_jap_1.1_d268_m170
eat_jap_1.1Ado_d269_m171,eating less meat,Japan,1.1,Adoption over time,Partial max and after per capita sheep & goat consumption,Partial max and after Kg/yr,b1,-0.058777,-0.054375,-0.022371,1942.1,-74.765,8.8449,3.8123,1952.4,45.128,0.93458,0.93031,0.090998,0.059278,0.93428,0.93148,0.091206,0.058842,0.82342,0.81591,0.1495,0.12411,50,50,0.15594,0.013567,0.14237,50,49,0,0,0,0,0.92879,0,1,y,y,y,y,y,y,y,m,y,m,y,,,,,0,,,,1,,,0,0,,1,1,0,0,0,0,389,,,,,,,,1,1,0,0,0,0,delete,,eat_jap_1.1_d269_m171
eat_uki_1.1Ado_d256_m166,eating less meat,UK,1.1,Adoption over time,Partial up to max % poultry+pig in total meat consumption,Partial up to max % kg/yr,b1,0.042243,0.0061049,0.0039494,1952.2,104.03,0.75392,5.5189,2349.8,-7.2439,0.9114,0.90574,0.018482,0.014975,0.86084,0.85505,0.023162,0.017578,0.8766,0.87146,0.021811,0.016608,51,51,0.96599,0.67989,0.2861,51,1,45,0,0,0,0.98138,1,1,y,y,y,y,y,y,y,y,y,y,y,,,,,0,,,1,1,,,0,0,,1,1,0,0,0,0,423,,,,,,,,1,1,0,0,0,0,delete,,eat_uki_1.1_d256_m166
eat_uki_1.1Ado_d257_m167,eating less meat,UK,1.1,Adoption over time,Partial max and after % poultry+pig in total meat consumption,Partial max and after % kg/yr,b1,-0.0039364,-0.0038471,-0.0027253,1061.1,-1116.4,31.96,1.9343,1762,6.2222,0.032968,2.9341,0.012123,0.011429,0.032977,,0.012123,0.011429,0.032583,,0.012125,0.011432,3,3,0.022787,0.021897,0.00089006,3,2,1,0,1,0,0.65831,1,1,n,n,y,y,y,y,m,m,m,n,n,,,,,0,,,,,,,0,0,,1,1,0,0,0,0,424,,,,,,,,1,1,0,0,0,0,delete,,eat_uki_1.1_d257_m167
eat_uki_1.1Ado_d260_m170,eating less meat,UK,1.1,Adoption over time,Partial up to max per capita beef consumption,Partial up to max Kg/yr,b1,-0.00059872,-0.00050832,-0.011982,-917.55,-7339.7,157.53,26.401,1761.4,47.35,0.0007082,-0.99858,0.90235,0.73631,0.00070894,-0.49894,0.90235,0.73631,0.00070482,-0.49894,0.90235,0.73635,7,7,0.15767,0.13971,0.017961,7,1,3,1,1,0,0.85684,0,1,n,y,y,y,y,y,y,m,m,n,m,,,,,0,,,,,,,0,0,,1,1,0,0,0,0,427,,,,,,,,1,1,0,0,0,0,delete,,eat_uki_1.1_d260_m170
eat_uki_1.1Ado_d261_m171,eating less meat,UK,1.1,Adoption over time,Partial max and after per capita beef consumption,Partial max and after Kg/yr,b1,-0.0054056,-0.0054045,-0.1045,435.05,-812.94,93558,34.632,1896.7,228.88,0.37809,0.3347,1.8528,1.4063,0.37809,0.34983,1.8528,1.4063,0.36401,0.33511,1.8737,1.4255,47,47,0.00026548,0.00016419,0.0001013,47,46,25,0,1,0,0.97374,0,1,m,y,y,y,y,y,y,m,y,m,y,,,,,0,,,,1,,,0,0,,1,1,0,0,0,0,428,,,,,,,,1,1,0,0,0,0,delete,,eat_uki_1.1_d261_m171
eat_uki_1.1Ado_d262_m170,eating less meat,UK,1.1,Adoption over time,Partial up to max per capita other meat consumption,Partial up to max kg/yr,b1,0.070742,0.0023728,0.014534,2169.7,62.119,80246,1554.8,1.5745e+05,-28.501,0.49233,0.45425,0.25504,0.21043,-1.5322,-1.6558,0.56961,0.44308,0.26583,0.23002,0.3067,0.23143,44,44,2.0188e-05,1.4995e-06,1.8689e-05,44,1,25,0,1,1,0.86525,0,1,m,y,y,y,y,y,y,m,m,m,m,,,,,0,,,,,,,0,0,,1,1,0,0,0,0,429,,,,,,,,1,1,0,0,0,0,delete,,eat_uki_1.1_d262_m170
eat_uki_1.1Ado_d263_m171,eating less meat,UK,1.1,Adoption over time,Partial max and after per capita other meat consumption,Partial max and after kg/yr,b1,-0.054803,-0.0055642,-0.068909,1871.6,-80.186,3549.2,-1542.5,-1.5286e+05,140.24,0.67971,0.51957,0.13717,0.10456,-27.932,-36.198,1.3037,1.281,0.66682,0.57162,0.13991,0.10902,10,10,0.00045645,0.00024795,0.0002085,10,9,3,0,1,0,0.87562,0,1,m,y,y,y,y,y,y,m,y,m,y,,,,,0,,,,1,,,0,0,,1,1,0,0,0,0,430,,,,,,,,1,1,0,0,0,0,delete,,eat_uki_1.1_d263_m171
eat_uki_1.1Ado_d264_m170,eating less meat,UK,1.1,Adoption over time,Partial up to max per capita pig consumption,Partial up to max Kg/yr,b1,-0.051711,0.020345,0.58524,2366.5,-84.981,28.479,7.0291,1902.2,-1125,-3.7707e-09,3,0.62777,0.58209,0.57358,,0.40994,0.38648,0.57939,,0.40714,0.38385,3,3,1.0202,0.96934,0.050877,3,1,2,1,0,0,0.67294,0,1,n,n,y,y,y,y,m,m,y,n,n,,,,,0,,,,,,,0,0,,0,1,0,0,0,0,431,,,,,,,,0,1,0,0,0,0,delete,,eat_uki_1.1_d264_m170
eat_uki_1.1Ado_d265_m171,eating less meat,UK,1.1,Adoption over time,Partial max and after per capita pig consumption,Partial max and after Kg/yr,b1,-0.00067189,-0.00066913,-0.016859,-6155.2,-6540.5,6149.3,35.405,1512.4,59.269,0.054619,-0.0057246,1.041,0.80309,0.054623,0.015232,1.041,0.80308,0.053725,0.014296,1.0415,0.8028,51,51,0.0047248,0.0038695,0.00085528,51,50,46,0,0,0,0.97735,0,1,n,y,y,y,y,y,y,m,m,n,m,,,,,0,,,,,,,0,0,,1,1,0,0,0,0,432,,,,,,,,1,1,0,0,0,0,delete,,eat_uki_1.1_d265_m171
eat_uki_1.1Ado_d266_m170,eating less meat,UK,1.1,Adoption over time,Partial up to max per capita poultry consumption,Partial up to max kg/yr,b1,0.074857,0.021904,0.52668,1985.3,58.705,35.836,5.4322,1931.3,-1027.8,0.95764,0.95488,1.6176,1.4592,0.88645,0.88162,2.6483,2.367,0.93522,0.93246,2.0004,1.7649,50,50,0.96243,0.29419,0.66824,50,1,49,0,0,0,0.97677,0,1,y,y,y,y,y,y,y,y,y,y,y,,,,,0,,,1,1,,,0,0,,1,1,0,0,0,0,433,,,,,,,,1,1,0,0,0,0,delete,,eat_uki_1.1_d266_m170
eat_uki_1.1Ado_d267_m171,eating less meat,UK,1.1,Adoption over time,Partial max and after per capita poultry consumption,Partial max and after kg/yr,b1,-0.0042231,-0.0041986,-0.143,802.08,-1040.6,5875.4,55.257,1905,322.96,0.47786,,0.1674,0.1422,0.47787,-0.5664,0.1674,0.1422,0.47628,-0.57117,0.16765,0.1425,4,4,0.0058702,0.0057596,0.00011063,4,3,1,0,1,0,0.74788,0,1,m,n,y,y,y,y,y,m,y,n,n,,,,,0,,,,,,,0,0,,1,1,0,0,0,0,434,,,,,,,,1,1,0,0,0,0,delete,,eat_uki_1.1_d267_m171
eat_uki_1.1Ado_d268_m170,eating less meat,UK,1.1,Adoption over time,Partial up to max per capita sheep & goat consumption,Partial up to max Kg/yr,b1,0.082148,-0.017243,-0.17262,1673.3,53.494,9.8194,10.585,1966.6,350.06,-4.5686e-11,3,0.30546,0.25551,0.20882,,0.27171,0.25616,0.2129,,0.271,0.25551,3,3,1.039,0.9629,0.076126,3,1,0,1,0,0,0.67851,0,1,n,n,y,y,y,y,m,m,m,n,n,,,,,0,,,,,,,0,0,,0,1,0,0,0,0,435,,,,,,,,0,1,0,0,0,0,delete,,eat_uki_1.1_d268_m170
eat_uki_1.1Ado_d269_m171,eating less meat,UK,1.1,Adoption over time,Partial max and after per capita sheep & goat consumption,Partial max and after Kg/yr,b1,-0.041706,-0.013673,-0.088103,2012.2,-105.37,9.731,8.9198,1969.4,182.18,0.8656,0.85702,0.511,0.38191,0.84931,0.84303,0.5411,0.44522,0.8656,0.86,0.51101,0.40327,51,51,1.0485,0.37406,0.6744,51,50,0,0,0,0,0.97052,0,1,y,y,y,y,y,y,y,y,y,y,y,,,,,0,,,1,1,,,0,0,,1,1,0,0,0,0,436,,,,,,,,1,1,0,0,0,0,delete,,eat_uki_1.1_d269_m171
eat_usa_1.1Ado_d256_m166,eating less meat,US,1.1,Adoption over time,Partial up to max % poultry+pig in total meat consumption,Partial up to max % kg/yr,b1,0.044585,0.0078642,0.0048057,1960.1,98.564,0.74138,6.5222,2299.7,-8.9894,0.94312,0.93949,0.017656,0.012205,0.89363,0.8892,0.024143,0.018479,0.91311,0.90948,0.021822,0.016388,51,51,0.93751,0.59773,0.33977,51,1,45,0,0,0,0.98048,1,1,y,y,y,y,y,y,y,y,y,y,y,,,,,0,,,1,1,,,0,0,,1,1,0,0,0,0,470,,,,,,,,1,1,0,0,0,0,delete,,eat_usa_1.1_d256_m166
eat_usa_1.1Ado_d257_m167,eating less meat,US,1.1,Adoption over time,Partial max and after % poultry+pig in total meat consumption,Partial max and after % kg/yr,b1,0.010458,0.00065914,-0.002971,326.06,420.2,0.69266,1555.8,1.5744e+05,6.6941,-8.8586e-08,3,0.0025598,0.002366,-73217,,0.69267,0.69266,0.89803,,0.00081743,0.00077068,3,3,1.0035,0.99488,0.0085786,3,2,0,0,0,0,0.66721,1,1,n,n,y,y,y,y,m,m,y,n,n,,,,,0,,,,,,,0,0,,0,1,0,0,0,0,471,,,,,,,,0,1,0,0,0,0,delete,,eat_usa_1.1_d257_m167
eat_usa_1.1Ado_d260_m170,eating less meat,US,1.1,Adoption over time,Partial up to max per capita beef consumption,Partial up to max Kg/yr,b1,0.015937,0.015931,0.87541,2461.9,275.73,1.3443e+05,9.0262,1859,-1671.7,0.52719,0.17258,1.9167,1.4141,0.52719,0.33807,1.9167,1.4141,0.51778,0.32489,1.9357,1.4052,8,8,0.00045432,0.00038394,7.0384e-05,8,1,4,1,1,0,0.86996,0,1,m,y,y,y,y,y,y,m,y,m,y,,,,,0,,,,1,,,0,0,,1,1,0,0,0,0,474,,,,,,,,1,1,0,0,0,0,delete,,eat_usa_1.1_d260_m170
eat_usa_1.1Ado_d261_m171,eating less meat,US,1.1,Adoption over time,Partial max and after per capita beef consumption,Partial max and after Kg/yr,b1,-0.009635,-0.0096345,-0.41512,968.68,-456.09,8.8721e+05,63.437,1959.4,873.52,0.87212,0.86299,2.1295,1.6481,0.87212,0.86618,2.1295,1.6481,0.85647,0.84979,2.2561,1.6811,46,46,6.8837e-05,3.919e-05,2.9646e-05,46,45,6,0,1,0,0.9709,0,1,y,y,y,y,y,y,y,m,y,m,y,,,,,0,,,,1,,,0,0,,1,1,0,0,0,0,475,,,,,,,,1,1,0,0,0,0,delete,,eat_usa_1.1_d261_m171
eat_usa_1.1Ado_d262_m170,eating less meat,US,1.1,Adoption over time,Partial up to max per capita other meat consumption,Partial up to max kg/yr,b1,,,-0.014958,,,,,,30.651,,,,,,,,,1,1,1.143e-15,9.992e-16,2,2,,,,2,1,0,0,0,0,0.49996,0,1,n,n,y,y,y,y,m,m,y,n,n,,,,,0,,,,,,,0,0,,0,1,0,0,0,0,476,,,,,,,,0,1,0,0,0,0,delete,,eat_usa_1.1_d262_m170
eat_usa_1.1Ado_d263_m171,eating less meat,US,1.1,Adoption over time,Partial max and after per capita other meat consumption,Partial max and after kg/yr,b1,-0.0085031,0.00028197,-0.0067266,807.55,-516.8,21002,1555.6,1.5739e+05,14.292,0.55847,0.53087,0.094059,0.08208,-37.709,-39.289,0.8807,0.86925,0.50864,0.48859,0.099225,0.086333,52,52,5.6373e-05,3.0721e-05,2.5652e-05,52,51,24,0,1,0,0.97126,0,1,m,y,y,y,y,y,y,m,y,m,y,,,,,0,,,,1,,,0,0,,1,1,0,0,0,0,477,,,,,,,,1,1,0,0,0,0,delete,,eat_usa_1.1_d263_m171
eat_usa_1.1Ado_d264_m170,eating less meat,US,1.1,Adoption over time,Partial up to max per capita pig consumption,Partial up to max Kg/yr,b1,0.0010998,0.0010699,0.030276,5216.8,3995.5,1094.3,22.777,1714.4,-29.692,0.0015369,-0.37289,2.7456,2.4182,0.0015397,-0.22034,2.7456,2.4182,0.0014468,-0.22045,2.7457,2.4178,12,12,0.031059,0.022902,0.008157,12,1,6,0,1,0,0.90443,0,1,n,y,y,y,y,y,y,m,m,n,m,,,,,0,,,,,,,0,0,,1,1,0,0,0,0,478,,,,,,,,1,1,0,0,0,0,delete,,eat_usa_1.1_d264_m170
eat_usa_1.1Ado_d265_m171,eating less meat,US,1.1,Adoption over time,Partial max and after per capita pig consumption,Partial max and after Kg/yr,b1,-0.002503,-0.0024864,-0.072702,1.9247,-1755.6,4400.9,44.136,1836.8,174.83,0.30155,0.24641,1.3446,1.1235,0.30156,0.26574,1.3446,1.1235,0.29998,0.26408,1.3462,1.1214,42,42,0.0077232,0.0058784,0.0018449,42,41,7,0,1,0,0.97114,0,1,m,y,y,y,y,y,y,m,m,m,m,,,,,0,,,,,,,0,0,,1,1,0,0,0,0,479,,,,,,,,1,1,0,0,0,0,delete,,eat_usa_1.1_d265_m171
eat_usa_1.1Ado_d266_m170,eating less meat,US,1.1,Adoption over time,Partial up to max per capita poultry consumption,Partial up to max kg/yr,b1,0.071971,0.017386,0.76179,1980.9,61.059,59.22,6.394,1889.9,-1478.8,0.97438,0.97278,1.8872,1.5531,0.88935,0.88483,3.9222,3.6669,0.94023,0.93779,2.8827,2.6324,52,52,0.97754,0.37112,0.60642,52,1,46,0,0,0,0.97962,0,1,y,y,y,y,y,y,y,y,y,y,y,,,,,0,,,1,1,,,0,0,,1,1,0,0,0,0,480,,,,,,,,1,1,0,0,0,0,delete,,eat_usa_1.1_d266_m170
eat_usa_1.1Ado_d267_m171,eating less meat,US,1.1,Adoption over time,Partial max and after per capita poultry consumption,Partial max and after kg/yr,b1,,,-0.22,,,,,,502.28,,,,,,,,,1,1,1.0049e-14,7.1054e-15,2,2,,,,2,1,0,0,0,0,0.5,0,1,n,n,y,y,y,y,m,m,y,n,n,,,,,0,,,,,,,0,0,,0,1,0,0,0,0,481,,,,,,,,0,1,0,0,0,0,delete,,eat_usa_1.1_d267_m171
eat_usa_1.1Ado_d268_m170,eating less meat,US,1.1,Adoption over time,Partial up to max per capita sheep & goat consumption,Partial up to max Kg/yr,b1,,,-0.026315,,,,,,53.266,,,,,,,,,1,1,2.5559e-15,2.5535e-15,2,2,,,,2,1,0,0,0,0,0.49991,0,1,n,n,y,y,y,y,m,m,y,n,n,,,,,0,,,,,,,0,0,,0,1,0,0,0,0,482,,,,,,,,0,1,0,0,0,0,delete,,eat_usa_1.1_d268_m170
eat_usa_1.1Ado_d269_m171,eating less meat,US,1.1,Adoption over time,Partial max and after per capita sheep & goat consumption,Partial max and after Kg/yr,b1,-0.021271,-0.021271,-0.01241,1456,-206.59,61885,6.1196,1889.5,25.443,0.70705,0.68874,0.12882,0.089169,0.70705,0.69509,0.12882,0.089169,0.61237,0.59655,0.14818,0.10559,52,52,2.3025e-05,6.4636e-06,1.6562e-05,52,51,10,0,1,0,0.95052,0,1,y,y,y,y,y,y,y,m,y,m,y,,,,,0,,,,1,,,0,0,,1,1,0,0,0,0,483,,,,,,,,1,1,0,0,0,0,delete,,eat_usa_1.1_d269_m171
ebi_net_3.2Adc_d099_m028,e-bikes,The Netherlands,3.2,Adopter characteristics,Female>male share by age group (50-59),%,b8,,,0.0026667,,,,,,-5.24,,,,,,,,,1,1,7.494e-16,7.494e-16,2,2,,,,4,0,1,0,0,0,0.49927,1,1,n,n,y,y,y,y,m,m,y,n,n,3,2 points,reject too few data points,,0,,,,,,,,,,0,1,0,0,1,1,560,,,,,,,,0,1,0,0,1,1,,,ebi_net_3.2_d099_m028
ebi_net_3.2Adc_d100_m028,e-bikes,The Netherlands,3.2,Adopter characteristics,Female>male share by age group (60-64),%,b8,,,0.002,,,,,,-3.849,,,,,,,,,1,1,7.7119e-16,6.6613e-16,2,2,,,,4,0,1,0,0,0,0.49976,1,1,n,n,y,y,y,y,m,m,y,n,n,3,2 points,reject too few data points,,0,,,,,,,,,,0,1,0,0,0,0,561,,,,,,,,0,1,0,0,0,0,delete,,ebi_net_3.2_d100_m028
eco_sou_1.1Ado_d114_m028,e-commerce,South Korea,1.1,Adoption over time,Internet sales as a percentage of total retail sales (ratio) (%),%,m4,0.22238,0.11254,0.010115,2018.1,19.761,0.1972,3.0336e-10,1844.4,-20.315,0.9714,0.95914,0.0054939,0.0044474,0.953,0.94125,0.007042,0.0060512,0.96971,0.96214,0.005653,0.0044398,11,11,0.70082,0.20132,0.4995,11,1,10,0,0,0,0.89472,1,1,y,y,y,y,y,y,y,y,y,y,y,1,,,,0,,,1,1,0,0,0,0,,1,1,0,0,0,0,678,,,,,,,,1,1,0,0,0,0,delete,,eco_sou_1.1_d114_m028
ego_est_1.1Ado_d035_m028,e-government,Estonia,1.1,Adoption over time,% people who obtained information from public authorities' web sites (in the past year),%,s2,0.16775,0.042658,0.025069,2008.4,26.197,0.79436,1.1859,2032,-49.931,0.79705,0.73616,0.051592,0.038632,0.75566,0.71123,0.056609,0.044522,0.77868,0.73844,0.053876,0.042086,14,14,0.88826,0.45987,0.4284,14,6,13,1,0,0,0.92835,1,1,y,y,y,y,y,y,y,y,y,y,y,2,,,,0,,,1,1,0,0,0,0,,1,1,0,0,0,0,780,,,,,,,,1,1,0,0,0,0,delete,,ego_est_1.1_d035_m028
ego_est_1.1Ado_d036_m028,e-government,Estonia,1.1,Adoption over time,% people who submitted completed public authorities' forms online (in the past year),%,s2,0.18197,0.08097,0.043446,2014.5,24.15,1.0545,6.3085,2045.8,-86.995,0.79622,0.73508,0.089312,0.069746,0.77246,0.73109,0.094373,0.076362,0.78361,0.74426,0.092033,0.07331,14,14,0.71978,0.25775,0.46202,14,0,13,0,0,1,0.90788,1,1,y,y,y,y,y,y,y,y,y,y,y,4,,"use, discontinuous but OK (upward trend)",,0,,,1,1,0,0,0,0,,1,1,0,0,0,0,781,,,,,,,,1,1,0,0,0,0,delete,,ego_est_1.1_d036_m028
ego_est_2.2Rel_d110_m028,e-government,Estonia,2.2,Relative Advantge (profitability),"ICT service exports (% of service exports, BoP)",%,s2,0.097471,0.09747,0.0058208,2145,45.085,33172,1.7508,2043.9,-11.607,0.95806,0.95259,0.013196,0.011007,0.95806,0.95456,0.013196,0.011007,0.81026,0.79445,0.028068,0.023199,27,27,7.1268e-06,4.1298e-07,6.7139e-06,32,0,21,0,1,1,0.89074,1,1,y,y,y,y,y,y,y,m,y,m,y,1,,,,0,,,,1,,,,,,1,1,0,0,0,1,783,,,,,,,,1,1,0,0,0,1,,,ego_est_2.2_d110_m028
ego_est_2.4Eas_d003_m028,e-government,Estonia,2.4,Ease of Use / Acccessibility,% households who can not afford a computer,%,s2,-0.25917,-0.25917,-0.011049,1956.5,-16.956,67108,1838.1,1970.4,22.32,0.96333,0.95645,0.015318,0.014301,0.96333,0.95901,0.015318,0.014301,0.63441,0.5914,0.048364,0.03727,20,20,4.7237e-06,2.3842e-07,4.4853e-06,20,19,0,0,0,0,0.75,1,1,y,y,y,y,y,y,y,m,y,m,y,1,,,,0,,,,1,,,,,,0,0,0,0,0,1,784,,check,,,,,,0,1,0,0,0,1,,,ego_est_2.4_d003_m028
ego_est_2.9Int_d004_m028,e-government,Estonia,2.9,Inter-dependence with hardware,% households with a computer,%,s2,0.27188,0.065615,0.044489,2005.6,16.163,0.91825,6.0291,2044.6,-88.772,0.98994,0.98743,0.02101,0.017618,0.89122,0.87449,0.069101,0.058158,0.95816,0.95172,0.042855,0.034409,16,16,0.97555,0.23741,0.73814,16,1,15,0,0,0,0.94007,1,1,y,y,y,y,y,y,y,y,y,y,y,1,,,,0,,,1,1,,,,,,1,1,0,0,0,1,787,,,,,,,,1,1,0,0,0,1,,,ego_est_2.9_d004_m028
ego_est_4.5Inf_d005_m028,e-government,Estonia,4.5,Physical Infrastructure dependence,% households with broadband internet connection (fixed or mobile),%,s2,0.32041,0.0047281,0.040429,2007.3,13.715,0.91337,1554.4,1.5756e+05,-80.681,0.99087,0.98892,0.021143,0.015983,-9.4832,-10.881,0.71652,0.68149,0.89834,0.88478,0.07056,0.060987,18,18,0.99488,0.22236,0.77252,18,0,17,0,0,0,0.95041,1,1,y,y,y,y,y,y,y,y,y,y,y,1,,,,0,,,1,1,,,,,,1,1,0,0,0,1,790,,,,,,,,1,1,0,0,0,1,,,ego_est_4.5_d005_m028
ego_hun_1.1Ado_d036_m028,e-government,Hungary,1.1,Adoption over time,% people who submitted completed public authorities' forms online (in the past year),%,s2,0.12635,0.12635,0.029669,2112.5,34.781,56561,0.88921,2025,-59.497,0.8684,0.82892,0.049587,0.036691,0.8684,0.84447,0.049587,0.03669,0.76556,0.72293,0.066185,0.046697,14,14,1.172e-05,2.2224e-06,9.4977e-06,14,0,13,0,0,0,0.78494,1,1,y,y,y,y,y,y,y,m,y,m,y,1,,,,0,,,1,1,0,0,0,0,,1,1,0,0,0,0,793,,,,,,,,1,1,0,0,0,0,delete,,ego_hun_1.1_d036_m028
ego_hun_2.2Rel_d110_m028,e-government,Hungary,2.2,Relative Advantge (profitability),"ICT service exports (% of service exports, BoP)",%,s2,0.19465,0.0013371,0.0036465,2004.9,22.576,0.10626,1555.1,1.5747e+05,-7.2596,0.92136,0.91192,0.0089939,0.0070907,-4.2737,-4.6794,0.073653,0.066303,0.9049,0.89758,0.0098907,0.0076181,29,29,1.1962,0.13709,1.0591,29,3,25,1,1,0,0.96069,1,1,y,y,y,y,y,y,y,y,y,y,y,1,,,,0,,,1,1,,,,,,1,1,0,0,0,1,795,,,,,,,,1,1,0,0,0,1,,,ego_hun_2.2_d110_m028
ego_hun_2.4Eas_d003_m028,e-government,Hungary,2.4,Ease of Use / Acccessibility,% households who can not afford a computer,%,s2,-0.076872,-0.0632,-0.0067214,1991.9,-57.166,0.64728,7.6729,1945.2,13.641,0.94263,0.93034,0.0086622,0.0072154,0.9419,0.93415,0.0087178,0.0074378,0.92968,0.92031,0.0095902,0.007571,18,18,0.26727,0.086515,0.18076,18,17,2,0,1,0,0.91825,1,1,y,y,y,y,y,y,y,m,y,m,y,1,,,,0,,,,1,,,,,,1,1,0,0,0,1,796,,,,,,,,1,1,0,0,0,1,,,ego_hun_2.4_d003_m028
ego_hun_2.9Int_d004_m028,e-government,Hungary,2.9,Inter-dependence with hardware,% households with a computer,%,s2,0.31104,0.0047307,0.040008,2004.6,14.128,0.7861,1554.3,1.5755e+05,-79.818,0.99685,0.99629,0.013908,0.0092637,-3.7196,-4.244,0.53808,0.47769,0.95667,0.95185,0.05156,0.045397,21,21,0.98979,0.11449,0.8753,21,0,20,0,0,0,0.94646,1,1,y,y,y,y,y,y,y,y,y,y,y,1,,,,0,,,1,1,,,,,,1,1,0,0,0,1,799,,,,,,,,1,1,0,0,0,1,,,ego_hun_2.9_d004_m028
ego_hun_4.5Inf_d005_m028,e-government,Hungary,4.5,Physical Infrastructure dependence,% households with broadband internet connection (fixed or mobile),%,s2,0.32041,0.0047281,0.040429,2007.3,13.715,0.91337,1554.4,1.5756e+05,-80.681,0.99087,0.98892,0.021143,0.015983,-9.4832,-10.881,0.71652,0.68149,0.89834,0.88478,0.07056,0.060987,18,18,0.99488,0.22236,0.77252,18,0,17,0,0,0,0.95041,1,1,y,y,y,y,y,y,y,y,y,y,y,1,,,,0,,,1,1,,,,,,1,1,0,0,0,1,802,,,,,,,,1,1,0,0,0,1,,,ego_hun_4.5_d005_m028
ego_lat_1.1Ado_d035_m028,e-government,Latvia,1.1,Adoption over time,% people who obtained information from public authorities' web sites (in the past year),%,s2,0.28414,0.063125,0.033412,2010.2,15.466,0.69021,1.1309,2028,-66.811,0.83239,0.78211,0.061719,0.051014,0.74967,0.70416,0.075427,0.06345,0.79819,0.7615,0.067724,0.056918,14,14,0.99259,0.27948,0.71311,14,4,13,1,0,0,0.91691,1,1,y,y,y,y,y,y,y,y,y,y,y,1,,,,0,,,1,1,0,0,0,0,,1,1,0,0,0,0,804,,,,,,,,1,1,0,0,0,0,delete,,ego_lat_1.1_d035_m028
ego_lat_1.1Ado_d036_m028,e-government,Latvia,1.1,Adoption over time,% people who submitted completed public authorities' forms online (in the past year),%,s2,0.19328,0.0051609,0.044647,2024.1,22.737,1.9519,1554.1,1.576e+05,-89.629,0.95947,0.94731,0.038451,0.03127,-2.6731,-3.3409,0.36605,0.31227,0.88795,0.86758,0.063934,0.058318,14,14,0.33271,0.050259,0.28245,14,0,13,0,0,0,0.87071,1,1,y,y,y,y,y,y,y,y,y,y,y,1,,,,0,,,1,1,0,0,0,0,,1,1,0,0,0,0,805,,,,,,,,1,1,0,0,0,0,delete,,ego_lat_1.1_d036_m028
ego_lat_2.2Rel_d110_m028,e-government,Latvia,2.2,Relative Advantge (profitability),"ICT service exports (% of service exports, BoP)",%,s2,0.11922,0.090678,0.0052456,2026.5,36.861,0.48518,8.267,2064.1,-10.459,0.94424,0.93588,0.013916,0.011939,0.94119,0.93559,0.014292,0.012879,0.83037,0.81421,0.024272,0.02127,24,24,0.37294,0.00048161,0.37245,32,2,23,0,0,1,0.9315,1,1,y,y,y,y,y,y,y,y,y,y,y,1,,,,0,,,1,1,,,,,,1,1,0,0,0,1,807,,,,,,,,1,1,0,0,0,1,,,ego_lat_2.2_d110_m028
ego_lat_2.4Eas_d003_m028,e-government,Latvia,2.4,Ease of Use / Acccessibility,% households who can not afford a computer,%,s2,-0.13376,-0.00035469,-0.014344,1915.9,-32.852,47049,-1544.8,-1.5263e+05,29.011,0.96282,0.95539,0.016406,0.011491,-2.0877,-2.4737,0.14952,0.12295,0.8525,0.83406,0.03268,0.025138,19,19,7.354e-06,6.5888e-07,6.6951e-06,19,18,2,0,1,0,0.83996,1,1,y,y,y,y,y,y,y,m,y,m,y,2,,,,0,,,,1,,,,,,1,1,0,0,0,1,808,,,,,,,,1,1,0,0,0,1,,,ego_lat_2.4_d003_m028
ego_lat_2.9Int_d004_m028,e-government,Latvia,2.9,Inter-dependence with hardware,% households with a computer,%,s2,0.38698,0.0052026,0.045145,2005.8,11.356,0.76972,1554.2,1.5757e+05,-90.179,0.99486,0.99367,0.016398,0.013195,-5.1131,-5.9863,0.56543,0.51712,0.93525,0.926,0.058192,0.050981,17,17,1.0054,0.14291,0.86252,17,0,16,0,0,0,0.93995,1,1,y,y,y,y,y,y,y,y,y,y,y,1,,,,0,,,1,1,,,,,,1,1,0,0,0,1,811,,,,,,,,1,1,0,0,0,1,,,ego_lat_2.9_d004_m028
ego_lat_4.5Inf_d005_m028,e-government,Latvia,4.5,Physical Infrastructure dependence,% households with broadband internet connection (fixed or mobile),%,s2,0.39332,0.0053008,0.046427,2008.5,11.173,0.83355,1554.2,1.5758e+05,-92.849,0.98139,0.9774,0.034296,0.02827,-5.395,-6.2476,0.63578,0.58396,0.91785,0.9069,0.072058,0.063463,18,18,1.0735,0.064423,1.0091,18,0,17,0,0,1,0.94073,1,1,y,y,y,y,y,y,y,y,y,y,y,1,,,,0,,,1,1,,,,,,1,1,0,0,0,1,814,,,,,,,,1,1,0,0,0,1,,,ego_lat_4.5_d005_m028
ego_por_1.1Ado_d035_m028,e-government,Portugal,1.1,Adoption over time,% people who obtained information from public authorities' web sites (in the past year),%,s2,0.62867,0.042776,0.016138,2008.9,6.9901,0.39532,0.10496,1987.4,-32.171,0.91725,0.89242,0.023522,0.020647,0.56997,0.49178,0.053621,0.050103,0.63299,0.56626,0.049536,0.047276,14,14,1.0591,0.40904,0.65011,14,5,13,1,0,0,0.935,1,1,y,y,y,y,y,y,y,y,y,y,y,1,,,,0,,,1,1,0,0,0,0,,1,1,0,0,0,0,816,,,,,,,,1,1,0,0,0,0,delete,,ego_por_1.1_d035_m028
ego_por_1.1Ado_d036_m028,e-government,Portugal,1.1,Adoption over time,% people who submitted completed public authorities' forms online (in the past year),%,s2,0.45731,0.0021888,0.012965,2008.5,9.6094,0.31711,1555,1.575e+05,-25.849,0.90965,0.88254,0.017684,0.015005,-21.016,-25.019,0.27604,0.2697,0.78924,0.75092,0.027009,0.022725,14,14,1.0798,0.43676,0.643,14,0,13,0,0,0,0.93041,1,1,y,y,y,y,y,y,y,y,y,y,y,1,,,,0,,,1,1,0,0,0,0,,1,1,0,0,0,0,817,,,,,,,,1,1,0,0,0,0,delete,,ego_por_1.1_d036_m028
ego_por_2.2Rel_d110_m028,e-government,Portugal,2.2,Relative Advantge (profitability),"ICT service exports (% of service exports, BoP)",%,s2,0.042102,0.042101,0.0016724,2275.7,104.38,3534.6,6.6803,2126.7,-3.3093,0.57599,0.52888,0.014162,0.010385,0.57599,0.54571,0.014162,0.010386,0.47306,0.43542,0.015787,0.012243,31,31,3.3492e-05,6.7721e-06,2.672e-05,31,2,22,0,1,0,0.92393,1,1,m,y,y,y,y,y,y,m,y,m,y,4,,"use, ok (upward trend) but volatile",,0,,,,1,,,,,,1,1,0,0,0,1,819,,,,,,,,1,1,0,0,0,1,,,ego_por_2.2_d110_m028
ego_por_2.4Eas_d003_m028,e-government,Portugal,2.4,Ease of Use / Acccessibility,% households who can not afford a computer,%,s2,-0.1036,-0.1036,-0.0085754,1894,-42.418,18661,12.788,1964.4,17.361,0.92414,0.90897,0.014563,0.012379,0.92415,0.91466,0.014563,0.012379,0.78909,0.76273,0.024283,0.021627,19,19,1.1307e-05,2.6257e-06,8.681e-06,19,18,0,0,0,0,0.8922,1,1,y,y,y,y,y,y,y,m,y,m,y,1,,,,0,,,,1,,,,,,1,1,0,0,0,1,820,,,,,,,,1,1,0,0,0,1,,,ego_por_2.4_d003_m028
ego_por_2.9Int_d004_m028,e-government,Portugal,2.9,Inter-dependence with hardware,% households with a computer,%,s2,0.20112,0.0038986,0.031109,2004.3,21.85,0.78167,1554.5,1.5752e+05,-61.966,0.99349,0.99246,0.01681,0.012073,-4.4435,-4.9878,0.48612,0.4392,0.98088,0.97897,0.028808,0.024172,23,23,0.91459,0.14072,0.77387,23,0,22,0,0,0,0.94926,1,1,y,y,y,y,y,y,y,y,y,y,y,1,,,,0,,,1,1,,,,,,0,1,0,0,0,1,823,check,,,,,,,1,1,0,0,0,1,,,ego_por_2.9_d004_m028
ego_por_4.5Inf_d005_m028,e-government,Portugal,4.5,Physical Infrastructure dependence,% households with broadband internet connection (fixed or mobile),%,s2,0.30674,0.0049505,0.042606,2008.8,14.326,0.81948,1554.2,1.5757e+05,-85.192,0.98886,0.98663,0.02517,0.020021,-4.9707,-5.717,0.5826,0.53157,0.95797,0.95272,0.04888,0.044361,19,19,1.0263,0.096036,0.93022,19,0,18,0,0,0,0.94149,1,1,y,y,y,y,y,y,y,y,y,y,y,1,,,,0,,,1,1,,,,,,1,1,0,0,0,1,826,,,,,,,,1,1,0,0,0,1,,,ego_por_4.5_d005_m028
ego_swe_1.1Ado_d035_m028,e-government,Sweden,1.1,Adoption over time,% people who obtained information from public authorities' web sites (in the past year),%,s2,-0.067514,0.025204,0.01866,2521.7,-65.09,0.71974,0.26836,1975.6,-36.87,-5.107e-15,-0.3,0.086694,0.068402,0.73153,0.68272,0.04492,0.035716,0.75281,0.70786,0.043103,0.0358,14,14,1.1874,0.73234,0.45502,14,0,13,0,0,0,0.92937,1,1,n,y,y,y,y,y,y,y,y,n,y,1,,,* error in fit,0,,,0,1,0,0,0,0,,0,1,0,0,0,0,828,,,,,,,,0,1,0,0,0,0,delete,,ego_swe_1.1_d035_m028
ego_swe_1.1Ado_d036_m028,e-government,Sweden,1.1,Adoption over time,% people who submitted completed public authorities' forms online (in the past year),%,s2,0.089626,0.072987,0.038789,2032.3,49.031,3.0795,5.7365,2047.5,-77.602,0.9016,0.87208,0.052056,0.038496,0.90079,0.88275,0.052269,0.039417,0.88784,0.86745,0.055577,0.040728,14,14,0.25816,0.10024,0.15791,14,0,13,0,0,0,0.90998,1,1,y,y,y,y,y,y,y,m,y,m,y,1,,,,0,,,1,1,0,0,0,0,,1,1,0,0,0,0,829,,,,,,,,1,1,0,0,0,0,delete,,ego_swe_1.1_d036_m028
ego_swe_2.2Rel_d110_m028,e-government,Sweden,2.2,Relative Advantge (profitability),"ICT service exports (% of service exports, BoP)",%,s2,0.15179,0.001664,0.0071753,2004.5,28.951,0.2473,1555,1.5748e+05,-14.261,0.96599,0.96247,0.01294,0.010384,-3.9628,-4.2936,0.15631,0.13968,0.94809,0.94463,0.015986,0.012285,33,33,1.003,0.068637,0.93436,33,3,31,0,0,1,0.96706,1,1,y,y,y,y,y,y,y,y,y,y,y,1,,,,0,,,1,1,,,,,,1,1,0,0,1,1,831,,,,,,,,1,1,0,0,1,1,,,ego_swe_2.2_d110_m028
ego_swe_2.4Eas_d003_m028,e-government,Sweden,2.4,Ease of Use / Acccessibility,% households who can not afford a computer,%,s2,-0.0034835,0.00099515,-3.985e-05,78.538,-1261.5,12.66,1555.3,1.5747e+05,0.095187,0.0032702,-0.18362,0.0045802,0.0041581,-10.619,-11.986,0.015638,0.01495,0.0025086,-0.11484,0.004582,0.00416,20,20,0.0018168,0.00063193,0.0011849,20,19,7,0,1,0,0.88755,1,1,n,y,y,y,y,y,y,m,m,n,m,4,,"reversal, use partial fit to pre-minimum",,0,,,,,,,,,,0,1,0,0,1,1,832,,,,,,,,0,1,0,0,1,1,,,ego_swe_2.4_d003_m028
ego_swe_2.9Int_d004_m028,e-government,Sweden,2.9,Inter-dependence with hardware,% households with a computer,%,s2,0.28729,0.029801,0.024658,1997.3,15.296,0.9072,0.98083,2015,-48.703,0.98103,0.97768,0.022848,0.019241,0.74577,0.71752,0.083634,0.069902,0.81031,0.78923,0.072242,0.059427,21,21,1.0173,0.35273,0.66457,21,4,20,1,0,0,0.96347,1,1,y,y,y,y,y,y,y,y,y,y,y,1,,,,0,,,1,1,,,,,,1,1,0,0,1,1,835,,,,,,,,1,1,0,0,1,1,,,ego_swe_2.9_d004_m028
ego_swe_4.5Inf_d005_m028,e-government,Sweden,4.5,Physical Infrastructure dependence,% households with broadband internet connection (fixed or mobile),%,s2,0.52334,0.0032804,0.025146,2005.4,8.3969,0.90233,1554.9,1.5751e+05,-49.818,0.97137,0.96421,0.025611,0.018752,-28.04,-32.508,0.81565,0.80148,0.70383,0.65827,0.082371,0.064283,16,16,1.0511,0.44529,0.60577,17,2,15,1,0,0,0.95087,1,1,y,y,y,y,y,y,y,y,y,y,y,1,,,,0,,,1,1,,,,,,1,1,0,0,1,1,838,,,,,,,,1,1,0,0,1,1,,,ego_swe_4.5_d005_m028
ego_uki_1.1Ado_d035_m028,e-government,UK,1.1,Adoption over time,% people who obtained information from public authorities' web sites (in the past year),%,s2,0.026365,0.026361,0.0096786,2345.5,166.67,2369.2,2.839,2090.4,-19.112,0.44058,0.25411,0.041574,0.034796,0.44059,0.3287,0.041574,0.034796,0.42447,0.30937,0.042168,0.035709,13,13,0.00019766,0.00011742,8.0236e-05,13,2,9,1,1,0,0.90466,1,1,m,y,y,y,y,y,y,m,y,m,y,,,,,0,,,1,1,0,0,0,0,,1,1,0,0,0,0,840,,,,,,,,1,1,0,0,0,0,delete,,ego_uki_1.1_d035_m028
ego_uki_1.1Ado_d036_m028,e-government,UK,1.1,Adoption over time,% people who submitted completed public authorities' forms online (in the past year),%,s2,0.12403,0.074863,0.023235,2018.4,35.431,0.83231,0.8811,2028.5,-46.486,0.82361,0.76482,0.040372,0.031973,0.81775,0.7813,0.041037,0.031476,0.81797,0.78156,0.041012,0.032469,13,13,0.61155,0.19176,0.4198,13,1,12,0,0,0,0.91602,1,1,y,y,y,y,y,y,y,y,y,y,y,,,,,0,,,1,1,0,0,0,0,,1,1,0,0,0,0,841,,,,,,,,1,1,0,0,0,0,delete,,ego_uki_1.1_d036_m028
ego_uki_2.2Rel_d110_m028,e-government,UK,2.2,Relative Advantge (profitability),"ICT service exports (% of service exports, BoP)",%,s2,0.06321,0.0011553,0.0017078,2003.5,69.521,0.11515,1555.1,1.5747e+05,-3.3643,0.94049,0.93434,0.0040947,0.0031405,-14.244,-15.261,0.065538,0.063352,0.93857,0.93448,0.0041603,0.0032075,33,33,0.81848,0.30973,0.50875,33,3,28,0,1,0,0.96466,1,1,y,y,y,y,y,y,y,y,y,y,y,,,,,0,,,1,1,,,,,,1,1,0,0,0,1,843,,,,,,,,1,1,0,0,0,1,,,ego_uki_2.2_d110_m028
ego_uki_2.4Eas_d003_m028,e-government,UK,2.4,Ease of Use / Acccessibility,% households who can not afford a computer,%,s2,-0.05141,-0.051382,-0.0020396,1861.1,-85.478,87.745,0.00011943,2123.9,4.1419,0.32044,0.11657,0.011874,0.01082,0.32044,0.19688,0.011874,0.010819,0.32578,0.2032,0.011828,0.01086,14,14,0.00074079,9.1174e-05,0.00064961,14,13,1,0,0,1,0.86354,1,1,m,y,y,y,m,m,y,m,y,m,m,,,,,0,,,,,,,,,,1,1,0,0,0,1,844,,,,,,,,1,1,0,0,0,1,,,ego_uki_2.4_d003_m028
ego_uki_2.9Int_d004_m028,e-government,UK,2.9,Inter-dependence with hardware,% households with a computer,%,s2,0.18895,0.0039121,0.031402,2000.2,23.258,0.95302,1554.6,1.5751e+05,-62.334,0.98443,0.9821,0.029819,0.020718,-7.0332,-7.7983,0.67743,0.63386,0.94217,0.93666,0.057479,0.049502,24,24,0.94244,0.22035,0.72209,27,2,23,0,0,0,0.96108,1,1,y,y,y,y,y,y,y,y,y,y,y,,,,,0,,,1,1,,,,,,1,1,0,0,0,1,847,,,,,,,,1,1,0,0,0,1,,,ego_uki_2.9_d004_m028
ego_uki_4.5Inf_d005_m028,e-government,UK,4.5,Physical Infrastructure dependence,% households with broadband internet connection (fixed or mobile),%,s2,0.49183,0.0058054,0.051837,2006.5,8.9349,0.9249,1554.1,1.5758e+05,-103.56,0.99049,0.98812,0.027262,0.02363,-6.012,-7.0908,0.74039,0.68556,0.8742,0.85484,0.099171,0.087243,16,16,1.0362,0.11558,0.92064,17,0,15,0,0,0,0.9422,1,1,y,y,y,y,y,y,y,y,y,y,y,,,,,0,,,1,1,,,,,,1,1,0,0,0,1,850,,,,,,,,1,1,0,0,0,1,,,ego_uki_4.5_d005_m028
ene_net_2.1Lea_d214_m133,energy community,The Netherlands,2.1,Interdependence with Hardware,avg size of new project in year,kW,s6,-0.0044442,0.013863,17.342,10090,-988.81,807.1,8.203,1673.9,-33956,-6.6613e-16,-0.088235,1460.6,846.27,0.010996,-0.045518,1452.5,839.34,0.016953,-0.039221,1448.2,830.37,38,28,8.9357,0.018474,8.9173,36,20,12,1,1,1,0.25856,0,0,n,y,y,m,m,m,m,y,m,n,m,,,,,0,,,,,,,,,,0,1,0,0,0,0,857,,,,,,,,0,1,0,0,0,0,delete,,ene_net_2.1_d214_m133
ene_net_2.1Lea_d219_m133,energy community,The Netherlands,2.1,Interdependence with Hardware,max size of new project in year,kW,s6,1.56,0.10981,400.62,2015.8,2.817,15856,0.0002599,1858.9,-7.9893e+05,0.59111,0.55504,4518.1,2230,0.47491,0.4449,5120,2811,0.38657,0.35152,5534,3640.4,38,28,2.2194,0.0009536,2.2184,36,5,12,1,1,1,0.58444,0,0,m,y,y,m,m,m,m,y,y,m,m,,,,,0,,,,,,,,,,1,1,0,0,1,1,858,,,,,,,,1,1,0,0,1,1,,,ene_net_2.1_d219_m133
ene_net_2.1Lea_d220_m133,energy community,The Netherlands,2.1,Interdependence with Hardware,min size of new project in year,kW,s6,0.00056242,0.00054481,0.51406,8507.7,7813.4,21369,231.81,461.69,-493.08,1.3142e-05,-0.088221,1176.9,742.39,1.2987e-05,-0.057129,1176.9,742.34,2.2943e-05,-0.057119,1176.9,742.48,38,28,0.21527,0.00010707,0.21516,36,13,11,1,1,1,0.24232,0,0,n,y,y,m,m,m,m,y,m,n,m,,,,,0,,,,,,,,,,0,0,0,0,0,0,859,,,,,,,,0,0,0,0,0,0,delete,,ene_net_2.1_d220_m133
ene_net_2.9Int_d092_m106,energy community,The Netherlands,2.9,Interdependence with Hardware,Energy community installed capacity,MW,s6,0.34125,0.22424,11.727,2021.9,12.877,1196.5,2.6635e-05,1946.5,-23409,0.99405,0.99352,13.683,9.6689,0.98836,0.9877,19.135,10.605,0.52567,0.49857,122.15,95.08,38,36,0.57488,0.0002591,0.57462,36,0,35,0,0,1,0.83066,0,0,y,y,y,y,y,y,y,y,y,y,y,,,,,0,,,1,1,,,,,,1,1,0,0,1,1,862,,,,,,,,1,1,0,0,1,1,,,ene_net_2.9_d092_m106
low_ger_1.1Ado_d169_m142,low-carbon long distance travel,Germany,1.1,Adoption over Time,Passengers carried in railways,million passenger-km,b4,0.050692,0.011034,906.21,1982.6,86.69,1.0493e+05,55.652,1347.7,-1.7382e+06,0.45066,0.37576,7568.6,4304.4,0.43735,0.38842,7659.8,4026,0.44299,0.39455,7621.3,4088.5,26,26,0.97234,0.56059,0.41175,26,1,0,0,0,0,0.96981,0,0,m,y,y,y,y,y,y,y,y,m,y,1,covid,,,0,,,1,1,2,2,0,0,,1,1,0,0,0,0,889,,,,,,,,1,1,0,0,0,0,delete,,low_ger_1.1_d169_m142
low_ger_4.5Inf_d232_m120,low-carbon long distance travel,Germany,4.5,Physical Infrastructure dependence,rail infrastructure,Total route-km,b4,-0.0074787,-0.007478,-262.09,770.47,-587.59,3.716e+08,65368,1926.5,5.619e+05,0.84081,0.80897,1052.5,846.06,0.84081,0.82091,1052.5,846.06,0.82777,0.80624,1094.7,870.48,19,19,0.00011227,8.9699e-05,2.2567e-05,27,18,6,0,1,0,0.94058,0,0,y,y,y,y,y,y,y,m,y,m,y,1,,,,0,,,,1,,,,,,1,1,0,0,1,1,893,,,,,,,,1,1,0,0,1,1,,,low_ger_4.5_d232_m120
mic_ban_2.1Lea_d154_m028,microfinance,Bangladesh,2.1,Learning,Operating expense / loan portfolio,%,m10,-0.14802,-0.046797,-0.009463,2012.8,-29.688,0.31273,1.0128,1973,19.205,0.18682,0.034348,0.11664,0.064464,0.16832,0.070479,0.11796,0.061251,0.17795,0.081242,0.11728,0.062689,20,20,2.2609,0.38111,1.8798,20,16,0,1,0,1,0.73408,1,1,n,y,y,y,y,y,y,y,m,n,m,2,,,* negative consistent with LED innovation,0,,,1,1,0,0,0,1,,1,1,0,0,0,1,899,,,,,,,,1,1,0,0,0,1,,,mic_ban_2.1_d154_m028
mic_ban_2.7Gra_d054_m028,microfinance,Bangladesh,2.7,Granularity (Unit Size),Average loan balance per borrower / GNI per capita,%,m10,-0.00067652,0.00096837,-0.00013323,-2654.5,-6495.7,5.7158,1555.3,1.5745e+05,0.50142,0.00012026,-0.19986,0.071299,0.062078,-10.748,-12.216,0.24439,0.23376,0.00010474,-0.12488,0.0713,0.062084,19,19,0.0638,0.021984,0.041816,19,16,18,1,0,1,0.90149,1,1,n,y,y,y,y,y,y,m,m,n,m,3,,"reversal, use partial pre-peak",,0,,,0,1,0,0,0,1,,0,1,0,0,0,1,900,,,,,,,,0,1,0,0,0,1,,,mic_ban_2.7_d054_m028
mic_ban_3.2Adc_d068_m028,microfinance,Bangladesh,3.2,Adopter Characteristics,Clients below poverty line,%,m10,0.07621,0.065657,963.61,2044.3,57.662,88070,0.013312,1811.5,-1.9325e+06,0.01019,-0.36099,24687,13775,0.0096756,-0.2104,24693,13766,0.017971,-0.20026,24590,13473,12,12,1.0215,0.00015329,1.0214,12,4,0,1,0,1,0.018315,0,0,n,y,y,m,m,m,m,y,m,n,m,2,1 pt high,,* error in data,0,,,0,0,0,0,0,0,,0,0,0,0,0,0,901,,,,,,,,0,0,0,0,0,0,delete,,mic_ban_3.2_d068_m028
mic_ban_3.2Adc_d097_m028,microfinance,Bangladesh,3.2,Adopter characteristics,Female borrowers,%,m10,0.60378,0.0022069,0.0020528,1996.9,7.2782,0.92033,3.2293,2585.6,-3.2194,0.534,0.44662,0.028784,0.021874,0.076736,-0.031883,0.040516,0.031104,0.078808,-0.029567,0.040471,0.031075,20,20,1.0335,0.85317,0.18035,20,12,18,1,0,0,0.95514,1,1,m,y,y,y,y,y,y,m,m,m,m,2,,,,0,,prefer,1,1,0,0,0,1,,0,1,0,0,0,1,902,check,,,,,,,1,1,0,0,0,1,,,mic_ban_3.2_d097_m028
mic_ind_2.1Lea_d154_m028,microfinance,India,2.1,Learning,Operating expense / loan portfolio,%,m10,-0.097127,-0.00066289,-0.017487,1897.3,-45.244,10069,-1544.6,-1.5263e+05,35.354,0.70764,0.64917,0.06543,0.046892,-2.8549,-3.3368,0.23759,0.20446,0.62651,0.57982,0.073954,0.061483,19,19,4.5827e-05,1.0721e-05,3.5106e-05,19,18,1,0,0,1,0.78088,1,1,y,y,y,y,y,y,y,m,y,m,y,1,,,* negative consistent with LED innovation,0,,,1,1,0,0,1,1,,1,1,0,0,1,1,929,,,,,,,,1,1,0,0,1,1,,,mic_ind_2.1_d154_m028
mic_ind_2.7Gra_d054_m028,microfinance,India,2.7,Granularity (Unit Size),Average loan balance per borrower / GNI per capita,%,m10,-0.037251,0.00046574,-0.0055212,1737.9,-117.97,3834.6,1555.4,1.5744e+05,11.253,0.58088,0.49706,0.026787,0.022851,-15.145,-17.163,0.16625,0.16102,0.53415,0.47592,0.028241,0.024435,19,19,6.5464e-05,2.9569e-05,3.5895e-05,19,16,5,1,1,0,0.92516,1,1,m,y,y,y,y,y,y,m,y,m,y,2,,,,0,,,1,1,0,0,1,1,,1,1,0,0,1,1,930,,,,,,,,1,1,0,0,1,1,,,mic_ind_2.7_d054_m028
mic_ind_3.2Adc_d068_m028,microfinance,India,3.2,Adopter Characteristics,Clients below poverty line,%,m10,-0.2515,-0.034055,-0.020676,2021.4,-17.473,0.70751,0.31905,2031.9,42.233,0.31513,0.0583,0.106,0.073694,0.30745,0.15356,0.1066,0.079598,0.31049,0.15726,0.10636,0.078444,12,12,1.3145,0.65017,0.6643,12,11,10,0,0,1,0.85051,1,1,m,y,y,y,y,y,y,y,y,m,y,4,,"reversal, use partial pre-peak",,0,,,1,1,0,0,0,0,,1,1,0,0,0,0,931,,,,,,,,1,1,0,0,0,0,delete,,mic_ind_3.2_d068_m028
mic_ind_3.2Adc_d097_m028,microfinance,India,3.2,Adopter Characteristics,Female borrowers,%,m10,0.047257,0.0064388,0.0060352,1970.3,92.991,1.0844,4.5471,2255.4,-11.194,0.8591,0.83268,0.014153,0.011371,0.84905,0.83129,0.014649,0.011502,0.85194,0.83452,0.014508,0.011491,20,20,0.91502,0.79004,0.12497,20,1,16,0,1,0,0.95029,1,1,y,y,y,y,y,y,y,m,y,m,y,1,,,,0,,,1,1,0,0,1,1,,1,1,0,0,1,1,932,,,,,,,,1,1,0,0,1,1,,,mic_ind_3.2_d097_m028
mic_nig_2.1Lea_d154_m028,microfinance,Nigeria,2.1,Learning,Operating expense / loan portfolio,%,m10,-0.070794,-0.070792,-2.8565,1852.7,-62.074,2.7937e+06,88.156,1999.1,5786,0.47256,0.36707,17.75,12.407,0.47256,0.40663,17.75,12.407,0.40976,0.33598,18.777,12.753,19,19,4.8325e-05,9.169e-06,3.9156e-05,19,18,2,0,1,1,0.69964,0,0,m,y,y,y,y,y,m,m,y,m,m,2,,,* negative consistent with LED innovation,0,,,1,1,0,0,0,1,,1,1,0,0,0,1,958,,,,,,,,1,1,0,0,0,1,,,mic_nig_2.1_d154_m028
mic_nig_2.7Gra_d054_m028,microfinance,Nigeria,2.7,Granularity (Unit Size),Average loan balance per borrower / GNI per capita,%,m10,0.41159,0.050106,2.6136,2301.3,10.677,463.63,1.1883,1938.8,-5209.7,-0.99373,-1.3925,58.113,41.028,0.096723,-0.016187,39.116,22.719,0.12098,0.011104,38.587,21.682,19,19,0.43536,0.01949,0.41587,19,3,14,1,1,1,0.49919,0,0,n,y,y,m,m,m,m,y,m,n,m,4,,"reversal, use partial pre-peak",,0,,,1,1,0,0,0,1,,1,1,0,0,0,1,959,,,,,,,,1,1,0,0,0,1,,,mic_nig_2.7_d054_m028
mic_nig_3.2Adc_d068_m028,microfinance,Nigeria,3.2,Adopter Characteristics,Clients below poverty line,%,m10,-0.45956,-0.020618,-0.0092266,2019.7,-9.5623,0.46733,1.6006,1948.7,18.999,0.15412,-0.69176,0.086057,0.071051,0.10624,-0.34065,0.088459,0.077713,0.11033,-0.3345,0.088256,0.077549,7,7,1.1341,0.53496,0.59915,10,4,2,1,1,1,0.82717,1,1,n,y,y,y,y,y,y,y,m,n,m,3,,"reversal, use partial pre-peak",,0,,,1,1,0,0,0,0,,1,1,0,0,0,0,960,,,,,,,,1,1,0,0,0,0,delete,,mic_nig_3.2_d068_m028
mic_nig_3.2Adc_d097_m028,microfinance,Nigeria,3.2,Adopter Characteristics,Female borrowers,%,m10,-0.018644,-0.00027019,-0.012788,1575.7,-235.71,2234,-1544.5,-1.5264e+05,26.389,0.45519,0.34623,0.077193,0.059172,-44.361,-50.031,0.70437,0.69656,0.44858,0.37966,0.07766,0.059295,19,19,0.00040688,0.00022925,0.00017763,19,18,7,0,1,0,0.92972,1,1,m,y,y,y,y,y,y,m,y,m,y,2,,,,0,,,1,1,0,0,0,1,,1,1,0,0,0,1,961,,,,,,,,1,1,0,0,0,1,,,mic_nig_3.2_d097_m028
org_aus_4.5Inf_d158_m028,organic food consumption,Austria,4.5,Physical Infrastructure dependence,Organic area share of total farmland [%],%,b2,0.025966,0.0014793,0.0052981,2392.1,169.24,4034.7,1555.2,1.5748e+05,-10.448,0.95604,0.9491,0.0075711,0.0057796,-32.577,-35.935,0.20925,0.20611,0.94715,0.94186,0.008302,0.0067295,23,23,6.8209e-05,3.4129e-05,3.408e-05,23,0,22,0,0,0,0.9521,1,1,y,y,y,y,y,y,y,m,y,m,y,1,,,,0,,,1,1,0,0,0,0,,,,,,,,1054,,,,,,,,1,1,0,0,0,0,delete,,org_aus_4.5_d158_m028
org_can_1.1Ado_d164_m028,organic food consumption,Canada,1.1,Adoption over time,Organic retail sales share [%],%,b2,0.023677,0.0010582,0.00064835,2423.4,185.6,436.97,1555.3,1.5748e+05,-1.2787,0.70542,0.61705,0.0017098,0.0013896,-79.408,-94.028,0.028248,0.028071,0.68835,0.63169,0.0017586,0.0014411,14,14,7.5521e-05,5.7213e-05,1.8308e-05,14,2,13,1,0,0,0.92105,1,1,y,y,y,y,y,y,y,m,y,m,y,2,,,,0,,,1,1,0,0,0,0,,,,,,,,1057,,,,,,,,1,1,0,0,0,0,delete,,org_can_1.1_d164_m028
org_can_4.5Inf_d158_m028,organic food consumption,Canada,4.5,Physical Infrastructure dependence,Organic area share of total farmland [%],%,b2,0.080498,0.0010876,0.00094328,2041.2,54.591,0.15185,1555.2,1.5747e+05,-1.8833,0.96489,0.95935,0.0012218,0.0009506,-4.4031,-4.9434,0.015157,0.013683,0.92077,0.91285,0.0018354,0.0016457,23,23,0.1811,0.032926,0.14817,23,0,22,0,0,0,0.91819,1,1,y,y,y,y,y,y,y,m,y,m,y,1,,,,0,,,1,1,0,0,0,0,,,,,,,,1082,,,,,,,,1,1,0,0,0,0,delete,,org_can_4.5_d158_m028
org_den_1.1Ado_d164_m028,organic food consumption,Denmark,1.1,Adoption over time,Organic retail sales share [%],%,b2,0.13793,0.0015237,0.0056579,2014.6,31.861,0.17904,1555.1,1.5749e+05,-11.309,0.95885,0.95062,0.006422,0.0057774,-6.5209,-7.461,0.08682,0.080842,0.95821,0.95298,0.0064719,0.0055014,19,19,0.72608,0.16756,0.55852,19,2,18,1,0,0,0.94228,1,1,y,y,y,y,y,y,y,y,y,y,y,1,,,,0,,,1,1,0,0,0,0,,,,,,,,1085,,,,,,,,1,1,0,0,0,0,delete,,org_den_1.1_d164_m028
org_den_4.5Inf_d158_m028,organic food consumption,Denmark,4.5,Physical Infrastructure dependence,Organic area share of total farmland [%],%,b2,0.040606,0.0012363,0.0025748,2297.3,108.22,7830.4,1555.2,1.5747e+05,-5.1051,0.74797,0.70818,0.010603,0.0094423,-11.877,-13.165,0.075789,0.072787,0.65397,0.61936,0.012424,0.011464,23,23,1.4737e-05,6.6152e-06,8.1222e-06,23,1,17,0,1,0,0.93439,1,1,y,y,y,y,y,y,y,m,y,m,y,2,,,,0,,,1,1,0,0,0,0,,,,,,,,1111,,,,,,,,1,1,0,0,0,0,delete,,org_den_4.5_d158_m028
org_jap_1.1Ado_d164_m028,organic food consumption,Japan,1.1,Adoption over time,Organic retail sales share [%],%,b2,-0.064288,0.021425,0.00026198,2377.5,-68.356,0.0105,1.3888e-13,846.52,-0.51752,-3.1103e-11,-0.3,0.0034046,0.0025,0.082762,-0.084008,0.0032607,0.0021665,0.096216,-0.068109,0.0032367,0.0021581,14,14,1.3333,0.25714,1.0762,14,5,0,1,0,1,0.9408,1,1,n,y,y,y,m,m,y,y,m,n,m,2,drop at end,use lin fit,,0,,,0,1,0,0,0,0,,,,,,,,1133,,,,,,,,0,1,0,0,0,0,delete,,org_jap_1.1_d164_m028
org_jap_4.5Inf_d158_m028,organic food consumption,Japan,4.5,Physical Infrastructure dependence,Organic area share of total farmland [%],%,b2,-0.0084686,0.00077126,-0.0021739,1427.3,-518.91,37.451,1555.4,1.5745e+05,4.6374,0.0086928,-0.14783,0.15618,0.093248,-2.8679,-3.2547,0.30851,0.26565,0.0084504,-0.090705,0.1562,0.09327,23,23,0.020026,0.0034712,0.016555,23,19,22,1,0,1,0.81358,1,1,n,y,y,y,y,y,y,m,m,n,m,2,1 hi pt,,noisy,0,,,0,0,0,0,0,0,,,,,,,,1159,,,,,,,,0,0,0,0,0,0,delete,,org_jap_4.5_d158_m028
org_swi_1.1Ado_d164_m028,organic food consumption,Switzerland,1.1,Adoption over time,Organic retail sales share [%],%,b2,0.098497,0.062113,0.0045535,2020.5,44.615,0.21576,6.505,2086.4,-9.0944,0.99091,0.98896,0.0023151,0.0018249,0.98448,0.98241,0.0030244,0.0022639,0.98192,0.97951,0.0032646,0.0027478,18,18,0.5191,0.16222,0.35688,19,0,17,0,0,0,0.93468,1,1,y,y,y,y,y,y,y,y,y,y,y,1,,,,0,,,1,1,0,0,0,0,,,,,,,,1162,,,,,,,,1,1,0,0,0,0,delete,,org_swi_1.1_d164_m028
org_swi_4.5Inf_d158_m028,organic food consumption,Switzerland,4.5,Physical Infrastructure dependence,Organic area share of total farmland [%],%,b2,0.03312,0.033119,0.0039447,2344.5,132.68,7575.4,6.644,2132,-7.8088,0.9295,0.91837,0.0073444,0.0067034,0.9295,0.92245,0.0073444,0.0067033,0.89483,0.88431,0.0089704,0.0082371,23,23,2.3603e-05,1.0178e-05,1.3425e-05,23,0,22,0,0,0,0.94782,1,1,y,y,y,y,y,y,y,m,y,m,y,1,,,,0,,,1,1,0,0,0,0,,,,,,,,1188,,,,,,,,1,1,0,0,0,0,delete,,org_swi_4.5_d158_m028
org_uki_1.1Ado_d164_m028,organic food consumption,UK,1.1,Adoption over time,Organic retail sales share [%],%,b2,0.31764,0.0010669,0.00073333,2012,13.835,0.019529,1555.3,1.5749e+05,-1.4634,0.92133,0.87413,0.00057345,0.00045081,-64.69,-86.587,0.016571,0.016444,0.85765,0.8102,0.0007714,0.00064198,9,9,0.93707,0.66568,0.27139,9,3,8,1,0,0,0.89601,1,1,y,y,y,y,y,y,y,y,y,y,y,2,,,,0,,,1,1,0,0,0,0,,,,,,,,1191,,,,,,,,1,1,0,0,0,0,delete,,org_uki_1.1_d164_m028
org_uki_4.5Inf_d158_m028,organic food consumption,UK,4.5,Physical Infrastructure dependence,Organic area share of total farmland [%],%,b2,-0.12361,0.00093692,-0.00063528,2025.3,-35.552,0.040851,1555.2,1.5747e+05,1.3113,0.67902,0.62833,0.0030259,0.0025097,-39.918,-44.01,0.034164,0.033743,0.62254,0.58479,0.0032813,0.0025761,23,23,1.0257,0.64135,0.38432,23,20,3,0,1,0,0.96263,1,1,m,y,y,y,y,y,y,y,y,m,y,2,,,,0,,,1,1,0,0,0,0,,,,,,,,1217,,,,,,,,1,1,0,0,0,0,delete,,org_uki_4.5_d158_m028
pas_aus_1.1Ado_d290_m176,passive building retrofits,Austria,1.1,Adoption over time,cumulative new building,cumulative number of buildings,m5,0.32118,0.069613,47.777,2007.9,13.682,1016.4,0.0048493,1843.7,-95454,0.99461,0.99391,27.891,26.188,0.83168,0.81765,155.89,140.82,0.95922,0.95582,76.731,65.932,27,27,1.0133,0.0029515,1.0104,27,0,26,0,0,1,0.95666,0,0,y,y,y,y,y,y,y,y,y,y,y,,,,,0,,transformed-cumulative,1,1,0,2,0,0,,,,,,,,1222,,,,,,,,1,1,0,0,0,0,delete,,pas_aus_1.1_d290_m176
pas_aus_1.1Ado_d291_m176,passive building retrofits,Austria,1.1,Adoption over time,cumulative renovation,cumulative number of buildings,m5,0.507,0.078811,2.2808,2009,8.6676,44.452,1.2205,1974,-4560.5,0.99581,0.99527,1.2025,0.89066,0.79296,0.77571,8.4551,7.9191,0.914,0.90683,5.4494,4.9454,27,27,1.0348,0.022496,1.0123,27,0,26,0,0,0,0.95283,0,1,y,y,y,y,y,y,y,y,y,y,y,,,,,0,,transformed-cumulative,1,1,0,0,0,0,,,,,,,,1223,,,,,,,,1,1,0,0,0,0,delete,,pas_aus_1.1_d291_m176
pas_aus_1.1Ado_d291_m177,passive building retrofits,Austria,1.1,Adoption over time,cumulative renovation,cumulative floorspace,m5,0.45427,0.090146,5211.7,2010.3,9.6737,1.0083e+05,0.00028366,1801.7,-1.0427e+07,0.99382,0.99301,3312.3,2669.5,0.82999,0.81582,17369,16144,0.92865,0.92271,11252,9703.3,27,27,1.0338,0.0017853,1.032,27,0,26,0,0,1,0.94602,0,0,y,y,y,y,y,y,y,y,y,y,y,,,,,0,,transformed-cumulative,1,1,0,0,0,0,,,,,,,,1224,,,,,,,,1,1,0,0,0,0,delete,,pas_aus_1.1_d291_m177
pas_aus_1.1Ado_d291_m178,passive building retrofits,Austria,1.1,Adoption over time,cumulative renovation,cumulative number of units,m5,0.68855,0.09435,103.69,2010.6,6.3822,1922.9,0.0036868,1880.3,-2.0749e+05,0.9855,0.98361,103.23,66.072,0.79801,0.78118,385.36,359.49,0.88717,0.87777,288.01,256.4,27,27,1.0484,0.0010401,1.0474,27,0,26,0,0,1,0.94067,0,0,y,y,y,y,y,y,y,y,y,y,y,,,,,0,,transformed-cumulative,1,1,0,0,0,0,,,,,,,,1225,,,,,,,,1,1,0,0,0,0,delete,,pas_aus_1.1_d291_m178
pas_bel_1.1Ado_d290_m176,passive building retrofits,Belgium,1.1,Adoption over time,cumulative new building,cumulative number of buildings,m5,0.46142,0.043353,0.88195,2008.1,9.5238,22.073,3.1265,1975.2,-1759,0.98127,0.97776,0.80175,0.59051,0.65557,0.61505,3.4385,2.8909,0.75343,0.72442,2.9093,2.45,20,20,0.9967,0.13591,0.86079,20,8,19,1,0,1,0.9601,0,1,y,y,y,y,y,y,y,y,y,y,y,,,,,0,,transformed-cumulative,1,1,0,2,0,0,,,,,,,,1233,,,,,,,,1,1,0,0,0,0,delete,,pas_bel_1.1_d290_m176
pas_bel_1.1Ado_d291_m176,passive building retrofits,Belgium,1.1,Adoption over time,cumulative renovation,cumulative number of buildings,m5,1.7405,0.013196,0.13308,2008,2.5249,2.9882,1552.5,1.5776e+05,-265.65,0.96645,0.96016,0.1962,0.094228,-5.2309,-5.964,2.6739,2.45,0.51319,0.45592,0.7474,0.62459,20,17,1.0039,0.66929,0.33465,17,14,16,1,0,0,0.95105,0,1,y,y,y,y,y,y,y,y,y,y,y,,,,,0,,transformed-cumulative,1,1,0,0,0,0,,,,,,,,1234,,,,,,,,1,1,0,0,0,0,delete,,pas_bel_1.1_d291_m176
pas_bel_1.1Ado_d291_m177,passive building retrofits,Belgium,1.1,Adoption over time,cumulative renovation,cumulative floorspace,m5,1.4473,0.045807,88.538,2008.3,3.0363,1935.4,0.036383,1782.2,-1.768e+05,0.96788,0.96186,125.09,61.368,0.43375,0.36713,525.25,410.46,0.53496,0.48025,476,392.78,20,17,0.99825,0.58438,0.41387,17,14,16,1,0,0,0.95172,0,0,y,y,y,y,y,y,y,y,y,y,y,,,,,0,,transformed-cumulative,1,1,0,0,0,0,,,,,,,,1235,,,,,,,,1,1,0,0,0,0,delete,,pas_bel_1.1_d291_m177
pas_bel_1.1Ado_d291_m178,passive building retrofits,Belgium,1.1,Adoption over time,cumulative renovation,cumulative number of units,m5,6.5193,0.054883,0.6406,2009.2,0.67407,12.006,6.1069,2007.7,-1281.3,0.9916,0.99002,0.44682,0.10835,0.45617,0.39219,3.5946,3.1404,0.57428,0.52419,3.1804,2.8083,20,17,0.99952,0.16659,0.83293,17,14,16,1,0,1,0.9428,0,1,y,y,y,y,y,y,y,y,y,y,y,,,,,0,,transformed-cumulative,1,1,0,0,0,0,,,,,,,,1236,,,,,,,,1,1,0,0,0,0,delete,,pas_bel_1.1_d291_m178
pas_ger_1.1Ado_d290_m176,passive building retrofits,Germany,1.1,Adoption over time,cumulative new building,cumulative number of buildings,m5,0.6388,0.044032,4.8917,2001.8,6.8792,157.79,0.37085,1883.9,-9727.2,0.98251,0.97668,7.4105,6.5309,0.77709,0.73251,26.456,17.809,0.8226,0.78712,23.601,16.313,13,13,1.0583,0.044362,1.014,27,0,12,0,0,1,0.91876,0,0,y,y,y,y,y,y,y,y,y,y,y,,,,,0,,transformed-cumulative,1,1,2,2,0,0,,,,,,,,1244,,,,,,,,1,1,0,0,0,0,delete,,pas_ger_1.1_d290_m176
pas_ger_1.1Ado_d291_m176,passive building retrofits,Germany,1.1,Adoption over time,cumulative renovation,cumulative number of buildings,m5,0.6468,0.0582,0.4005,2002.7,6.7941,11.172,9.627,2018.9,-798.2,0.95465,0.93954,0.93756,0.67617,0.86018,0.83222,1.6463,1.1398,0.89319,0.87183,1.4389,1.0649,13,12,1.1636,0.089508,1.0741,26,0,11,0,0,0,0.89539,0,1,y,y,y,y,y,y,y,y,y,y,y,,,,,0,,transformed-cumulative,1,1,0,0,0,0,,,,,,,,1245,,,,,,,,1,1,0,0,0,0,delete,,pas_ger_1.1_d291_m176
pas_ger_1.1Ado_d291_m177,passive building retrofits,Germany,1.1,Adoption over time,cumulative renovation,cumulative floorspace,m5,0.56313,0.15632,457.69,2020,7.8036,4199.5,1.4549e-05,1899.7,-9.2243e+05,0.92763,0.81907,221.69,182.75,0.85741,0.76234,311.18,258.09,0.8997,0.83284,260.98,203.45,6,6,0.87511,0.39576,0.47935,6,0,5,0,0,0,0.82283,0,0,y,y,y,y,y,y,y,y,y,y,y,,,,,0,,transformed-cumulative,1,1,0,0,0,0,,,,,,,,1246,,,,,,,,1,1,0,0,0,0,delete,,pas_ger_1.1_d291_m177
pas_ger_1.1Ado_d291_m178,passive building retrofits,Germany,1.1,Adoption over time,cumulative renovation,cumulative number of units,m5,0.47275,0.14898,5.2286,2020.1,9.2955,53.241,0.11433,1983.5,-10536,0.88088,0.70221,3.3189,2.8345,0.83263,0.72106,3.934,3.2593,0.86227,0.77044,3.5688,3.0381,6,6,0.82643,0.41322,0.41322,6,0,5,0,0,0,0.81881,0,1,y,y,y,y,y,y,y,y,y,y,y,,,,,0,,transformed-cumulative,1,1,0,0,0,0,,,,,,,,1247,,,,,,,,1,1,0,0,0,0,delete,,pas_ger_1.1_d291_m178
qui_bra_2.2Rel_d009_m028,quitting smoking,Brazil,2.2,Relative Advantage (Profitability),% of GDP required to purchase 2000 cigarettes of the most sold brand,%,s7,-0.34867,0.00093459,-0.00068,2023.3,-12.603,0.019624,1555.4,1.5748e+05,1.3882,0.74087,0.35218,0.0015074,0.0012565,-31.678,-53.463,0.016928,0.016667,0.61521,0.35868,0.0018369,0.0015733,6,6,1.0395,0.62167,0.41785,11,3,0,1,0,0,0.85474,1,1,y,y,y,y,y,y,y,y,y,y,y,2,,,,0,,,1,1,0,0,0,1,,,,,,,,1274,,,,,,,,1,1,0,0,0,1,,,qui_bra_2.2_d009_m028
qui_chi_2.2Rel_d009_m028,quitting smoking,China,2.2,Relative Advantage (Profitability),% of GDP required to purchase 2000 cigarettes of the most sold brand,%,s7,-0.080376,0.00092702,-0.00075571,2021.3,-54.673,0.039089,1555.4,1.5748e+05,1.5471,0.97339,0.93347,0.00042679,0.00039953,-76.059,-127.43,0.022966,0.022817,0.97343,0.95572,0.00042643,0.00039429,6,6,0.68305,0.47839,0.20466,11,5,0,0,0,0,0.82949,1,1,y,y,y,y,y,y,y,y,y,y,y,1,,,,0,,,1,1,0,0,0,1,,,,,,,,1280,,,,,,,,1,1,0,0,0,1,,,qui_chi_2.2_d009_m028
qui_ind_2.2Rel_d009_m028,quitting smoking,India,2.2,Relative Advantage (Profitability),% of GDP required to purchase 2000 cigarettes of the most sold brand,%,s7,-2.2335,0.00044241,-0.0058214,2021.8,-1.9675,0.13503,1555.6,1.5746e+05,11.862,0.971,0.9275,0.0054575,0.0034505,-14.11,-24.183,0.12458,0.12038,0.38494,-0.025096,0.025134,0.022089,6,6,1.062,0.36882,0.6932,11,4,0,1,0,1,0.86431,1,1,y,y,y,y,y,y,y,y,y,y,y,1,,,,0,,,1,1,0,0,0,1,,,,,,,,1305,,,,,,,,1,1,0,0,0,1,,,qui_ind_2.2_d009_m028
qui_uki_2.2Rel_d009_m028,quitting smoking,UK,2.2,Relative Advantage (Profitability),% of GDP required to purchase 2000 cigarettes of the most sold brand,%,s7,0.15244,0.001029,0.00033857,2000.9,28.828,0.029103,1555.3,1.5748e+05,-0.65635,0.60473,0.011819,0.00094915,0.00074676,-309.28,-516.13,0.026593,0.02655,0.58677,0.31129,0.00097047,0.00086286,6,6,0.99646,0.8384,0.15806,11,1,5,1,0,0,0.83761,1,1,m,y,y,y,y,y,y,m,y,m,y,1,,,,0,,,1,1,0,0,1,1,,,,,,,,1311,,,,,,,,1,1,0,0,1,1,,,qui_uki_2.2_d009_m028
qui_usa_2.2Rel_d009_m028,quitting smoking,US,2.2,Relative Advantage (Profitability),% of GDP required to purchase 2000 cigarettes of the most sold brand,%,s7,-0.0036755,0.00099505,-4e-05,1023.1,-1195.6,0.44596,1555.3,1.5748e+05,0.091947,0.21181,-0.97046,0.00026469,0.00022839,-1428.1,-2380.8,0.011271,0.011267,0.21,-0.31667,0.00026499,0.00022889,6,6,0.026236,0.024442,0.0017939,11,5,2,0,1,0,0.8301,1,1,n,y,y,y,y,y,y,m,m,n,m,,,,,0,,,1,1,0,0,0,1,,,,,,,,1332,,,,,,,,1,1,0,0,0,1,,,qui_usa_2.2_d009_m028
sol_cal_1.1Ado_d039_m028,solar leasing,California,1.1,Adoption over Time,% third party owned systems ($100k-$150k),%,m11,47.622,0.0015025,0.0054076,2018.1,0.092278,0.08688,1555.2,1.575e+05,-10.872,0.18106,-0.091918,0.08082,0.041455,-0.11023,-0.33227,0.094102,0.029651,0.051328,-0.13841,0.086987,0.046003,13,13,3.9019,0.02256,3.8794,13,3,12,1,0,1,0.021276,1,1,n,y,y,m,m,m,m,y,m,n,m,2,1 hi pt,,* error in data? * move to 3.2 to declutter 1.1! *,0,,,0,0,0,0,0,0,,,,,,,,1354,,,,,,,,0,0,0,0,0,0,delete,,sol_cal_3.2_d039_m028
sol_cal_1.1Ado_d040_m028,solar leasing,California,1.1,Adoption over Time,% third party owned systems ($150k-$200k),%,m11,-0.40372,-0.038162,-0.016033,2021.6,-10.885,0.43755,1.769,1974.4,32.687,0.40604,0.20805,0.088244,0.061624,0.23882,0.08658,0.099897,0.07548,0.2745,0.1294,0.097527,0.071828,13,13,1.3713,0.4708,0.90046,13,10,12,1,0,0,0.94689,1,1,m,y,y,y,y,y,y,y,m,m,m,4,,"reversal, partial fit to pre-peak",* move to 3.2 to declutter 1.1! * (same for other regions),0,,,1,1,0,0,0,0,,,,,,,,1355,,,,,,,,1,1,0,0,0,0,delete,,sol_cal_3.2_d040_m028
sol_cal_1.1Ado_d041_m028,solar leasing,California,1.1,Adoption over Time,% third party owned systems ($200k-$250k),%,m11,-0.36306,-0.058774,-0.021126,2020,-12.104,0.42086,0.45029,2009.4,42.903,0.50712,0.34283,0.085821,0.058091,0.36605,0.23926,0.097331,0.071407,0.41815,0.30178,0.093246,0.064286,13,13,1.4067,0.3683,1.0384,13,10,0,1,0,0,0.93798,1,1,m,y,y,y,y,y,y,y,y,m,y,4,,"reversal, partial fit to pre-peak",* move to 3.2 to declutter 1.1! * (same for other regions),0,,,1,1,0,0,0,0,,,,,,,,1356,,,,,,,,1,1,0,0,0,0,delete,,sol_cal_3.2_d041_m028
sol_cal_1.1Ado_d042_m028,solar leasing,California,1.1,Adoption over Time,% third party owned systems ($50k-$100k),%,m11,-0.69406,0.00052108,-0.0046374,2022.7,-6.3315,0.4372,1555.7,1.5745e+05,9.7563,0.20363,-0.061825,0.095294,0.068985,-14.554,-17.665,0.42115,0.40738,0.026403,-0.16832,0.10536,0.081138,13,13,1.3221,0.44374,0.87832,13,10,12,1,0,0,0.94664,1,1,n,y,y,y,y,y,y,y,m,n,m,4,,"reversal, partial fit to pre-peak",,0,,transformed-marketshare,1,1,0,0,0,0,,,,,,,,1357,,,,,,,,1,1,0,0,0,0,delete,,sol_cal_1.1_d042_m028
sol_cal_1.1Ado_d043_m028,solar leasing,California,1.1,Adoption over Time,% third party owned systems (<$50k),%,m11,1.658,0.0016162,0.0070934,2010.6,2.6505,0.46935,1555.3,1.5748e+05,-13.871,0.62134,0.49512,0.070558,0.057636,-13.988,-16.986,0.44391,0.42885,0.053579,-0.13571,0.11155,0.090978,13,13,1.2677,0.35155,0.91617,13,7,12,1,0,0,0.94779,1,1,m,y,y,y,y,y,y,y,m,m,m,4,,"reversal, partial fit to pre-peak",,0,,transformed-marketshare,1,1,0,0,0,0,,,,,,,,1358,,,,,,,,1,1,0,0,0,0,delete,,sol_cal_1.1_d043_m028
sol_cal_1.1Ado_d044_m028,solar leasing,California,1.1,Adoption over Time,% third party owned systems (>$250k),%,m11,-0.34938,-0.063172,-0.02194,2019.6,-12.578,0.42137,0.85962,1999.1,44.532,0.47721,0.30294,0.093343,0.063751,0.35502,0.22603,0.10368,0.074551,0.40434,0.28521,0.099636,0.067985,13,13,1.4453,0.36073,1.0846,13,10,0,1,0,1,0.931,1,1,m,y,y,y,y,y,y,y,y,m,y,4,,"reversal, partial fit to pre-peak",* move to 3.2 to declutter 1.1! * (same for other regions),0,,,1,1,0,0,0,0,,,,,,,,1359,,,,,,,,1,1,0,0,0,0,delete,,sol_cal_3.2_d044_m028
sol_cal_1.1Ado_d294_m182,solar leasing,California,1.1,Adoption over Time,Partial up to max % third party owned systems ($100k-$150k),Partial up to max %,m11,54.959,0.32579,1.2153,2018.1,0.079959,17.122,1.2831,2013.1,-2445.4,0.44619,0.20884,7.1644,3.3657,0.1774,-0.028253,8.7316,4.9888,0.15936,-0.050806,8.8269,5.6312,11,11,1.9799,0.011447,1.9685,11,1,10,0,0,1,0.021141,0,1,m,y,y,m,m,m,m,y,m,m,m,,,,,0,,transformed-partial,0,0,0,0,0,0,,,,,,,,1360,,,,,,,,0,0,0,0,0,0,delete,,sol_cal_1.1_d294_m182
sol_cal_1.1Ado_d295_m182,solar leasing,California,1.1,Adoption over Time,Partial up to max % third party owned systems ($150k-$200k),Partial up to max %,m11,1.9918,0.20207,0.0998,2010.3,2.2062,0.53674,5.8541,2024.6,-200.33,0.86902,,0.051602,0.043359,0.52478,-0.42565,0.098289,0.09052,0.61242,-0.16274,0.088765,0.082,4,4,1.1179,0.3838,0.73406,4,1,3,1,0,0,0.77282,1,1,y,n,y,y,y,y,y,y,y,n,n,,,,,0,,transformed-partial,1,1,0,0,0,0,,,,,,,,1361,,,,,,,,1,1,0,0,0,0,delete,,sol_cal_1.1_d295_m182
sol_cal_1.1Ado_d296_m182,solar leasing,California,1.1,Adoption over Time,Partial up to max % third party owned systems ($200k-$250k),Partial up to max %,m11,2.0022,0.19013,0.0911,2010.2,2.1948,0.51202,5.8995,2025.7,-182.84,0.80534,,0.061288,0.051248,0.45623,-0.63131,0.10243,0.092005,0.53763,-0.3871,0.094455,0.08475,4,4,1.1562,0.39647,0.75973,4,1,3,1,0,0,0.77359,1,1,y,n,y,y,y,y,y,y,y,n,n,,,,,0,,transformed-partial,1,1,0,0,0,0,,,,,,,,1362,,,,,,,,1,1,0,0,0,0,delete,,sol_cal_1.1_d296_m182
sol_cal_1.1Ado_d299_m182,solar leasing,California,1.1,Adoption over Time,Partial up to max % third party owned systems (>$250k),Partial up to max %,m11,2.0161,0.20598,0.0998,2010.3,2.1797,0.52446,5.9086,2024.6,-200.34,0.80649,,0.066159,0.055967,0.46308,-0.61077,0.1102,0.097518,0.55044,-0.34867,0.10084,0.089,4,4,1.1612,0.36037,0.80083,4,1,3,1,0,1,0.76713,1,1,y,n,y,y,y,y,y,y,y,n,n,,,,,0,,transformed-partial,1,1,0,0,0,0,,,,,,,,1365,,,,,,,,1,1,0,0,0,0,delete,,sol_cal_1.1_d299_m182
sol_con_1.1Ado_d039_m028,solar leasing,Connecticut,1.1,Adoption over Time,% third party owned systems ($100k-$150k),%,m11,1.565,0.006204,0.056242,2013.5,2.8079,0.69614,1553.8,1.5763e+05,-112.9,0.86846,0.82461,0.10863,0.086906,-2.6264,-3.3516,0.57035,0.48538,0.49366,0.39239,0.21312,0.18208,13,11,1.1592,0.11636,1.0429,11,6,10,1,0,1,0.94009,1,1,y,y,y,y,y,y,y,y,y,y,y,4,,"reversal, partial fit to pre-peak",,0,,,1,1,0,0,0,0,,,,,,,,1369,,,,,,,,1,1,0,0,0,0,delete,,sol_con_3.2_d039_m028
sol_con_1.1Ado_d040_m028,solar leasing,Connecticut,1.1,Adoption over Time,% third party owned systems ($150k-$200k),%,m11,1.7293,0.0058417,0.052335,2013.5,2.5411,0.65036,1553.9,1.5762e+05,-105.06,0.85104,0.80138,0.11119,0.085632,-2.464,-3.1568,0.5362,0.45223,0.46199,0.35438,0.21132,0.18293,13,11,1.204,0.06458,1.1394,11,6,10,1,0,1,0.93998,1,1,y,y,y,y,y,y,y,y,y,y,y,4,,"reversal, partial fit to pre-peak",,0,,,1,1,0,0,0,0,,,,,,,,1370,,,,,,,,1,1,0,0,0,0,delete,,sol_con_3.2_d040_m028
sol_con_1.1Ado_d041_m028,solar leasing,Connecticut,1.1,Adoption over Time,% third party owned systems ($200k-$250k),%,m11,1.8188,0.0041522,0.034225,2013,2.4162,0.52564,1554.4,1.5757e+05,-68.617,0.69734,0.59645,0.13779,0.10098,-2.3188,-2.9825,0.45627,0.38138,0.26143,0.11372,0.21524,0.1857,13,11,1.3488,0.12366,1.2252,11,6,10,1,0,1,0.94394,1,1,m,y,y,y,y,y,y,y,m,m,m,4,,"reversal, partial fit to pre-peak",,0,,,1,1,0,0,0,0,,,,,,,,1371,,,,,,,,1,1,0,0,0,0,delete,,sol_con_3.2_d041_m028
sol_con_1.1Ado_d042_m028,solar leasing,Connecticut,1.1,Adoption over Time,% third party owned systems ($50k-$100k),%,m11,1.429,0.0072056,0.066984,2013.5,3.0752,0.7789,1553.5,1.5766e+05,-134.5,0.92948,0.90597,0.085139,0.069392,-2.8411,-3.6093,0.62833,0.54038,0.61114,0.53337,0.19992,0.16751,13,11,1.1067,0.14764,0.95905,11,6,10,1,0,1,0.92902,1,1,y,y,y,y,y,y,y,y,y,y,y,4,,"reversal, partial fit to pre-peak",,0,,transformed-marketshare,1,1,0,0,0,0,,,,,,,,1372,,,,,,,,1,1,0,0,0,0,delete,,sol_con_1.1_d042_m028
sol_con_1.1Ado_d043_m028,solar leasing,Connecticut,1.1,Adoption over Time,% third party owned systems (<$50k),%,m11,1.8098,0.0019605,0.01083,2010.7,2.4282,0.51536,1555.2,1.5749e+05,-21.367,0.6974,0.59653,0.074466,0.050164,-11.815,-14.378,0.4846,0.46531,0.089601,-0.092479,0.12916,0.10352,13,13,1.2787,0.23867,1.0401,13,7,12,1,0,1,0.95643,1,1,m,y,y,y,y,y,y,y,m,m,m,4,,"reversal, partial fit to pre-peak",,0,,transformed-marketshare,1,1,0,0,0,0,,,,,,,,1373,,,,,,,,1,1,0,0,0,0,delete,,sol_con_1.1_d043_m028
sol_con_1.1Ado_d044_m028,solar leasing,Connecticut,1.1,Adoption over Time,% third party owned systems (>$250k),%,m11,1.948,0.0046557,0.039588,2013,2.2559,0.53661,1554.3,1.5758e+05,-79.421,0.81012,0.74683,0.1056,0.083274,-2.5684,-3.2821,0.45779,0.38838,0.37358,0.2483,0.19181,0.16624,13,11,1.2653,0.033544,1.2318,11,6,10,1,0,1,0.92642,1,1,y,y,y,y,y,y,y,y,y,y,y,4,,"reversal, partial fit to pre-peak",,0,,,1,1,0,0,0,0,,,,,,,,1374,,,,,,,,1,1,0,0,0,0,delete,,sol_con_3.2_d044_m028
sol_con_1.1Ado_d294_m182,solar leasing,Connecticut,1.1,Adoption over Time,Partial up to max % third party owned systems ($100k-$150k),Partial up to max %,m11,1.2821,0.30213,0.13631,2013.8,3.4276,0.82332,5.8986,2023.1,-274.08,0.97108,0.9494,0.055593,0.045024,0.81494,0.74092,0.14064,0.11819,0.91269,0.87777,0.096597,0.087586,8,6,0.98017,0.098382,0.88179,6,1,5,1,0,1,0.80605,1,1,y,y,y,y,y,y,y,y,y,y,y,,,,,0,,transformed-partial,1,1,0,0,0,0,,,,,,,,1375,,,,,,,,1,1,0,0,0,0,delete,,sol_con_1.1_d294_m182
sol_con_1.1Ado_d295_m182,solar leasing,Connecticut,1.1,Adoption over Time,Partial up to max % third party owned systems ($150k-$200k),Partial up to max %,m11,1.4644,0.29876,0.1282,2013.7,3.0009,0.75511,6.0352,2023.5,-257.78,0.96876,0.94533,0.055078,0.046527,0.7794,0.69116,0.14636,0.12492,0.88866,0.84413,0.10398,0.093131,8,6,1.0369,0.055621,0.98131,6,1,5,1,0,1,0.81732,1,1,y,y,y,y,y,y,y,y,y,y,y,,,,,0,,transformed-partial,1,1,0,0,0,0,,,,,,,,1376,,,,,,,,1,1,0,0,0,0,delete,,sol_con_1.1_d295_m182
sol_con_1.1Ado_d296_m182,solar leasing,Connecticut,1.1,Adoption over Time,Partial up to max % third party owned systems ($200k-$250k),Partial up to max %,m11,1.3441,0.011643,0.11375,2013.5,3.2694,0.67487,1552,1.578e+05,-228.7,0.96087,0.93152,0.054649,0.047024,-1.4497,-2.4296,0.43238,0.33263,0.8901,0.84614,0.091581,0.078625,8,6,1.0506,0.096315,0.95426,6,1,5,1,0,1,0.82755,1,1,y,y,y,y,y,y,y,y,y,y,y,,,,,0,,transformed-partial,1,1,0,0,0,0,,,,,,,,1377,,,,,,,,1,1,0,0,0,0,delete,,sol_con_1.1_d296_m182
sol_con_1.1Ado_d299_m182,solar leasing,Connecticut,1.1,Adoption over Time,Partial up to max % third party owned systems (>$250k),Partial up to max %,m11,1.4686,0.011487,0.1121,2013.4,2.9924,0.64875,1552.1,1.5779e+05,-225.38,0.94148,0.89758,0.06715,0.058725,-1.39,-2.346,0.42911,0.32725,0.85621,0.7987,0.10525,0.091,8,6,1.0466,0.027746,1.0189,6,1,5,1,0,1,0.81845,1,1,y,y,y,y,y,y,y,y,y,y,y,,,,,0,,transformed-partial,1,1,0,0,0,0,,,,,,,,1380,,,,,,,,1,1,0,0,0,0,delete,,sol_con_1.1_d299_m182
sol_mas_1.1Ado_d039_m028,solar leasing,Massachusetts,1.1,Adoption over Time,% third party owned systems ($100k-$150k),%,m11,0.81552,0.0045736,0.038698,2012.4,5.3885,0.57757,1554.3,1.5758e+05,-77.568,0.70264,0.60352,0.11121,0.081007,-4.7973,-5.9567,0.49105,0.44669,0.50405,0.40487,0.14362,0.097588,13,13,1.3003,0.083106,1.2172,13,7,12,1,0,1,0.8924,1,1,y,y,y,y,y,y,y,y,y,y,y,2,,"reversal, partial fit to pre-peak",,0,,,1,1,0,0,0,0,,,,,,,,1385,,,,,,,,1,1,0,0,0,0,delete,,sol_mas_3.2_d039_m028
sol_mas_1.1Ado_d040_m028,solar leasing,Massachusetts,1.1,Adoption over Time,% third party owned systems ($150k-$200k),%,m11,0.93932,0.0040471,0.033033,2012.2,4.6783,0.51548,1554.5,1.5756e+05,-66.189,0.66146,0.54861,0.11034,0.074134,-4.5747,-5.6897,0.44776,0.40562,0.42477,0.30973,0.14383,0.10379,13,13,1.3909,0.10864,1.2823,13,7,12,1,0,1,0.8875,1,1,m,y,y,y,y,y,y,y,y,m,y,2,,"reversal, partial fit to pre-peak",,0,,,1,1,0,0,0,0,,,,,,,,1386,,,,,,,,1,1,0,0,0,0,delete,,sol_mas_3.2_d040_m028
sol_mas_1.1Ado_d041_m028,solar leasing,Massachusetts,1.1,Adoption over Time,% third party owned systems ($200k-$250k),%,m11,1.1188,0.053788,0.021148,2011.8,3.9277,0.3915,0.74038,2031.8,-42.314,0.51519,0.35358,0.11168,0.081867,0.19875,0.0385,0.14357,0.10316,0.24341,0.092089,0.13951,0.10403,13,13,1.6194,0.074075,1.5453,13,7,12,1,0,1,0.86821,1,1,m,y,y,y,y,y,y,y,m,m,m,2,,"reversal, partial fit to pre-peak",,0,,,1,1,0,0,0,0,,,,,,,,1387,,,,,,,,1,1,0,0,0,0,delete,,sol_mas_3.2_d041_m028
sol_mas_1.1Ado_d042_m028,solar leasing,Massachusetts,1.1,Adoption over Time,% third party owned systems ($50k-$100k),%,m11,0.87358,0.0053712,0.047242,2012.9,5.0304,0.63052,1554.1,1.576e+05,-94.772,0.7796,0.70614,0.10741,0.07714,-4.1816,-5.2179,0.52079,0.46785,0.59692,0.51631,0.14525,0.10152,13,13,1.2244,0.085644,1.1387,13,7,12,1,0,1,0.8957,1,1,y,y,y,y,y,y,y,y,y,y,y,2,,"reversal, partial fit to pre-peak",,0,,transformed-marketshare,1,1,0,0,0,0,,,,,,,,1388,,,,,,,,1,1,0,0,0,0,delete,,sol_mas_1.1_d042_m028
sol_mas_1.1Ado_d043_m028,solar leasing,Massachusetts,1.1,Adoption over Time,% third party owned systems (<$50k),%,m11,0.79262,0.0059746,0.053758,2013.1,5.5442,0.73115,1553.9,1.5762e+05,-107.84,0.80127,0.73503,0.11322,0.08906,-4.3919,-5.4702,0.58972,0.53223,0.62729,0.55274,0.15505,0.11408,13,13,1.1393,0.17643,0.96286,13,6,12,1,0,1,0.91011,1,1,y,y,y,y,y,y,y,y,y,y,y,2,,"reversal, partial fit to pre-peak",,0,,transformed-marketshare,1,1,0,0,0,0,,,,,,,,1389,,,,,,,,1,1,0,0,0,0,delete,,sol_mas_1.1_d043_m028
sol_mas_1.1Ado_d044_m028,solar leasing,Massachusetts,1.1,Adoption over Time,% third party owned systems (>$250k),%,m11,1.1203,0.0026462,0.017967,2011.7,3.9227,0.37315,1554.9,1.5752e+05,-35.914,0.46106,0.28142,0.11572,0.082798,-3.7949,-4.7539,0.34517,0.30708,0.18188,0.018259,0.14258,0.10084,13,13,1.7124,0.1072,1.6052,13,7,12,1,0,1,0.85268,1,1,m,y,y,y,y,y,y,y,m,m,m,3,,"reversal, partial fit to pre-peak",,0,,,1,1,0,0,0,0,,,,,,,,1390,,,,,,,,1,1,0,0,0,0,delete,,sol_mas_3.2_d044_m028
sol_mas_1.1Ado_d294_m182,solar leasing,Massachusetts,1.1,Adoption over Time,Partial up to max % third party owned systems ($100k-$150k),Partial up to max %,m11,0.40964,0.011377,0.11086,2017,10.728,1.946,1552.1,1.5778e+05,-222.79,0.82746,0.65491,0.10309,0.082807,-2.2053,-3.808,0.44435,0.36857,0.79802,0.69703,0.11154,0.078,7,7,0.38592,0.024666,0.36125,7,1,6,1,0,1,0.69993,1,1,y,y,y,y,y,y,m,y,y,m,m,,,,,0,,transformed-partial,1,1,0,0,0,0,,,,,,,,1391,,,,,,,,1,1,0,0,0,0,delete,,sol_mas_1.1_d294_m182
sol_mas_1.1Ado_d295_m182,solar leasing,Massachusetts,1.1,Adoption over Time,Partial up to max % third party owned systems ($150k-$200k),Partial up to max %,m11,0.47445,0.31363,0.10729,2015.6,9.2622,1.3215,6.2025,2022.8,-215.62,0.84166,0.68332,0.094399,0.072345,0.83209,0.74814,0.097209,0.078611,0.81808,0.72712,0.10118,0.064245,7,7,0.54257,0.042377,0.5002,7,1,6,1,0,1,0.70446,1,1,y,y,y,y,y,y,y,y,y,y,y,,,,,0,,transformed-partial,1,1,0,0,0,0,,,,,,,,1392,,,,,,,,1,1,0,0,0,0,delete,,sol_mas_1.1_d295_m182
sol_mas_1.1Ado_d296_m182,solar leasing,Massachusetts,1.1,Adoption over Time,Partial up to max % third party owned systems ($200k-$250k),Partial up to max %,m11,0.48238,0.30784,0.092571,2015.3,9.1098,1.0541,5.4536,2023,-186.05,0.77812,0.55623,0.099311,0.077518,0.76684,0.65026,0.1018,0.086498,0.77117,0.65675,0.10085,0.06951,7,7,0.60149,0.027513,0.57397,7,1,6,1,0,1,0.6912,1,1,y,y,y,y,y,y,m,y,y,m,m,,,,,0,,transformed-partial,1,1,0,0,0,0,,,,,,,,1393,,,,,,,,1,1,0,0,0,0,delete,,sol_mas_1.1_d296_m182
sol_mas_1.1Ado_d299_m182,solar leasing,Massachusetts,1.1,Adoption over Time,Partial up to max % third party owned systems (>$250k),Partial up to max %,m11,0.49029,0.31533,0.092464,2015.4,8.963,1.0804,5.6751,2022.9,-185.83,0.79781,0.59562,0.094285,0.069939,0.78677,0.68015,0.096826,0.078388,0.77782,0.66673,0.098837,0.066571,7,7,0.59144,0.037023,0.55442,7,1,6,1,0,1,0.69268,1,1,y,y,y,y,y,y,m,y,y,m,m,,,,,0,,transformed-partial,1,1,0,0,0,0,,,,,,,,1396,,,,,,,,1,1,0,0,0,0,delete,,sol_mas_1.1_d299_m182
sol_new_1.1Ado_d039_m028,solar leasing,New Jersey,1.1,Adoption over Time,% third party owned systems ($100k-$150k),%,m11,0.017651,0.00052246,-0.0042527,284.74,248.97,0.66646,1555.8,1.5743e+05,9.24,-2.8866e-15,-0.33333,0.23947,0.19996,-7.7452,-9.4943,0.70818,0.66646,0.0044152,-0.1947,0.23894,0.19538,13,13,1.4014,0.13954,1.2619,13,9,12,1,0,1,0.96068,1,1,n,y,y,y,y,y,y,y,m,n,m,4,,"reversal, partial fit to pre-peak","weird fit, use partial",0,,,0,0,0,0,0,0,,,,,,,,1400,,,,,,,,0,0,0,0,0,0,delete,,sol_new_3.2_d039_m028
sol_new_1.1Ado_d040_m028,solar leasing,New Jersey,1.1,Adoption over Time,% third party owned systems ($150k-$200k),%,m11,0.010349,0.00055877,-0.0039066,458.86,424.61,0.62254,1555.7,1.5744e+05,8.4982,-9.1633e-10,-0.33333,0.24266,0.20573,-6.5817,-8.098,0.66816,0.62254,0.0036285,-0.19565,0.24222,0.20152,13,13,1.4441,0.10441,1.3397,13,7,12,1,0,1,0.96013,1,1,n,y,y,y,y,y,y,y,m,n,m,4,,"reversal, partial fit to pre-peak","weird fit, use partial",0,,,0,0,0,0,0,0,,,,,,,,1401,,,,,,,,0,0,0,0,0,0,delete,,sol_new_3.2_d040_m028
sol_new_1.1Ado_d041_m028,solar leasing,New Jersey,1.1,Adoption over Time,% third party owned systems ($200k-$250k),%,m11,-0.67839,0.00042985,-0.0053434,2021.7,-6.4778,0.62903,1555.8,1.5744e+05,11.331,0.1559,-0.12547,0.23592,0.17585,-4.7294,-5.8753,0.61463,0.55842,0.0060624,-0.19273,0.256,0.21925,13,13,1.4165,0.036564,1.3799,13,9,12,1,0,1,0.95467,1,1,n,y,y,y,y,y,y,y,m,n,m,4,,"reversal, partial fit to pre-peak","weird fit, use partial",0,,,0,0,0,0,0,0,,,,,,,,1402,,,,,,,,0,0,0,0,0,0,delete,,sol_new_3.2_d041_m028
sol_new_1.1Ado_d042_m028,solar leasing,New Jersey,1.1,Adoption over Time,% third party owned systems ($50k-$100k),%,m11,-0.016969,0.0013186,0.0042967,3694,-258.97,0.71308,1555.5,1.5746e+05,-7.9491,-2.931e-14,-0.33333,0.23908,0.18684,-8.8959,-10.875,0.75209,0.71308,0.0045219,-0.19457,0.23854,0.19147,13,13,1.3266,0.089752,1.2369,13,9,12,1,0,1,0.95675,1,1,n,y,y,y,y,y,y,y,m,n,m,4,,"reversal, partial fit to pre-peak","weird fit, use partial",0,,transformed-marketshare,0,0,0,0,0,0,,,,,,,,1403,,,,,,,,0,0,0,0,0,0,delete,,sol_new_1.1_d042_m028
sol_new_1.1Ado_d043_m028,solar leasing,New Jersey,1.1,Adoption over Time,% third party owned systems (<$50k),%,m11,3.6705,0.001838,0.0098791,2010.6,1.1972,0.82886,1555.4,1.5747e+05,-19.159,0.77166,0.69554,0.10999,0.08823,-10.811,-13.174,0.79107,0.75685,0.025789,-0.16905,0.22719,0.17296,13,13,1.1461,0.091692,1.0545,13,7,12,1,0,1,0.95376,1,1,y,y,y,y,y,y,y,y,m,y,m,4,,"reversal, partial fit to pre-peak","weird fit, use partial",0,,transformed-marketshare,0,0,0,0,0,0,,,,,,,,1404,,,,,,,,0,0,0,0,0,0,delete,,sol_new_1.1_d043_m028
sol_new_1.1Ado_d044_m028,solar leasing,New Jersey,1.1,Adoption over Time,% third party owned systems (>$250k),%,m11,-0.69311,0.00039716,-0.0056978,2021.7,-6.3402,0.62839,1555.8,1.5743e+05,12.046,0.1693,-0.1076,0.22365,0.16574,-5.1983,-6.438,0.61091,0.55946,0.0075486,-0.19094,0.24445,0.20675,13,13,1.4004,0.074795,1.3256,13,9,12,1,0,1,0.95705,1,1,n,y,y,y,y,y,y,y,m,n,m,4,,"reversal, partial fit to pre-peak","weird fit, use partial",0,,,0,0,0,0,0,0,,,,,,,,1405,,,,,,,,0,0,0,0,0,0,delete,,sol_new_3.2_d044_m028
sol_new_1.1Ado_d294_m182,solar leasing,New Jersey,1.1,Adoption over Time,Partial up to max % third party owned systems ($100k-$150k),Partial up to max %,m11,2.174,0.020337,0.2065,2010.9,2.0214,0.92162,1549.5,1.5804e+05,-414.82,0.99502,0.98008,0.022428,0.019873,-4.281,-9.562,0.73038,0.6576,0.84429,0.68858,0.12542,0.11968,5,5,1.0134,0.10091,0.91252,5,1,4,1,0,1,0.78539,1,1,y,n,y,y,y,y,y,y,y,n,n,,,,,0,,transformed-partial,1,1,0,0,0,0,,,,,,,,1406,,,,,,,,1,1,0,0,0,0,delete,,sol_new_1.1_d294_m182
sol_new_1.1Ado_d295_m182,solar leasing,New Jersey,1.1,Adoption over Time,Partial up to max % third party owned systems ($150k-$200k),Partial up to max %,m11,2.0331,0.012512,0.12343,2011,2.1614,0.88797,1551.9,1.578e+05,-247.77,0.99344,0.98688,0.023884,0.021828,-5.4393,-8.659,0.74842,0.68786,0.70055,0.55083,0.16139,0.13641,7,7,1.0124,0.073201,0.93922,7,1,6,1,0,1,0.87019,1,1,y,y,y,y,y,y,y,y,y,y,y,,,,,0,,transformed-partial,1,1,0,0,0,0,,,,,,,,1407,,,,,,,,1,1,0,0,0,0,delete,,sol_new_1.1_d295_m182
sol_new_1.1Ado_d296_m182,solar leasing,New Jersey,1.1,Adoption over Time,Partial up to max % third party owned systems ($200k-$250k),Partial up to max %,m11,2.219,0.022144,0.2256,2011.3,1.9803,0.87972,1548.9,1.581e+05,-453.35,0.99592,0.9837,0.021617,0.020536,-2.6867,-6.3734,0.65013,0.555,0.88786,0.77571,0.11339,0.10376,5,5,1.0128,0.026145,0.98667,5,1,4,1,0,1,0.76124,1,1,y,n,y,y,y,y,y,y,y,n,n,,,,,0,,transformed-partial,1,1,0,0,0,0,,,,,,,,1408,,,,,,,,1,1,0,0,0,0,delete,,sol_new_1.1_d296_m182
sol_new_1.1Ado_d299_m182,solar leasing,New Jersey,1.1,Adoption over Time,Partial up to max % third party owned systems (>$250k),Partial up to max %,m11,2.1438,0.020921,0.2126,2011.3,2.0498,0.86154,1549.3,1.5806e+05,-427.19,0.99501,0.98003,0.022695,0.019022,-3.0013,-7.0025,0.64244,0.5564,0.87636,0.75273,0.11293,0.10264,5,5,1.0214,0.054553,0.96687,5,1,4,1,0,1,0.77058,1,1,y,n,y,y,y,y,y,y,y,n,n,,,,,0,,transformed-partial,1,1,0,0,0,0,,,,,,,,1411,,,,,,,,1,1,0,0,0,0,delete,,sol_new_1.1_d299_m182
sol_usa_1.1Ado_d039_m028,solar leasing,US,1.1,Adoption over Time,% third party owned systems ($100k-$150k),%,m11,-0.6571,0.00029441,-0.0070385,2022.2,-6.6877,0.45401,1555.7,1.5744e+05,14.603,0.24416,-0.0077914,0.1087,0.074091,-10.91,-13.292,0.43151,0.413,0.044363,-0.14676,0.12223,0.092408,13,13,1.3105,0.33479,0.97574,13,7,12,1,0,1,0.95344,1,1,n,y,y,y,y,y,y,y,m,n,m,,,,,0,,,1,1,0,0,0,0,,,,,,,,1415,,,,,,,,1,1,0,0,0,0,delete,,sol_usa_3.2_d039_m028
sol_usa_1.1Ado_d040_m028,solar leasing,US,1.1,Adoption over Time,% third party owned systems ($150k-$200k),%,m11,0.074141,-0.024759,-0.011418,1635.6,59.271,0.38615,3.8107,1923.4,23.404,-3.4128e-13,-0.33333,0.11804,0.099704,0.10991,-0.068107,0.11136,0.085242,0.13099,-0.04281,0.11003,0.081547,13,13,1.4916,0.43765,1.054,13,10,12,1,0,1,0.9533,1,1,n,y,y,y,y,y,y,y,m,n,m,,,,,0,,,0,1,0,0,0,0,,,,,,,,1416,,,,,,,,0,1,0,0,0,0,delete,,sol_usa_3.2_d040_m028
sol_usa_1.1Ado_d041_m028,solar leasing,US,1.1,Adoption over Time,% third party owned systems ($200k-$250k),%,m11,-0.46394,-0.039712,-0.015802,2021,-9.472,0.40451,1.6674,1975.2,32.19,0.4055,0.20733,0.092188,0.066683,0.20542,0.046498,0.10658,0.083814,0.24455,0.093462,0.10392,0.077926,13,13,1.4066,0.40542,1.0012,13,10,12,1,0,1,0.94537,1,1,m,y,y,y,y,y,y,y,m,m,m,,,,,0,,,1,1,0,0,0,0,,,,,,,,1417,,,,,,,,1,1,0,0,0,0,delete,,sol_usa_3.2_d041_m028
sol_usa_1.1Ado_d042_m028,solar leasing,US,1.1,Adoption over Time,% third party owned systems ($50k-$100k),%,m11,2.2988,0.00097739,0.00028571,2010.4,1.9117,0.46773,1555.5,1.5746e+05,-0.14223,0.51908,0.35877,0.085772,0.066066,-12.3,-14.96,0.45106,0.43377,7.471e-05,-0.19991,0.12368,0.09471,13,13,1.3213,0.30573,1.0155,13,7,12,1,0,1,0.95473,1,1,m,y,y,y,y,y,y,y,m,m,m,,,,"weird fit, use partial",0,,transformed-marketshare,0,0,0,0,0,0,,,,,,,,1418,,,,,,,,0,0,0,0,0,0,delete,,sol_usa_1.1_d042_m028
sol_usa_1.1Ado_d043_m028,solar leasing,US,1.1,Adoption over Time,% third party owned systems (<$50k),%,m11,1.8098,0.0019605,0.01083,2010.7,2.4282,0.51536,1555.2,1.5749e+05,-21.367,0.6974,0.59653,0.074466,0.050164,-11.815,-14.378,0.4846,0.46531,0.089601,-0.092479,0.12916,0.10352,13,13,1.2787,0.23867,1.0401,13,7,12,1,0,1,0.95643,1,1,m,y,y,y,y,y,y,y,m,m,m,,,,"weird fit, use partial",0,,transformed-marketshare,0,0,0,0,0,0,,,,,,,,1419,,,,,,,,0,0,0,0,0,0,delete,,sol_usa_1.1_d043_m028
sol_usa_1.1Ado_d044_m028,solar leasing,US,1.1,Adoption over Time,% third party owned systems (>$250k),%,m11,-0.42741,-0.044752,-0.017027,2020.8,-10.282,0.4,0.46927,2007.2,34.648,0.40355,0.20474,0.094297,0.067514,0.23062,0.076739,0.1071,0.082754,0.27227,0.12673,0.10416,0.076277,13,13,1.4475,0.395,1.0525,13,10,12,1,0,1,0.94015,1,1,m,y,y,y,y,y,y,y,m,m,m,,,,,0,,,1,1,0,0,0,0,,,,,,,,1420,,,,,,,,1,1,0,0,0,0,delete,,sol_usa_3.2_d044_m028
sol_usa_1.1Ado_d294_m182,solar leasing,US,1.1,Adoption over Time,Partial up to max % third party owned systems ($100k-$150k),Partial up to max %,m11,-0.25079,0.0061113,0.054964,2110.1,-17.523,0.46357,1553.8,1.5761e+05,-110.18,-5.9457e-11,-1,0.145,0.11604,-10.221,-15.832,0.48572,0.46357,0.57476,0.36214,0.094554,0.071051,7,7,1.2835,0.32789,0.95562,7,1,6,1,0,1,0.86979,1,1,n,y,y,y,y,y,y,y,y,n,y,,,,,0,,transformed-partial,0,1,0,0,0,0,,,,,,,,1421,,,,,,,,0,1,0,0,0,0,delete,,sol_usa_1.1_d294_m182
sol_usa_1.1Ado_d295_m182,solar leasing,US,1.1,Adoption over Time,Partial up to max % third party owned systems ($150k-$200k),Partial up to max %,m11,2.0478,0.23959,0.1137,2010.4,2.146,0.53442,6.4222,2023.2,-228.3,0.93034,,0.039967,0.034163,0.60298,-0.19107,0.095415,0.089183,0.70472,0.11415,0.082287,0.07775,4,4,1.0778,0.31623,0.76157,4,1,3,1,0,1,0.76204,1,1,y,n,y,y,y,y,y,y,y,n,n,,,,,0,,transformed-partial,1,1,0,0,0,0,,,,,,,,1422,,,,,,,,1,1,0,0,0,0,delete,,sol_usa_1.1_d295_m182
sol_usa_1.1Ado_d296_m182,solar leasing,US,1.1,Adoption over Time,Partial up to max % third party owned systems ($200k-$250k),Partial up to max %,m11,1.9433,0.011142,0.1083,2010.5,2.2613,0.51299,1552.3,1.5776e+05,-217.46,0.87684,,0.052173,0.045614,-6.6632,-21.99,0.41154,0.38375,0.66336,-0.0099107,0.086256,0.07575,4,4,1.1092,0.3197,0.78949,4,1,3,1,0,1,0.75833,1,1,y,n,y,y,y,y,y,y,y,n,n,,,,,0,,transformed-partial,1,1,0,0,0,0,,,,,,,,1423,,,,,,,,1,1,0,0,0,0,delete,,sol_usa_1.1_d296_m182
sol_usa_1.1Ado_d299_m182,solar leasing,US,1.1,Adoption over Time,Partial up to max % third party owned systems (>$250k),Partial up to max %,m11,2.0076,0.2429,0.1112,2010.5,2.1889,0.51775,5.9347,2022.9,-223.29,0.87222,,0.055053,0.047971,0.55054,-0.34838,0.10325,0.09118,0.65166,-0.045031,0.090898,0.08,4,4,1.1183,0.30517,0.81314,4,1,3,1,0,1,0.75685,1,1,y,n,y,y,y,y,y,y,y,n,n,,,,,0,,transformed-partial,1,1,0,0,0,0,,,,,,,,1426,,,,,,,,1,1,0,0,0,0,delete,,sol_usa_1.1_d299_m182
