Code,Innovation Name,Spatial Scale,Indicator Number,Indicator Name,Description,Metric,Category,slope_log,slope_exp,slope_lin,log_t0,log_Dt,log_K,exp_a,exp_c,lin_intercept,log_r2,log_r2adj,log_rmse,log_mae,exp_r2,exp_r2adj,exp_rmse,exp_mae,lin_r2,lin_r2adj,lin_rmse,lin_mae,n_data_points,n_non_zero_data_points,max_over_K,min_over_K,range_over_k,length_trimmed_series_years,n_data_points_beyond_max,n_data_points_beyond_min,suspected_reversal_up2down,suspected_reversal_down2up,at_least_one_big_jump,autocorr_l1,all_values_less_than_or_equal_to_1,all_values_less_than_or_equal_to_100,C1_R2,C2_threshold_non_zero_value_years,C3_pct_non_zero,C4_less_than_250_jump_in_second_half,C4_less_than_80_fall_in_second_half,C4_combined_less_than_80_fall_and_250_jump_in_second_half,C5_volatility_autocorrelation_lag1_threshold_0.7,C6_{K_COVERAGE_THRESHOLD}_of_k_covered_by_data,C7_lin_r2,use_log_x,use_lin_x,use_log_y,use_lin_y, old GN scoring @retreat,old GN comments,old CW scoring @retreat,comments_fit_CW,comments_delete_CW,comments_alternativeseries_CW,comments_transformations_CW,use_logfit_CW,use_linfit_CW,select_1.1_earegion_CW,select_1.1_allregions_CW,select_non1.1s_earegion_CW,select_non1.1s_allregions_CW,GN final scoring,use_logfit_GN,use_linfit_GN,select_1.1_earegion_GN,select_1.1_allregions_GN,select_non1.1s_earegion_GN,select_non1.1s_allregions_GN,PDF page,use_logfit_AGREE?,use_linfit_AGREE?,select_1.1_earegion_AGREE?,select_1.1_allregions_AGREE?,select_non1.1s_earegion_AGREE?,select_non1.1s_allregions_AGREE?,FINAL AGREED,use_logfit_FIN,use_linfit_FIN,select_1.1_earegion_FIN,select_1.1_allregions_FIN,select_non1.1s_earegion_FIN,select_non1.1s_allregions_FIN,Delete from working file,Unnamed: 89
act_ams_1.1Ado_d063_m195,active mobility,Amsterdam,1.1,Adoption over time,Bike ownership,%,b7,6.1161,0.0054776,0.0038502,1984.7,0.7185,0.71167,0.76777,2018.5,-7.0056,0.67402,0.34804,0.022307,0.018571,0.78529,0.67794,0.018104,0.017715,0.79629,0.69443,0.017635,0.017232,7,7,1.0539,0.87119,0.18267,29,1,6,0,0,0,0.86693,1,1,m,y,y,y,y,y,y,m,y,m,y,,,,,,,,,,,,,,,,,,,,,,,,,,,,,,,,,,,,,,
act_ams_1.1Ado_d121_m090,active mobility,Amsterdam,1.1,Adoption over time,Modal share of all trips by residents (bike),% trips by bike,b7,-0.0023618,-0.0023613,-0.00056291,-1580,-1860.6,1132.1,0.67031,1566.4,1.3672,0.17886,-0.31382,0.03044,0.027427,0.17886,-0.094847,0.03044,0.027427,0.16499,-0.11334,0.030696,0.027808,9,9,0.00027382,0.00017666,9.7163e-05,84,8,2,0,0,0,0.84023,1,1,n,y,y,y,y,y,y,m,m,n,m,n,m,2,,,,0,,,1,1,0,0,0,0,,1,1,0,0,0,0,2,,,,,,,,1,1,0,0,0,0,delete,use logfit =1 IF either CW or GN =1
act_ams_1.1Ado_d122_m091,active mobility,Amsterdam,1.1,Adoption over time,Modal share of all trips by residents (walk),% trips by walking,b7,-16.742,-0.0042167,-0.0010874,1996.2,-0.26248,0.272,0.055279,2345.2,2.4124,-4.8878,-8.4205,0.16055,0.13267,0.1654,-0.1128,0.060446,0.045681,0.15869,-0.12175,0.060688,0.045795,9,9,1.2868,0.44118,0.84559,84,8,7,0,1,1,0.78584,1,1,n,y,y,y,y,y,y,y,m,n,m,n,m,4,,"ok, use logfit",,0,,,1,1,0,0,0,0,,1,1,0,0,0,0,3,,,,,,,,1,1,0,0,0,0,delete,use linfit =1 IF either CW or GN =1
act_ams_1.1Ado_d332_m185,active mobility,Amsterdam,1.1,Adoption over time,% trips by walking and biking,market share,b7,-0.0087911,-0.0033221,-0.0016503,2033.8,-499.87,0.83407,0.0025948,3569.9,3.7796,0.19777,-0.28356,0.078513,0.059173,0.22115,-0.038465,0.07736,0.058997,0.20825,-0.055671,0.077999,0.059339,9,9,0.79131,0.40764,0.38366,84,8,7,0,1,0,0.82455,1,1,n,y,y,y,y,y,y,y,m,n,m,n,m,,,,,0,prefer-relative,transformed-marketshare,1,1,0,1,0,0,,1,1,0,1,0,0,4,,,,,,,,1,1,0,1,0,0,,use for … = CW if both GN and CW <> blank
act_ams_1.1Ado_d359_m091,active mobility,Amsterdam,1.1,Adoption over time,Modal share of all trips by residents (walk) EXCLUDING 1930,% trips by walking,b7,1.9434,0.0020703,0.00060028,1970.1,2.2612,0.25429,0.064569,1367,-0.96066,0.56052,0.23091,0.039325,0.033214,0.014739,-0.37937,0.05888,0.051788,0.018126,-0.37462,0.058779,0.052101,8,8,1.2191,0.47191,0.74719,44,6,7,1,0,1,0.89904,1,1,m,y,y,y,y,y,y,y,m,m,m,,,,,,,,,,,,,,,,,,,,,,,,,,,,,,,,,,,,,,
act_ams_1.1Ado_d360_m185,active mobility,Amsterdam,1.1,Adoption over time,% trips by walking and biking EXCLUDING 1930,market share,b7,1.1077,0.0026517,0.0013983,1969.3,3.9672,0.49714,1.9635,2529.4,-2.3135,0.54632,0.20607,0.047359,0.036072,0.062786,-0.3121,0.068069,0.06083,0.070004,-0.30199,0.067806,0.060625,8,8,1.1264,0.68391,0.44253,44,4,7,1,0,0,0.89687,1,1,m,y,y,y,y,y,y,y,m,m,m,,,,,,,,,,,,,,,,,,,,,,,,,,,,,,,,,,,,,,
act_bei_1.1Ado_d060_m195,active mobility,Beijing,1.1,Adoption over time,Bicycle modal share,%,b7,-128.93,-0.00040147,-0.01425,1999.7,-0.034083,0.5403,-1544.5,-1.526e+05,28.852,-3.1777,9.3553,0.25892,0.205,-9.2413,-inf,0.4054,0.3851,0.96449,-inf,0.023871,0.0221,3,3,1,0.42569,0.57431,22,2,0,0,0,0,0.60149,1,1,n,m,y,y,y,y,m,y,y,n,m,,,,,,,,,,,,,,,,,,,,,,,,,,,,,,,,,,,,,,
act_bei_1.1Ado_d332_m185,active mobility,Beijing,1.1,Adoption over time,% trips by walking and biking,market share,b7,-128.93,-0.00040147,-0.01425,1999.7,-0.034083,0.5403,-1544.5,-1.526e+05,28.852,-3.1777,9.3553,0.25892,0.205,-9.2413,-inf,0.4054,0.3851,0.96449,-inf,0.023871,0.0221,3,3,1,0.42569,0.57431,22,2,0,0,0,0,0.60149,1,1,n,m,y,y,y,y,m,y,y,n,m,m,m,,,,,0,prefer-relative,transformed-marketshare,1,1,0,1,0,0,,1,1,0,1,0,0,6,,,,,,,,1,1,0,1,0,0,,
act_chi_1.1Ado_d061_m002,active mobility,China,1.1,Adoption over time,Bicycle ownership,# bikes per hundred households,b7,15.465,0.020393,2.6286,1814.4,0.28415,110.03,3.2025,1817.7,-5121,0,-inf,61.847,47.333,0.20425,-1.3873,55.17,49.509,0.23213,-1.3036,54.195,50.322,4,4,1.7918,0.20794,1.5839,30,1,2,1,1,1,0.47132,0,0,n,m,y,m,y,m,m,y,m,n,m,m,m,4,,"reject, too few points",,0,,,0,1,0,0,0,0,,0,1,0,0,0,0,7,,,,,,,,0,1,0,0,0,0,delete,
act_chi_3.2Adc_d062_m003,active mobility,China,3.2,Adopter characteristics,Bicycle ownership among income groups,# bikes per hundred households (highest 10% income),b7,-0.25049,-0.017188,-3.0744,2008,-17.543,187.66,289.01,1962.5,6300.3,0.82934,-inf,12.667,10.677,0.51703,-0.4489,21.309,19.229,0.56489,-0.30533,20.226,18.246,4,4,1.0823,0.62879,0.45353,21,2,0,1,0,0,0.78003,0,0,y,m,y,y,y,y,y,y,y,m,m,m,m,2,,,,0,,,0,1,,,,,,1,1,0,0,0,0,8,check,,,,,,,1,1,0,0,0,0,delete,
act_chi_3.2Adc_d062_m004,active mobility,China,3.2,Adopter characteristics,Bicycle ownership among income groups,# bikes per hundred households (lowest 10% income),b7,-2.6167,-0.0083411,-1.3736,2006.3,-1.6794,157.06,260.14,1925.7,2886.7,0.61758,-inf,16.895,12.122,0.12506,-1.6248,25.555,25.04,0.14203,-1.5739,25.306,24.861,4,4,1.1498,0.68431,0.46548,21,2,0,1,0,0,0.80089,0,0,m,m,y,y,y,y,y,y,m,m,m,m,m,2,,,,0,,,0,1,,,,,,0,1,0,0,0,0,9,,,,,,,,0,1,0,0,0,0,delete,
act_chi_3.2Adc_d062_m005,active mobility,China,3.2,Adopter characteristics,Bicycle ownership among income groups,# bikes per hundred households (middle income groups),b7,-0.35805,-0.013207,-2.4015,2007.8,-12.273,181.57,265.52,1958.9,4957,0.75315,-inf,14.824,11.464,0.32729,-1.0181,24.472,23.3,0.364,-0.90799,23.795,22.74,4,4,1.1186,0.65538,0.46323,21,2,0,1,0,0,0.79113,0,0,y,m,y,y,y,y,y,y,y,m,m,m,m,2,,,,0,,,0,1,,,,,,1,1,0,0,0,1,10,check,,,,,,,1,1,0,0,0,1,,
act_chi_4.1Sal_d213_m100,active mobility,China,4.1,Knowledge Flows (social networks),annualised Google search frequency (index 100=monthly max.),Index 0-100,b7,2.095,0.076912,3.6253,2013.4,2.0976,61.747,0.67025,1963.9,-7267.6,0.79934,0.76393,14.129,9.9398,0.36338,0.29265,25.166,21.242,0.48439,0.4271,22.649,17.771,21,20,1.6195,0.017461,1.6021,21,8,20,1,0,1,0.93024,0,1,y,y,y,y,y,y,y,y,y,y,y,y,y,,,,,0,hide,original,1,1,0,0,0,0,,1,0,0,0,0,0,11,,check,,,,,,1,1,0,0,0,0,delete,
act_chi_4.1Sal_d239_m153,active mobility,China,4.1,Knowledge Flows (social networks),Partial up to max annualised Google search frequency (index 100=monthly max.),Partial up to max Index 0-100,b7,1.0431,0.49369,6.5779,2014.6,4.213,123.43,0.018792,1998.5,-13201,0.99639,0.99519,1.8903,1.5688,0.97515,0.97018,4.9601,3.8128,0.61177,0.53412,19.606,16.835,13,12,0.81017,0.0087349,0.80143,13,0,12,0,0,1,0.66032,0,1,y,y,y,y,y,y,m,y,y,m,m,y,y,,,,,0,prefer,transformed-partial,1,1,0,0,0,1,,1,1,0,0,0,1,12,,,,,,,,1,1,0,0,0,1,,
act_cop_1.1Ado_d121_m090,active mobility,Copenhagen,1.1,Adoption over time,Modal share of all trips by residents (bike),% trips by bike,b7,0.014241,0.0012979,0.0033675,2732.2,308.58,8395,1555.1,1.5745e+05,-6.4834,0.784,-inf,0.018985,0.018338,-38.206,-116.62,0.25578,0.2525,0.7454,0.23619,0.020612,0.020026,4,4,3.8118e-05,2.6206e-05,1.1912e-05,28,0,3,0,0,0,0.7008,1,1,y,m,y,y,y,y,y,m,y,m,m,m,m,2,,,,0,,,1,1,0,0,0,0,,1,1,0,0,0,0,13,,,,,,,,1,1,0,0,0,0,delete,
act_cop_1.1Ado_d122_m091,active mobility,Copenhagen,1.1,Adoption over time,Modal share of all trips by residents (walk),% trips by walking,b7,0.0018688,0.0010136,0.00030769,5036.4,2351.5,54.032,1555.1,1.5744e+05,-0.43046,0.007873,-inf,0.038254,0.031585,-23.203,-71.61,0.18894,0.185,0.0070404,-1.9789,0.03827,0.031692,4,4,0.0040716,0.0022209,0.0018507,28,3,2,0,1,0,0.63305,1,1,n,m,y,y,y,y,m,m,m,n,m,n,m,4,,"ok, use logfit",,0,,,0,0,0,0,0,0,,1,1,0,0,0,0,14,check,check,,,,,,1,1,0,0,0,0,delete,
act_cop_1.1Ado_d332_m185,active mobility,Copenhagen,1.1,Adoption over time,% trips by walking and biking,market share,b7,0.015233,0.0013115,0.0036752,2016.9,288.48,1,1555.2,1.5744e+05,-6.9138,0.36641,-inf,0.051084,0.045033,-46.472,-141.42,0.44218,0.4375,0.35971,-0.92086,0.051353,0.045256,4,4,0.52,0.34,0.18,28,0,2,0,1,0,0.6861,1,1,m,m,y,y,y,y,m,m,y,m,m,m,m,,,,,0,prefer-relative,transformed-marketshare,1,1,0,1,0,0,,1,1,0,1,0,0,15,,,,,,,,1,1,0,1,0,0,,
act_den_4.1Sal_d213_m100,active mobility,Denmark,4.1,Knowledge Flows (social networks),annualised Google search frequency (index 100=monthly max.),Index 0-100,b7,5.3823,0.046164,2.6871,2011.1,0.81647,61.49,1.2043,1938.2,-5371.1,0.6915,0.63706,17.672,13.516,0.18602,0.095577,28.705,24.86,0.26155,0.1795,27.341,23.166,21,20,1.6263,0.0025937,1.6237,21,9,16,1,1,1,0.94961,0,1,m,y,y,y,y,y,y,y,m,m,m,m,m,,,,,0,hide,original,1,1,0,0,0,0,,1,0,0,0,0,0,16,,check,,,,,,1,1,0,0,0,0,delete,
act_den_4.1Sal_d239_m153,active mobility,Denmark,4.1,Knowledge Flows (social networks),Partial up to max annualised Google search frequency (index 100=monthly max.),Partial up to max Index 0-100,b7,1.43,0.31326,9.5766,2011.7,3.073,98.11,0.0079543,1984.4,-19211,0.987,0.98212,4.3211,3.2716,0.89193,0.86791,12.458,10.933,0.76106,0.70796,18.524,16.71,12,11,1.0193,0.0016256,1.0176,12,0,7,0,1,1,0.79251,0,1,y,y,y,y,y,y,y,y,y,y,y,y,y,,,,,0,prefer,transformed-partial,1,1,0,0,0,1,,1,1,0,0,0,1,17,,,,,,,,1,1,0,0,0,1,,
act_glo_3.3Sci_d235_m020,active mobility,Global,3.3,Risk & Uncertainty (Shared Expectations),scientific publications,# publications,b7,0.098082,0.075253,339.27,2026.2,44.804,47724,0.0062414,1823.4,-6.7209e+05,0.98746,0.98672,674.84,429.14,0.98322,0.98257,780.65,440.85,0.79877,0.79103,2703.1,2313.6,55,55,0.43486,0.0017811,0.43307,55,2,54,0,0,1,0.95068,0,0,y,y,y,y,y,y,y,y,y,y,y,y,y,,,,"good; only available global, apply to all EA regions",0,,,1,1,0,0,1,1,,1,1,0,0,1,1,18,,,,,,,,1,1,0,0,1,1,,
act_net_1.1Ado_d167_m096,active mobility,The Netherlands,1.1,Adoption over time,Passenger kilometres travelled by bike,Billion p.km,b7,0.17814,0.013226,0.21626,1998.6,24.668,17.492,6.684,1948.1,-419.53,0.71531,0.64961,0.77647,0.65529,0.60366,0.54704,0.91615,0.789,0.62081,0.56664,0.89611,0.75497,17,17,1.0233,0.79466,0.22868,18,0,16,0,0,0,0.93926,0,1,y,y,y,y,y,y,y,y,y,y,y,y,y,1,,,,0,prefer-absolute,,1,1,2,2,0,0,,1,1,0,0,0,0,19,,,,,,,,1,1,0,0,0,0,delete,
act_net_1.1Ado_d168_m096,active mobility,The Netherlands,1.1,Adoption over time,Passenger kilometres travelled by foot,Billion p.km,b7,0.046231,0.04623,0.21548,2244.8,95.054,2.0889e+05,7.9874,2024.8,-428.98,0.82968,0.79038,0.52885,0.38906,0.82968,0.80535,0.52885,0.38906,0.7949,0.7656,0.58034,0.44108,17,17,3.8776e-05,1.6277e-05,2.25e-05,18,1,16,0,0,0,0.92009,0,1,y,y,y,y,y,y,y,m,y,m,y,m,y,2,,,,0,,,1,1,0,0,0,0,,1,1,0,0,0,0,20,,,,,,,,1,1,0,0,0,0,delete,
act_net_1.1Ado_d332_m185,active mobility,The Netherlands,1.1,Adoption over time,% trips by walking and biking,market share,b7,0.070443,0.026144,0.0035545,2006.4,62.383,0.21832,0.00085049,1820,-7.0219,0.97061,0.96383,0.0032828,0.0025168,0.96078,0.95518,0.0037921,0.0030679,0.96855,0.96406,0.0033959,0.0025786,17,17,0.7503,0.49115,0.25914,18,0,16,0,0,0,0.93891,1,1,y,y,y,y,y,y,y,y,y,y,y,y,y,,,,,0,prefer-relative,transformed-marketshare,1,1,1,1,0,0,,1,1,1,1,0,0,21,,,,,,,,1,1,1,1,0,0,,
act_net_2.9Int_d133_m139,active mobility,The Netherlands,2.9,Interdependence with hardware,Number of bicycles,million,b7,0.049239,0.016526,0.34781,1998.8,89.248,31.855,5.2018,1928.3,-678.94,0.87013,0.84416,0.79224,0.66204,0.85896,0.84133,0.82561,0.71719,0.86573,0.84894,0.80556,0.69208,19,19,0.75026,0.55877,0.19149,23,0,18,0,0,0,0.94783,0,1,y,y,y,y,y,y,y,m,y,m,y,m,y,4,,"ok, use logfit",,0,,,1,1,,,,,,1,1,0,0,1,1,22,,,,,,,,1,1,0,0,1,1,,
act_net_4.1Sal_d213_m100,active mobility,The Netherlands,4.1,Knowledge Flows (social networks),annualised Google search frequency (index 100=monthly max.),Index 0-100,b7,3.0888,0.038312,1.8942,2011.4,1.4227,51.304,2.0799,1941.4,-3780.9,0.52841,0.44519,19.881,15.557,0.10943,0.010474,27.321,22.73,0.15696,0.063294,26.582,21.903,21,20,1.9492,0.061706,1.8875,21,8,17,1,1,1,0.93508,0,1,m,y,y,y,y,y,y,y,m,m,m,m,m,,,,,0,hide,original,1,1,0,0,0,0,,1,0,0,0,0,0,23,,check,,,,,,1,1,0,0,0,0,delete,
act_net_4.1Sal_d239_m153,active mobility,The Netherlands,4.1,Knowledge Flows (social networks),Partial up to max annualised Google search frequency (index 100=monthly max.),Partial up to max Index 0-100,b7,1.1394,0.28365,8.1967,2012.4,3.8569,96.414,0.010827,1983.4,-16442,0.96663,0.95551,6.5285,5.043,0.89473,0.87368,11.596,10.341,0.73634,0.68361,18.352,16.877,13,12,1.0372,0.032835,1.0044,13,0,9,0,1,1,0.80207,0,1,y,y,y,m,y,m,y,y,y,m,m,m,m,,,,,0,prefer,transformed-partial,1,1,0,0,1,1,,1,1,0,0,1,1,24,,,,,,,,1,1,0,0,1,1,,
bal_ger_1.1Adod_m_0,Balcony Solar,Germany,1.1,Adoption over Time,Annual number of solar balcony (balcony power plant) installations registered in Germany,Number of installations (units),bal,4.9078,0.0083521,3283.9,2022.2,0.8954,2.9618e+05,325,1228.7,-6.3974e+06,0.25043,-1.9983,1.5633e+05,1.1478e+05,0.00041798,-0.99916,1.8052e+05,1.6729e+05,0.00066154,-0.99868,1.805e+05,1.6728e+05,5,5,1.5044,0.039243,1.4652,5,2,0,1,0,1,0.7299,0,0,n,n,y,y,m,m,y,y,m,n,n,,,,,,,,,,,,,,,,,,,,,,,,,,,,,,,,,,,,,,
bal_ger_1.2Ford_m_0,Balcony Solar,Germany,1.2,Cumulative Installed Capacity,Total installed power capacity of solar balcony systems registered in Germany,Total power capacity (MW),bal,3.394,0.061119,24.791,2022.7,1.2948,327.2,0.077351,1891.7,-49924,0.27592,-1.8963,175.82,134.36,0.01792,-0.96416,204.77,182.52,0.028789,-0.94242,203.63,178.07,5,5,1.6356,0.046374,1.5892,5,1,0,1,0,1,0.66103,0,0,n,n,y,y,m,m,m,y,m,n,n,,,,,,,,,,,,,,,,,,,,,,,,,,,,,,,,,,,,,,
bbd_bra_1.1Adod_m_0,Mobile broadband,Brazil,1.1,Adoption over Time,Proportion of population covered by at least a 2G mobile network (%),%,bbd,0.32605,0.0023201,0.21482,1995.7,13.478,93.181,29.545,1525.3,-340.81,0.52449,0.38183,1.7609,1.3825,0.30683,0.1808,2.1261,1.8363,0.30995,0.18448,2.1213,1.8323,14,14,1.0284,0.9444,0.08403,20,6,13,1,0,0,0.93023,0,1,m,y,y,y,y,y,y,m,y,m,y,,,,,,,,,,,,,,,,,,,,,,,,,,,,,,,,,,,,,,
bbd_bra_1.1Adod_m_0,Mobile broadband,Brazil,1.1,Adoption over Time,Proportion of population covered by at least a 3G mobile network (%),%,bbd,0.73999,0.018969,1.7705,2008.6,5.9385,93.119,3.1993,1841.9,-3482.2,0.97142,0.96363,1.8734,1.6406,0.44485,0.35232,8.2568,6.9491,0.4765,0.38925,8.018,6.9569,15,15,1.0258,0.59064,0.43514,15,6,14,1,0,0,0.94743,0,1,y,y,y,y,y,y,y,y,y,y,y,,,,,,,,,,,,,,,,,,,,,,,,,,,,,,,,,,,,,,
bbd_bra_1.1Adod_m_0,Mobile broadband,Brazil,1.1,Adoption over Time,Proportion of population covered by at least a 4G mobile network (%),%,bbd,1.2276,0.073338,6.127,2013.4,3.5798,87.272,0.15867,1934.3,-12289,0.96672,0.95424,4.5814,3.9273,0.61684,0.5317,15.545,12.86,0.70936,0.64477,13.538,11.719,12,12,1.0678,0.11458,0.95323,12,0,11,0,0,1,0.92473,0,1,y,y,y,y,y,y,y,y,y,y,y,,,,,,,,,,,,,,,,,,,,,,,,,,,,,,,,,,,,,,
bbd_ger_1.1Adod_m_0,Mobile broadband,Germany,1.1,Adoption over Time,Proportion of population covered by at least a 2G mobile network (%),%,bbd,0.00032373,0.00031649,0.031326,13683,13574,4436.2,76.79,1204,36.137,0.41968,0.33263,0.2552,0.21287,0.41969,0.36443,0.2552,0.21287,0.41898,0.36365,0.25536,0.21295,24,24,0.022533,0.022317,0.0002164,24,0,23,0,0,0,0.95805,0,1,m,y,y,y,y,y,y,m,y,m,y,,,,,,,,,,,,,,,,,,,,,,,,,,,,,,,,,,,,,,
bbd_ger_1.1Adod_m_0,Mobile broadband,Germany,1.1,Adoption over Time,Proportion of population covered by at least a 3G mobile network (%),%,bbd,0.1864,0.012509,1.1965,2001.1,23.576,102.12,6.0176,1796.3,-2318.1,0.99212,0.98875,0.53928,0.43568,0.87925,0.84907,2.1114,1.6529,0.89413,0.86766,1.9771,1.5798,11,11,0.97889,0.78343,0.19546,16,0,10,0,0,0,0.91605,0,1,y,y,y,y,y,y,y,m,y,m,y,,,,,,,,,,,,,,,,,,,,,,,,,,,,,,,,,,,,,,
bbd_ger_1.1Adod_m_0,Mobile broadband,Germany,1.1,Adoption over Time,Proportion of population covered by at least a 4G mobile network (%),%,bbd,0.95313,0.031845,3.1359,2012,4.6105,99.389,1.1806,1881.1,-6235.3,0.97105,0.96019,2.4674,1.7368,0.51703,0.4097,10.078,8.3112,0.55727,0.45889,9.6489,8.0428,12,12,1.0057,0.53326,0.47249,12,0,11,0,0,0,0.9336,0,1,y,y,y,y,y,y,y,y,y,y,y,,,,,,,,,,,,,,,,,,,,,,,,,,,,,,,,,,,,,,
bbd_ita_1.1Adod_m_0,Mobile broadband,Italy,1.1,Adoption over Time,Proportion of population covered by at least a 2G mobile network (%),%,bbd,0.0002312,0.0002157,0.021478,13401,19007,1487.6,83.311,1178.6,56.505,0.15097,0.023621,0.3528,0.28166,0.15099,0.070131,0.35279,0.28166,0.15079,0.069908,0.35283,0.28171,24,24,0.067223,0.066551,0.00067223,24,10,15,1,1,0,0.95825,0,1,n,y,y,y,y,y,y,m,m,n,m,,,,,,,,,,,,,,,,,,,,,,,,,,,,,,,,,,,,,,
bbd_ita_1.1Adod_m_0,Mobile broadband,Italy,1.1,Adoption over Time,Proportion of population covered by at least a 3G mobile network (%),%,bbd,0.67476,0.017708,1.7787,2007.5,6.5126,100.62,3.7602,1833.8,-3490.7,0.95513,0.94392,2.4937,1.6977,0.45493,0.37108,8.6918,7.1243,0.48505,0.40582,8.4483,7.0099,16,16,0.99387,0.6162,0.37767,16,8,15,1,0,0,0.95033,0,1,y,y,y,y,y,y,y,y,y,y,y,,,,,,,,,,,,,,,,,,,,,,,,,,,,,,,,,,,,,,
bbd_ita_1.1Adod_m_0,Mobile broadband,Italy,1.1,Adoption over Time,Proportion of population covered by at least a 4G mobile network (%),%,bbd,2.3711,0.055738,5.5909,2013,1.8533,98.582,0.2033,1909.3,-11194,0.99554,0.99387,1.8338,1.4116,0.4233,0.29514,20.859,16.237,0.49371,0.38121,19.544,15.586,12,12,1.0144,0.07192,0.94247,12,4,11,1,0,1,0.93094,0,1,y,y,y,y,y,y,y,y,y,y,y,,,,,,,,,,,,,,,,,,,,,,,,,,,,,,,,,,,,,,
bbd_jap_1.1Adod_m_0,Mobile broadband,Japan,1.1,Adoption over Time,Proportion of population covered by at least a 2G mobile network (%),%,bbd,0.15836,0.00043865,0.043787,1972.4,27.75,100.01,69.537,1191,11.583,0.81608,0.78849,0.1647,0.12501,0.62189,0.58588,0.23615,0.21082,0.6229,0.58699,0.23583,0.21052,24,24,0.99888,0.98988,0.0089989,24,14,23,1,0,0,0.95851,0,1,y,y,y,y,y,y,y,m,y,m,y,,,,,,,,,,,,,,,,,,,,,,,,,,,,,,,,,,,,,,
bbd_jap_1.1Adod_m_0,Mobile broadband,Japan,1.1,Adoption over Time,Proportion of population covered by at least a 3G mobile network (%),%,bbd,-5.8298e-10,-1.4787e-10,0,1957.7,-7.5379e+09,199.8,99.9,1222.5,99.9,-5.0074e+13,-6.8851e+13,1.0056e-07,8.736e-08,-1.29e+13,-1.5767e+13,5.1041e-08,4.4317e-08,0,-0.22222,1.4211e-14,1.4211e-14,12,12,0.5,0.5,0,12,11,11,0,0,0,0.91667,0,1,n,y,y,y,y,y,y,m,m,n,m,,,,,,,,,,,,,,,,,,,,,,,,,,,,,,,,,,,,,,
bbd_jap_1.1Adod_m_0,Mobile broadband,Japan,1.1,Adoption over Time,Proportion of population covered by at least a 4G mobile network (%),%,bbd,15.298,0.0030602,0.3049,2011.9,0.28725,98.255,24.872,1572.6,-518.06,0.81755,0.74913,1.8612,1.394,0.056845,-0.15275,4.2316,3.3772,0.058349,-0.15091,4.2282,3.3843,12,12,1.0167,0.85492,0.16182,12,5,11,1,0,0,0.92647,0,1,y,y,y,y,y,y,y,m,m,m,m,,,,,,,,,,,,,,,,,,,,,,,,,,,,,,,,,,,,,,
bbd_net_1.1Adod_m_0,Mobile broadband,Netherlands,1.1,Adoption over Time,Proportion of population covered by at least a 2G mobile network (%),%,bbd,0.025628,0.00026294,0.026179,1833.2,171.47,100.57,76.891,1030.5,46.858,0.078746,-0.074797,0.65203,0.52715,0.077015,-0.020142,0.65265,0.52797,0.07705,-0.020103,0.65263,0.52795,22,22,0.99438,0.97449,0.019888,24,12,15,1,1,0,0.95477,0,1,n,y,y,y,y,y,y,m,m,n,m,,,,,,,,,,,,,,,,,,,,,,,,,,,,,,,,,,,,,,
bbd_net_1.1Adod_m_0,Mobile broadband,Netherlands,1.1,Adoption over Time,Proportion of population covered by at least a 3G mobile network (%),%,bbd,,0.0027061,0.26951,,,,30.347,1581.6,-445,,,,,0.28837,0.15898,1.9553,1.331,0.29255,0.16392,1.9496,1.3342,14,14,,,,17,12,13,1,0,0,0.93365,0,1,n,y,y,y,y,y,y,m,m,n,m,,,,,,,,,,,,,,,,,,,,,,,,,,,,,,,,,,,,,,
bbd_net_1.1Adod_m_0,Mobile broadband,Netherlands,1.1,Adoption over Time,Proportion of population covered by at least a 4G mobile network (%),%,bbd,2.3431,0.032291,3.2794,2012.4,1.8755,99.196,1.3676,1887.5,-6524.7,0.99902,0.99865,0.61139,0.35603,0.30359,0.14883,16.278,10.964,0.33683,0.18945,15.885,11.198,12,12,0.99802,0.29517,0.70285,12,9,11,1,0,1,0.93544,0,1,y,y,y,y,y,y,y,y,y,y,y,,,,,,,,,,,,,,,,,,,,,,,,,,,,,,,,,,,,,,
bbd_nig_1.1Adod_m_0,Mobile broadband,Nigeria,1.1,Adoption over Time,Proportion of population covered by at least a 2G mobile network (%),%,bbd,0.32541,0.026756,2.344,2003.2,13.504,93.327,1.8325,1871.8,-4637.3,0.89984,0.88216,5.6867,3.7343,0.63225,0.59139,10.896,9.4857,0.69191,0.65768,9.9734,8.5826,21,21,1.065,0.40717,0.6578,22,9,20,1,0,0,0.95837,0,1,y,y,y,y,y,y,y,y,y,y,y,,,,,,,,,,,,,,,,,,,,,,,,,,,,,,,,,,,,,,
bbd_nig_1.1Adod_m_0,Mobile broadband,Nigeria,1.1,Adoption over Time,Proportion of population covered by at least a 3G mobile network (%),%,bbd,0.43749,0.09184,6.5204,2015.5,10.045,91.397,0.0929,1947.3,-13095,0.96433,0.94649,3.6901,2.7309,0.85932,0.81912,7.3283,5.9092,0.91884,0.89565,5.5661,4.6188,10,10,0.97837,0.32824,0.65013,10,0,9,0,0,0,0.89777,0,1,y,y,y,y,y,y,y,y,y,y,y,,,,,,,,,,,,,,,,,,,,,,,,,,,,,,,,,,,,,,
bbd_nig_1.1Adod_m_0,Mobile broadband,Nigeria,1.1,Adoption over Time,Proportion of population covered by at least a 4G mobile network (%),%,bbd,0.45809,0.23325,7.9958,2021.1,9.593,124.21,1.8936,2006.4,-16099,0.97234,0.94468,4.4231,3.9861,0.95773,0.93659,5.4682,4.7621,0.84854,0.7728,10.351,9.4795,7,7,0.67783,0.069562,0.60827,11,0,6,0,0,1,0.80045,0,1,y,y,y,y,y,y,y,y,y,y,y,,,,,,,,,,,,,,,,,,,,,,,,,,,,,,,,,,,,,,
bbd_por_1.1Adod_m_0,Mobile broadband,Portugal,1.1,Adoption over Time,Proportion of population covered by at least a 2G mobile network (%),%,bbd,,0.00054131,0.053704,,,,68.651,1329,-8.6913,,,,,0.73313,0.70771,0.22443,0.19033,0.73221,0.70671,0.22482,0.19083,24,24,,,,24,1,23,0,0,0,0.95819,0,1,n,y,y,y,y,y,y,m,y,n,y,,,,,,,,,,,,,,,,,,,,,,,,,,,,,,,,,,,,,,
bbd_por_1.1Adod_m_0,Mobile broadband,Portugal,1.1,Adoption over Time,Proportion of population covered by at least a 3G mobile network (%),%,bbd,0.35504,0.013736,1.3507,2005.6,12.377,100.9,5.2486,1805.2,-2627.9,0.93851,0.92174,1.7469,1.3324,0.66407,0.60808,4.0831,3.5871,0.68623,0.63393,3.9461,3.464,15,15,0.9911,0.78297,0.20813,15,1,14,0,0,0,0.94011,0,1,y,y,y,y,y,y,y,y,y,y,y,,,,,,,,,,,,,,,,,,,,,,,,,,,,,,,,,,,,,,
bbd_por_1.1Adod_m_0,Mobile broadband,Portugal,1.1,Adoption over Time,Proportion of population covered by at least a 4G mobile network (%),%,bbd,0.33407,0.0084245,0.83077,2005.6,13.154,100.59,9.793,1744.9,-1578.7,0.94844,0.92911,0.74087,0.46286,0.76289,0.71019,1.5888,1.3644,0.77253,0.72198,1.5562,1.3385,12,12,0.9941,0.89469,0.09941,12,1,11,0,0,0,0.92042,0,1,y,y,y,y,y,y,y,m,y,m,y,,,,,,,,,,,,,,,,,,,,,,,,,,,,,,,,,,,,,,
bbd_sou_1.1Adod_m_0,Mobile broadband,South Korea,1.1,Adoption over Time,Proportion of population covered by at least a 2G mobile network (%),%,bbd,0.0029928,0.0029711,0.28804,3654.7,1468.3,13425,27.254,1582.5,-481.87,0.13912,0.0099878,4.9746,3.2875,0.13913,0.057137,4.9746,3.2875,0.1383,0.056233,4.9769,3.2801,24,24,0.0074411,0.0059328,0.0015083,24,14,18,1,1,0,0.95574,0,1,n,y,y,y,y,y,y,m,m,n,m,,,,,,,,,,,,,,,,,,,,,,,,,,,,,,,,,,,,,,
bbd_sou_1.1Adod_m_0,Mobile broadband,South Korea,1.1,Adoption over Time,Proportion of population covered by at least a 3G mobile network (%),%,bbd,0.00081512,0.00079893,0.079412,6798.1,5391.1,5005.2,56.034,1297.3,-60.591,0.75019,0.69254,0.22452,0.18682,0.7502,0.71451,0.22452,0.18682,0.75,0.71429,0.22461,0.18685,17,17,0.019959,0.019779,0.00017981,17,7,16,1,0,0,0.94114,0,1,y,y,y,y,y,y,y,m,y,m,y,,,,,,,,,,,,,,,,,,,,,,,,,,,,,,,,,,,,,,
bbd_sou_1.1Adod_m_0,Mobile broadband,South Korea,1.1,Adoption over Time,Proportion of population covered by at least a 4G mobile network (%),%,bbd,0.62789,0.00087365,0.087273,2006.8,6.9987,99.947,52.991,1294.8,-76.44,0.8131,0.71965,0.15563,0.10432,0.484,0.33657,0.2586,0.22379,0.48485,0.33766,0.25839,0.22364,10,10,0.99953,0.99052,0.0090047,10,7,9,1,0,0,0.90054,0,1,y,y,y,y,y,y,y,m,y,m,y,,,,,,,,,,,,,,,,,,,,,,,,,,,,,,,,,,,,,,
bbd_swe_1.1Adod_m_0,Mobile broadband,Sweden,1.1,Adoption over Time,Proportion of population covered by at least a 2G mobile network (%),%,bbd,0.046036,0.00068035,0.067781,1920.3,95.456,101.08,63.646,1354.6,-36.828,0.64312,0.58364,0.34669,0.2476,0.62635,0.58702,0.35475,0.25674,0.62684,0.58756,0.35451,0.25657,22,22,0.98931,0.96953,0.019786,23,7,16,1,1,0,0.95458,0,1,m,y,y,y,y,y,y,m,y,m,y,,,,,,,,,,,,,,,,,,,,,,,,,,,,,,,,,,,,,,
bbd_swe_1.1Adod_m_0,Mobile broadband,Sweden,1.1,Adoption over Time,Proportion of population covered by at least a 3G mobile network (%),%,bbd,0.38857,0.00053523,0.053508,1995.7,11.309,100.04,67.646,1288.4,-8.0167,0.80495,0.75619,0.17148,0.11056,0.47842,0.39817,0.28041,0.23679,0.47925,0.39913,0.28019,0.23663,16,16,0.9996,0.9896,0.009996,17,7,15,1,0,0,0.93788,0,1,y,y,y,y,y,y,y,m,y,m,y,,,,,,,,,,,,,,,,,,,,,,,,,,,,,,,,,,,,,,
bbd_swe_1.1Adod_m_0,Mobile broadband,Sweden,1.1,Adoption over Time,Proportion of population covered by at least a 4G mobile network (%),%,bbd,2.0957,0.0029766,0.29836,2010.7,2.0969,99.966,25.641,1562.6,-502.61,0.99543,0.99372,0.12475,0.069004,0.30836,0.15466,1.5355,1.0804,0.31119,0.15812,1.5323,1.0823,12,12,1.0003,0.93292,0.067423,12,7,11,1,0,0,0.92091,0,1,y,y,y,y,y,y,y,m,y,m,y,,,,,,,,,,,,,,,,,,,,,,,,,,,,,,,,,,,,,,
bbd_uki_1.1Adod_m_0,Mobile broadband,United Kingdom,1.1,Adoption over Time,Proportion of population covered by at least a 2G mobile network (%),%,bbd,0.1413,0.00040605,0.040478,1968.2,31.101,99.927,64.712,949.85,18.165,0.75029,0.71284,0.17568,0.13663,0.63459,0.59979,0.21251,0.16896,0.63523,0.60049,0.21233,0.16875,24,24,0.99973,0.99072,0.0090066,24,5,23,1,0,0,0.95845,0,1,y,y,y,y,y,y,y,m,y,m,y,,,,,,,,,,,,,,,,,,,,,,,,,,,,,,,,,,,,,,
bbd_uki_1.1Adod_m_0,Mobile broadband,United Kingdom,1.1,Adoption over Time,Proportion of population covered by at least a 3G mobile network (%),%,bbd,0.5375,0.0045268,0.45132,2004,8.1757,99.894,22.521,1690.1,-811.36,0.96704,0.9588,0.51789,0.31657,0.52439,0.45122,1.9672,1.5787,0.53198,0.45998,1.9514,1.5701,16,16,1.0001,0.90096,0.099105,16,3,15,1,0,0,0.94146,0,1,y,y,y,y,y,y,y,m,y,m,y,,,,,,,,,,,,,,,,,,,,,,,,,,,,,,,,,,,,,,
bbd_uki_1.1Adod_m_0,Mobile broadband,United Kingdom,1.1,Adoption over Time,Proportion of population covered by at least a 4G mobile network (%),%,bbd,0.99035,0.036831,3.6671,2012.3,4.4373,100.19,0.83188,1890.3,-7307.8,0.98667,0.98167,1.9731,1.1793,0.49943,0.3882,12.09,9.2184,0.54882,0.44855,11.478,8.8836,12,12,0.99715,0.42921,0.56795,12,3,11,1,0,0,0.93644,0,1,y,y,y,y,y,y,y,y,y,y,y,,,,,,,,,,,,,,,,,,,,,,,,,,,,,,,,,,,,,,
bbd_usa_1.1Adod_m_0,Mobile broadband,United States,1.1,Adoption over Time,Proportion of population covered by at least a 2G mobile network (%),%,bbd,0.14393,0.00040794,0.040683,1969.1,30.533,99.945,73.958,1282.2,17.75,0.78712,0.75163,0.17187,0.13225,0.62122,0.58135,0.22926,0.19737,0.62212,0.58234,0.22899,0.19701,22,22,0.99955,0.99054,0.0090049,24,10,21,1,0,0,0.95476,0,1,y,y,y,y,y,y,y,m,y,m,y,,,,,,,,,,,,,,,,,,,,,,,,,,,,,,,,,,,,,,
bbd_usa_1.1Adod_m_0,Mobile broadband,United States,1.1,Adoption over Time,Proportion of population covered by at least a 3G mobile network (%),%,bbd,0.88096,0.0065048,0.64514,2005.2,4.9883,99.251,15.213,1729.8,-1202.7,0.76649,0.70811,2.3905,1.1882,0.42082,0.33172,3.7647,2.8714,0.42919,0.34137,3.7374,2.8486,16,16,1.0065,0.82619,0.18035,17,8,15,1,0,0,0.94417,0,1,y,y,y,y,y,y,y,m,y,m,y,,,,,,,,,,,,,,,,,,,,,,,,,,,,,,,,,,,,,,
bbd_usa_1.1Adod_m_0,Mobile broadband,United States,1.1,Adoption over Time,Proportion of population covered by at least a 4G mobile network (%),%,bbd,1.3604,0.0052881,0.52937,2010.4,3.2303,99.746,12.837,1632.2,-969.49,0.99562,0.99397,0.19737,0.16406,0.36975,0.22969,2.3668,1.716,0.37572,0.23699,2.3555,1.7169,12,12,1.0015,0.89227,0.10928,12,5,11,1,0,0,0.92319,0,1,y,y,y,y,y,y,y,m,y,m,y,,,,,,,,,,,,,,,,,,,,,,,,,,,,,,,,,,,,,,
cli_ban_1.1Ado_d072_m017,climate protest,Bangladesh,1.1,Adoption over Time,Count of participants at protest events related to climate,# people (estimated),s3,41.944,0.089979,18.132,2018.2,0.10477,290,0.0236,1923.1,-36460,0.19742,-0.07011,284.47,140,0.026697,-0.16796,313.27,169.47,0.045649,-0.14522,310.2,161.88,13,3,4.1379,0.34483,3.7931,3,2,1,0,1,1,0.091681,0,0,n,n,y,y,y,y,m,y,m,n,n,n,n,4,,convert to cum,,0,hide,original,0,1,0,0,0,0,,0,0,0,0,0,0,25,,check,,,,,,0,1,0,0,0,0,delete,
cli_ban_1.1Ado_d073_m019,climate protest,Bangladesh,1.1,Adoption over Time,Count of protest events related to climate,# protest events,s3,30.435,0.12799,1.8187,2018.3,0.14439,23.8,8.5808,2016.7,-3658.9,0.45368,0.27158,12.502,6.1386,0.11556,-0.061327,15.907,10.359,0.16186,-0.0057636,15.485,9.6932,13,6,2.605,0.12605,2.479,13,4,12,1,0,1,0.43956,0,1,m,y,y,m,m,m,m,y,m,m,m,n,m,4,,convert to cum,,0,hide,original,0,1,0,0,0,0,,0,0,0,0,0,0,26,,check,,,,,,0,1,0,0,0,0,delete,
cli_ban_1.1Ado_d240_m154,climate protest,Bangladesh,1.1,Adoption over Time,cumulative Count of participants at protest events related to climate,cumulative # people (estimated),s3,7.7138,0.26592,154.12,2018.8,0.56969,1412.6,1.2776e-07,1935.1,-3.1033e+05,0.99711,0.99614,36.015,17.574,0.76035,0.71241,327.78,282.62,0.74177,0.69012,340.25,287.02,13,5,1.0265,0.84952,0.17698,5,2,4,1,0,0,0.8106,0,0,y,n,y,y,y,y,y,m,y,n,n,n,n,,,,,0,,transformed-cumulative,1,1,0,0,0,0,,1,1,0,1,0,0,27,,,,**check**,,,,1,1,0,0,0,0,delete,
cli_ban_1.1Ado_d241_m155,climate protest,Bangladesh,1.1,Adoption over Time,cumulative Count of protest events related to climate,cumulative # protest events,s3,1.7709,0.2891,11.418,2019.1,2.4814,115.39,0.0022416,1984.7,-22989,0.98523,0.9803,5.9341,4.8395,0.8599,0.83188,18.274,15.554,0.76568,0.71882,23.633,19.856,13,13,1.0572,0.025998,1.0312,13,0,12,0,0,1,0.81021,0,0,y,y,y,m,y,m,y,y,y,m,m,m,m,,,,,0,prefer-absolute,transformed-cumulative,1,1,0,2,0,0,,1,1,0,0,0,0,28,,,,,,,,1,1,0,0,0,0,delete,
cli_ban_1.1Ado_d346_m185,climate protest,Bangladesh,1.1,Adoption over Time,cumulative share of population participating in protest events related to climate,market share,s3,8.4028,0.26242,9.1308e-07,2018.8,0.52297,8.3726e-06,443.92,2089.8,-0.0018385,0.99794,0.99725,1.8079e-07,8.5942e-08,0.74887,0.69865,1.9946e-06,1.717e-06,0.73673,0.68408,2.0423e-06,1.7338e-06,13,5,1.0331,0.8695,0.16363,5,2,4,1,0,0,0.81192,1,1,y,n,y,y,y,y,y,m,y,n,n,n,n,,,,weird data,0,prefer-relative,transformed-marketshare,0,1,0,1,0,0,,1,1,0,0,0,0,29,check,,,**check**,,,,1,1,0,1,0,0,,
cli_ban_4.1Sal_d213_m100,climate protest,Bangladesh,4.1,Knowledge Flows (social networks),annualised Google search frequency (index 100=monthly max.),Index 0-100,s3,-38.11,-0.060495,-0.64935,2009.8,-0.11531,16.667,-1523.3,-1.5477e+05,1312.6,0.125,-0.029412,19.92,7.9366,-0.05,-0.16667,21.822,4.7619,0.034091,-0.073232,20.93,9.0703,21,1,6,6,0,1,0,0,0,0,,,0,1,n,n,m,m,m,m,m,m,m,n,n,n,n,,,,too few,0,hide,original,0,0,0,0,0,0,,0,0,0,0,0,0,30,,,,,,,,0,0,0,0,0,0,delete,
cli_ban_4.1Sal_d239_m153,climate protest,Bangladesh,4.1,Knowledge Flows (social networks),Partial up to max annualised Google search frequency (index 100=monthly max.),Partial up to max Index 0-100,s3,17.843,,14.286,2009,0.24629,221.09,,,-28648,1,1,1.329e-06,5.5394e-07,,,,,0.42857,0.047619,28.172,23.81,6,1,0.45231,0.45231,0,1,0,0,0,0,,,0,1,y,n,y,m,m,m,m,m,y,n,n,n,n,,,,too few,0,prefer,transformed-partial,0,0,0,0,0,1,,0,0,0,0,0,1,31,,,,,,,,0,0,0,0,0,1,,
cli_ger_1.1Ado_d072_m017,climate protest,Germany,1.1,Adoption over Time,Count of participants at protest events related to climate,# people (estimated),s3,20.861,0.20014,45.856,2020,0.21065,570.82,0.00038447,1953,-92329,0.36992,0.1599,322.67,146.14,0.14896,-0.021243,375,229.31,0.17816,0.013788,368.51,227.02,13,4,2.6641,0.15783,2.5063,4,2,1,1,1,1,0.30332,0,0,m,n,y,y,m,m,m,y,m,n,n,n,n,4,,convert to cum,,0,hide,original,0,1,0,0,0,0,,0,1,0,0,0,0,32,,,,,,,,0,1,0,0,0,0,delete,
cli_ger_1.1Ado_d073_m019,climate protest,Germany,1.1,Adoption over Time,Count of protest events related to climate,# protest events,s3,0.5546,0.51177,54.467,2026,7.9237,5215.2,3.6114e-08,1976.3,-1.097e+05,0.92641,0.90188,71.314,50.781,0.92613,0.91136,71.446,51.438,0.601,0.5212,166.05,124.63,13,4,0.16854,0.062126,0.10642,4,0,3,0,0,1,0.53716,0,0,y,n,y,y,y,y,m,m,y,n,n,n,n,1,,,,0,hide,original,0,1,0,0,0,0,,1,1,0,0,0,0,33,check,,,,,,,1,1,0,0,0,0,delete,
cli_ger_1.1Ado_d240_m154,climate protest,Germany,1.1,Adoption over Time,cumulative Count of participants at protest events related to climate,cumulative # people (estimated),s3,4.0104,0.42036,173.78,2020.4,1.0958,2064.6,4.6274e-10,1953.3,-3.5001e+05,0.99946,0.99928,19.559,8.4271,0.83947,0.80737,336.47,247.98,0.59945,0.51934,531.5,476.34,13,4,1.0236,0.19417,0.82942,4,0,3,0,0,1,0.71867,0,0,y,n,y,y,y,y,y,y,y,n,n,n,n,,,,,0,,transformed-cumulative,1,1,0,0,0,0,,1,1,0,1,0,0,34,,,,**check**,,,,1,1,0,0,0,0,delete,
cli_ger_1.1Ado_d241_m155,climate protest,Germany,1.1,Adoption over Time,cumulative Count of protest events related to climate,cumulative # protest events,s3,0.88528,0.6116,119.76,2022.7,4.9639,3601.9,8.6653e-12,1968.9,-2.4123e+05,0.99123,0.98831,56.143,36.018,0.98566,0.98279,71.805,45.767,0.55863,0.47035,398.3,314.95,13,4,0.56109,0.089951,0.47113,4,0,3,0,0,1,0.56235,0,0,y,n,y,y,y,y,m,y,y,n,n,n,n,,,,,0,prefer-absolute,transformed-cumulative,1,1,0,2,0,0,,1,1,0,0,0,0,35,,,,,,,,1,1,0,0,0,0,delete,
cli_ger_1.1Ado_d346_m185,climate protest,Germany,1.1,Adoption over Time,cumulative share of population participating in protest events related to climate,market share,s3,4.1553,0.4185,2.0652e-06,2020.3,1.0576,2.4469e-05,12.082,2053.9,-0.0041596,0.99955,0.9994,2.1257e-07,9.1072e-08,0.83641,0.80369,4.038e-06,2.9723e-06,0.59908,0.5189,6.3214e-06,5.6617e-06,13,4,1.0217,0.19576,0.82595,4,0,3,0,0,1,0.71926,1,1,y,n,y,y,y,y,y,y,y,n,n,n,n,,,,weird data,0,prefer-relative,transformed-marketshare,0,1,0,1,0,0,,1,1,0,0,0,0,36,check,,,**check**,,,,1,1,0,1,0,0,,
cli_ger_4.1Sal_d213_m100,climate protest,Germany,4.1,Knowledge Flows (social networks),annualised Google search frequency (index 100=monthly max.),Index 0-100,s3,40.683,0.5117,1.778,2022.3,0.10802,73.455,6.8484,2019.5,-3574,0.87386,0.8516,8.1921,2.5282,0.56273,0.51414,15.253,6.7584,0.21788,0.13098,20.399,13.075,21,2,1.3614,0.63861,0.72277,2,1,0,0,0,1,0.38449,0,1,y,n,m,y,y,y,m,y,m,n,n,n,n,,,,,0,hide,original,1,1,0,0,0,0,,1,1,0,0,0,0,37,,,,,,,,1,1,0,0,0,0,delete,
cli_ger_4.1Sal_d239_m153,climate protest,Germany,4.1,Knowledge Flows (social networks),Partial up to max annualised Google search frequency (index 100=monthly max.),Partial up to max Index 0-100,s3,17.78,0.1354,1.4286,2023,0.24716,171.16,1514.9,1.6151e+05,-2871.4,1,1,1.0216e-06,2.3539e-07,-0.052632,-0.17647,22.361,5,0.14286,0.042017,20.178,11.143,20,1,0.58425,0.58425,0,1,0,0,0,0,,,0,1,y,n,m,m,m,m,m,m,m,n,n,n,n,,,,,0,prefer,transformed-partial,1,1,0,0,0,1,,1,1,0,0,0,1,38,,,,,,,,1,1,0,0,0,1,,
cli_glo_1.1Ado_d072_m017,climate protest,Global,1.1,Adoption over Time,Count of participants at protest events related to climate,# people (estimated),s3,22.791,0.22819,23497,2020,0.19282,2.8233e+05,1.2816e-10,1868.6,-4.7314e+07,0.53678,0.38238,1.082e+05,52396,0.28074,0.13688,1.3483e+05,80315,0.30582,0.16698,1.3246e+05,82335,13,6,2.1159,0.0025856,2.1133,6,2,5,1,0,1,0.47317,0,0,m,y,y,m,y,m,m,y,y,m,m,m,m,4,,convert to cum,,0,hide,original,0,1,0,0,0,0,,1,1,0,0,0,0,39,check,,,,,,,1,1,0,0,0,0,delete,
cli_glo_1.1Ado_d073_m019,climate protest,Global,1.1,Adoption over Time,Count of protest events related to climate,# protest events,s3,2.5664,0.32388,286.75,2019.6,1.7123,3020.5,1.9823e-08,1942.9,-5.7748e+05,0.98971,0.98629,130.03,65.569,0.8161,0.77932,549.83,425.8,0.70027,0.64032,701.95,606.4,13,11,1.0826,0.00066214,1.0819,13,2,9,1,1,1,0.78507,0,0,y,y,y,m,y,m,y,y,y,m,m,m,m,1,,,,0,hide,original,0,1,0,0,0,0,,1,1,0,0,0,0,40,check,,,,,,,1,1,0,0,0,0,delete,
cli_glo_1.1Ado_d240_m154,climate protest,Global,1.1,Adoption over Time,cumulative Count of participants at protest events related to climate,cumulative # people (estimated),s3,2.5763,0.43694,81308,2020.5,1.7057,1.0063e+06,1.9729e-18,1897.7,-1.6377e+08,0.99742,0.99656,19581,11049,0.89207,0.87049,1.2666e+05,96863,0.62265,0.54718,2.3684e+05,2.139e+05,13,6,1.0357,0.00072541,1.0349,6,0,5,0,0,1,0.71552,0,0,y,y,y,m,y,m,y,y,y,m,m,m,m,,,,,0,,transformed-cumulative,1,1,0,0,0,0,,1,1,0,1,0,0,41,,,,**check**,,,,1,1,0,0,0,0,delete,
cli_glo_1.1Ado_d241_m155,climate protest,Global,1.1,Adoption over Time,cumulative Count of protest events related to climate,cumulative # protest events,s3,1.1151,0.48939,804.64,2021.3,3.941,13189,2.9496e-13,1944.8,-1.6207e+06,0.99673,0.99564,216.78,146.76,0.96643,0.95972,694.65,536.65,0.63057,0.55668,2304.5,1960.4,13,13,0.8874,0.00053074,0.88687,13,0,12,0,0,1,0.66871,0,0,y,y,y,m,y,m,m,y,y,m,m,m,m,,,,,0,prefer-absolute,transformed-cumulative,1,1,0,2,0,0,,1,1,0,0,0,0,42,,,,,,,,1,1,0,0,0,0,delete,
cli_glo_1.1Ado_d346_m185,climate protest,Global,1.1,Adoption over Time,cumulative share of population participating in protest events related to climate,market share,s3,2.6232,0.43326,1.0126e-05,2020.5,1.6752,0.00012467,35.211,2051.6,-0.020395,0.99766,0.99688,2.3183e-06,1.3098e-06,0.88896,0.86675,1.5983e-05,1.222e-05,0.62404,0.54884,2.9409e-05,2.6584e-05,13,6,1.0332,0.00075722,1.0324,6,0,5,0,0,1,0.71827,1,1,y,y,y,m,y,m,y,y,y,m,m,n,m,,,,weird data,0,prefer-relative,transformed-marketshare,0,1,0,1,0,0,,0,1,0,0,0,0,43,,,,check,,,,0,1,0,1,0,0,,
cli_glo_3.3Sci_d235_m020,climate protest,Global,3.3,Risk & Uncertainty (Shared Expectations),scientific publications,# publications,s3,1.1684,0.27203,0.87143,2020.4,3.761,109.63,1.542,2007.8,-1731.3,0.9816,0.98052,3.4645,1.5596,0.9218,0.9188,7.1429,2.9621,0.29329,0.2661,21.474,14.652,55,18,1.0946,0.0091218,1.0855,18,1,17,0,0,1,0.83129,0,0,y,y,y,y,y,y,y,y,m,y,m,y,m,,,,"good; only available global, apply to all EA regions",0,,,1,1,0,0,1,1,,1,1,0,0,1,1,44,,,,,,,,1,1,0,0,1,1,,
cli_glo_4.1Sal_d213_m100,climate protest,Global,4.1,Knowledge Flows (social networks),annualised Google search frequency (index 100=monthly max.),Index 0-100,s3,0.43091,0.24421,4.2507,2021.4,10.198,125.06,0.18423,1998,-8539.3,0.94384,0.93393,7.3129,4.4113,0.92857,0.92063,8.2475,5.9197,0.69573,0.66192,17.022,14.887,21,13,0.7996,0.018351,0.78125,16,0,15,0,0,1,0.77068,0,1,y,y,y,m,y,m,y,y,y,m,m,m,m,,,,,0,hide,original,1,1,0,0,0,0,,1,1,0,0,0,0,45,,,,,,,,1,1,0,0,0,0,delete,
cli_glo_4.1Sal_d239_m153,climate protest,Global,4.1,Knowledge Flows (social networks),Partial up to max annualised Google search frequency (index 100=monthly max.),Partial up to max Index 0-100,s3,0.43091,0.24421,4.2507,2021.4,10.198,125.06,0.18423,1998,-8539.3,0.94384,0.93393,7.3129,4.4113,0.92857,0.92063,8.2475,5.9197,0.69573,0.66192,17.022,14.887,21,13,0.7996,0.018351,0.78125,16,0,15,0,0,1,0.77068,0,1,y,y,y,m,y,m,y,y,y,m,m,m,m,,,,,0,prefer,transformed-partial,1,1,0,0,0,1,,1,1,0,0,0,1,46,,,,,,,,1,1,0,0,0,1,,
cli_ind_1.1Ado_d072_m017,climate protest,India,1.1,Adoption over Time,Count of participants at protest events related to climate,# people (estimated),s3,44.28,0.075971,3.6184,2018.2,0.099242,65.856,1.0905,1975.7,-7273.1,0.13333,-0.15556,81.684,40.528,0.013221,-0.18413,87.16,47.056,0.02381,-0.17143,86.692,45.648,13,1,5,5,0,1,0,0,0,0,,,0,0,n,n,m,m,m,m,m,m,m,n,n,n,n,4,,convert to cum,,0,hide,original,0,1,0,0,0,0,,0,0,0,0,0,0,47,,check,,,,,,0,1,0,0,0,0,delete,
cli_ind_1.1Ado_d073_m019,climate protest,India,1.1,Adoption over Time,Count of protest events related to climate,# protest events,s3,27.51,0.11048,1.5165,2018.1,0.15974,21,10.147,2019,-3050.4,0.22756,-0.029916,18.389,9.2308,0.047804,-0.14264,20.417,11.21,0.073545,-0.11175,20.139,10.661,13,7,3.8095,0.095238,3.7143,8,4,7,1,0,1,0.067222,0,1,n,y,y,m,m,m,m,y,m,n,m,n,m,4,,convert to cum,,0,hide,original,0,1,0,0,0,0,,1,1,0,0,0,0,48,check,,,,,,,1,1,0,0,0,0,delete,
cli_ind_1.1Ado_d240_m154,climate protest,India,1.1,Adoption over Time,cumulative Count of participants at protest events related to climate,cumulative # people (estimated),s3,68.266,0.25163,36.184,2018.5,0.064373,329.28,0.00012215,1963.2,-72857,1,1,1.7732e-13,9.988e-14,0.70751,0.64901,86.638,72.408,0.71429,0.65714,85.628,71.812,13,5,1,1,0,5,4,4,0,0,0,0.8,0,0,y,n,y,y,y,y,y,m,y,n,n,n,n,,,,,0,,transformed-cumulative,1,1,0,0,0,0,,1,0,0,1,0,0,49,,check,,**check**,,,,1,1,0,0,0,0,delete,
cli_ind_1.1Ado_d241_m155,climate protest,India,1.1,Adoption over Time,cumulative Count of protest events related to climate,cumulative # protest events,s3,4.7521,0.27198,10.907,2018.6,0.92473,98.854,0.004536,1985.2,-21961,0.98958,0.98611,4.7477,2.5854,0.80288,0.76345,20.653,17.791,0.76959,0.72351,22.329,19.196,13,8,1.1026,0.020232,1.0824,8,0,7,0,0,1,0.80069,0,0,y,y,y,y,y,y,y,y,y,y,y,y,y,,,,,0,prefer-absolute,transformed-cumulative,1,1,0,2,0,0,,1,1,0,0,0,0,50,,,,,,,,1,1,0,0,0,0,delete,
cli_ind_1.1Ado_d346_m185,climate protest,India,1.1,Adoption over Time,cumulative share of population participating in protest events related to climate,market share,s3,45.108,0.24842,2.5495e-08,2018.3,0.097421,2.33e-07,2.8848e-08,2013.7,-5.1333e-05,0.99976,0.99968,1.7541e-09,9.2309e-10,0.69621,0.63546,6.2485e-08,5.2112e-08,0.708,0.6496,6.1261e-08,5.1413e-08,13,5,1.0172,0.98283,0.034335,5,4,0,0,0,0,0.79994,1,1,y,n,y,y,y,y,y,m,y,n,n,n,n,,,,weird data,0,prefer-relative,transformed-marketshare,0,1,0,1,0,0,,1,1,0,0,0,0,51,check,,,**check**,,,,1,1,0,1,0,0,,
cli_ind_4.1Sal_d213_m100,climate protest,India,4.1,Knowledge Flows (social networks),annualised Google search frequency (index 100=monthly max.),Index 0-100,s3,16.215,0.12314,1.2987,2024,0.27102,322.94,1518.4,1.6116e+05,-2610.8,1,1,2.8707e-06,6.4305e-07,-0.05,-0.16667,21.822,4.7619,0.13636,0.040404,19.791,10.719,21,1,0.30965,0.30965,0,1,0,0,0,0,,,0,1,y,n,m,m,m,m,m,m,m,n,n,n,n,,,,too few,0,hide,original,0,0,0,0,0,0,,1,0,0,0,0,0,52,check,,,,,,,1,0,0,0,0,0,delete,
cli_ind_4.1Sal_d239_m153,climate protest,India,4.1,Knowledge Flows (social networks),Partial up to max annualised Google search frequency (index 100=monthly max.),Partial up to max Index 0-100,s3,16.215,0.12314,1.2987,2024,0.27102,322.94,1518.4,1.6116e+05,-2610.8,1,1,2.8707e-06,6.4305e-07,-0.05,-0.16667,21.822,4.7619,0.13636,0.040404,19.791,10.719,21,1,0.30965,0.30965,0,1,0,0,0,0,,,0,1,y,n,m,m,m,m,m,m,m,n,n,n,n,,,,too few,0,prefer,transformed-partial,0,0,0,0,0,1,,1,0,0,0,0,1,53,check,,,,,,,1,0,0,0,0,1,,
cli_swe_1.1Ado_d072_m017,climate protest,Sweden,1.1,Adoption over Time,Count of participants at protest events related to climate,# people (estimated),s3,20.52,0.39544,9.4124,2021,0.21416,140.35,0.00718,1998.2,-18958,0.7728,0.69706,27.045,11.823,0.52763,0.43316,38.996,22.562,0.38528,0.26234,44.485,30.453,13,4,1.4826,0.12992,1.3527,4,1,3,1,0,1,0.49868,0,0,y,n,y,m,y,m,m,y,y,n,n,n,n,2,,,,0,hide,original,0,1,0,0,0,0,,1,1,0,0,0,0,54,check,,,,,,,1,1,0,0,0,0,delete,
cli_swe_1.1Ado_d073_m019,climate protest,Sweden,1.1,Adoption over Time,Count of protest events related to climate,# protest events,s3,12.042,0.32417,56.709,2019.8,0.36493,582.33,4.7403e-06,1964.9,-1.1421e+05,0.99913,0.99883,7.7889,3.3362,0.75556,0.70668,130.26,105.59,0.64864,0.57837,156.17,135.72,13,4,1.0372,0.91528,0.12192,4,1,3,1,0,0,0.76673,0,0,y,n,y,y,y,y,y,m,y,n,n,n,n,2,,,,0,hide,original,0,1,0,0,0,0,,1,1,0,0,0,0,55,check,,,,,,,1,1,0,0,0,0,delete,
cli_swe_1.1Ado_d240_m154,climate protest,Sweden,1.1,Adoption over Time,cumulative Count of participants at protest events related to climate,cumulative # people (estimated),s3,2.6543,0.66529,20.529,2021.5,1.6556,352.53,6.5665e-07,1992.7,-41354,0.99895,0.9986,3.5866,1.3559,0.93473,0.92168,28.297,17.446,0.48096,0.37715,79.796,67.345,13,4,0.97722,0.051724,0.92549,4,0,3,0,0,1,0.56941,0,0,y,n,y,m,y,m,m,y,y,n,n,n,n,,,,,0,,transformed-cumulative,1,1,0,0,0,0,,1,1,1,1,0,0,56,,,**check**,**check**,,,,1,1,0,0,0,0,delete,
cli_swe_1.1Ado_d241_m155,climate protest,Sweden,1.1,Adoption over Time,cumulative Count of protest events related to climate,cumulative # protest events,s3,1.2173,0.50548,155.48,2021.2,3.6101,2506.2,6.5784e-11,1961.2,-3.1318e+05,0.99421,0.99228,56.675,35.322,0.9586,0.95032,151.55,110.35,0.61008,0.53209,465.1,390.16,13,4,0.90975,0.21267,0.69708,4,0,3,0,0,1,0.66346,0,0,y,n,y,y,y,y,m,y,y,n,n,n,n,,,,,0,prefer-absolute,transformed-cumulative,1,1,2,2,0,0,,1,1,0,0,0,0,57,,,,,,,,1,1,0,0,0,0,delete,
cli_swe_1.1Ado_d346_m185,climate protest,Sweden,1.1,Adoption over Time,cumulative share of population participating in protest events related to climate,market share,s3,2.6656,0.66181,1.95e-06,2021.5,1.6486,3.3335e-05,243.29,2046.8,-0.003928,0.9989,0.99854,3.4812e-07,1.3183e-07,0.93376,0.92051,2.7042e-06,1.6685e-06,0.4822,0.37864,7.5607e-06,6.3859e-06,13,4,0.97794,0.052797,0.92514,4,0,3,0,0,1,0.57145,1,1,y,n,y,m,y,m,m,y,y,n,n,n,n,,,,weird data,0,prefer-relative,transformed-marketshare,0,1,1,1,0,0,,1,1,0,0,0,0,58,check,,**check**,**check**,,,,1,1,1,1,0,0,,
cli_uki_1.1Ado_d072_m017,climate protest,UK,1.1,Adoption over Time,Count of participants at protest events related to climate,# people (estimated),s3,24.031,0.30542,7.7839,2020,0.18287,90.488,0.037045,1997.3,-15676,0.76956,0.69274,20.826,8.9845,0.50406,0.40488,30.552,18.916,0.45069,0.34083,32.154,22.168,13,4,1.6453,0.48173,1.1636,4,2,3,1,0,1,0.52026,0,0,y,n,y,y,y,y,m,y,y,n,n,n,n,,,,,0,hide,original,0,1,0,0,0,0,,1,1,0,0,0,0,59,check,,,,,,,1,1,0,0,0,0,delete,
cli_uki_1.1Ado_d073_m019,climate protest,UK,1.1,Adoption over Time,Count of protest events related to climate,# protest events,s3,39.75,0.24732,17.473,2019.3,0.11055,189.25,0.00083044,1973,-35184,0.87997,0.83996,32.259,14.539,0.47821,0.37385,67.26,53.354,0.49297,0.39156,66.302,56.159,13,4,1.2999,0.50198,0.79789,4,2,0,1,0,0,0.76721,0,0,y,n,y,y,y,y,y,y,y,n,n,n,n,,,,,0,hide,original,0,1,0,0,0,0,,1,1,0,0,0,0,60,check,,,,,,,1,1,0,0,0,0,delete,
cli_uki_1.1Ado_d240_m154,climate protest,UK,1.1,Adoption over Time,cumulative Count of participants at protest events related to climate,cumulative # people (estimated),s3,1.8485,0.49875,21.862,2020.8,2.3773,299.77,5.5971e-06,1987.1,-44036,0.98664,0.98219,12.283,7.1156,0.92823,0.91387,28.469,20.974,0.59255,0.51106,67.831,59.387,13,4,1.051,0.14541,0.90557,4,0,3,0,0,1,0.66258,0,0,y,n,y,y,y,y,m,y,y,n,n,n,n,,,,,0,,transformed-cumulative,1,1,0,0,0,0,,1,1,0,1,0,0,61,,,,**check**,,,,1,1,0,0,0,0,delete,
cli_uki_1.1Ado_d241_m155,climate protest,UK,1.1,Adoption over Time,cumulative Count of protest events related to climate,cumulative # protest events,s3,1.583,0.44845,57.28,2020.7,2.7761,761.13,1.5322e-07,1973,-1.1537e+05,0.99558,0.99411,17.882,10.144,0.92288,0.90746,74.721,56.01,0.63448,0.56138,162.67,141.98,13,4,0.99458,0.29824,0.69633,4,0,3,0,0,1,0.71636,0,0,y,n,y,y,y,y,y,y,y,n,n,n,n,,,,,0,prefer-absolute,transformed-cumulative,1,1,0,2,0,0,,1,1,0,0,0,0,62,,,,,,,,1,1,0,0,0,0,delete,
cli_uki_1.1Ado_d346_m185,climate protest,UK,1.1,Adoption over Time,cumulative share of population participating in protest events related to climate,market share,s3,1.9007,0.0035525,3.2001e-07,2020.8,2.312,4.3443e-06,-341.5,33014,-0.00064456,0.98681,0.98242,1.7843e-07,1.0213e-07,-0.32732,-0.59279,1.7902e-06,8.89e-07,0.59377,0.51252,9.9038e-07,8.6877e-07,13,4,1.0566,0.14893,0.90762,4,0,3,0,0,1,0.66472,1,1,y,n,y,y,y,y,m,y,y,n,n,n,n,,,,weird data,0,prefer-relative,transformed-marketshare,0,1,0,1,0,0,,0,1,0,0,0,0,63,,,,check,,,,0,1,0,1,0,0,,
cli_uki_4.1Sal_d213_m100,climate protest,UK,4.1,Knowledge Flows (social networks),annualised Google search frequency (index 100=monthly max.),Index 0-100,s3,0.67755,0.30176,3.9101,2021.2,6.4858,109.82,0.11911,2001.5,-7856.7,0.95278,0.94445,6.641,4.2123,0.92657,0.91841,8.2817,5.18,0.6002,0.55577,19.324,15.549,21,8,0.91056,0.065414,0.84515,11,0,8,0,1,1,0.73322,0,1,y,y,y,y,y,y,y,y,y,y,y,y,y,,,,,0,hide,original,1,1,0,0,0,0,,1,1,0,0,0,0,64,,,,,,,,1,1,0,0,0,0,delete,
cli_uki_4.1Sal_d239_m153,climate protest,UK,4.1,Knowledge Flows (social networks),Partial up to max annualised Google search frequency (index 100=monthly max.),Partial up to max Index 0-100,s3,0.67755,0.30176,3.9101,2021.2,6.4858,109.82,0.11911,2001.5,-7856.7,0.95278,0.94445,6.641,4.2123,0.92657,0.91841,8.2817,5.18,0.6002,0.55577,19.324,15.549,21,8,0.91056,0.065414,0.84515,11,0,8,0,1,1,0.73322,0,1,y,y,y,y,y,y,y,y,y,y,y,y,y,,,,,0,prefer,transformed-partial,1,1,0,0,0,1,,1,1,0,0,1,1,65,,,,,**check**,,,1,1,0,0,0,1,,
cli_usa_1.1Ado_d072_m017,climate protest,US,1.1,Adoption over Time,Count of participants at protest events related to climate,# people (estimated),s3,30.816,0.20397,16.902,2019.3,0.1426,201.62,0.0021961,1967.6,-34030,0.5588,0.41173,82.686,39.374,0.22131,0.065567,109.85,67.084,0.2581,0.10972,107.22,66.197,13,4,2.2694,0.46929,1.8001,4,3,1,0,1,1,0.36441,0,0,m,n,y,y,y,y,m,y,m,n,n,n,n,,,,,0,hide,original,0,1,0,0,0,0,,1,1,0,0,0,0,66,check,,,,,,,1,1,0,0,0,0,delete,
cli_usa_1.1Ado_d073_m019,climate protest,US,1.1,Adoption over Time,Count of protest events related to climate,# protest events,s3,19.808,0.32844,23.055,2020,0.22186,256,3.1917e-05,1974.2,-46432,0.97725,0.96966,16.59,7.2308,0.72468,0.66962,57.707,43.032,0.61523,0.53827,68.22,54.259,13,4,1.1836,0.57031,0.61328,4,2,3,1,0,1,0.77694,0,0,y,n,y,y,y,y,y,y,y,n,n,n,n,,,,,0,hide,original,0,1,0,0,0,0,,1,1,0,0,0,0,67,check,,,,,,,1,1,0,0,0,0,delete,
cli_usa_1.1Ado_d240_m154,climate protest,US,1.1,Adoption over Time,cumulative Count of participants at protest events related to climate,cumulative # people (estimated),s3,3.4005,0.38546,66.658,2019.9,1.2923,711.93,4.0914e-07,1967.1,-1.3425e+05,0.98408,0.97878,38.461,19.407,0.87506,0.85007,107.76,87.013,0.66935,0.60322,175.3,152.02,13,4,1.1328,0.64268,0.49012,4,0,3,0,0,0,0.73719,0,0,y,n,y,y,y,y,y,y,y,n,n,n,n,,,,,0,,transformed-cumulative,1,1,0,0,0,0,,1,1,0,1,0,0,68,,,,**check**,,,,1,1,0,0,0,0,delete,
cli_usa_1.1Ado_d241_m155,climate protest,US,1.1,Adoption over Time,cumulative Count of protest events related to climate,cumulative # protest events,s3,1.4067,0.52419,61.445,2021.2,3.1239,967.62,2.0139e-08,1976.1,-1.2377e+05,0.99597,0.99463,19.01,11.45,0.95383,0.9446,64.338,48.868,0.58953,0.50743,191.84,162.25,13,4,0.94458,0.15088,0.7937,4,0,3,0,0,1,0.65653,0,0,y,n,y,y,y,y,m,y,y,n,n,n,n,,,,,0,prefer-absolute,transformed-cumulative,1,1,0,2,0,0,,1,1,0,0,0,0,69,,,,,,,,1,1,0,0,0,0,delete,
cli_usa_1.1Ado_d346_m185,climate protest,US,1.1,Adoption over Time,cumulative share of population participating in protest events related to climate,market share,s3,3.5656,0.0052612,1.9516e-07,2019.8,1.2324,2.0792e-06,-509.41,26299,-0.00039307,0.98501,0.98001,1.0927e-07,5.3861e-08,-0.42124,-0.70548,1.064e-06,5.7923e-07,0.66951,0.60341,5.1306e-07,4.4556e-07,13,4,1.1302,0.64928,0.48095,4,0,3,0,0,0,0.73862,1,1,y,n,y,y,y,y,y,y,y,n,n,n,n,,,,weird data,0,prefer-relative,transformed-marketshare,0,1,0,1,0,0,,1,1,0,0,0,0,70,check,,,**check**,,,,1,1,0,1,0,0,,
cli_usa_4.1Sal_d213_m100,climate protest,US,4.1,Knowledge Flows (social networks),annualised Google search frequency (index 100=monthly max.),Index 0-100,s3,0.53398,0.243,4.6225,2020.3,8.2296,111.88,0.097556,1995,-9286.9,0.92033,0.90626,9.6468,4.87,0.89043,0.87826,11.313,8.219,0.67079,0.63421,19.609,17.283,21,12,0.89378,0.021376,0.8724,12,0,9,0,1,1,0.78065,0,1,y,y,y,m,y,m,y,y,y,m,m,m,m,,,,,0,hide,original,1,1,0,0,0,0,,1,1,0,0,0,0,71,,,,,,,,1,1,0,0,0,0,delete,
cli_usa_4.1Sal_d239_m153,climate protest,US,4.1,Knowledge Flows (social networks),Partial up to max annualised Google search frequency (index 100=monthly max.),Partial up to max Index 0-100,s3,0.53398,0.243,4.6225,2020.3,8.2296,111.88,0.097556,1995,-9286.9,0.92033,0.90626,9.6468,4.87,0.89043,0.87826,11.313,8.219,0.67079,0.63421,19.609,17.283,21,12,0.89378,0.021376,0.8724,12,0,9,0,1,1,0.78065,0,1,y,y,y,m,y,m,y,y,y,m,m,m,m,,,,,0,prefer,transformed-partial,1,1,0,0,0,1,,1,1,0,0,0,1,72,,,,,,,,1,1,0,0,0,1,,
coh_den_1.1Ado_d134_m007,co-housing,Denmark,1.1,Adoption over time,Number of cohousing communities,# communities,b11,0.22051,0.03374,2.6225,1984.9,19.929,101.42,1.6247,1885.9,-5160.5,0.98488,0.97731,4.8001,4.2608,0.78505,0.72364,18.096,15.686,0.91844,0.89514,11.147,9.6045,10,10,1.0846,0.0098597,1.0747,45,0,9,0,0,1,0.87616,0,0,y,y,y,y,y,y,y,y,y,y,y,y,y,1,,,,0,prefer-absolute,,1,1,2,2,0,0,,1,1,0,0,0,0,73,,,,,,,,1,1,0,0,0,0,delete,
coh_den_1.1Ado_d138_m021,co-housing,Denmark,1.1,Adoption over time,Number of housing units in cohousing communities,# residents,b11,0.21247,0.033852,58.453,1985.3,20.683,2285.2,0.12288,1718.9,-1.1503e+05,0.98448,0.97517,109.66,101.47,0.77105,0.69473,421.16,375.09,0.91189,0.88252,261.27,233.12,9,9,1.0542,0.028881,1.0253,45,0,8,0,0,1,0.85327,0,0,y,y,y,y,y,y,y,y,y,y,y,y,y,1,,,,0,,,1,1,0,0,0,0,,1,1,0,0,0,0,74,,,,,,,,1,1,0,0,0,0,delete,
coh_den_1.1Ado_d335_m185,co-housing,Denmark,1.1,Adoption over time,share of population living in co-housing projects,market share,b11,0.25975,0.031685,1.0356e-05,1984.1,16.918,0.00040635,8.7413,2323.5,-0.020368,0.99084,0.98534,1.5268e-05,1.3089e-05,0.72318,0.6309,8.3926e-05,7.4573e-05,0.87158,0.82878,5.7162e-05,5.1552e-05,9,9,1.0464,0.032731,1.0137,45,1,8,1,0,1,0.86448,1,1,y,y,y,y,y,y,y,y,y,y,y,y,y,,,,,0,prefer-relative,transformed-marketshare,1,1,1,1,0,0,,1,1,1,1,0,0,75,,,,,,,,1,1,1,1,0,0,,
coh_den_4.1Sal_d213_m100,co-housing,Denmark,4.1,Knowledge Flows (social networks),annualised Google search frequency (index 100=monthly max.),Index 0-100,b11,6.5072,-0.25295,-1.3766,2028.4,0.67532,0.71605,10.272,2008.8,2779.4,-0.098235,-0.29204,23.087,6.9048,0.20154,0.11282,19.685,10.513,0.14318,0.047973,20.392,11.958,21,3,139.65,18.155,121.5,10,9,0,0,0,1,0,0,1,n,n,y,m,m,m,m,y,m,n,n,n,n,,,,too few,0,hide,original,0,0,0,0,0,0,,0,1,0,0,0,0,76,,check,,,,,,0,1,0,0,0,0,delete,
coh_den_4.1Sal_d239_m153,co-housing,Denmark,4.1,Knowledge Flows (social networks),Partial up to max annualised Google search frequency (index 100=monthly max.),Partial up to max Index 0-100,b11,,,100,,,,,,-2.004e+05,,,,,,,,,1,1,0,0,2,1,,,,1,0,0,0,0,,,0,1,n,n,y,m,m,m,m,m,y,n,n,n,n,,,,too few,0,prefer,transformed-partial,0,0,0,0,1,1,,0,0,0,0,1,1,77,,,,,,,,0,0,0,0,1,1,,
coh_ger_1.1Ado_d141_m018,co-housing,Germany,1.1,Adoption over time,Number of projects,# projects,b11,0.20463,0.079755,9.41,1994.8,21.475,316.23,0.014473,1880.9,-18604,0.99968,-inf,1.9287,1.3164,0.96104,0.88313,21.387,19.667,0.94267,0.828,25.946,23.25,4,4,0.88859,0.02846,0.86013,31,0,3,0,0,1,0.48336,0,0,y,m,y,m,y,m,m,y,y,m,m,m,m,1,,,,0,,,1,1,0,2,0,0,,1,1,0,0,0,0,78,,,,,,,,1,1,0,0,0,0,delete,
coh_ger_1.1Ado_d335_m185,co-housing,Germany,1.1,Adoption over time,share of population living in co-housing projects,market share,b11,0.19792,0.020323,2.5134e-06,1994.9,22.203,8.557e-05,1.8939,6394.1,-0.0049689,0.99973,-inf,4.7774e-07,3.3229e-07,-1.288,-5.8641,4.3723e-05,3.2805e-05,0.94511,0.83532,6.7723e-06,6.105e-06,4,4,0.87998,0.029449,0.85053,31,0,3,0,0,1,0.48639,1,1,y,m,y,m,y,m,m,y,y,m,m,m,m,,,,,0,prefer-relative,transformed-marketshare,1,1,0,1,0,0,,1,1,0,1,0,0,79,,,,,,,,1,1,0,1,0,0,,
coh_ger_4.1Sal_d213_m100,co-housing,Germany,4.1,Knowledge Flows (social networks),annualised Google search frequency (index 100=monthly max.),Index 0-100,b11,8.4815,0.081367,3.1097,2015.8,0.51812,60.75,0.6822,1968.5,-6233.1,0.56835,0.49218,21.829,13.407,0.26817,0.18686,28.423,24.248,0.32122,0.2458,27.373,22.15,21,13,1.6461,0.13169,1.5144,20,4,13,1,1,1,0.85774,0,1,m,y,y,m,m,m,y,y,y,m,m,m,m,,,,,0,hide,original,1,1,0,0,0,0,,0,1,0,0,0,0,80,check,,,,,,,1,1,0,0,0,0,delete,
coh_ger_4.1Sal_d239_m153,co-housing,Germany,4.1,Knowledge Flows (social networks),Partial up to max annualised Google search frequency (index 100=monthly max.),Partial up to max Index 0-100,b11,0.77819,0.27791,5.2206,2016.8,5.647,110.18,0.028987,1990.2,-10476,0.84239,0.80602,14.005,7.0254,0.80701,0.77943,15.498,10.367,0.52561,0.45784,24.298,19.026,17,9,0.9076,0.072608,0.83499,16,0,9,0,1,1,0.72215,0,1,y,y,y,m,m,m,y,y,y,m,m,m,m,,,,,0,prefer,transformed-partial,1,1,0,0,0,1,,1,1,0,0,0,1,81,,,,,,,,1,1,0,0,0,1,,
coh_glo_3.3Sci_d235_m020,co-housing,Global,3.3,Risk & Uncertainty (Shared Expectations),scientific publications,# publications,b11,0.27252,0.11544,1.9577,2017.1,16.125,163.28,0.51405,1974.4,-3883.9,0.93237,0.92839,10.683,6.5047,0.90593,0.90231,12.599,6.3894,0.57237,0.55592,26.862,21.259,55,45,0.98606,0.0061246,0.97994,48,4,46,0,0,1,0.92044,0,0,y,y,y,y,y,y,y,y,y,y,y,y,y,,,,"good; only available global, apply to all EA regions",0,,,1,1,0,0,1,1,,1,1,0,0,1,1,82,,,,,,,,1,1,0,0,1,1,,
coh_swi_4.1Sal_d213_m100,co-housing,Switzerland,4.1,Knowledge Flows (social networks),annualised Google search frequency (index 100=monthly max.),Index 0-100,b11,0.041952,0.041933,0.3,2190.2,104.75,11883,6.7197,2012,-596.63,0.0057694,-0.16968,24.109,13.495,0.0057701,-0.1047,24.109,13.495,0.0056446,-0.10484,24.111,13.529,21,2,0.0084151,0.0049649,0.0034502,13,12,0,0,0,1,0,0,1,n,m,m,m,m,m,m,m,m,n,m,n,m,,,,too few,0,hide,original,0,0,0,0,0,0,,0,0,0,0,0,0,83,,,,,,,,0,0,0,0,0,0,delete,
coh_swi_4.1Sal_d239_m153,co-housing,Switzerland,4.1,Knowledge Flows (social networks),Partial up to max annualised Google search frequency (index 100=monthly max.),Partial up to max Index 0-100,b11,22.563,,8.3333,2011,0.19477,276.15,,,-16717,1,1,1.1702e-08,5.8378e-09,,,,,0.33333,0.066667,27.003,20.833,8,1,0.36213,0.36213,0,1,0,0,0,0,,,0,1,y,n,y,m,m,m,m,m,y,n,n,n,n,,,,too few,0,prefer,transformed-partial,0,0,0,0,0,1,,0,0,0,0,0,1,84,,,,,,,,0,0,0,0,0,1,,
coh_usa_1.1Ado_d142_m021,co-housing,US,1.1,Adoption over time,Number of residents living in cohousing communities,# residents,b11,0.47637,0.21447,213.23,1996.4,9.2249,3414.8,2.1366e-05,1912.4,-4.2394e+05,0.99947,0.99907,23.805,21.643,0.96347,0.94886,197.86,179.86,0.89095,0.84734,341.85,309.88,8,8,0.85099,0.015521,0.83547,15,0,7,0,0,1,0.70294,0,0,y,y,y,y,y,y,y,y,y,y,y,y,y,,,,,0,,,1,1,0,2,0,0,,1,1,0,0,0,0,85,,,,,,,,1,1,0,0,0,0,delete,
coh_usa_1.1Ado_d335_m185,co-housing,US,1.1,Adoption over time,share of population living in co-housing projects,market share,b11,0.49348,0.20518,7.6945e-07,1996,8.905,1.1711e-05,431.57,2085.1,-0.0015297,0.99943,0.999,8.9051e-08,6.1106e-08,0.95499,0.93698,7.8856e-07,7.1102e-07,0.90001,0.86001,1.1753e-06,1.0541e-06,8,8,0.87948,0.018785,0.8607,15,0,7,0,0,1,0.71925,1,1,y,y,y,y,y,y,y,y,y,y,y,m,y,,,,,0,prefer-relative,transformed-marketshare,1,1,0,1,0,0,,1,1,0,1,0,0,86,,,,,,,,1,1,0,1,0,0,,
coh_usa_4.1Sal_d213_m100,co-housing,US,4.1,Knowledge Flows (social networks),annualised Google search frequency (index 100=monthly max.),Index 0-100,b11,-0.33502,-0.18979,-4.687,2006.7,-13.117,148.14,44.566,2008.9,9469.7,0.97488,0.97045,5.1376,4.3268,0.96038,0.95597,6.453,4.7975,0.76644,0.74048,15.667,13.556,21,20,0.67501,0.014553,0.66046,21,20,4,0,1,1,0.86068,0,1,y,y,y,m,m,m,y,y,y,m,m,m,m,,,,downward,0,hide,original,1,1,0,0,0,0,,1,1,0,0,0,0,87,,,,,,,,1,1,0,0,0,0,delete,
coh_usa_4.1Sal_d239_m153,co-housing,US,4.1,Knowledge Flows (social networks),Partial up to max annualised Google search frequency (index 100=monthly max.),Partial up to max Index 0-100,b11,,,,,,,,,,,,,,,,,,,,,,1,1,,,,1,0,0,0,0,,,0,1,n,n,y,m,m,m,m,m,m,n,n,n,n,,,,downward,0,prefer,transformed-partial,0,0,0,0,0,1,,0,0,0,0,0,1,88,,,,,,,,0,0,0,0,0,1,,
coh_vau_1.1Ado_d137_m009,co-housing,Canton de Vaud (Switzerland),1.1,Adoption over time,Number of housing cooperatives in Canton de Vaud (Switzerland),# cooperatives,b11,0.045173,0.028481,1.2003,2000.2,97.28,198.97,4.8368,1896.6,-2308.5,0.98344,0.97722,5.6478,4.5254,0.97105,0.96461,7.4671,6.7865,0.89851,0.87596,13.98,10.883,12,12,0.6986,0.0050259,0.69357,112,0,11,0,0,1,0.75851,0,0,y,y,y,y,y,y,y,y,y,y,y,y,y,1,,,,0,,,1,1,0,2,0,0,,1,1,0,1,0,0,89,,,,,,,,1,1,0,0,0,0,delete,
cro_ber_1.1Ado_d330_m185,car ownership (foregoing),Berlin,1.1,Adaption over time,cars per person,market share,cro,0.46192,0.0019583,0.00065735,2002,9.5135,0.33489,3.3533,3197.5,-0.99356,0.57391,0.47558,0.004627,0.0038783,0.20393,0.090208,0.0063244,0.0052346,0.2064,0.093033,0.0063146,0.0052253,17,17,1.0197,0.94687,0.072859,17,12,15,1,0,0,0.94371,1,1,m,y,y,y,y,y,y,m,m,m,m,m,m,,,,*needs sign reversal * negative slope = LED innovation,0,prefer-relative,transformed-marketshare,0,1,0,1,0,0,,0,1,0,1,0,0,91,,,,,,,,0,1,0,1,0,0,,
cro_ber_1.1Ado_d358_m185,car ownership (foregoing),Berlin,1.1,Adaption over time,cars per person PARTIAL FROM MAX ONWARDS,market share,cro,-0.018437,-0.0020501,-0.00068571,2131.6,-238.34,0.37651,0.96306,1503.1,1.7189,0.52155,0.36206,0.0024402,0.0021041,0.52997,0.43597,0.0024186,0.0020733,0.52894,0.43472,0.0024213,0.0020774,13,13,0.90701,0.87355,0.033465,13,12,0,0,0,0,0.923,1,1,m,y,y,y,y,y,y,m,y,m,y,,,,,,,,,,,,,,,,,,,,,,,,,,,,,,,,,,,,,,
cro_ber_1.1Adod_m_0,car ownership (foregoing),Berlin,1.1,Adaption over time,"Berlin Car density: 
2008-2024","cars per 1,000 inhabitants",cro,0.46188,0.0019583,0.65735,2002,9.5142,334.89,79.635,1287.5,-993.56,0.57391,0.47558,4.627,3.8783,0.20393,0.090208,6.3244,5.2346,0.2064,0.093033,6.3146,5.2253,17,17,1.0197,0.94687,0.072859,17,12,15,1,0,0,0.94371,0,0,m,y,y,y,y,y,y,m,m,m,m,,,,,,,,,,,,,,,,,,,,,,,,,,,,,,,,,,,,,,
cro_ber_4.1Sal_d213_m100,car ownership (foregoing),Berlin,4.1,Knowledge Flows (social networks),annualised Google search frequency (index 100=monthly max.),Index 0-100,cro,43.233,0.20584,1.8826,2021.2,0.10165,52.773,6.3879,2014.8,-3781.5,0.54289,0.46222,15.851,6.9326,0.29096,0.21217,19.741,11.95,0.23644,0.15159,20.486,13.69,21,5,1.8949,0.2219,1.673,11,2,0,1,0,1,0.38198,0,1,m,m,y,m,m,m,m,y,m,m,m,m,m,,,,,0,hide,original,1,1,0,0,0,0,,0,1,0,0,0,0,92,check,,,,,,,1,1,0,0,0,0,delete,
cro_ber_4.1Sal_d239_m153,car ownership (foregoing),Berlin,4.1,Knowledge Flows (social networks),Partial up to max annualised Google search frequency (index 100=monthly max.),Partial up to max Index 0-100,cro,20.85,8.2316,1.8669,2022,0.21076,251.01,0.0022619,2020.7,-3750.1,0.86941,0.84329,8.3399,2.6912,0.86941,0.85308,8.3399,2.6925,0.19632,0.095855,20.689,13.14,19,3,0.39839,0.091156,0.30723,9,0,8,0,0,1,0,0,1,y,n,y,m,m,m,m,y,m,n,n,n,n,,,,,0,prefer,transformed-partial,1,1,0,0,0,1,,1,1,0,0,0,1,93,,,,,,,,1,1,0,0,0,1,,
cro_glo_3.3Sci_d235_m020,car ownership (foregoing),Global,3.3,Risk & Uncertainty (Shared Expectations),scientific publications,# publications,cro,0.24766,0.039326,0.29062,2020.9,17.744,36.793,-3.7042,4342.6,-576.82,0.91648,0.91157,1.8905,1.0692,-0.29374,-0.3435,7.4407,3.5455,0.49737,0.47803,4.6378,3.463,55,28,0.67947,0.027179,0.65229,33,3,32,0,0,1,0.83514,0,1,y,y,y,m,y,m,y,y,y,m,m,m,m,,,,"good; only available global, apply to all EA regions",0,,,1,1,0,0,1,1,,1,1,0,0,1,1,94,,,,,,,,1,1,0,0,1,1,,
cro_ham_1.1Ado_d108_m126,car ownership (foregoing),Hamburg,1.1,Adaption over time,Hamburg Car density 2008-2024,"cars per 1,000 inhabitants",cro,0.21243,0.0046092,1.9703,1996.9,20.686,434.74,38.531,1496.2,-3549.1,0.84235,0.80597,4.6163,3.8976,0.68223,0.63684,6.554,5.7013,0.68928,0.64489,6.4809,5.5996,17,17,1.0098,0.92353,0.086258,17,2,15,1,0,0,0.94355,0,0,y,y,y,y,y,y,y,m,y,m,y,n,y,2,,,*needs sign reversal * negative slope = LED innovation,0,,,0,1,0,0,0,0,,1,1,0,0,0,0,95,check,,,,,,,1,1,0,0,0,0,delete,
cro_ham_1.1Ado_d330_m185,car ownership (foregoing),Hamburg,1.1,Adaption over time,cars per person,market share,cro,0.21243,0.0011445,0.0019703,1996.9,20.686,0.43474,1555.5,1.5747e+05,-3.5491,0.84235,0.80597,0.0046163,0.0038976,-1324.4,-1513.7,0.42327,0.42311,0.68928,0.64489,0.0064809,0.0055996,17,17,1.0098,0.92353,0.086258,17,2,15,1,0,0,0.94355,1,1,y,y,y,y,y,y,y,m,y,m,y,n,y,,,,*needs sign reversal * negative slope = LED innovation,0,prefer-relative,transformed-marketshare,0,1,0,1,0,0,,1,1,0,1,0,0,96,check,,,,,,,1,1,0,1,0,0,,
cro_ham_4.1Sal_d213_m100,car ownership (foregoing),Hamburg,4.1,Knowledge Flows (social networks),annualised Google search frequency (index 100=monthly max.),Index 0-100,cro,-11.704,0.033048,0.29988,2009.5,-0.37546,-1.8157e-08,9.3491,2030.9,-598.58,-0.06369,-0.2514,22.008,5.3853,0.0043374,-0.10629,21.293,9.6076,0.0072415,-0.10307,21.262,9.4306,21,2,-5.5075e+09,-7.2098e+08,-4.7865e+09,10,9,0,0,0,1,0,0,1,n,n,m,m,m,m,m,m,m,n,n,n,n,,,,too few,0,hide,original,0,0,0,0,0,0,,0,0,0,0,0,0,97,,,,,,,,0,0,0,0,0,0,delete,
cro_ham_4.1Sal_d239_m153,car ownership (foregoing),Hamburg,4.1,Knowledge Flows (social networks),Partial up to max annualised Google search frequency (index 100=monthly max.),Partial up to max Index 0-100,cro,17.685,,3.8462,2015,0.24848,328.08,,,-7720.5,1,1,8.6688e-07,2.5855e-07,,,,,0.23077,0.059829,24.241,16.453,12,1,0.3048,0.3048,0,1,0,0,0,0,,,0,1,y,n,m,m,m,m,m,m,m,n,n,n,n,,,,too few,0,prefer,transformed-partial,0,0,0,0,0,1,,0,0,0,0,0,1,98,,,,,,,,0,0,0,0,0,1,,
cro_hei_1.1Ado_d109_m127,car ownership (foregoing),Heidelberg,1.1,Adaption over time,Heidelberg Car density 1993-2024,cars per 1000 inhabitants,cro,-0.0063912,-0.0063893,-2.5196,739.09,-687.58,1.3357e+06,707.34,1919.3,5461.3,0.71221,0.679,14.224,12.267,0.71221,0.69089,14.224,12.267,0.70349,0.68152,14.438,12.341,30,30,0.00032567,0.00027701,4.8664e-05,32,28,7,0,1,0,0.96526,0,0,y,y,y,y,y,y,y,m,y,m,y,m,y,1,,,*needs sign reversal * negative slope = LED innovation,0,,,1,1,1,1,0,0,,1,1,1,1,0,0,99,,,,,,,,1,1,1,1,0,0,,
cro_hei_1.1Ado_d330_m185,car ownership (foregoing),Heidelberg,1.1,Adaption over time,cars per person,market share,cro,-0.010707,-0.0063893,-0.0025196,1973.3,-410.42,0.9841,0.0038551,2735.1,5.4613,0.70671,0.67287,0.014359,0.012299,0.71221,0.69089,0.014224,0.012267,0.70349,0.68152,0.014438,0.012341,30,30,0.44203,0.37598,0.06605,32,28,7,0,1,0,0.96526,1,1,y,y,y,y,y,y,y,m,y,m,y,,,,,,,,,,,,,,,,,,,,,,,,,,,,,,,,,,,,,,
crs_ger_1.1Ado_d233_m012,car sharing,Germany,1.1,Adoption over time,registered drivers,# drivers,m9,0.21557,0.19421,1.5336e+05,2030.2,20.385,2.5531e+07,9.114e-11,1825.1,-3.0727e+08,0.98588,0.98412,1.75e+05,1.2482e+05,0.98533,0.98416,1.784e+05,1.3187e+05,0.70735,0.68394,7.9681e+05,6.2992e+05,28,28,0.21566,0.00074419,0.21491,28,0,27,0,0,0,0.8164,0,0,y,y,y,y,y,y,y,y,y,y,y,y,y,1,,,,0,,,1,1,2,2,0,0,,1,1,0,0,0,0,100,,,,,,,,1,1,0,0,0,0,delete,
crs_ger_1.1Ado_d340_m185,car sharing,Germany,1.1,Adoption over time,share of drivers who car share,market share,m9,0.2644,0.18882,0.0015878,2022.2,16.621,0.089086,7.1069,2049,-3.1807,0.98312,0.98091,0.0018867,0.0013394,0.97785,0.976,0.002161,0.001641,0.72543,0.70255,0.0076084,0.0062218,27,27,0.59383,0.0025886,0.59124,27,0,26,0,0,0,0.82154,1,1,y,y,y,y,y,y,y,y,y,y,y,y,y,,,,,0,prefer-relative,transformed-marketshare,1,1,1,1,0,0,,1,1,1,1,0,0,101,,,,,,,,1,1,1,1,0,0,,
crs_ger_2.5Var_d216_m012,car sharing,Germany,2.5,Choice availability,free-floating cars - registered drivers,# drivers,m9,0.21399,0.21398,3.2369e+05,2073.3,20.536,1.6729e+11,5.4628e-12,1831.3,-6.5158e+08,0.96965,0.95953,2.2165e+05,1.8919e+05,0.96965,0.96358,2.2165e+05,1.8919e+05,0.90616,0.88739,3.8976e+05,2.8775e+05,13,13,2.6933e-05,2.2118e-07,2.6712e-05,13,0,12,0,0,1,0.79141,0,0,y,y,y,y,y,y,y,m,y,m,y,m,y,1,,,,0,,,,1,,,,,,1,1,0,0,0,0,102,,,,,,,,1,1,0,0,0,0,delete,
crs_ger_2.5Var_d217_m025,car sharing,Germany,2.5,Choice availability,free-floating cars - registered vehicles,# vehicles,m9,0.1774,0.1774,1598.6,2091,24.771,3.4949e+09,1.5707e-07,1878.8,-3.2156e+06,0.95201,0.93601,1424.3,1309.1,0.95201,0.94241,1424.2,1309.1,0.84641,0.81569,2547.9,1923.9,13,13,7.5396e-06,3.7197e-07,7.1676e-06,13,0,12,0,0,1,0.7929,0,0,y,y,y,y,y,y,y,m,y,m,y,m,y,1,,,,0,,,,1,,,,,,1,1,0,0,0,0,103,,,,,,,,1,1,0,0,0,0,delete,
crs_ger_2.5Var_d218_m092,car sharing,Germany,2.5,Choice availability,free-floating cars as % of all shared cars,% vehicles,m9,2.3639,0.11309,0.025934,2012.2,1.859,0.47376,2.4011,2034.9,-51.933,0.96928,0.96544,0.040667,0.023258,0.80496,0.78935,0.10247,0.084869,0.81521,0.80043,0.099738,0.080944,28,13,1.2902,0.38648,0.90368,13,0,12,0,0,1,0.91266,1,1,y,y,y,y,y,y,y,y,y,y,y,y,y,1,,,,0,,,1,1,,,,,,1,1,0,0,1,1,104,,,,,,,,1,1,0,0,1,1,,
crs_ger_2.5Var_d237_m012,car sharing,Germany,2.5,Choice availability,station-based or combined - registered drivers,# drivers,m9,0.1802,0.12298,34099,2022.1,24.387,1.6793e+06,1.4111e-06,1801.7,-6.8249e+07,0.99698,0.9966,16241,11892,0.98846,0.98754,31729,26770,0.86946,0.85901,1.0673e+05,94183,28,28,0.59575,0.011314,0.58443,28,0,27,0,0,0,0.89494,0,0,y,y,y,y,y,y,y,y,y,y,y,y,y,1,,,,0,,,1,1,,,,,,1,1,0,0,0,0,105,,,,,,,,1,1,0,0,0,0,delete,
crs_ger_2.5Var_d238_m025,car sharing,Germany,2.5,Choice availability,station-based or combined - registered vehicles,# vehicles,m9,0.13982,0.092324,574.33,2021.1,31.428,27468,0.00036348,1832.3,-1.1482e+06,0.99519,0.99459,334.41,282.16,0.98509,0.9839,588.97,511.95,0.92514,0.91915,1319.7,1138.2,28,28,0.61017,0.040047,0.57013,28,0,27,0,0,0,0.91945,0,0,y,y,y,y,y,y,y,y,y,y,y,y,y,1,,,,0,,,1,1,,,,,,1,1,0,0,0,0,106,,,,,,,,1,1,0,0,0,0,delete,
crs_ger_2.9Int_d236_m025,car sharing,Germany,2.9,Interdependence with Hardware,shared vehicles,# vehicles,m9,0.14721,0.13432,1286,2034.2,29.852,2.232e+05,9.1135e-06,1858.5,-2.5741e+06,0.98412,0.98214,1444.1,1158.1,0.9837,0.98239,1463.4,1165.7,0.82147,0.80718,4842.6,3952.2,28,28,0.19314,0.0049282,0.18821,28,0,27,0,0,0,0.85959,0,0,y,y,y,y,y,y,y,m,y,m,y,m,y,1,,,,0,,,,1,,,,,,1,1,0,0,1,1,107,,,,,,,,1,1,0,0,1,1,,
crs_ger_3.5Mar_d074_m128,car sharing,Germany,3.5,Market Formation,CumulativeStartups,cum. # companies,m9,0.23975,0.10588,0.51225,2015.7,18.329,27.299,10.078,2014.4,-1019.8,0.98962,0.98886,0.78556,0.55153,0.95741,0.95538,1.5911,1.1577,0.74459,0.73243,3.8963,3.4729,45,28,0.84251,0.036631,0.80588,28,2,27,0,0,0,0.92947,0,1,y,y,y,y,y,y,y,y,y,y,y,y,y,,,,,0,prefer,original,1,1,0,0,1,1,,1,1,0,0,1,1,108,,,,,,,,1,1,0,0,1,1,,
crs_ger_3.5Mar_d126_m008,car sharing,Germany,3.5,Market Formation,NewStartups,# companies,m9,34.46,0.054056,0.035705,2007.3,0.12752,1.2353,0.22502,1989.7,-70.97,0.31353,0.2633,0.83078,0.42615,0.18429,0.14545,0.90561,0.59713,0.21386,0.17643,0.88905,0.57887,45,13,4.0476,0.80952,3.2381,26,6,25,1,0,1,0.40351,0,1,m,y,y,m,m,m,m,y,m,m,m,m,m,,,,noisy,0,hide,original,0,1,0,0,0,0,,0,0,0,0,0,0,109,,check,,,,,,0,1,0,0,0,0,delete,
crs_ger_3.5Mar_d171_m011,car sharing,Germany,3.5,Market Formation,PrivateEquityDeals,# deals,m9,0.62558,0.007646,0.070224,2014.7,7.0246,3.1875,1553.7,1.576e+05,-139.88,0.71447,0.69357,0.73545,0.34652,-0.26694,-0.32728,1.5492,0.71111,0.43908,0.41237,1.0308,0.80585,45,12,1.5686,0.31372,1.2549,13,2,12,1,0,1,0.82407,0,1,y,y,y,m,y,m,y,y,y,m,m,m,m,,,,,0,hide,original,1,1,0,0,0,0,,1,1,0,0,0,0,110,,,,,,,,1,1,0,0,0,0,delete,
crs_ger_3.5Mar_d175_m027,car sharing,Germany,3.5,Market Formation,PrivateEquityInvestment,$ million,m9,2.9424,0.16694,1.4549,2019.5,1.4935,108.36,1.938,2000.1,-2899.8,0.66154,0.63677,23.223,6.3206,0.43417,0.40722,30.026,12.79,0.22406,0.18711,35.162,21.702,45,10,1.9904,0.022675,1.9678,12,2,8,1,1,1,0.70249,0,0,m,y,y,m,y,m,y,y,m,m,m,m,m,,,,,0,hide,original,1,1,0,0,0,0,,1,1,0,0,0,0,111,,,,,,,,1,1,0,0,0,0,delete,
crs_ger_3.5Mar_d200_m027,car sharing,Germany,3.5,Market Formation,TotalFundraisingAmount,$ million,m9,22.652,0.18962,9.2407,2020.1,0.194,824.44,5.2677e-05,1937.3,-18420,0.46344,0.42418,250.29,68.826,0.26397,0.22892,293.15,95.273,0.12336,0.081614,319.92,142.01,45,12,2.7343,0.0014463,2.7329,13,3,7,1,1,1,0.18926,0,0,m,y,y,m,m,m,m,y,m,m,m,m,m,,,,,0,hide,original,1,1,0,0,0,0,,0,1,0,0,0,0,112,check,,,,,,,1,1,0,0,0,0,delete,
crs_ger_3.5Mar_d204_m011,car sharing,Germany,3.5,Market Formation,TotalFundraisingDeals,# deals,m9,0.82347,0.012735,0.12398,2015.6,5.3365,5.9551,1552.6,1.577e+05,-246.89,0.79481,0.7798,1.0626,0.533,-0.31237,-0.37486,2.6874,1.3111,0.4711,0.44591,1.7061,1.2644,45,17,1.6792,0.16792,1.5113,39,3,38,0,0,1,0.82769,0,1,y,y,y,m,m,m,y,y,y,m,m,m,m,,,,,0,hide,original,1,1,0,0,0,0,,1,1,0,0,0,0,113,,,,,,,,1,1,0,0,0,0,delete,
crs_ger_3.5Mar_d242_m156,car sharing,Germany,3.5,Market Formation,cumulative CumulativeStartups,cumulative cum. # companies,m9,0.18789,0.13796,4.3711,2023.9,23.388,512.33,0.058691,1962.8,-8705.6,0.99955,0.99952,1.4778,1.1491,0.99504,0.9948,4.9191,3.9433,0.66069,0.64453,40.683,33.7,45,28,0.50358,0.0019519,0.50163,28,0,27,0,0,1,0.88686,0,0,y,y,y,y,y,y,y,y,y,y,y,y,y,,,,,1,delete,transformed-cumx2error,0,0,0,0,0,0,,1,1,0,0,0,0,114,check,check,,,,,,1,1,0,0,0,0,delete,
crs_ger_3.5Mar_d243_m157,car sharing,Germany,3.5,Market Formation,Partial up to max CumulativeStartups,Partial up to max cum. # companies,m9,0.21963,0.045461,0.4698,2016.8,20.009,30.621,1546,1.5836e+05,-935.13,0.98772,0.98678,0.76522,0.5195,-0.50966,-0.58514,8.4853,4.9302,0.71267,0.69831,3.7018,3.1975,43,26,0.75111,0.032657,0.71846,26,0,25,0,0,0,0.90536,0,1,y,y,y,y,y,y,y,y,y,y,y,y,y,,,,not needed as transformed-cumulative preferred,1,delete,transformed-partial,0,0,0,0,0,0,,1,1,0,0,0,0,115,check,check,,,,,,1,1,0,0,0,0,delete,
crs_ger_3.5Mar_d244_m158,car sharing,Germany,3.5,Market Formation,cumulative NewStartups,cumulative # companies,m9,0.23975,0.10588,0.51225,2015.7,18.329,27.299,10.078,2014.4,-1019.8,0.98962,0.98886,0.78556,0.55153,0.95741,0.95538,1.5911,1.1577,0.74459,0.73243,3.8963,3.4729,45,28,0.84251,0.036631,0.80588,28,2,27,0,0,0,0.92947,0,1,y,y,y,y,y,y,y,y,y,y,y,y,y,,,,not needed as cumulative in original data,1,delete,transformed-cumulative,0,0,0,0,0,0,,1,1,0,0,0,0,116,check,check,,,,,,1,1,0,0,0,0,delete,
crs_ger_3.5Mar_d245_m159,car sharing,Germany,3.5,Market Formation,Partial up to max NewStartups,Partial up to max # companies,m9,0.64357,0.64312,0.049787,2033.2,6.8283,2.9214e+05,6.5375,2016.5,-99.041,0.61358,0.57845,0.62231,0.27558,0.61358,0.59085,0.62231,0.27562,0.28195,0.23972,0.8483,0.58837,37,8,1.7115e-05,3.423e-06,1.3692e-05,20,0,19,0,0,1,0.29545,0,1,m,y,y,m,m,m,m,m,m,m,m,m,m,,,,not needed as transformed-cumulative preferred,1,delete,transformed-partial,0,0,0,0,0,0,,0,1,0,0,0,0,117,,check,,,,,,0,1,0,0,0,0,delete,
crs_ger_3.5Mar_d246_m160,car sharing,Germany,3.5,Market Formation,cumulative PrivateEquityDeals,cumulative # deals,m9,0.42255,0.18846,0.49513,2019.4,10.4,37.997,11.688,2017.8,-986.73,0.99751,0.99733,0.45551,0.24898,0.9678,0.96626,1.6393,1.0256,0.49549,0.47146,6.4886,5.1961,45,14,0.84216,0.026318,0.81585,14,1,13,0,0,0,0.87883,0,1,y,y,y,y,y,y,y,y,y,y,y,y,y,,,,,0,prefer,transformed-cumulative,1,1,0,0,0,0,,1,1,0,0,0,0,118,,,,,,,,1,1,0,0,0,0,delete,
crs_ger_3.5Mar_d247_m161,car sharing,Germany,3.5,Market Formation,Partial up to max PrivateEquityDeals,Partial up to max # deals,m9,0.33674,0.0079229,0.072766,2019.1,13.05,7.6181,1553.6,1.576e+05,-144.95,0.89321,0.88477,0.4335,0.21491,-0.21778,-0.28023,1.4639,0.61905,0.44208,0.41347,0.99083,0.78035,42,10,0.65633,0.13127,0.52507,11,0,10,0,0,1,0.72222,0,1,y,y,y,m,y,m,y,y,y,m,m,m,m,,,,not needed as transformed-cumulative preferred,1,delete,transformed-partial,0,0,0,0,0,0,,1,1,0,0,0,0,119,check,check,,,,,,1,1,0,0,0,0,delete,
crs_ger_3.5Mar_d248_m162,car sharing,Germany,3.5,Market Formation,cumulative PrivateEquityInvestment,cumulative $ million,m9,1.2319,0.32405,5.9957,2020.8,3.5672,599.02,0.00016847,1977.1,-11953,0.9971,0.99689,7.6783,3.6694,0.93933,0.93644,35.111,17.149,0.29838,0.26497,119.4,83.335,45,13,0.96515,0.0045142,0.96064,13,1,12,0,0,1,0.79882,0,0,y,y,y,y,y,y,y,y,m,y,m,y,m,,,,,0,prefer,transformed-cumulative,1,1,0,0,0,0,,1,1,0,0,0,0,120,,,,,,,,1,1,0,0,0,0,delete,
crs_ger_3.5Mar_d249_m163,car sharing,Germany,3.5,Market Formation,Partial up to max PrivateEquityInvestment,Partial up to max $ million,m9,1.0466,1.0466,1.1129,2032.4,4.1988,3.3107e+07,0.19321,2014.3,-2218.1,0.99672,0.99646,1.9758,0.74452,0.99672,0.99655,1.9758,0.74452,0.15294,0.1095,31.747,15.66,42,8,6.5151e-06,7.4219e-08,6.4409e-06,10,0,6,0,1,1,0.34108,0,0,y,y,y,m,m,m,m,m,m,m,m,m,m,,,,not needed as transformed-cumulative preferred,1,delete,transformed-partial,0,0,0,0,0,0,,1,1,0,0,0,0,121,check,check,,,,,,1,1,0,0,0,0,delete,
crs_ger_3.5Mar_d250_m162,car sharing,Germany,3.5,Market Formation,cumulative TotalFundraisingAmount,cumulative $ million,m9,3.3991,0.34024,34.559,2020.6,1.2928,3201.2,1.23e-07,1952.8,-68902,0.98989,0.98915,87.06,29.576,0.90138,0.89668,271.95,120.88,0.26863,0.2338,740.57,517.33,45,13,1.127,0.00084471,1.1261,13,0,12,0,0,1,0.75195,0,0,y,y,y,m,y,m,y,y,m,m,m,m,m,,,,,0,prefer,transformed-cumulative,1,1,0,0,0,0,,1,1,0,0,0,0,122,,,,,,,,1,1,0,0,0,0,delete,
crs_ger_3.5Mar_d251_m163,car sharing,Germany,3.5,Market Formation,Partial up to max TotalFundraisingAmount,Partial up to max $ million,m9,3.3272,3.327,8.4007,2023.5,1.3208,1.0833e+07,1.6056e-21,2004.3,-16745,0.99523,0.99485,23.725,5.7857,0.99523,0.99498,23.724,5.7857,0.087889,0.041114,328.03,133.94,42,9,0.00020809,1.1007e-07,0.00020798,10,0,4,0,1,1,0.03599,0,0,y,y,y,m,m,m,m,m,m,m,m,m,m,,,,not needed as transformed-cumulative preferred,1,delete,transformed-partial,0,0,0,0,0,0,,1,1,0,0,0,0,123,check,check,,,,,,1,1,0,0,0,0,delete,
crs_ger_3.5Mar_d252_m160,car sharing,Germany,3.5,Market Formation,cumulative TotalFundraisingDeals,cumulative # deals,m9,0.3087,0.17493,0.89499,2020.9,14.235,84.934,3.2789,2006.8,-1782.5,0.99318,0.99268,1.3097,1.1316,0.98215,0.9813,2.1191,1.4207,0.53697,0.51492,10.794,8.5882,45,39,0.69466,0.011774,0.68288,39,0,38,0,0,0,0.87454,0,1,y,y,y,y,y,y,y,y,y,y,y,y,y,,,,,0,prefer,transformed-cumulative,1,1,0,0,0,0,,1,1,0,0,0,0,124,,,,,,,,1,1,0,0,0,0,delete,
crs_ger_3.5Mar_d253_m161,car sharing,Germany,3.5,Market Formation,Partial up to max TotalFundraisingDeals,Partial up to max # deals,m9,0.30712,0.012404,0.11993,2021.3,14.309,18.901,1552.7,1.5769e+05,-238.82,0.90258,0.89489,0.69729,0.36683,-0.24035,-0.30395,2.4881,1.0952,0.42336,0.39379,1.6965,1.2078,42,14,0.52906,0.052906,0.47616,36,0,35,0,0,1,0.68077,0,1,y,y,y,m,m,m,m,y,y,m,m,m,m,,,,not needed as transformed-cumulative preferred,1,delete,transformed-partial,0,0,0,0,0,0,,1,1,0,0,0,0,125,check,check,,,,,,1,1,0,0,0,0,delete,
crs_ger_4.1Sal_d213_m100,car sharing,Germany,4.1,Knowledge Flows (social networks),annualised Google search frequency (index 100=monthly max.),Index 0-100,m9,22.119,0.12514,3.5117,2016.9,0.19867,58.071,0.67056,1987.7,-7051.1,0.77386,0.73395,14.922,7.5331,0.39756,0.33062,24.355,17.743,0.45924,0.39916,23.075,16.656,21,8,1.722,0.52183,1.2002,8,6,3,1,1,1,0.83842,0,1,y,y,y,y,y,y,y,y,y,y,y,y,y,,,,,0,hide,original,1,1,0,0,0,0,,0,1,0,0,0,0,126,check,,,,,,,1,1,0,0,0,0,delete,
crs_ger_4.1Sal_d239_m153,car sharing,Germany,4.1,Knowledge Flows (social networks),Partial up to max annualised Google search frequency (index 100=monthly max.),Partial up to max Index 0-100,m9,,1.0466,3.4988,,,,1.0482,2013.6,-7026.2,,,,,0.97198,0.96731,4.4788,2.146,0.31916,0.20568,22.078,16.024,15,2,,,,2,0,1,0,0,1,0.38291,0,1,n,n,y,y,y,y,m,m,y,n,n,n,n,,,,,0,prefer,transformed-partial,1,1,0,0,1,1,,0,1,0,0,1,1,127,check,,,,,,,1,1,0,0,1,1,,
crs_ger_4.2Kme_d001_m132,car sharing,Germany,4.2,Knowledge Flows (mass media),"""car sharing"" mention in books",index (2022=100),m9,0.20878,0.12447,4.1051,2018.2,21.049,155.13,0.1798,1970.1,-8213.7,0.97131,0.9674,5.6147,5.1835,0.95503,0.95112,7.03,5.9975,0.86257,0.85062,12.29,10.506,26,26,0.64463,0.0036045,0.64102,26,0,25,0,0,1,0.91067,0,1,y,y,y,y,y,y,y,y,y,y,y,y,y,1,,,,0,,,1,1,,,,,,1,1,0,0,1,1,128,,,,,,,,1,1,0,0,1,1,,
crs_ger_4.2Kme_d254_m164,car sharing,Germany,4.2,Knowledge Flows (mass media),"Partial up to max ""car sharing"" mention in books",Partial up to max index (2022=100),m9,0.20878,0.12447,4.1051,2018.2,21.049,155.13,0.1798,1970.1,-8213.7,0.97131,0.9674,5.6147,5.1835,0.95503,0.95112,7.03,5.9975,0.86257,0.85062,12.29,10.506,26,26,0.64463,0.0036045,0.64102,26,0,25,0,0,1,0.91067,0,1,y,y,y,y,y,y,y,y,y,y,y,y,y,,,,,0,,,1,1,,,,,,1,1,0,0,0,0,129,,,,,,,,1,1,0,0,0,0,delete,
crs_glo_3.3Sci_d235_m020,car sharing,Global,3.3,Risk & Uncertainty (Shared Expectations),scientific publications,# publications,m9,0.76722,0.15115,7.5509,2017.2,5.7277,599.57,0.00015053,1922.3,-14996,0.96724,0.96531,33.136,13.306,0.85719,0.85169,69.186,37.007,0.42869,0.40671,138.38,107.23,55,31,1.2142,0.0016679,1.2125,44,3,43,0,0,1,0.92661,0,0,y,y,y,y,y,y,y,y,y,y,y,y,y,,,,"good; only available global, apply to all EA regions",0,,,1,1,0,0,1,1,,1,1,0,0,1,1,130,,,,,,,,1,1,0,0,1,1,,
crs_glo_3.5Mar_d074_m128,car sharing,Global,3.5,Market Formation,CumulativeStartups,cum. # companies,m9,0.25922,0.10787,6.0866,2015.7,16.952,324.98,0.024633,1935.7,-12116,0.99432,0.99391,6.9906,5.8813,0.95891,0.95695,18.804,13.624,0.72618,0.71314,48.54,42.918,45,43,0.84928,0.0030771,0.8462,43,0,42,0,0,0,0.93268,0,0,y,y,y,y,y,y,y,y,y,y,y,y,y,1,cum,,,0,prefer,original,1,1,0,0,0,1,,1,1,0,0,0,1,131,,,,,,,,1,1,0,0,0,1,,
crs_glo_3.5Mar_d126_m008,car sharing,Global,3.5,Market Formation,NewStartups,# companies,m9,0.60417,0.053737,0.42714,2008.7,7.2735,16.05,11.325,2016.2,-849,0.62337,0.59581,5.1127,3.081,0.38354,0.35418,6.5411,4.5708,0.44339,0.41688,6.2154,4.4379,45,35,1.8068,0.062304,1.7445,43,8,42,1,0,1,0.93314,0,1,m,y,y,y,y,y,y,y,y,m,y,m,y,4,interesting,convert to cum.,,0,hide,original,1,1,0,0,0,0,,1,1,0,0,0,0,132,,,,,,,,1,1,0,0,0,0,delete,
crs_glo_3.5Mar_d171_m011,car sharing,Global,3.5,Market Formation,PrivateEquityDeals,# deals,m9,0.81265,0.099581,0.91647,2013.6,5.4075,38.125,11.335,2009.8,-1825.3,0.90602,0.89914,4.8064,2.169,0.71392,0.70029,8.3858,5.9144,0.57633,0.55616,10.205,8.5432,45,19,1.3639,0.026229,1.3377,28,3,27,1,0,1,0.95044,0,1,y,y,y,y,y,y,y,y,y,y,y,y,y,4,,convert to cum.,,0,hide,original,1,1,0,0,0,0,,1,1,0,0,0,0,133,,,,,,,,1,1,0,0,0,0,delete,
crs_glo_3.5Mar_d175_m027,car sharing,Global,3.5,Market Formation,PrivateEquityInvestment,$ million,m9,22.634,0.078857,72.166,2014,0.19415,3340.2,0.0058824,1856.7,-1.437e+05,0.36692,0.3206,1814,722.63,0.17664,0.13744,2068.8,1081.4,0.16899,0.12942,2078.4,1188.3,45,18,3.4999,0.00038573,3.4995,19,5,18,1,0,1,0.32313,0,0,m,y,y,m,m,m,m,y,m,m,m,n,m,4,,convert to cum.,,0,hide,original,0,1,0,0,0,0,,1,1,0,0,0,0,134,check,,,,,,,1,1,0,0,0,0,delete,
crs_glo_3.5Mar_d200_m027,car sharing,Global,3.5,Market Formation,TotalFundraisingAmount,$ million,m9,0.63671,0.075489,154.29,2011.5,6.9018,6019.9,0.017925,1854.1,-3.0716e+05,0.43385,0.39242,2853.1,1482.5,0.28325,0.24912,3210.2,2079.3,0.27925,0.24493,3219.2,2256.2,45,19,2.5977,0.00021403,2.5975,19,8,18,1,0,1,0.5282,0,0,m,y,y,m,m,m,m,y,m,m,m,n,m,4,,convert to cum.,,0,hide,original,0,1,0,0,0,0,,0,0,0,0,0,0,135,,check,,,,,,0,1,0,0,0,0,delete,
crs_glo_3.5Mar_d204_m011,car sharing,Global,3.5,Market Formation,TotalFundraisingDeals,# deals,m9,0.68114,0.10081,1.381,2013.6,6.4516,57.916,0.98234,1981.5,-2750.4,0.92211,0.91641,6.4557,3.1016,0.75337,0.74162,11.487,7.9465,0.60123,0.58224,14.607,12.386,45,24,1.3295,0.017266,1.3122,39,3,38,0,0,1,0.94954,0,1,y,y,y,m,y,m,y,y,y,m,m,m,m,2,,,,0,hide,original,1,1,0,0,0,0,,0,0,0,0,0,0,136,check,check,,,,,,1,1,0,0,0,0,delete,
crs_glo_3.5Mar_d242_m156,car sharing,Global,3.5,Market Formation,cumulative CumulativeStartups,cumulative cum. # companies,m9,0.17221,0.13637,51.953,2026.3,25.518,7851.4,0.00018922,1901.8,-1.0345e+05,0.99922,0.99916,23.185,18.645,0.99682,0.99667,46.804,31.51,0.66152,0.64541,482.63,395.63,45,43,0.3956,0.00012737,0.39547,43,0,42,0,0,0,0.88644,0,0,y,y,y,y,y,y,y,y,y,y,y,y,y,,,,not needed as transformed-cumulative twice (error),1,delete,transformed-cumx2error,0,0,0,0,0,0,,1,1,0,0,0,0,137,check,check,,,,,,1,1,0,0,0,0,delete,
crs_glo_3.5Mar_d243_m157,car sharing,Global,3.5,Market Formation,Partial up to max CumulativeStartups,Partial up to max cum. # companies,m9,0.25922,0.10787,6.0866,2015.7,16.952,324.98,0.024633,1935.7,-12116,0.99432,0.99391,6.9906,5.8813,0.95891,0.95695,18.804,13.624,0.72618,0.71314,48.54,42.918,45,43,0.84928,0.0030771,0.8462,43,0,42,0,0,0,0.93268,0,0,y,y,y,y,y,y,y,y,y,y,y,y,y,,,,not needed as transformed-cumulative preferred,1,delete,transformed-partial,0,0,0,0,0,0,,1,1,0,0,0,0,138,check,check,,,,,,1,1,0,0,0,0,delete,
crs_glo_3.5Mar_d244_m158,car sharing,Global,3.5,Market Formation,cumulative NewStartups,cumulative # companies,m9,0.25922,0.10787,6.0866,2015.7,16.952,324.98,0.024633,1935.7,-12116,0.99432,0.99391,6.9906,5.8813,0.95891,0.95695,18.804,13.624,0.72618,0.71314,48.54,42.918,45,43,0.84928,0.0030771,0.8462,43,0,42,0,0,0,0.93268,0,0,y,y,y,y,y,y,y,y,y,y,y,y,y,,,,not needed as cumulative in original data,1,delete,transformed-cumulative,0,0,0,0,0,0,,1,1,0,0,0,0,139,check,check,,,,,,1,1,0,0,0,0,delete,
crs_glo_3.5Mar_d245_m159,car sharing,Global,3.5,Market Formation,Partial up to max NewStartups,Partial up to max # companies,m9,0.20048,0.04927,0.50759,2066.2,21.92,7.0007e+05,1545.6,1.5839e+05,-1009.5,0.93189,0.9257,1.9238,1.2742,-0.39305,-0.47499,8.7007,4.6216,0.54048,0.51345,4.9972,3.7368,37,27,4.1425e-05,1.4284e-06,3.9996e-05,35,0,34,0,0,1,0.76794,0,1,y,y,y,m,m,m,y,m,y,m,m,m,m,,,,not needed as transformed-cumulative preferred,1,delete,transformed-partial,0,0,0,0,0,0,,1,1,0,0,0,0,140,check,check,,,,,,1,1,0,0,0,0,delete,
crs_glo_3.5Mar_d246_m160,car sharing,Global,3.5,Market Formation,cumulative PrivateEquityDeals,cumulative # deals,m9,0.38212,0.17411,6.8368,2019,11.5,495.11,0.0032464,1955.5,-13624,0.9995,0.99946,2.7304,1.4649,0.97107,0.9697,20.731,14.015,0.5306,0.50825,83.513,67.974,45,28,0.86243,0.0020198,0.86041,28,0,27,0,0,1,0.884,0,0,y,y,y,y,y,y,y,y,y,y,y,y,y,,,,,0,prefer,transformed-cumulative,1,1,0,0,0,0,,1,1,0,0,0,0,141,,,,,,,,1,1,0,0,0,0,delete,
crs_glo_3.5Mar_d247_m161,car sharing,Global,3.5,Market Formation,Partial up to max PrivateEquityDeals,Partial up to max # deals,m9,0.51302,0.16733,0.90779,2014.6,8.5658,48.167,6.9537,2008.5,-1808,0.97868,0.977,2.1671,1.0776,0.93154,0.92803,3.8837,2.548,0.54955,0.52645,9.9618,8.3555,42,16,1.0796,0.020761,1.0588,25,0,24,0,0,1,0.85607,0,1,y,y,y,y,y,y,y,y,y,y,y,y,y,,,,not needed as transformed-cumulative preferred,1,delete,transformed-partial,1,1,0,0,0,0,,1,1,0,0,0,0,142,,,,,,,,1,1,0,0,0,0,delete,
crs_glo_3.5Mar_d248_m162,car sharing,Global,3.5,Market Formation,cumulative PrivateEquityInvestment,cumulative $ million,m9,0.62881,0.1678,616.86,2017.3,6.9885,35554,2.0839e-06,1882.4,-1.2293e+06,0.98927,0.98848,1175.2,454.94,0.91087,0.90663,3386.2,2183.5,0.49886,0.475,8029.5,6592.2,45,19,0.98002,3.6239e-05,0.97998,19,0,18,0,0,1,0.89785,0,0,y,y,y,y,y,y,y,y,y,y,y,y,y,,,,,0,prefer,transformed-cumulative,1,1,0,0,0,0,,1,1,0,0,0,0,143,,,,,,,,1,1,0,0,0,0,delete,
crs_glo_3.5Mar_d249_m163,car sharing,Global,3.5,Market Formation,Partial up to max PrivateEquityInvestment,Partial up to max $ million,m9,0.35321,0.35315,94.89,2049.1,12.441,3.6512e+08,8.1637e-10,1934,-1.8901e+05,0.57237,0.53673,1555.2,621.12,0.57237,0.54925,1555.2,621.16,0.21213,0.16954,2110.9,1315.5,40,13,3.2018e-05,3.5288e-09,3.2014e-05,14,0,13,0,0,1,0.29349,0,0,m,y,y,m,m,m,m,m,m,m,m,m,m,,,,not needed as transformed-cumulative preferred,1,delete,transformed-partial,0,0,0,0,0,0,,0,0,0,0,0,0,144,,,,,,,,0,0,0,0,0,0,delete,
crs_glo_3.5Mar_d250_m162,car sharing,Global,3.5,Market Formation,cumulative TotalFundraisingAmount,cumulative $ million,m9,0.45708,0.15143,1440.7,2017,9.6142,81630,3.4734e-06,1865.3,-2.8707e+06,0.9947,0.99432,1811.9,988.85,0.93907,0.93617,6145.5,4363.6,0.56486,0.54413,16423,13950,45,19,0.95047,1.5784e-05,0.95045,19,0,18,0,0,1,0.90621,0,0,y,y,y,y,y,y,y,y,y,y,y,y,y,,,,,0,prefer,transformed-cumulative,1,1,0,0,0,0,,1,1,0,0,0,0,145,,,,,,,,1,1,0,0,0,0,delete,
crs_glo_3.5Mar_d251_m163,car sharing,Global,3.5,Market Formation,Partial up to max TotalFundraisingAmount,Partial up to max $ million,m9,0.9771,0.97677,130.35,2025.6,4.4974,1.8359e+08,4.4887e-20,1960.5,-2.5952e+05,0.67135,0.64148,1816.9,355.99,0.67135,0.65202,1816.9,356.09,0.19285,0.14537,2847.4,1730.2,37,11,8.5179e-05,7.0181e-09,8.5172e-05,11,0,10,0,0,1,0.25168,0,0,m,y,y,m,m,m,m,m,m,m,m,m,m,,,,not needed as transformed-cumulative preferred,1,delete,transformed-partial,0,0,0,0,0,0,,0,1,0,0,0,0,146,,check,,,,,,0,1,0,0,0,0,delete,
crs_glo_3.5Mar_d252_m160,car sharing,Global,3.5,Market Formation,cumulative TotalFundraisingDeals,cumulative # deals,m9,0.34705,0.16927,10.458,2019.3,12.662,785.19,0.00016178,1933.4,-20838,0.99958,0.99955,3.7533,2.5703,0.97657,0.97545,28.109,18.62,0.54718,0.52562,123.56,100.64,45,39,0.8291,0.0012736,0.82782,39,0,38,0,0,0,0.88366,0,0,y,y,y,y,y,y,y,y,y,y,y,y,y,,,,,0,prefer,transformed-cumulative,1,1,0,0,0,0,,1,1,0,0,0,0,147,,,,,,,,1,1,0,0,0,0,delete,
crs_glo_3.5Mar_d253_m161,car sharing,Global,3.5,Market Formation,Partial up to max TotalFundraisingDeals,Partial up to max # deals,m9,0.45332,0.16334,1.3382,2014.7,9.694,72.991,3.6219,2001.9,-2665,0.97521,0.97325,3.4103,1.838,0.93421,0.93084,5.5551,3.6035,0.56091,0.53839,14.351,11.995,42,21,1.0549,0.0137,1.0412,36,0,35,0,0,1,0.85167,0,1,y,y,y,m,m,m,y,y,y,m,m,m,m,,,,not needed as transformed-cumulative preferred,1,delete,transformed-partial,0,0,0,0,0,0,,1,1,0,0,0,0,148,check,check,,,,,,1,1,0,0,0,0,delete,
crz_fra_1.1Ado_d058_m134,mobesity,France,1.1,Adoption over Time,Average weight of all new sales / registrations (kg),kg,b3,0.003138,0.0031245,4.1338,3747.8,1400.4,3.0949e+05,120.75,1244.6,-6989,0.49631,0.41237,26.451,24.065,0.49632,0.4433,26.45,24.065,0.49518,0.44204,26.48,24.064,22,22,0.0045721,0.0040389,0.00053314,22,0,21,0,0,0,0.95385,0,0,m,y,y,y,y,y,y,m,y,m,y,m,y,1,,,*needs sign reversal * negative slope = LED innovation,0,,,1,1,2,2,0,0,,1,1,0,0,0,0,149,,,,,,,,1,1,0,0,0,0,delete,
crz_fra_1.1Ado_d328_m185,mobesity,France,1.1,Adoption over Time,Weight of all new car sales as a share of heaviest vehicle available in 2025.,market share,b3,0.0056416,0.0031245,0.0013211,2050.3,778.94,0.95122,0.012853,892.76,-2.2336,0.49532,0.41121,0.0084617,0.0076917,0.49632,0.4433,0.0084533,0.007691,0.49518,0.44204,0.0084629,0.0076905,22,22,0.47541,0.41998,0.055437,22,0,21,0,0,0,0.95385,1,1,m,y,y,y,y,y,y,m,y,m,y,m,y,,,,*needs sign reversal * negative slope = LED innovation,0,prefer-relative,transformed-marketshare,0,1,1,1,0,0,,1,1,1,1,0,0,150,check,,,,,,,1,1,1,1,0,0,,
crz_ger_1.1Ado_d053_m144,mobesity,Germany,1.1,Adoption over Time,Average length of all new car sales / registrations (kg),mm,b3,0.0023584,0.002317,10.033,3716.7,1863.3,2.4654e+05,315.36,879.83,-15840,0.8758,0.85251,21.789,12.499,0.8758,0.86119,21.789,12.5,0.87562,0.86098,21.805,12.46,20,20,0.017969,0.017158,0.00081124,20,0,11,0,1,0,0.9499,0,0,y,y,y,y,y,y,y,m,y,m,y,n,y,1,,,*needs sign reversal * negative slope = LED innovation,0,,,0,1,0,0,0,0,,1,1,0,0,0,0,151,check,,,,,,,1,1,0,0,0,0,delete,
crz_ger_1.1Ado_d057_m134,mobesity,Germany,1.1,Adoption over Time,Average weight of all new car sales / registrations (kg),kg,b3,0.0057987,0.0057937,8.4444,3227.2,757.83,1.6864e+06,60.154,1460.8,-15523,0.7495,0.70775,31.03,25.366,0.7495,0.72314,31.03,25.366,0.74668,0.72002,31.204,25.419,22,22,0.00096717,0.00080469,0.00016248,22,0,21,0,0,0,0.95208,0,0,y,y,y,y,y,y,y,m,y,m,y,m,y,1,,,*needs sign reversal * negative slope = LED innovation,0,,,1,1,0,2,0,0,,1,1,0,0,0,0,152,,,,,,,,1,1,0,0,0,0,delete,
crz_ger_1.1Ado_d328_m185,mobesity,Germany,1.1,Adoption over Time,Weight of all new car sales as a share of heaviest vehicle available in 2025.,market share,b3,0.011486,0.0057937,0.0026987,2015.8,382.6,0.95889,0.0029621,1138,-4.9609,0.74634,0.70406,0.0099794,0.0081384,0.7495,0.72314,0.0099169,0.0081068,0.74668,0.72002,0.0099726,0.0081237,22,22,0.5436,0.45228,0.091322,22,0,21,0,0,0,0.95208,1,1,y,y,y,y,y,y,y,m,y,m,y,m,y,,,,*needs sign reversal * negative slope = LED innovation,0,prefer-relative,transformed-marketshare,0,1,0,1,0,0,,1,1,0,1,0,0,153,check,,,,,,,1,1,0,1,0,0,,
crz_ger_4.1Sal_d213_m100,mobesity,Germany,4.1,Knowledge Flows (social networks),annualised Google search frequency (index 100=monthly max.),Index 0-100,b3,-47.531,-0.072543,-0.77922,2008.8,-0.092455,20,-1519.5,-1.5515e+05,1574.1,0.16,0.011765,19.518,7.6194,-0.05,-0.16667,21.822,4.7619,0.049091,-0.056566,20.767,9.3342,21,1,5,5,0,1,0,0,0,0,,,0,1,n,n,m,m,m,m,m,m,m,n,n,n,n,,,,too few,0,hide,original,0,0,0,0,0,0,,0,0,0,0,0,0,154,,,,,,,,0,0,0,0,0,0,delete,
crz_ger_4.1Sal_d239_m153,mobesity,Germany,4.1,Knowledge Flows (social networks),Partial up to max annualised Google search frequency (index 100=monthly max.),Partial up to max Index 0-100,b3,15.561,,20,2008.1,0.2824,376.72,,,-40100,1,1,1.063e-05,4.8925e-06,,,,,0.5,0,28.284,24,5,1,0.26545,0.26545,0,1,0,0,0,0,,,0,1,y,n,y,m,m,m,m,m,y,n,n,n,n,,,,too few,0,prefer,transformed-partial,0,0,0,0,0,1,,0,0,0,0,0,1,155,,,,,,,,0,0,0,0,0,1,,
crz_glo_3.3Sci_d235_m020,mobesity,Global,3.3,Risk & Uncertainty (Shared Expectations),scientific publications,# publications,b3,0.18327,0.045075,0.29105,2001.5,23.977,13.101,11.558,2017.1,-575.58,0.79504,0.78298,2.4498,1.7596,0.68038,0.66809,3.0592,2.3273,0.72906,0.71864,2.8166,2.1875,55,45,1.5266,0.076329,1.4502,50,5,49,1,0,1,0.90591,0,1,y,y,y,y,y,y,y,y,y,y,y,y,y,,,,"good; only available global, apply to all EA regions",0,,,1,1,0,0,1,1,,1,1,0,0,1,1,156,,,,,,,,1,1,0,0,1,1,,
cso_usa_1.1Adod_m_0,Community Solar,United States,1.1,Adoption over Time,Annual community solar capacity installed in the United States,Installed capacity (MWdc),cso,0.19706,0.13657,138.55,2026.1,22.3,3682.5,0.00015141,1906.3,-2.7898e+05,0.79765,0.67625,182.05,133.09,0.79378,0.72504,183.78,125.08,0.78131,0.70842,189.26,142.85,9,9,0.51957,0.1594,0.36017,9,1,8,1,0,0,0.84892,0,0,y,y,y,y,y,y,y,y,y,y,y,,,,,,,,,,,,,,,,,,,,,,,,,,,,,,,,,,,,,,
dig_bra_1.1Adod_m_0,Digital skills,Brazil,1.1,Adoption over Time,% individuals making calls using VoIP or messaging app,%,s1,0.45431,0.11,4.9093,2016,9.6728,70.781,0.1289,1965.5,-9861,0.98465,0.97953,2.8911,2.3842,0.86237,0.83485,8.6558,8.0566,0.94361,0.93233,5.5407,4.572,13,13,0.98084,0.094993,0.88584,16,0,12,0,0,1,0.90783,0,1,y,y,y,y,y,y,y,y,y,y,y,,,,,,,,,,,,,,,,,,,,,,,,,,,,,,,,,,,,,,
dig_bra_1.1Adod_m_0,Digital skills,Brazil,1.1,Adoption over Time,% individuals uploading self/user-created conten,%,s1,0.05506,0.055057,1.2057,2199.3,79.813,4.9661e+05,1.7199,1971,-2409.7,0.43222,0.18889,4.9611,3.9645,0.43223,0.29028,4.961,3.9645,0.39522,0.24402,5.1202,3.9706,11,11,7.0266e-05,2.6417e-05,4.3849e-05,12,2,6,1,1,1,0.84435,0,1,m,y,y,y,y,y,y,m,y,m,y,,,,,,,,,,,,,,,,,,,,,,,,,,,,,,,,,,,,,,
dig_bra_1.1Adod_m_0,Digital skills,Brazil,1.1,Adoption over Time,Writing a computer program using a programming languages (% of individuals in last 3 months),%,s1,-0.0089256,-0.0015415,-0.024475,1254.8,-492.34,3447.7,-1542.7,-1.5285e+05,53.177,0.0060374,-0.3667,1.2713,1.0883,-8.7621,-10.931,3.9842,3.7746,0.0043899,-0.21686,1.2724,1.0898,12,12,0.0018451,0.00065774,0.0011874,12,0,3,0,1,0,0.78063,0,1,n,y,y,y,y,y,y,m,m,n,m,,,,,,,,,,,,,,,,,,,,,,,,,,,,,,,,,,,,,,
dig_den_2.9Int_d004_m195,digital skills,Denmark,2.9,Inter-dependence with hardware,% households with a computer,%,s1,0.26169,0.023104,0.019516,1996.3,16.793,0.9023,1.0742,2024.4,-38.438,0.97974,0.97757,0.030142,0.019988,0.63618,0.61108,0.12774,0.11192,0.72394,0.7049,0.11127,0.099385,32,32,1.0529,0.25934,0.79353,32,7,31,1,0,0,0.97687,1,1,y,y,y,y,y,y,y,y,y,y,y,,,,,,,,,,,,,,,,,,,,,,,,,,,,,,,,,,,,,,
dig_ger_1.1Adod_m_0,Digital skills,Germany,1.1,Adoption over Time,% individuals making calls using VoIP or messaging app,%,s1,0.17323,0.11042,3.2432,2020.9,25.368,114.94,0.35213,1975.1,-6499.3,0.96312,0.95662,4.2986,3.5849,0.95144,0.94604,4.9328,3.538,0.92222,0.91357,6.243,4.9676,21,21,0.66214,0.0090614,0.65307,23,0,20,0,0,1,0.88453,0,1,y,y,y,y,y,y,y,y,y,y,y,,,,,,,,,,,,,,,,,,,,,,,,,,,,,,,,,,,,,,
dig_ger_1.1Adod_m_0,Digital skills,Germany,1.1,Adoption over Time,% individuals uploading self/user-created conten,%,s1,0.052057,0.052055,1.2692,2206.3,84.416,5.447e+05,1.6527,1962.2,-2531.3,0.51968,0.15944,4.0011,2.8841,0.51968,0.32756,4.0011,2.8841,0.48256,0.27558,4.1528,3.0777,8,8,6.6255e-05,3.213e-05,3.4125e-05,11,0,3,0,1,0,0.82093,0,1,m,y,y,y,y,y,y,m,y,m,y,,,,,,,,,,,,,,,,,,,,,,,,,,,,,,,,,,,,,,
dig_ger_1.1Adod_m_0,Digital skills,Germany,1.1,Adoption over Time,Writing a computer program using a programming languages (% of individuals in last 3 months),%,s1,-0.059375,-0.059367,-0.36154,1867.2,-74.011,45344,8.7625,2011.3,735.63,0.4232,0.077126,1.6397,1.1671,0.42321,0.23094,1.6397,1.1671,0.39948,0.1993,1.6731,1.2456,9,9,0.00025533,0.00010207,0.00015326,13,6,1,1,1,0,0.81399,0,1,m,y,y,y,y,y,y,m,y,m,y,,,,,,,,,,,,,,,,,,,,,,,,,,,,,,,,,,,,,,
dig_glo_3.3Sci_d235_m020,digital skills,Global,3.3,Risk & Uncertainty (Shared Expectations),scientific publications,# publications,s1,0.29752,0.17477,18.994,2021,14.77,2545,0.00057337,1937.9,-37721,0.99421,0.99387,33.596,15.92,0.98226,0.98158,58.826,34.233,0.46603,0.44549,322.75,246.5,55,30,0.67938,0.00039293,0.67899,31,1,30,0,0,1,0.88042,0,0,y,y,y,y,y,y,y,y,y,y,y,y,y,,,,"good; only available global, apply to all EA regions",0,,,1,1,0,0,1,1,,1,1,0,0,1,1,165,,,,,,,,1,1,0,0,1,1,,
dig_ita_1.1Adod_m_0,Digital skills,Italy,1.1,Adoption over Time,% individuals making calls using VoIP or messaging app,%,s1,0.1748,0.14868,3.8019,2028.4,25.139,276.21,0.29124,1985.3,-7628.6,0.93833,0.92291,5.5722,4.5712,0.93673,0.927,5.6436,4.5745,0.83265,0.80691,9.1787,7.1633,16,16,0.28903,0.007946,0.28109,19,1,15,0,0,1,0.81697,0,1,y,y,y,y,y,y,y,y,y,y,y,,,,,,,,,,,,,,,,,,,,,,,,,,,,,,,,,,,,,,
dig_ita_1.1Adod_m_0,Digital skills,Italy,1.1,Adoption over Time,% individuals uploading self/user-created conten,%,s1,0.052837,0.052836,1.0388,2228.7,83.17,1.617e+06,2.0913,1972.1,-2072.5,0.77764,0.61087,2.1684,1.7995,0.77764,0.6887,2.1684,1.7995,0.69847,0.57786,2.5251,2.0595,8,8,2.0052e-05,1.1129e-05,8.9238e-06,13,0,6,0,1,0,0.80532,0,1,y,y,y,y,y,y,y,m,y,m,y,,,,,,,,,,,,,,,,,,,,,,,,,,,,,,,,,,,,,,
dig_ita_1.1Adod_m_0,Digital skills,Italy,1.1,Adoption over Time,Writing a computer program using a programming languages (% of individuals in last 3 months),%,s1,-0.051336,-0.051334,-0.26542,1814.9,-85.602,1.9743e+05,10.609,2006.5,541.79,0.347,-0.63249,1.5493,1.4021,0.34701,-0.088325,1.5493,1.4021,0.29012,-0.18314,1.6154,1.4966,6,6,4.5136e-05,2.2014e-05,2.3122e-05,13,3,1,1,1,0,0.78329,0,1,m,y,y,y,y,y,y,m,m,m,m,,,,,,,,,,,,,,,,,,,,,,,,,,,,,,,,,,,,,,
dig_ita_2.9Int_d004_m195,digital skills,Italy,2.9,Inter-dependence with hardware,% households with a computer,%,s1,0.26892,0.0027294,0.018968,2001.2,16.341,0.67885,1554.9,1.575e+05,-37.587,0.97071,0.96671,0.028144,0.023768,-10.971,-12.012,0.56894,0.54466,0.79519,0.77738,0.074417,0.063119,26,26,1.048,0.246,0.80201,27,10,25,1,0,0,0.96842,1,1,y,y,y,y,y,y,y,y,y,y,y,,,,,,,,,,,,,,,,,,,,,,,,,,,,,,,,,,,,,,
dig_jap_1.1Adod_m_0,Digital skills,Japan,1.1,Adoption over Time,% individuals making calls using VoIP or messaging app,%,s1,0.43924,0.15683,5.3381,2015,10.005,55.87,0.11119,1980,-10729,0.93792,0.87584,2.7547,2.5123,0.9028,0.8542,3.4469,3.0214,0.93249,0.89873,2.8727,2.4973,7,7,0.88812,0.31665,0.57147,7,0,6,0,0,0,0.8178,0,1,y,y,y,y,y,y,y,y,y,y,y,,,,,,,,,,,,,,,,,,,,,,,,,,,,,,,,,,,,,,
dig_jap_1.1Adod_m_0,Digital skills,Japan,1.1,Adoption over Time,% individuals uploading self/user-created conten,%,s1,0.20385,0.058595,3.7063,2014.3,21.557,89.814,0.28707,1927.2,-7419.7,0.89983,0.85691,4.1407,3.3151,0.85136,0.8142,5.0441,4.4573,0.8821,0.85263,4.4922,3.8419,11,11,0.84673,0.4393,0.40744,12,0,10,0,0,0,0.90565,0,1,y,y,y,y,y,y,y,y,y,y,y,,,,,,,,,,,,,,,,,,,,,,,,,,,,,,,,,,,,,,
dig_jap_1.1Adod_m_0,Digital skills,Japan,1.1,Adoption over Time,Writing a computer program using a programming languages (% of individuals in last 3 months),%,s1,2.7057,0.073585,0.78368,2017.8,1.6242,6.0564,1531.9,1.5983e+05,-1578.8,0.96198,0.84793,0.42595,0.30736,-4.2647,-9.5294,5.0125,4.5114,0.85451,0.70901,0.83327,0.70157,5,5,1.1264,0.099646,1.0268,8,0,4,0,0,1,0.75608,0,1,y,n,y,y,y,y,y,y,y,n,n,,,,,,,,,,,,,,,,,,,,,,,,,,,,,,,,,,,,,,
dig_net_1.1Adod_m_0,Digital skills,Netherlands,1.1,Adoption over Time,% individuals making calls using VoIP or messaging app,%,s1,0.10798,0.10796,3.6216,2097.2,40.697,2.616e+05,0.47249,1974.7,-7256.4,0.86483,0.81977,6.6396,5.2558,0.86483,0.83779,6.6396,5.2556,0.82002,0.78403,7.6614,6.7527,13,13,0.000301,1.9128e-05,0.00028187,18,0,12,0,0,1,0.69459,0,1,y,y,y,y,y,y,m,m,y,m,m,,,,,,,,,,,,,,,,,,,,,,,,,,,,,,,,,,,,,,
dig_net_1.1Adod_m_0,Digital skills,Netherlands,1.1,Adoption over Time,% individuals uploading self/user-created conten,%,s1,9.1067,0.058037,2.6881,2010,0.48255,46.956,0.81647,1945.3,-5369.2,0.96812,0.87247,1.4753,1.1377,0.4438,-0.11239,6.1619,5.3849,0.49113,-0.017744,5.8939,5.2497,5,5,1.0446,0.56718,0.47743,7,2,4,1,0,0,0.83484,0,1,y,n,y,y,y,y,y,y,y,n,n,,,,,,,,,,,,,,,,,,,,,,,,,,,,,,,,,,,,,,
dig_net_1.1Adod_m_0,Digital skills,Netherlands,1.1,Adoption over Time,Writing a computer program using a programming languages (% of individuals in last 3 months),%,s1,-0.015708,-0.015695,-0.12785,1565.9,-279.75,9680.3,11.643,1993.9,265.99,0.17968,-0.43555,0.72947,0.57653,0.17969,-0.14844,0.72947,0.57653,0.17482,-0.15525,0.73163,0.57617,8,8,0.00099011,0.00071243,0.00027768,9,6,4,1,1,0,0.85739,0,1,n,y,y,y,y,y,y,m,m,n,m,,,,,,,,,,,,,,,,,,,,,,,,,,,,,,,,,,,,,,
dig_nor_2.9Int_d004_m195,digital skills,Norway,2.9,Inter-dependence with hardware,% households with a computer,%,s1,0.13851,0.0031965,0.024041,1997,31.727,1.0333,1554.9,1.5749e+05,-47.459,0.96664,0.96075,0.029395,0.021318,-23.724,-26.471,0.80025,0.7839,0.93106,0.9234,0.042258,0.031692,21,21,0.94416,0.37743,0.56672,23,1,20,0,0,0,0.9593,1,1,y,y,y,y,y,y,y,y,y,y,y,,,,,,,,,,,,,,,,,,,,,,,,,,,,,,,,,,,,,,
dig_pol_2.9Int_d004_m195,digital skills,Poland,2.9,Inter-dependence with hardware,% households with a computer,%,s1,0.31138,0.0044591,0.037382,2005.2,14.113,0.83096,1554.4,1.5754e+05,-74.538,0.99586,0.99504,0.013756,0.011496,-7.8449,-8.9505,0.63614,0.5991,0.91627,0.90581,0.061892,0.052927,19,19,1.0003,0.22745,0.7729,19,0,18,0,0,0,0.95029,1,1,y,y,y,y,y,y,y,y,y,y,y,,,,,,,,,,,,,,,,,,,,,,,,,,,,,,,,,,,,,,
dig_por_1.1Adod_m_0,Digital skills,Portugal,1.1,Adoption over Time,% individuals making calls using VoIP or messaging app,%,s1,0.17405,0.12823,3.4683,2024.5,25.249,163.93,0.34077,1981.2,-6954.6,0.98001,0.97668,3.2745,2.6509,0.97383,0.97108,3.7468,2.8873,0.90244,0.89217,7.2348,6.5674,22,22,0.45461,0.015121,0.43949,22,0,21,0,0,0,0.89898,0,1,y,y,y,y,y,y,y,y,y,y,y,,,,,,,,,,,,,,,,,,,,,,,,,,,,,,,,,,,,,,
dig_por_1.1Adod_m_0,Digital skills,Portugal,1.1,Adoption over Time,% individuals uploading self/user-created conten,%,s1,0.70852,0.040842,1.6809,2010,6.2023,41.27,1.7606,1940.9,-3350.5,0.94397,0.90194,1.6499,1.3429,0.51819,0.32547,4.8382,4.2271,0.58064,0.41289,4.5138,4.1055,8,8,1.067,0.49855,0.56846,11,2,7,1,0,0,0.90224,0,1,y,y,y,y,y,y,y,y,y,y,y,,,,,,,,,,,,,,,,,,,,,,,,,,,,,,,,,,,,,,
dig_por_1.1Adod_m_0,Digital skills,Portugal,1.1,Adoption over Time,Writing a computer program using a programming languages (% of individuals in last 3 months),%,s1,0.020164,0.02016,0.14786,2438.9,217.94,37508,7.3783,2015.7,-290.64,0.41982,0.071708,0.66723,0.59738,0.41982,0.22643,0.66722,0.59738,0.40591,0.20789,0.67517,0.60188,9,9,0.00024961,0.00017205,7.7559e-05,13,0,4,0,1,0,0.85812,0,1,m,y,y,y,y,y,y,m,y,m,y,,,,,,,,,,,,,,,,,,,,,,,,,,,,,,,,,,,,,,
dig_por_2.9Int_d004_m195,digital skills,Portugal,2.9,Inter-dependence with hardware,% households with a computer,%,s1,0.20112,0.0038986,0.031109,2004.3,21.85,0.78167,1554.5,1.5752e+05,-61.966,0.99349,0.99246,0.01681,0.012073,-4.4435,-4.9878,0.48612,0.4392,0.98088,0.97897,0.028808,0.024172,23,23,0.91459,0.14072,0.77387,23,0,22,0,0,0,0.94926,1,1,y,y,y,y,y,y,y,y,y,y,y,,,,,,,,,,,,,,,,,,,,,,,,,,,,,,,,,,,,,,
dig_sou_1.1Adod_m_0,Digital skills,South Korea,1.1,Adoption over Time,% individuals making calls using VoIP or messaging app,%,s1,0.44334,0.10602,4.4492,2015.7,9.9121,68.056,0.22849,1969.1,-8933.3,0.91663,0.89579,6.6648,5.9048,0.78267,0.74924,10.761,9.1966,0.85854,0.83678,8.6818,7.2556,16,16,0.99591,0.047557,0.94835,17,1,15,0,0,1,0.9312,0,1,y,y,y,y,y,y,y,y,y,y,y,,,,,,,,,,,,,,,,,,,,,,,,,,,,,,,,,,,,,,
dig_sou_1.1Adod_m_0,Digital skills,South Korea,1.1,Adoption over Time,% individuals uploading self/user-created conten,%,s1,1.2798,0.072497,4.5341,2015.2,3.4338,63.12,0.31448,1948.6,-9101.7,0.918,0.88286,5.2824,4.1991,0.51087,0.38859,12.901,10.025,0.60415,0.50518,11.606,9.3865,11,11,1.1177,0.041061,1.0767,11,3,10,1,0,1,0.92511,0,1,y,y,y,y,y,y,y,y,y,y,y,,,,,,,,,,,,,,,,,,,,,,,,,,,,,,,,,,,,,,
dig_sou_1.1Adod_m_0,Digital skills,South Korea,1.1,Adoption over Time,Writing a computer program using a programming languages (% of individuals in last 3 months),%,s1,0.27914,0.085338,0.61564,2017.1,15.743,10.782,13.8,2027.9,-1236.4,0.74742,0.62113,1.0418,0.84538,0.70122,0.61585,1.1331,0.85746,0.72769,0.64989,1.0817,0.86335,10,10,0.95157,0.4051,0.54647,10,3,8,1,1,0,0.87652,0,1,y,y,y,y,y,y,y,y,y,y,y,,,,,,,,,,,,,,,,,,,,,,,,,,,,,,,,,,,,,,
dig_swe_1.1Adod_m_0,Digital skills,Sweden,1.1,Adoption over Time,% individuals making calls using VoIP or messaging app,%,s1,0.26786,0.084545,3.5769,2013.4,16.406,76.602,0.41305,1961.8,-7164,0.98102,0.97785,3.5337,2.7379,0.88859,0.87687,8.5605,7.6081,0.96806,0.9647,4.5833,3.9105,22,22,0.94425,0.043353,0.9009,24,0,20,0,0,0,0.93037,0,1,y,y,y,y,y,y,y,y,y,y,y,,,,,,,,,,,,,,,,,,,,,,,,,,,,,,,,,,,,,,
dig_swe_1.1Adod_m_0,Digital skills,Sweden,1.1,Adoption over Time,% individuals uploading self/user-created conten,%,s1,0.83019,0.022815,0.88279,2008.9,5.2933,38.144,3.6706,1914.8,-1742.6,0.39725,-0.2055,4.4829,3.1744,0.20254,-0.19619,5.1564,4.4481,0.21657,-0.17515,5.1108,4.4103,7,7,1.1573,0.72333,0.43394,11,1,6,1,0,0,0.85941,0,1,m,y,y,y,y,y,y,y,m,m,m,,,,,,,,,,,,,,,,,,,,,,,,,,,,,,,,,,,,,,
dig_swe_1.1Adod_m_0,Digital skills,Sweden,1.1,Adoption over Time,Writing a computer program using a programming languages (% of individuals in last 3 months),%,s1,-0.09811,-0.098108,-1.0534,1898.8,-44.791,1.393e+06,23.327,2010.9,2138.8,0.71458,0.57186,3.2046,2.6288,0.71458,0.63303,3.2046,2.6287,0.59867,0.484,3.7999,3.3414,10,10,1.7089e-05,6.5406e-06,1.0549e-05,15,9,0,0,0,1,0.82081,0,1,y,y,y,y,y,y,y,m,y,m,y,,,,,,,,,,,,,,,,,,,,,,,,,,,,,,,,,,,,,,
dig_swe_2.9Int_d004_m195,digital skills,Sweden,2.9,Inter-dependence with hardware,% households with a computer,%,s1,0.28729,0.029801,0.024658,1997.3,15.296,0.9072,0.98588,2015.2,-48.703,0.98103,0.97768,0.022848,0.019241,0.74577,0.71752,0.083634,0.069902,0.81031,0.78923,0.072242,0.059427,21,21,1.0173,0.35273,0.66457,21,4,20,1,0,0,0.96347,1,1,y,y,y,y,y,y,y,y,y,y,y,,,,,,,,,,,,,,,,,,,,,,,,,,,,,,,,,,,,,,
dig_uki_1.1Adod_m_0,Digital skills,United Kingdom,1.1,Adoption over Time,% individuals making calls using VoIP or messaging app,%,s1,0.31904,0.11326,2.9758,2011.6,13.774,52.212,1.0583,1984.7,-5959.7,0.96364,0.95372,2.9867,2.0005,0.85621,0.83225,5.9392,4.9003,0.94237,0.93276,3.7601,3.2952,15,15,0.9251,0.033303,0.8918,19,0,14,0,0,1,0.85694,0,1,y,y,y,y,y,y,y,y,y,y,y,,,,,,,,,,,,,,,,,,,,,,,,,,,,,,,,,,,,,,
dig_uki_1.1Adod_m_0,Digital skills,United Kingdom,1.1,Adoption over Time,% individuals uploading self/user-created conten,%,s1,0.073042,0.073037,2.4239,2145.8,60.164,5.9359e+05,0.61548,1957.2,-4842.4,0.32519,-1.6992,7.8905,6.2903,0.32519,-0.34961,7.8905,6.2902,0.29548,-0.40904,8.0624,6.3583,5,5,8.514e-05,3.9591e-05,4.5549e-05,7,0,2,0,1,0,0.7167,0,1,m,n,y,y,y,y,y,m,m,n,n,,,,,,,,,,,,,,,,,,,,,,,,,,,,,,,,,,,,,,
dig_uki_1.1Adod_m_0,Digital skills,United Kingdom,1.1,Adoption over Time,Writing a computer program using a programming languages (% of individuals in last 3 months),%,s1,-0.059427,-0.059418,-0.58766,1868,-73.946,63041,13.906,2009.6,1194.4,0.39565,-0.2087,1.9204,1.4878,0.39565,0.093476,1.9204,1.4878,0.37882,0.068236,1.9469,1.5316,7,7,0.00022313,0.00010597,0.00011716,9,4,3,1,1,1,0.79458,0,1,m,y,y,y,y,y,y,m,y,m,y,,,,,,,,,,,,,,,,,,,,,,,,,,,,,,,,,,,,,,
dig_usa_1.1Adod_m_0,Digital skills,United States,1.1,Adoption over Time,% individuals making calls using VoIP or messaging app,%,s1,,,,,,,,,,,,,,,,,,,,,,1,1,,,,1,0,0,0,0,,,0,1,n,n,y,m,m,m,m,m,m,n,n,,,,,,,,,,,,,,,,,,,,,,,,,,,,,,,,,,,,,,
dow_glo_3.3Sci_d235_m020,downsizing,Global,3.3,Risk & Uncertainty (Shared Expectations),scientific publications,# publications,b10,0.14444,0.081821,105.15,2016.7,30.425,8468.6,0.0092894,1858.7,-2.0845e+05,0.98588,0.98505,226.29,132.98,0.96764,0.9664,342.55,225.63,0.76829,0.75938,916.67,782.6,55,55,0.74346,0.00023617,0.74322,55,3,53,0,0,1,0.9538,0,0,y,y,y,y,y,y,y,y,y,y,y,y,y,,,,"good; only available global, apply to all EA regions",0,,,1,1,0,0,1,1,,1,1,0,0,1,1,206,,,,,,,,1,1,0,0,1,1,,
dow_swi_1.1Ado_d191_m087,downsizing,Switzerland,1.1,Adoption over time,Share of people living in a small dwelling with high wellbeing,% people,b10,0.20989,,0.00266,2025.2,20.937,0.075455,,,-5.354,0.98713,0.94853,0.0004311,0.00036973,,,,,0.97973,0.95946,0.00054111,0.000416,5,5,0.29157,0.15771,0.13386,5,0,4,0,0,0,0.77169,1,1,y,n,y,y,y,y,y,m,y,n,n,n,n,1,,,,0,,original,1,1,0,0,0,0,,1,1,0,0,0,0,207,,,,,,,,1,1,0,0,0,0,delete,
dow_swi_1.1Ado_d191_m185,downsizing,Switzerland,1.1,Adoption over time,share of people living in a small dwelling with high wellbeing,market share,b10,0.20989,,0.00266,2025.2,20.937,0.075455,,,-5.354,0.98713,0.94853,0.0004311,0.00036973,,,,,0.97973,0.95946,0.00054111,0.000416,5,5,0.29157,0.15771,0.13386,5,0,4,0,0,0,0.77169,1,1,y,n,y,y,y,y,y,m,y,n,n,n,n,,,,,0,prefer-relative,transformed-marketshare,1,1,1,1,0,0,,1,1,1,1,0,0,208,,,,,,,,1,1,1,1,0,0,,
dow_swi_4.1Sal_d213_m100,downsizing,Switzerland,4.1,Knowledge Flows (social networks),annualised Google search frequency (index 100=monthly max.),Index 0-100,b10,0.818,0.1689,5.452,2017.6,5.3722,91.761,0.11008,1983,-10950,0.98218,0.97903,4.9504,3.3128,0.83589,0.81766,15.022,12.331,0.79259,0.76955,16.888,14.568,21,13,1.0898,0.0042528,1.0855,17,3,11,1,1,1,0.91019,0,1,y,y,y,y,y,y,y,y,y,y,y,y,y,,,,,0,hide,original,1,1,0,0,0,0,,1,1,0,0,0,0,209,,,,,,,,1,1,0,0,0,0,delete,
dow_swi_4.1Sal_d239_m153,downsizing,Switzerland,4.1,Knowledge Flows (social networks),Partial up to max annualised Google search frequency (index 100=monthly max.),Partial up to max Index 0-100,b10,0.57093,0.31381,5.0674,2019,7.6971,133.11,0.077591,1997.9,-10177,0.99549,0.99452,2.1264,1.5923,0.97621,0.97304,4.8828,3.9238,0.68972,0.64835,17.633,15.218,18,10,0.75124,0.0029317,0.74831,14,0,8,0,1,1,0.77779,0,1,y,y,y,y,y,y,y,y,y,y,y,y,y,,,,,0,prefer,transformed-partial,1,1,0,0,1,1,,1,1,0,0,1,1,210,,,,,,,,1,1,0,0,1,1,,
dri_glo_3.3Sci_d235_m020,drivers licence (not having),Global,3.3,Risk & Uncertainty (Shared Expectations),scientific publications,# publications,b9,0.5221,0.18566,3.8416,2019.7,8.4168,426.61,0.014554,1968.7,-7628.8,0.87574,0.86843,34.868,15.091,0.84453,0.83855,39.002,14.33,0.38008,0.35624,77.882,52.526,55,34,1.1626,0.002344,1.1603,43,2,42,0,0,1,0.85432,0,0,y,y,y,y,y,y,y,y,y,y,y,y,y,,,,"good; only available global, apply to all EA regions",0,,,1,1,0,0,1,1,,1,1,0,0,1,1,211,,,,,,,,1,1,0,0,1,1,,
dri_sto_1.1Ado_d006_m047,drivers licence (not having),Stockholm,1.1,Adoption over Time,% of 18-19yr age group holding a drivers licence,% of 18-19yr olds,b9,0.018264,0.018264,0.004499,2576.3,240.6,7569,0.011921,1844.7,-8.7965,0.76953,0.078114,0.017874,0.016363,0.76953,0.53906,0.017874,0.016363,0.73006,0.46013,0.019344,0.018109,5,5,4.3297e-05,2.8728e-05,1.4568e-05,21,0,3,0,1,0,0.75348,1,1,y,m,y,y,y,y,y,m,y,m,m,m,m,,,,*needs sign reversal * negative slope = LED innovation,0,duplicated in market share,,1,1,0,0,0,0,,1,1,0,0,0,0,212,,,,,,,,1,1,0,0,0,0,delete,
dri_sto_1.1Ado_d334_m185,drivers licence (not having),Stockholm,1.1,Adoption over Time,share of teenagers with drivers licenses,market share,b9,0.024471,0.018264,0.004499,2055.8,179.58,0.99498,0.011921,1844.7,-8.7965,0.75566,0.022626,0.018404,0.016998,0.76953,0.53906,0.017874,0.016363,0.73006,0.46013,0.019344,0.018109,5,5,0.32936,0.21854,0.11082,21,0,3,0,1,0,0.75348,1,1,y,m,y,y,y,y,y,m,y,m,m,,,,,,,,,,,,,,,,,,,,,,,,,,,,,,,,,,,,,,
dri_sto_3.2Adc_d007_m045,drivers licence (not having),Stockholm,3.2,Adopter Characteristics,"% of 18-19yr age group holding a drivers licence, by gender",% of 18-19yr old females,b9,-128.32,0.032352,-0.0068741,2023,-0.034245,0.045256,-4.2721,3105,13.874,0.060287,-2.7589,0.067,0.051897,-0.28305,-1.5661,0.078288,0.036771,0.49459,-0.010815,0.049136,0.041715,5,5,3.8669,0.03691,3.83,21,4,3,0,1,1,0.010018,1,1,n,m,y,y,y,y,m,y,y,n,m,m,m,,,,* data error - missing data?,0,,,0,0,0,0,0,0,,1,1,0,0,0,0,213,check,check,,,,,,1,1,0,0,0,0,delete,
dri_sto_3.2Adc_d007_m046,drivers licence (not having),Stockholm,3.2,Adopter Characteristics,"% of 18-19yr age group holding a drivers licence, by gender",% of 18-19yr old males,b9,-19.781,-0.016875,-0.011887,2017.8,-0.22216,0.10224,-889.25,-5.8616e+05,23.991,0.16521,-2.3392,0.10888,0.080249,-0.27652,-1.553,0.13464,0.062665,0.49749,-0.0050229,0.084476,0.071755,5,5,2.9442,0.026173,2.918,21,4,3,0,1,1,0.0091913,1,1,n,m,y,y,y,y,m,y,y,n,m,m,m,,,,* data error - missing data?,0,,,0,0,0,0,0,0,,1,1,0,0,0,0,214,check,check,,,,,,1,1,0,0,0,0,delete,
dri_sto_3.2Adc_d008_m048,drivers licence (not having),Stockholm,3.2,Adopter Characteristics,% of 18-19yr age group in 2003 holding a drivers licence,% of 18-19yr olds in 2003 cohort,b9,3.866,0.0020636,0.011816,2003,1.1367,0.50612,1555.1,1.5749e+05,-23.333,0.91253,0.65013,0.033275,0.024933,-16.167,-33.333,0.46616,0.45238,0.55148,0.10297,0.075349,0.063955,5,5,1.1078,0.46911,0.63865,21,0,4,0,0,1,0.78866,1,1,y,m,y,y,y,y,y,y,y,m,m,n,m,,,,*needs sign reversal * negative slope = LED innovation,0,,,0,1,0,0,0,0,,0,1,0,0,0,0,215,,,,,,,,0,1,0,0,0,0,delete,
dri_sto_4.5Inf_d031_m072,drivers licence (not having),Stockholm,4.5,Compatibility,% of population holding a drivers licence,% of population,b9,-0.00017129,-0.00010085,-5.3361e-05,-3.4767,-25655,1.2883,0.49889,2687.1,0.6414,0.0037453,-2.985,0.0061621,0.0055959,0.0037694,-0.99246,0.006162,0.0055958,0.0037354,-0.99253,0.0061621,0.0055959,5,5,0.42069,0.40894,0.011748,21,0,1,0,1,0,0.79465,1,1,n,m,y,y,y,y,y,m,m,n,m,,,,,,,,,,,,,,,,,,,,,,,,,,,,,,,,,,,,,,
dri_swe_1.1Ado_d006_m044,drivers licence (not having),Sweden,1.1,Adoption over Time,% of 18-19yr age group holding a drivers licence,% of 18-19yr age group,b9,-0.022396,-0.022396,-0.0092404,1505.7,-196.21,27542,1.3124,1950.1,18.918,0.74424,0.68943,0.045534,0.036587,0.74424,0.71014,0.045534,0.036587,0.67556,0.6323,0.051285,0.039707,18,18,2.5561e-05,1.3325e-05,1.2236e-05,29,17,8,0,1,0,0.90776,1,1,y,y,y,y,y,y,y,m,y,m,y,m,y,,,,*needs sign reversal * negative slope = LED innovation,0,duplicated in market share,,1,1,0,0,0,0,,1,1,0,0,0,0,218,,,,,,,,1,1,0,0,0,0,delete,
dri_swe_1.1Ado_d334_m185,drivers licence (not having),Sweden,1.1,Adoption over Time,share of teenagers with drivers licenses,market share,b9,-0.038284,-0.022396,-0.0092404,1993.1,-114.78,1,1.3124,1950.1,18.918,0.68491,0.61738,0.05054,0.039109,0.74424,0.71014,0.045534,0.036587,0.67556,0.6323,0.051285,0.039707,18,18,0.704,0.367,0.337,29,17,8,0,1,0,0.90776,1,1,m,y,y,y,y,y,y,y,y,m,y,,,,,,,,,,,,,,,,,,,,,,,,,,,,,,,,,,,,,,
dri_swe_4.5Inf_d031_m072,drivers licence (not having),Sweden,4.5,Compatibility,% of population holding a drivers licence,% of population,b9,,0.0012141,0.00096677,,,,0.17408,750.47,-1.1399,,,,,0.77033,-inf,0.0045183,0.0042591,0.77341,-inf,0.0044879,0.0042296,3,3,,,,22,1,2,1,0,0,0.66935,1,1,n,m,y,y,y,y,m,m,y,n,m,,,,,,,,,,,,,,,,,,,,,,,,,,,,,,,,,,,,,,
dri_usa_1.1Ado_d334_m185,drivers licence (not having),US,1.1,Adoption over Time,share of teenagers with drivers licenses,market share,b9,-0.075912,0.00033889,-0.0063917,2024.5,-57.888,0.67676,1555.5,1.5742e+05,13.326,0.59835,0.29712,0.092151,0.083982,-13.3,-19.019,0.54985,0.53027,0.5309,0.34326,0.09959,0.090787,8,8,1.1821,0.4891,0.69301,45,5,1,1,0,0,0.85176,1,1,m,y,y,y,y,y,y,y,y,m,y,,,,,,,,,,,,,,,,,,,,,,,,,,,,,,,,,,,,,,
dri_usa_1.1Ado_d349_m057,drivers licence (not having),US,1.1,Adoption over Time,"% of population holding a drivers licence, by age group<=19yrs",% of <=19 yr olds,b9,-0.075912,0.00033889,-0.0063917,2024.5,-57.888,0.67676,1555.5,1.5742e+05,13.326,0.59835,0.29712,0.092151,0.083982,-13.3,-19.019,0.54985,0.53027,0.5309,0.34326,0.09959,0.090787,8,8,1.1821,0.4891,0.69301,45,5,1,1,0,0,0.85176,1,1,m,y,y,y,y,y,y,y,y,m,y,,,,,,,,,,,,,,,,,,,,,,,,,,,,,,,,,,,,,,
dri_usa_2.2Rel_d051_m125,drivers licence (not having),US,2.2,Relative Advantage (profitability),Average cost of mile traveled by bus / car,bus/car cost per mile traveled,b9,0.22465,0.010593,0.0075206,1998.5,19.561,0.72714,3.3755,2164.5,-14.459,0.54721,0.44272,0.044062,0.029972,0.37192,0.28219,0.051895,0.034375,0.38961,0.30241,0.051159,0.033317,17,17,1.0793,0.78984,0.28942,19,4,16,1,0,0,0.95555,1,1,m,y,y,y,y,y,y,y,y,m,y,m,y,,,,,0,,,,1,,,,,,1,1,0,0,0,1,222,,,,,,,,1,1,0,0,0,1,,
dri_usa_2.2Rel_d055_m026,drivers licence (not having),US,2.2,Relative Advantage (profitability),Average total cost of mile traveled by bus,$ (constant 2022),b9,0.10122,0.0021684,0.01276,2009.1,43.413,0.54245,1555,1.575e+05,-25.364,0.99091,0.98882,0.0066512,0.0055446,-20.421,-23.481,0.32292,0.31529,0.98784,0.98611,0.0076924,0.0055572,17,17,0.77227,0.38578,0.38649,19,0,16,0,0,0,0.93706,1,1,y,y,y,y,y,y,y,y,y,y,y,y,y,,,,,0,,,1,1,,,,,,1,1,0,0,0,0,223,,,,,,,,1,1,0,0,0,0,delete,
dri_usa_2.2Rel_d056_m026,drivers licence (not having),US,2.2,Relative Advantage (profitability),Average total cost of mile traveled by car,$ (constant 2022),b9,0.033059,0.0023437,0.014741,2327.4,132.93,15132,1555,1.5749e+05,-29.201,0.89445,0.87582,0.031015,0.02234,-22.911,-25.568,0.46681,0.45694,0.87423,0.86025,0.033856,0.021976,21,21,4.7581e-05,2.0475e-05,2.7106e-05,21,0,20,0,0,0,0.93019,1,1,y,y,y,y,y,y,y,m,y,m,y,m,y,,,,,0,,,,1,,,,,,1,1,0,0,0,0,224,,,,,,,,1,1,0,0,0,0,delete,
dri_usa_2.2Rel_d105_m131,drivers licence (not having),US,2.2,Relative Advantage (profitability),Fuel efficiency (VMT per gallon),index (1989=1),b9,0.028012,0.0077988,0.0076289,1958.4,156.88,1.3665,0.53973,1918.3,-14.228,0.90882,0.90419,0.044219,0.03492,0.88224,0.87831,0.050254,0.041248,0.8974,0.89398,0.046907,0.038396,63,63,0.85327,0.54884,0.30444,63,0,50,0,1,0,0.98334,0,1,y,y,y,y,y,y,y,y,y,y,y,y,y,,,,,0,,,1,1,,,,,,1,1,0,0,0,0,225,,,,,,,,1,1,0,0,0,0,delete,
dri_usa_2.3Cob_d208_m069,drivers licence (not having),US,2.3,Relative Advantage (Co-Benefits),Traffic death rates,% of licensed drivers,b9,-0.019186,,-4.6624e-06,1430.4,-229.05,12.465,,,0.0095505,0.91997,0.9015,1.0452e-05,8.9224e-06,,,,,0.88995,0.87422,1.2257e-05,1.0224e-05,17,17,2.8207e-05,1.4409e-05,1.3799e-05,29,16,0,0,0,0,0.91349,1,1,y,y,y,y,y,y,y,m,y,m,y,m,y,,,,,0,,,,1,,,,,,1,1,0,0,0,0,226,,,,,,,,1,1,0,0,0,0,delete,
dri_usa_2.9Int_d124_m131,drivers licence (not having),US,2.9,Inter-dependence with Hardware,Motor fuel consumption,index (1989=1),b9,0.058448,0.013664,0.014717,1971.8,75.186,1.4247,0.9062,1985,-28.289,0.96314,0.96127,0.05337,0.045064,0.87233,0.86807,0.099333,0.078457,0.92667,0.92423,0.07528,0.059045,63,63,0.96163,0.30884,0.65278,63,3,62,0,0,0,0.98566,0,1,y,y,y,y,y,y,y,y,y,y,y,y,y,,,,,0,,,1,1,,,,,,1,1,0,0,0,1,227,,,,,,,,1,1,0,0,0,1,,
dri_usa_2.9Int_d198_m143,drivers licence (not having),US,2.9,Inter-dependence with Hardware,Total number of vehicles registered,million vehicles,b9,0.050865,0.017431,3.3895,1981.5,86.394,309.93,5.0172,1786.5,-6563,0.99369,0.99337,4.9237,4.3744,0.94654,0.94476,14.329,12.851,0.98911,0.98875,6.4659,5.7872,63,63,0.9131,0.23876,0.67434,63,0,62,0,0,0,0.98204,0,0,y,y,y,y,y,y,y,y,y,y,y,y,y,,,,,0,,,1,1,,,,,,1,1,0,0,0,1,228,,,,,,,,1,1,0,0,0,1,,
dri_usa_3.2Adc_d011_m050,drivers licence (not having),US,3.2,Adopter characteristics,% of age cohort 18 yrs in 1978 holding a drivers licence,% of 18yr olds in 1978,b9,0.41219,0.0011129,0.0021156,1973.7,10.661,0.93459,1555.5,1.5742e+05,-3.3266,0.99756,0.99512,0.0023729,0.0016643,-362.12,-543.68,0.91582,0.91456,0.49423,0.24135,0.034179,0.027189,7,7,1.0036,0.85278,0.15087,45,1,6,0,0,0,0.8701,1,1,y,y,y,y,y,y,y,m,y,m,y,m,y,,,,,0,,,,1,,,,,,0,1,0,0,0,0,229,,,,,,,,0,1,0,0,0,0,delete,
dri_usa_3.2Adc_d012_m051,drivers licence (not having),US,3.2,Adopter characteristics,% of age cohort 18 yrs in 1988 holding a drivers licence,% of 18yr olds in 1988,b9,1.9015,0.0069052,0.0062562,1987.6,2.311,0.93079,0.35674,1878.8,-11.689,0.98884,0.9721,0.01187,0.0082289,0.46723,0.11205,0.082009,0.063242,0.49239,0.15399,0.080049,0.062662,6,6,1.0265,0.67792,0.3486,35,4,5,1,0,0,0.8561,1,1,y,y,y,y,y,y,y,y,y,y,y,y,y,,,,,0,,,1,1,,,,,,0,1,0,0,0,0,230,check,,,,,,,1,1,0,0,0,0,delete,
dri_usa_3.2Adc_d013_m052,drivers licence (not having),US,3.2,Adopter characteristics,% of age cohort 18 yrs in 2008 holding a drivers licence,% of 18yr olds in 2008,b9,0.085348,0.0026862,0.018764,2003.5,51.489,1.0993,1555.2,1.575e+05,-37.023,0.98934,-inf,0.010627,0.0085054,-64.898,-196.69,0.83543,0.82907,0.98694,0.96083,0.01176,0.0096661,4,4,0.82443,0.59494,0.22949,15,0,3,0,0,0,0.76864,1,1,y,m,y,y,y,y,y,y,y,m,m,n,m,,,,,0,,,,,,,,,,0,1,0,0,0,0,231,,,,,,,,0,1,0,0,0,0,delete,
dri_usa_3.2Adc_d014_m053,drivers licence (not having),US,3.2,Adopter characteristics,% of age cohort 18 yrs in 2019 holding a drivers licence,% of 18yr olds in 2019,b9,0.33682,0.005666,0.050773,2016.7,13.047,0.89938,1554.1,1.5762e+05,-101.89,1,1,3.0432e-15,2.9606e-15,-117.39,-inf,0.69071,0.68779,0.99516,-inf,0.0044184,0.0040907,3,3,0.85655,0.68491,0.17163,4,0,2,0,0,0,0.65577,1,1,y,n,y,y,y,y,m,m,y,n,n,n,n,,,,,0,,,,,,,,,,1,1,0,0,0,0,232,,,,,,,,1,1,0,0,0,0,delete,
dri_usa_3.2Adc_d032_m042,drivers licence (not having),US,3.2,Adopter characteristics,"% of population holding a drivers licence, by age group",% of 16yr olds,b9,-0.06425,-0.014538,-0.0054538,2020.3,-68.396,0.50181,0.0039281,2310.8,11.278,0.96405,0.93709,0.017743,0.012073,0.9016,0.86224,0.029354,0.021859,0.93324,0.90654,0.024179,0.016733,8,8,0.92067,0.49595,0.42471,45,6,0,1,0,0,0.86819,1,1,y,y,y,y,y,y,y,y,y,y,y,y,y,,,,,0,,,1,1,,,,,,1,1,0,0,0,0,233,,,,,,,,1,1,0,0,0,0,delete,
dri_usa_3.2Adc_d032_m043,drivers licence (not having),US,3.2,Adopter characteristics,"% of population holding a drivers licence, by age group",% of 17yr olds,b9,39.546,-0.0092314,-0.0048884,1987.9,0.11112,0.48992,0.0047254,2513,10.321,-10.451,-19.039,0.34903,0.20314,0.62644,0.47702,0.063041,0.04138,0.61712,0.46397,0.063822,0.042372,8,8,1.4166,0.87708,0.53948,45,7,0,0,0,0,0.83987,1,1,n,y,y,y,y,y,y,y,y,n,y,m,y,,,,,0,,,,1,,,,,,1,1,0,0,0,0,234,,,,,,,,1,1,0,0,0,0,delete,
dri_usa_3.2Adc_d032_m049,drivers licence (not having),US,3.2,Adopter characteristics,"% of population holding a drivers licence, by age group",% of 18yr olds,b9,-0.0063179,-0.006307,-0.0042911,994.14,-695.55,393.73,0.18822,2204.4,9.2692,0.70609,0.48566,0.045922,0.032018,0.70609,0.58853,0.045922,0.032017,0.7051,0.58714,0.046,0.032109,8,8,0.002042,0.0014731,0.00056891,45,6,1,1,0,0,0.85988,1,1,y,y,y,y,y,y,y,m,y,m,y,m,y,,,,,0,,,,1,,,,,,1,1,0,0,0,0,235,,,,,,,,1,1,0,0,0,0,delete,
dri_usa_3.2Adc_d032_m054,drivers licence (not having),US,3.2,Adopter characteristics,"% of population holding a drivers licence, by age group",% of 19yr olds,b9,-3.2359,-0.0050108,-0.0038449,1988.7,-1.358,0.8625,0.8024,1991.4,8.4612,-70.317,-123.81,0.57249,0.45445,0.88313,0.83639,0.023175,0.018139,0.88384,0.83737,0.023105,0.01725,8,8,1.0122,0.78493,0.22725,45,6,1,1,0,0,0.87098,1,1,n,y,y,y,y,y,y,y,y,n,y,n,y,,,,,0,,,,1,,,,,,0,1,0,0,0,0,236,,,,,,,,0,1,0,0,0,0,delete,
dri_usa_3.2Adc_d032_m055,drivers licence (not having),US,3.2,Adopter characteristics,"% of population holding a drivers licence, by age group",% of 20-24 yr olds,b9,-0.008377,-0.0038488,-0.0032878,2020,-524.58,1.5833,0.29137,2279.9,7.4332,0.9621,0.93367,0.010817,0.0098363,0.96158,0.94622,0.01089,0.0096286,0.96213,0.94698,0.010813,0.0097805,8,8,0.58801,0.48656,0.10146,45,7,0,0,0,0,0.87402,1,1,y,y,y,y,y,y,y,m,y,m,y,m,y,,,,,0,,,,1,,,,,,1,1,0,0,0,0,237,,,,,,,,1,1,0,0,0,0,delete,
dri_usa_3.2Adc_d032_m056,drivers licence (not having),US,3.2,Adopter characteristics,"% of population holding a drivers licence, by age group",% of 25-29 yr olds,b9,-0.0033613,-0.0033574,-3.0565e-05,1.0509,-1307.4,7.6045,0.00089647,2692.6,0.070316,0.80959,0.66677,0.00024635,0.00022764,0.80959,0.73343,0.00024635,0.00022763,0.80534,0.72748,0.00024908,0.00022991,8,8,0.0013295,0.0011033,0.00022618,45,7,1,0,0,0,0.86353,1,1,y,y,y,y,y,y,y,m,y,m,y,m,y,,,,,0,,,,1,,,,,,1,1,0,0,0,0,238,,,,,,,,1,1,0,0,0,0,delete,
dri_usa_3.2Adc_d350_m065,drivers licence (not having),US,3.2,Adopter characteristics,"% of population holding a drivers licence, by gender=female",% of female population,b9,0.088026,0.0013376,0.0043526,1956.3,49.922,0.86957,1555.3,1.5741e+05,-7.8775,0.99121,0.99073,0.0080218,0.0063718,-86.392,-89.459,0.79967,0.79508,0.77652,0.76868,0.040438,0.03566,60,60,1.0107,0.66065,0.35008,60,0,59,0,0,0,0.98557,1,1,y,y,y,y,y,y,y,y,y,y,y,,,,,,,,,,,,,,,,,,,,,,,,,,,,,,,,,,,,,,
dri_usa_3.2Adc_d351_m070,drivers licence (not having),US,3.2,Adopter characteristics,"% of population holding a drivers licence, by gender=male",% of male population,b9,-0.018261,0.00073867,-0.001779,2111.9,-240.64,1.0557,1555.5,1.5739e+05,4.4893,0.91468,0.91011,0.0094831,0.0075253,-846.62,-876.37,0.94522,0.94466,0.90049,0.897,0.010242,0.0078867,60,60,0.939,0.83772,0.10128,60,55,8,0,1,0,0.98349,1,1,y,y,y,y,y,y,y,m,y,m,y,,,,,,,,,,,,,,,,,,,,,,,,,,,,,,,,,,,,,,
dri_usa_4.1Sal_d213_m100,drivers licence (not having),US,4.1,Knowledge Flows (social networks),annualised Google search frequency (index 100=monthly max.),Index 0-100,b9,0.26976,0.085239,4.9335,2012.7,16.29,93.936,0.18782,1949.4,-9884.6,0.95274,0.9444,6.5953,5.5157,0.87577,0.86196,10.694,8.732,0.96958,0.9662,5.2912,4.1063,21,20,1.0646,0.0020874,1.0625,20,0,19,0,0,1,0.9275,0,1,y,y,y,y,y,y,y,y,y,y,y,y,y,,,,,0,hide,original,1,1,0,0,0,0,,1,1,0,0,0,0,243,,,,,,,,1,1,0,0,0,0,delete,
dri_usa_4.1Sal_d239_m153,drivers licence (not having),US,4.1,Knowledge Flows (social networks),Partial up to max annualised Google search frequency (index 100=monthly max.),Partial up to max Index 0-100,b9,0.26976,0.085239,4.9335,2012.7,16.29,93.936,0.18782,1949.4,-9884.6,0.95274,0.9444,6.5953,5.5157,0.87577,0.86196,10.694,8.732,0.96958,0.9662,5.2912,4.1063,21,20,1.0646,0.0020874,1.0625,20,0,19,0,0,1,0.9275,0,1,y,y,y,y,y,y,y,y,y,y,y,y,y,,,,,0,prefer,transformed-partial,1,1,0,0,0,1,,1,1,0,0,0,1,244,,,,,,,,1,1,0,0,0,1,,
dri_usa_4.2Kme_d143_m014,drivers licence (not having),US,4.2,Knowledge Flows (Mass Media),"Number of times ""Drivers license"" appears in books",# mentions,b9,0.020895,0.020895,1.1521e-10,2531.4,210.31,0.00064692,11.132,2998.2,-2.2126e-07,0.60466,0.58348,1.7656e-09,1.4398e-09,0.60466,0.59079,1.7656e-09,1.4398e-09,0.5049,0.48753,1.9758e-09,1.6195e-09,60,60,2.1487e-05,5.3794e-06,1.6107e-05,60,5,57,0,0,0,0.97119,1,1,m,y,y,y,y,y,y,m,y,m,y,n,y,,,,,0,,,,1,,,,,,1,1,0,0,0,0,245,,,,,,,,1,1,0,0,0,0,delete,
dri_usa_4.2Kme_d255_m165,drivers licence (not having),US,4.2,Knowledge Flows (Mass Media),"Partial up to max Number of times ""Drivers license"" appears in books",Partial up to max # mentions,b9,0.016415,0.016415,8.5312e-11,2636.4,267.7,0.00030206,2.9893,3196.8,-1.6243e-07,0.42666,0.39293,1.6994e-09,1.3743e-09,0.42666,0.40461,1.6994e-09,1.3743e-09,0.36414,0.33968,1.7896e-09,1.4245e-09,55,55,4.6017e-05,1.1521e-05,3.4496e-05,55,0,52,0,0,0,0.94926,1,1,m,y,y,y,y,y,y,m,y,m,y,n,y,,,,,0,,,,1,,,,,,1,1,0,0,0,1,246,,,,,,,,1,1,0,0,0,1,,
dri_usa_4.3Com_d030_m072,drivers licence (not having),US,4.3,Compatibility,% of population (residents) holding a drivers licence,% of population,b9,0.080086,0.0012346,0.0031067,1951.4,54.872,0.69372,1555.2,1.5742e+05,-5.5491,0.96897,0.96739,0.011371,0.0095098,-97.205,-100.48,0.63968,0.63642,0.76595,0.75815,0.031229,0.027826,63,63,1.0176,0.71069,0.30695,63,0,62,0,0,0,0.98557,1,1,y,y,y,y,y,y,y,y,y,y,y,n,y,,,,*needs sign reversal * negative slope = LED innovation,0,,,0,1,0,1,0,0,,0,1,0,1,0,0,221,,,,,,,,0,1,0,1,0,0,,
dri_usa_4.3Com_d211_m124,drivers licence (not having),US,4.3,Compatibility,Vehicle Miles of Travel (VMT),billions,b9,0.061538,0.021592,43977,1983.1,71.41,3.58e+06,57.189,1507.9,-8.5428e+07,0.99232,0.99199,83262,60841,0.91945,0.91718,2.6959e+05,2.2558e+05,0.97795,0.97733,1.4105e+05,1.1323e+05,74,74,0.91523,0.11857,0.79666,74,3,73,0,0,0,0.9836,0,0,y,y,y,y,y,y,y,y,y,y,y,y,y,,,,,0,,,1,1,,,,,,1,1,0,0,0,1,247,,,,,,,,1,1,0,0,0,1,,
dri_usa_4.5Inf_d199_m141,drivers licence (not having),US,4.5,Infrastructure Dependence,Total public road mileage,million miles,b9,0.028897,0.0028307,10974,1906.2,152.07,4.2889e+06,5792.4,-308.9,-1.7949e+07,0.95943,0.95769,49027,42657,0.91838,0.91608,69538,55072,0.92738,0.92534,65590,52791,74,74,0.98333,0.77245,0.21088,74,0,72,0,0,0,0.98682,0,0,y,y,y,y,y,y,y,y,y,y,y,y,y,,,,,0,,,1,1,,,,,,1,1,0,0,0,1,248,,,,,,,,1,1,0,0,0,1,,
dri_was_1.1Ado_d334_m185,drivers licence (not having),Washington DC,1.1,Adoption over time,share of teenagers with drivers licenses,market share,b9,-0.17174,-0.053496,-0.012033,1993.8,-25.587,1,-1544.9,-1.5262e+05,24.32,0.99363,0.97452,0.0095241,0.0083452,-0.59679,-2.1936,0.15078,0.092178,0.84453,0.68906,0.047048,0.034591,5,5,0.3276,0.015679,0.31192,25,4,1,0,0,1,0.22605,1,1,y,m,y,y,y,y,m,y,y,m,m,,,,,,,,,,,,,,,,,,,,,,,,,,,,,,,,,,,,,,
dri_was_1.1Ado_d349_m057,drivers licence (not having),Washington DC,1.1,Adoption over time,"% of population holding a drivers licence, by age group<=19yrs",% of <=19 yr olds,b9,-0.14227,-0.053496,-0.012033,1911.1,-30.888,76615,-1544.9,-1.5262e+05,24.32,0.9963,0.98519,0.0072609,0.0060476,-0.59679,-2.1936,0.15078,0.092178,0.84453,0.68906,0.047048,0.034591,5,5,4.2759e-06,2.0464e-07,4.0712e-06,25,4,1,0,0,1,0.22605,1,1,y,m,y,y,y,y,m,m,y,m,m,,,,,,,,,,,,,,,,,,,,,,,,,,,,,,,,,,,,,,
dri_was_3.2Adc_d350_m065,drivers licence (not having),Washington DC,3.2,Adopter characteristics,"% of population holding a drivers licence, by gender=female",% of female population,b9,0.011993,0.011992,0.0092807,2828.4,366.42,14552,3.704,2138.3,-17.853,0.79296,0.17183,0.043915,0.040946,0.79296,0.58592,0.043915,0.040946,0.76787,0.53575,0.046499,0.042484,5,5,6.7275e-05,4.9596e-05,1.7679e-05,25,0,3,0,1,0,0.78303,1,1,y,m,y,y,y,y,y,m,y,m,m,,,,,,,,,,,,,,,,,,,,,,,,,,,,,,,,,,,,,,
dri_was_3.2Adc_d351_m070,drivers licence (not having),Washington DC,3.2,Adopter characteristics,"% of population holding a drivers licence, by gender=male",% of male population,b9,0.0036755,0.0036734,0.0032036,4035.7,1195.6,1539.7,3.4285,2374.5,-5.5396,0.26003,-1.9599,0.050012,0.040584,0.26003,-0.47993,0.050011,0.040583,0.25214,-0.49572,0.050278,0.040739,5,5,0.00062314,0.00051991,0.00010323,25,2,3,1,1,0,0.78495,1,1,n,m,y,y,y,y,y,m,m,n,m,,,,,,,,,,,,,,,,,,,,,,,,,,,,,,,,,,,,,,
dri_was_3.2Adc_d352_m055,drivers licence (not having),Washington DC,3.2,Adopter characteristics,"% of population holding a drivers licence, by age group 20-24",% of 20-24 yr olds,b9,-0.051167,-0.00121,-0.023009,1759.8,-85.885,1.596e+05,-1544.4,-1.5267e+05,46.743,0.98882,0.95526,0.022825,0.021204,-3.7241,-8.4481,0.46909,0.41649,0.94381,0.88763,0.051158,0.042152,5,5,5.1594e-06,1.5607e-06,3.5986e-06,25,4,1,0,0,0,0.58555,1,1,y,m,y,y,y,y,m,m,y,m,m,,,,,,,,,,,,,,,,,,,,,,,,,,,,,,,,,,,,,,
dri_was_4.3Com_d030_m072,drivers licence (not having),Washington DC,4.3,Compatibility,% of population (residents) holding a drivers licence,% of population,b9,0.021511,0.001406,0.0047707,1967.5,204.29,0.94632,1555.1,1.5742e+05,-8.9128,0.86167,0.85574,0.040849,0.033401,-25.953,-26.712,0.5702,0.55952,0.86085,0.85693,0.040971,0.033156,74,74,0.82048,0.39725,0.42323,74,2,73,0,0,0,0.98402,1,1,y,y,y,y,y,y,y,y,y,y,y,y,y,,,,*needs sign reversal * negative slope = LED innovation,0,,,1,1,0,1,0,0,,1,1,0,1,0,0,249,,,,,,,,1,1,0,1,0,0,,
drt_glo_3.3Scid_m_0,demand-responsive public transport,Global,3.3,Risk & Uncertainty (Shared Expectations),scientific publications on demand-responsive public transport,# publications,drt,0.19213,0.192,1.6956,2058.9,22.872,56976,1.2168,2003,-3391.4,0.92681,0.91949,5.8886,3.3695,0.92681,0.92209,5.8886,3.3691,0.58414,0.55731,14.036,10.924,34,30,0.0016147,1.7551e-05,0.0015972,34,0,33,0,0,1,0.73988,0,1,y,y,y,m,y,m,y,m,y,m,m,,,,,,,,,,,,,,,,,,,,,,,,,,,,,,,,,,,,,,
eat_ger_1.1Ado_d038_m038,eating less meat,Germany,1.1,Adoption over time,% red in total meat consumption,% kg/yr,b1,-0.010721,0.00075227,-0.0023733,1020.7,-409.89,7936.9,1555.1,1.5743e+05,4.9684,0.82404,0.81304,0.016871,0.013012,-33.426,-34.831,0.23598,0.23252,0.78436,0.77556,0.018676,0.014878,52,52,4.0699e-05,2.2108e-05,1.8592e-05,52,51,16,0,1,0,0.9741,1,1,y,y,y,y,y,y,y,m,y,m,y,m,y,1,,,*needs sign reversal * negative slope = LED innovation,0,,,1,1,0,0,0,0,,1,1,0,0,0,0,256,,,,,,,,1,1,0,0,0,0,delete,
eat_ger_1.1Ado_d228_m137,eating less meat,Germany,1.1,Adoption over time,per capita total meat consumption,kg/yr,b1,-0.097444,-0.0018464,-0.16673,2040.2,-45.097,90.439,151.03,1701.4,420.48,0.30356,0.26003,4.8462,3.9858,0.18051,0.14707,5.2569,4.273,0.18567,0.15243,5.2404,4.2576,52,52,1.1023,0.84687,0.25541,52,34,0,1,0,0,0.98478,0,1,m,y,y,y,y,y,y,y,m,m,m,m,m,2,,,*needs sign reversal * negative slope = LED innovation,0,,,1,1,0,0,0,0,,1,1,0,0,0,0,262,,,,,,,,1,1,0,0,0,0,delete,
eat_ger_1.1Ado_d258_m166,eating less meat,Germany,1.1,Adoption over time,Partial up to max % red in total meat consumption,Partial up to max % kg/yr,b1,,,,,,,,,,,,,,,,,,,,,,1,1,,,,1,0,0,0,0,,,1,1,n,n,y,m,m,m,m,m,m,n,n,n,n,,,,too few,1,delete,transformed-partial,0,0,0,0,0,0,,1,1,0,0,0,0,265,check,check,,,,,,1,1,0,0,0,0,delete,
eat_ger_1.1Ado_d259_m167,eating less meat,Germany,1.1,Adoption over time,Partial max and after % red in total meat consumption,Partial max and after % kg/yr,b1,-0.010721,0.00075227,-0.0023733,1020.7,-409.89,7936.9,1555.1,1.5743e+05,4.9684,0.82404,0.81304,0.016871,0.013012,-33.426,-34.831,0.23598,0.23252,0.78436,0.77556,0.018676,0.014878,52,52,4.0699e-05,2.2108e-05,1.8592e-05,52,51,16,0,1,0,0.9741,1,1,y,y,y,y,y,y,y,m,y,m,y,m,y,,,,part of curve consistent with LED innovation *needs sign reversal * negative slope = LED innovation,0,prefer,transformed-partial,1,1,0,0,0,0,,1,1,0,0,0,0,266,,,,,,,,1,1,0,0,0,0,delete,
eat_ger_1.1Ado_d270_m170,eating less meat,Germany,1.1,Adoption over time,Partial up to max per capita total meat consumption,Partial up to max kg/yr,b1,0.1161,0.012968,1.1969,1960.2,37.85,103.55,9.3591,1803.2,-2277.1,0.96475,0.9572,1.2119,0.97576,0.91314,0.90156,1.9024,1.5385,0.92552,0.91559,1.7617,1.4435,18,18,0.96271,0.75596,0.20675,18,0,17,0,0,0,0.94624,0,1,y,y,y,y,y,y,y,y,y,y,y,y,y,,,,not interested in this part of curve,1,delete,transformed-partial,0,0,0,0,0,0,,1,1,0,0,0,0,277,check,check,,,,,,1,1,0,0,0,0,delete,
eat_ger_1.1Ado_d271_m171,eating less meat,Germany,1.1,Adoption over time,Partial max and after per capita total meat consumption,Partial max and after kg/yr,b1,-0.0040154,-0.004012,-0.34381,243.76,-1094.4,1.0146e+05,152.47,1862.3,775.42,0.47947,0.4291,3.633,3.1436,0.47948,0.44694,3.633,3.1436,0.47549,0.44271,3.6469,3.1498,35,35,0.00098257,0.0007549,0.00022767,35,34,0,0,0,0,0.96952,0,1,m,y,y,y,y,y,y,m,y,m,y,m,y,,,,part of curve consistent with LED innovation *needs sign reversal * negative slope = LED innovation,0,prefer,transformed-partial,1,1,2,2,0,0,,1,1,0,0,0,0,278,,,,,,,,1,1,0,0,0,0,delete,
eat_ger_1.1Ado_d326_m185,eating less meat,Germany,1.1,Adoption over time,red meat as a share of meat consumption,market share,b1,-0.013897,0.00075227,-0.0023733,1908.7,-316.22,1,1555.1,1.5743e+05,4.9684,0.81348,0.80182,0.017369,0.013546,-33.426,-34.831,0.23598,0.23252,0.78436,0.77556,0.018676,0.014878,52,52,0.32303,0.17547,0.14756,52,51,16,0,1,0,0.9741,1,1,y,y,y,y,y,y,y,m,y,m,y,m,y,,,,*needs sign reversal * negative slope = LED innovation,0,prefer-relative,transformed-marketshare,1,1,1,1,0,0,,1,1,1,1,0,0,279,,,,,,,,1,1,1,1,0,0,,
eat_ger_2.4Eas_d210_m103,eating less meat,Germany,2.4,Ease of Use,Vegetable consumption per capita,Kg/year,b1,0.020219,0.020219,1.7021,2567.4,217.34,9.233e+06,5.3975,1857.6,-3304.4,0.84701,0.83745,11.328,7.7712,0.84701,0.84076,11.328,7.7712,0.778,0.76894,13.646,9.8744,52,52,2.1768e-05,6.4368e-06,1.5331e-05,52,0,50,0,0,0,0.94921,0,0,y,y,y,y,y,y,y,m,y,m,y,m,y,1,,,,0,,,,1,,,,,,1,1,0,0,1,1,280,,,,,,,,1,1,0,0,1,1,,
eat_ger_2.5Var_d037_m038,eating less meat,Germany,2.5,Variety (Choice Availability),% poultry+pig in total meat consumption,% kg/yr,b1,0.053939,0.0030404,0.0023733,1941.1,81.47,0.82091,3.7416,2516.9,-3.9684,0.88332,0.87602,0.013738,0.010647,0.77124,0.7619,0.019236,0.015407,0.78436,0.77556,0.018676,0.014878,52,52,1.0044,0.82466,0.17975,52,16,51,1,0,0,0.98219,1,1,y,y,y,y,y,y,y,m,y,m,y,m,y,1,,,,0,,,1,1,0,0,0,0,,1,1,0,0,0,0,255,,,,,,,,1,1,0,0,0,0,delete,
eat_ger_2.5Var_d223_m137,eating less meat,Germany,2.5,Variety (Choice Availability),per capita beef consumption,Kg/yr,b1,-0.016671,-0.015487,-0.27021,1836.7,-263.59,263.15,30.357,1959.5,557.07,0.77941,0.76562,2.1865,1.8671,0.77934,0.77034,2.1868,1.8675,0.75887,0.74903,2.286,1.9144,52,52,0.090316,0.040485,0.049831,52,43,20,1,1,0,0.97773,0,1,y,y,y,y,y,y,y,m,y,m,y,m,y,2,,,*needs sign reversal * negative slope = LED innovation,0,,,1,1,0,0,0,0,,1,1,0,0,0,0,257,,,,,,,,1,1,0,0,0,0,delete,
eat_ger_2.5Var_d224_m137,eating less meat,Germany,2.5,Variety (Choice Availability),per capita other meat consumption,kg/yr,b1,0.076649,0.011901,0.02374,1976.7,57.332,2.3139,2.067,2010.4,-45.618,0.22412,0.17563,0.73971,0.52229,0.15947,0.12517,0.76991,0.52206,0.18001,0.14654,0.76044,0.50662,52,52,2.065,0.33709,1.7279,52,20,2,1,0,1,0.95479,0,1,n,y,y,y,y,y,y,y,m,n,m,n,m,4,,"reversal, fit to partial",*needs sign reversal * negative slope = LED innovation,0,,,1,1,0,0,0,0,,0,1,0,0,0,0,258,check,,,,,,,1,1,0,0,0,0,delete,
eat_ger_2.5Var_d225_m137,eating less meat,Germany,2.5,Variety (Choice Availability),per capita pig consumption,Kg/yr,b1,-0.15753,-0.0026266,-0.15112,2027.8,-27.897,56.516,93.417,1789,355.92,0.44762,0.4131,3.9354,3.0242,0.17336,0.13962,4.8143,3.7923,0.18348,0.15015,4.7847,3.7803,52,52,1.1345,0.76545,0.36904,52,34,0,1,0,0,0.98671,0,1,m,y,y,y,y,y,y,y,m,m,m,m,m,2,,,*needs sign reversal * negative slope = LED innovation,0,,,1,1,0,0,0,0,,1,1,0,0,0,0,259,,,,,,,,1,1,0,0,0,0,delete,
eat_ger_2.5Var_d226_m137,eating less meat,Germany,2.5,Variety (Choice Availability),per capita poultry consumption,kg/yr,b1,0.029422,0.017508,0.22725,2012.5,149.36,33.807,8.2314,1971.5,-440.53,0.96295,0.96064,0.67096,0.53752,0.95683,0.95506,0.72434,0.54523,0.95726,0.95551,0.72073,0.60202,52,52,0.53864,0.22286,0.31578,52,3,51,0,0,0,0.97924,0,1,y,y,y,y,y,y,y,y,y,y,y,y,y,1,,,*needs sign reversal * negative slope = LED innovation,0,,,1,1,0,0,0,0,,1,1,0,0,0,0,260,,,,,,,,1,1,0,0,0,0,delete,
eat_ger_2.5Var_d227_m137,eating less meat,Germany,2.5,Variety (Choice Availability),per capita sheep & goat consumption,Kg/yr,b1,0.34938,0.003806,0.0036171,1971.6,12.578,0.90247,0.42195,1812.8,-6.3711,0.71443,0.69658,0.080964,0.065322,0.11439,0.07824,0.14258,0.11498,0.12839,0.092813,0.14145,0.11522,52,52,1.1934,0.44905,0.7443,52,25,50,1,0,0,0.98727,0,1,y,y,y,y,y,y,y,y,m,y,m,y,m,1,,,*needs sign reversal * negative slope = LED innovation,0,,,1,1,0,0,0,0,,1,1,0,0,0,0,261,,,,,,,,1,1,0,0,0,0,delete,
eat_ger_3.5Mar_d076_m128,eating less meat,Germany,3.5,Market Formation,CumulativeStartups (meat substitutes),cum. # companies,b1,0.57914,0.026564,0.2693,2017.7,7.5879,16.043,1549.6,1.58e+05,-536.63,0.99048,0.98978,0.47125,0.23491,-0.27044,-0.33094,5.4426,2.5111,0.52462,0.50198,3.3293,2.7545,45,16,0.935,0.062334,0.87267,16,2,15,1,0,0,0.90098,0,1,y,y,y,y,y,y,y,y,y,y,y,y,y,,,,,0,prefer,original,1,1,0,0,1,1,,1,1,0,0,1,1,281,,,,,,,,1,1,0,0,1,1,,
eat_ger_3.5Mar_d128_m008,eating less meat,Germany,3.5,Market Formation,NewStartups (meat substitutes),# companies,b1,1.1628,0.0038848,0.030567,2014.3,3.7794,1.3507,1554.5,1.5752e+05,-60.861,0.35558,0.30842,0.69778,0.27636,-0.14706,-0.20168,0.93095,0.33333,0.20857,0.17088,0.77328,0.44658,45,9,3.7017,0.74035,2.9614,14,3,13,1,0,1,0.51282,0,1,m,y,y,m,m,m,m,y,m,m,m,m,m,,,,,0,hide,original,1,1,0,0,0,0,,0,1,0,0,0,0,282,check,,,,,,,1,1,0,0,0,0,delete,
eat_ger_3.5Mar_d173_m011,eating less meat,Germany,3.5,Market Formation,PrivateEquityDeals (meat substitutes),# deals,b1,16.716,0.30937,0.036759,2020,0.26288,3,0.0012639,1998,-73.28,0.91584,0.90968,0.2582,0.066667,0.84493,0.83754,0.35048,0.15313,0.28772,0.25381,0.75113,0.51395,45,6,1.3333,0.33333,1,9,0,8,0,0,1,0.65,0,1,y,y,y,y,y,y,m,y,m,m,m,m,m,,,,,0,hide,original,0,1,0,0,0,0,,0,1,0,0,0,0,283,,,,,,,,0,1,0,0,0,0,delete,
eat_ger_3.5Mar_d177_m027,eating less meat,Germany,3.5,Market Formation,PrivateEquityInvestment (meat substitutes),$ million,b1,1.2812,1.2812,0.093166,2033.2,3.4299,2.7113e+06,5.8314,2023,-185.78,0.97063,0.96849,0.57082,0.15425,0.97063,0.96924,0.57082,0.15425,0.13194,0.090605,3.1035,1.4423,45,4,8.0936e-06,1.1784e-06,6.9152e-06,4,0,3,0,0,1,0.23191,0,1,y,n,m,m,y,m,m,m,m,n,n,n,n,,,,,0,hide,original,0,1,0,0,0,0,,0,1,0,0,0,0,284,,,,,,,,0,1,0,0,0,0,delete,
eat_ger_3.5Mar_d202_m027,eating less meat,Germany,3.5,Market Formation,TotalFundraisingAmount (meat substitutes),$ million,b1,1.1308,1.1303,0.13778,2032.5,3.8863,3.3433e+05,6.4585,2022.9,-274.63,0.51464,0.47912,3.0767,0.60499,0.51464,0.49152,3.0767,0.60502,0.16416,0.12436,4.0375,2.1522,45,5,6.5636e-05,9.8838e-06,5.5753e-05,7,0,3,0,1,1,0.14376,0,1,m,n,y,m,y,m,m,m,m,n,n,n,n,,,,,0,hide,original,0,1,0,0,0,0,,0,1,0,0,0,0,285,,,,,,,,0,1,0,0,0,0,delete,
eat_ger_3.5Mar_d206_m011,eating less meat,Germany,3.5,Market Formation,TotalFundraisingDeals (meat substitutes),# deals,b1,22.193,0.19841,0.062319,2020,0.19801,4.25,6.4834,2025.3,-124.21,0.83048,0.81808,0.55277,0.18889,0.75533,0.74367,0.66409,0.30879,0.36341,0.3331,1.0712,0.78911,45,8,1.4118,0.23529,1.1765,10,3,9,1,0,1,0.69474,0,1,y,y,y,m,y,m,m,y,y,m,m,m,m,,,,,0,hide,original,1,1,0,0,0,0,,0,1,0,0,0,0,286,check,,,,,,,1,1,0,0,0,0,delete,
eat_ger_3.5Mar_d272_m156,eating less meat,Germany,3.5,Market Formation,cumulative CumulativeStartups (meat substitutes),cumulative cum. # companies,b1,0.38591,0.23268,1.3855,2021.9,11.387,162.85,1.2761,2004.4,-2761.5,0.99977,0.99975,0.41623,0.23564,0.9896,0.9891,2.773,1.743,0.43809,0.41133,20.379,15.462,45,16,0.69387,0.0061404,0.68773,16,0,15,0,0,0,0.82418,0,0,y,y,y,y,y,y,y,y,y,y,y,y,y,,,,not needed as transformed-cumulative twice (error),1,delete,transformed-cumx2error,0,0,0,0,0,0,,1,1,0,0,0,0,287,check,check,,,,,,1,1,0,0,0,0,delete,
eat_ger_3.5Mar_d273_m157,eating less meat,Germany,3.5,Market Formation,Partial up to max CumulativeStartups (meat substitutes),Partial up to max cum. # companies,b1,0.50952,0.022289,0.2238,2018.2,8.6247,17.768,1550.5,1.5791e+05,-445.89,0.98835,0.98746,0.44244,0.21574,-0.22165,-0.28274,4.5315,1.9302,0.45888,0.43182,3.0159,2.3314,43,14,0.84423,0.056282,0.78795,14,0,13,0,0,0,0.85051,0,1,y,y,y,y,y,y,y,y,y,y,y,y,y,,,,not needed as transformed-cumulative preferred,1,delete,transformed-partial,0,0,0,0,0,0,,1,1,0,0,0,0,288,check,check,,,,,,1,1,0,0,0,0,delete,
eat_ger_3.5Mar_d274_m158,eating less meat,Germany,3.5,Market Formation,cumulative NewStartups (meat substitutes),cumulative # companies,b1,0.57914,0.026564,0.2693,2017.7,7.5879,16.043,1549.6,1.58e+05,-536.63,0.99048,0.98978,0.47125,0.23491,-0.27044,-0.33094,5.4426,2.5111,0.52462,0.50198,3.3293,2.7545,45,16,0.935,0.062334,0.87267,16,2,15,1,0,0,0.90098,0,1,y,y,y,y,y,y,y,y,y,y,y,y,y,,,,not needed as cumulative in original data,1,delete,transformed-cumulative,0,0,0,0,0,0,,1,1,0,0,0,0,289,check,check,,,,,,1,1,0,0,0,0,delete,
eat_ger_3.5Mar_d275_m159,eating less meat,Germany,3.5,Market Formation,Partial up to max NewStartups (meat substitutes),Partial up to max # companies,b1,0.58743,0.004686,0.038649,2038.8,7.4808,4.9276e+05,1554.2,1.5753e+05,-76.979,0.8341,0.82028,0.35508,0.14203,-0.11842,-0.17888,0.92195,0.3,0.2619,0.222,0.74897,0.42687,40,7,1.0147e-05,2.0294e-06,8.1175e-06,11,0,10,0,0,1,0.29412,0,1,y,y,y,m,y,m,m,m,m,m,m,m,m,,,,not needed as transformed-cumulative preferred,1,delete,transformed-partial,0,0,0,0,0,0,,1,1,0,0,0,0,290,check,check,,,,,,1,1,0,0,0,0,delete,
eat_ger_3.5Mar_d276_m160,eating less meat,Germany,3.5,Market Formation,cumulative PrivateEquityDeals (meat substitutes),cumulative # deals,b1,0.65162,0.39228,0.11476,2022.9,6.7439,20.487,7.1735,2022.2,-228.79,0.99234,0.99178,0.24472,0.10667,0.98516,0.98445,0.34069,0.15121,0.28403,0.24993,2.3662,1.5685,45,9,0.68335,0.048811,0.63454,9,0,8,0,0,1,0.69975,0,1,y,y,y,y,y,y,m,y,m,m,m,m,m,,,,,0,prefer,transformed-cumulative,1,1,0,0,0,0,,1,1,0,0,0,0,291,,,,,,,,1,1,0,0,0,0,delete,
eat_ger_3.5Mar_d277_m161,eating less meat,Germany,3.5,Market Formation,Partial up to max PrivateEquityDeals (meat substitutes),Partial up to max # deals,b1,16.716,0.30937,0.036759,2020,0.26288,3,0.0012639,1998,-73.28,0.91584,0.90968,0.2582,0.066667,0.84493,0.83754,0.35048,0.15313,0.28772,0.25381,0.75113,0.51395,45,6,1.3333,0.33333,1,9,0,8,0,0,1,0.65,0,1,y,y,y,y,y,y,m,y,m,m,m,m,m,,,,not needed as transformed-cumulative preferred,1,delete,transformed-partial,0,0,0,0,0,0,,0,1,0,0,0,0,292,,check,,,,,,0,1,0,0,0,0,delete,
eat_ger_3.5Mar_d278_m162,eating less meat,Germany,3.5,Market Formation,cumulative PrivateEquityInvestment (meat substitutes),cumulative $ million,b1,0.93164,0.93163,0.153,2037.1,4.7169,6.4648e+06,2.0752,2021,-305.09,0.99294,0.99242,0.43619,0.14202,0.99294,0.9926,0.43619,0.14202,0.1465,0.10586,4.796,2.409,45,4,5.1213e-06,4.9421e-07,4.6271e-06,4,0,3,0,0,1,0.36647,0,1,y,n,m,y,y,y,m,m,m,n,n,n,n,,,,,0,prefer,transformed-cumulative,1,1,0,0,0,0,,1,1,0,0,0,0,293,,,,,,,,1,1,0,0,0,0,delete,
eat_ger_3.5Mar_d279_m163,eating less meat,Germany,3.5,Market Formation,Partial up to max PrivateEquityInvestment (meat substitutes),Partial up to max $ million,b1,1.2812,1.2812,0.093166,2033.2,3.4299,2.7113e+06,5.8314,2023,-185.78,0.97063,0.96849,0.57082,0.15425,0.97063,0.96924,0.57082,0.15425,0.13194,0.090605,3.1035,1.4423,45,4,8.0936e-06,1.1784e-06,6.9152e-06,4,0,3,0,0,1,0.23191,0,1,y,n,m,m,y,m,m,m,m,n,n,n,n,,,,not needed as transformed-cumulative preferred,1,delete,transformed-partial,0,0,0,0,0,0,,1,1,0,0,0,0,294,check,check,,,,,,1,1,0,0,0,0,delete,
eat_ger_3.5Mar_d280_m162,eating less meat,Germany,3.5,Market Formation,cumulative TotalFundraisingAmount (meat substitutes),cumulative $ million,b1,0.3193,0.27735,0.51348,2026.9,13.763,174.33,1.0855,2010.1,-1023.6,0.93551,0.93079,2.8407,1.3848,0.93475,0.93164,2.8575,1.4434,0.35541,0.32471,8.9808,6.6146,45,7,0.31023,0.11663,0.1936,7,0,6,0,0,0,0.70266,0,1,y,y,y,y,y,y,y,m,y,m,y,m,y,,,,,0,prefer,transformed-cumulative,1,1,0,0,0,0,,1,1,0,0,0,0,295,,,,,,,,1,1,0,0,0,0,delete,
eat_ger_3.5Mar_d281_m163,eating less meat,Germany,3.5,Market Formation,Partial up to max TotalFundraisingAmount (meat substitutes),Partial up to max $ million,b1,1.1308,1.1303,0.13778,2032.5,3.8863,3.3433e+05,6.4585,2022.9,-274.63,0.51464,0.47912,3.0767,0.60499,0.51464,0.49152,3.0767,0.60502,0.16416,0.12436,4.0375,2.1522,45,5,6.5636e-05,9.8838e-06,5.5753e-05,7,0,3,0,1,1,0.14376,0,1,m,n,y,m,y,m,m,m,m,n,n,n,n,,,,not needed as transformed-cumulative preferred,1,delete,transformed-partial,0,0,0,0,0,0,,1,1,0,0,0,0,296,check,check,,,,,,1,1,0,0,0,0,delete,
eat_ger_3.5Mar_d282_m160,eating less meat,Germany,3.5,Market Formation,cumulative TotalFundraisingDeals (meat substitutes),cumulative # deals,b1,0.48492,0.048987,0.2643,2022.2,9.0622,35.327,-3.4407,6571.7,-526.85,0.99471,0.99432,0.41327,0.18173,-0.15914,-0.21434,6.1174,2.2667,0.36493,0.33469,4.528,3.238,45,10,0.70767,0.028307,0.67936,10,0,9,0,0,1,0.78622,0,1,y,y,y,y,y,y,y,y,y,y,y,y,y,,,,,0,prefer,transformed-cumulative,1,1,0,0,0,0,,1,1,0,0,0,0,297,,,,,,,,1,1,0,0,0,0,delete,
eat_ger_3.5Mar_d283_m161,eating less meat,Germany,3.5,Market Formation,Partial up to max TotalFundraisingDeals (meat substitutes),Partial up to max # deals,b1,0.67074,0.67071,0.04246,2037.5,6.5516,3.7178e+05,6.2888,2021.1,-84.608,0.83715,0.82429,0.43736,0.14615,0.83715,0.8288,0.43736,0.14615,0.2255,0.18578,0.9538,0.58517,42,5,1.6139e-05,2.6898e-06,1.3449e-05,7,0,6,0,0,1,0.37037,0,1,y,n,y,m,m,m,m,m,m,n,n,m,m,,,,not needed as transformed-cumulative preferred,1,delete,transformed-partial,0,0,0,0,0,0,,1,1,0,0,0,0,298,check,check,,,,,,1,1,0,0,0,0,delete,
eat_ger_4.1Sal_d213_m100,eating less meat,Germany,4.1,Knowledge Flows (social networks),annualised Google search frequency (index 100=monthly max.),Index 0-100,b1,0.30284,0.12179,5.3234,2016.4,14.511,103.74,0.12342,1968.2,-10681,0.96968,0.96432,5.7925,4.1014,0.91235,0.90261,9.8478,8.5209,0.93911,0.93235,8.2078,6.4576,21,20,0.96392,0.0108,0.95312,21,2,17,0,1,1,0.90743,0,1,y,y,y,y,y,y,y,y,y,y,y,y,y,,,,,0,hide,original,1,1,0,0,0,0,,1,1,0,0,0,0,299,,,,,,,,1,1,0,0,0,0,delete,
eat_ger_4.1Sal_d239_m153,eating less meat,Germany,4.1,Knowledge Flows (social networks),Partial up to max annualised Google search frequency (index 100=monthly max.),Partial up to max Index 0-100,b1,0.31147,0.1441,5.2344,2016.1,14.109,100.23,0.12959,1975.9,-10502,0.96017,0.9522,5.9647,4.1961,0.92457,0.91514,8.2083,6.6197,0.92028,0.91031,8.4384,6.5945,19,18,0.99774,0.011179,0.98657,19,0,15,0,1,1,0.84871,0,1,y,y,y,y,y,y,y,y,y,y,y,y,y,,,,,0,prefer,transformed-partial,1,1,0,0,1,1,,1,1,0,0,1,1,300,,,,,,,,1,1,0,0,1,1,,
eat_ger_4.5Inf_d120_m103,eating less meat,Germany,4.5,Physical Infrastructure Dependence,Meat supply/person,Kg/year,b1,-0.097437,-0.0018463,-0.16671,2040.2,-45.1,90.439,149.62,1706.5,420.45,0.30366,0.26014,4.8447,3.9842,0.18057,0.14712,5.2555,4.2722,0.18573,0.15249,5.239,4.2568,52,52,1.1022,0.84687,0.2553,52,34,0,1,0,0,0.98478,0,1,m,y,y,y,y,y,y,y,m,m,m,m,m,2,,,,0,,,,,,,,,,1,1,0,0,1,1,301,,,,,,,,1,1,0,0,1,1,,
eat_glo_3.3Sci_d235_m020,eating less meat,Global,3.3,Risk & Uncertainty (Shared Expectations),scientific publications,# publications,b1,0.093658,0.061617,756.3,2018.9,46.92,70541,0.028289,1791.5,-1.4968e+06,0.98294,0.98193,1695.9,993.84,0.97162,0.97053,2187.1,1384.2,0.8552,0.84964,4940.1,4151.5,55,55,0.62076,0.0057556,0.61501,55,2,54,0,0,0,0.96493,0,0,y,y,y,y,y,y,y,y,y,y,y,y,y,1,mulitple series here,corrected,"good; only available global, apply to all EA regions",0,,,1,1,0,0,1,1,,1,1,0,0,1,1,302,,,,,,,,1,1,0,0,1,1,,
eat_glo_3.5Mar_d076_m128,eating less meat,Global,3.5,Market Formation,CumulativeStartups (meat substitutes),cum. # companies,b1,0.32243,0.15475,5.4667,2019.6,13.629,433.41,0.0081544,1954.5,-10884,0.97802,0.97641,13.929,11.882,0.9637,0.96197,17.899,11.575,0.57108,0.55066,61.529,49.616,45,43,0.74756,0.0023073,0.74525,43,1,42,0,0,0,0.89685,0,0,y,y,y,y,y,y,y,y,y,y,y,y,y,1,,,,0,prefer,original,1,1,0,0,0,1,,1,1,0,0,0,1,303,,,,,,,,1,1,0,0,0,1,,
eat_glo_3.5Mar_d128_m008,eating less meat,Global,3.5,Market Formation,NewStartups (meat substitutes),# companies,b1,1.2906,0.088695,0.62543,2015.5,3.4049,30.513,8.346,2009.2,-1244.9,0.64767,0.62189,8.0005,4.1762,0.43768,0.41091,10.107,5.7455,0.36316,0.33283,10.756,7.4918,45,31,1.8025,0.032773,1.7698,42,4,41,0,0,1,0.92977,0,1,m,y,y,m,m,m,y,y,y,m,m,m,m,4,,convert to cum,,0,hide,original,1,1,0,0,0,0,,0,1,0,0,0,0,304,check,,,,,,,1,1,0,0,0,0,delete,
eat_glo_3.5Mar_d173_m011,eating less meat,Global,3.5,Market Formation,PrivateEquityDeals (meat substitutes),# deals,b1,1.343,0.15691,1.2393,2018.3,3.272,77.14,3.0791,2002.9,-2469.8,0.80213,0.78765,12.105,4.2163,0.62766,0.60993,16.605,7.8075,0.34979,0.31883,21.943,15.27,45,15,1.6204,0.012963,1.6075,15,3,14,1,0,1,0.87102,0,0,y,y,y,y,y,y,y,y,y,y,y,y,y,4,,convert to cum,,0,hide,original,0,1,0,0,0,0,,0,1,0,0,0,0,305,,,,,,,,0,1,0,0,0,0,delete,
eat_glo_3.5Mar_d177_m027,eating less meat,Global,3.5,Market Formation,PrivateEquityInvestment (meat substitutes),$ million,b1,2.3487,0.14341,16.609,2018.7,1.871,1098.4,0.0049332,1938.3,-33100,0.64116,0.61491,259.26,90.625,0.42131,0.39375,329.24,153.09,0.24839,0.2126,375.22,225.93,45,15,2.105,0.0017356,2.1033,15,3,14,1,0,1,0.80045,0,0,m,y,y,m,y,m,y,y,m,m,m,m,m,4,,convert to cum,,0,hide,original,0,1,0,0,0,0,,0,1,0,0,0,0,306,,,,,,,,0,1,0,0,0,0,delete,
eat_glo_3.5Mar_d202_m027,eating less meat,Global,3.5,Market Formation,TotalFundraisingAmount (meat substitutes),$ million,b1,0.43555,0.10195,27.56,2014.6,10.089,1277.6,0.010467,1908.1,-54894,0.52615,0.49148,422.52,210.07,0.4306,0.40349,463.17,288.77,0.34005,0.30862,498.64,369.31,45,18,2.197,0.0014921,2.1955,31,3,14,0,1,1,0.68545,0,0,m,y,y,m,m,m,m,y,y,m,m,m,m,2,,,,0,hide,original,0,1,0,0,0,0,,0,1,0,0,0,0,307,,,,,,,,0,1,0,0,0,0,delete,
eat_glo_3.5Mar_d206_m011,eating less meat,Global,3.5,Market Formation,TotalFundraisingDeals (meat substitutes),# deals,b1,1.2659,0.15022,1.6888,2018,3.4714,101.75,0.62492,1989.4,-3365.3,0.80967,0.79574,15.846,5.757,0.63389,0.61645,21.978,10.878,0.36461,0.33436,28.953,20.499,45,22,1.6216,0.0098278,1.6118,44,3,43,0,0,1,0.88739,0,0,y,y,y,m,m,m,y,y,y,m,m,m,m,4,,convert to cum,,0,hide,original,1,1,0,0,0,0,,0,1,0,0,0,0,308,check,,,,,,,1,1,0,0,0,0,delete,
eat_glo_3.5Mar_d272_m156,eating less meat,Global,3.5,Market Formation,cumulative CumulativeStartups (meat substitutes),cumulative cum. # companies,b1,0.14373,0.14373,40.164,2111.9,30.574,8.1999e+08,8.7501e-05,1904.1,-79947,0.99151,0.99089,59.823,48.265,0.99151,0.99111,59.823,48.265,0.64533,0.62844,386.7,295.91,45,43,3.2988e-06,1.2195e-09,3.2976e-06,43,0,42,0,0,0,0.86189,0,0,y,y,y,y,y,y,y,m,y,m,y,m,y,,,,not needed as transformed-cumulative twice (error),1,delete,transformed-cumx2error,0,0,0,0,0,0,,1,1,0,0,0,0,309,check,check,,,,,,1,1,0,0,0,0,delete,
eat_glo_3.5Mar_d273_m157,eating less meat,Global,3.5,Market Formation,Partial up to max CumulativeStartups (meat substitutes),Partial up to max cum. # companies,b1,0.25943,0.17501,5.0112,2022.2,16.939,634.91,0.0061212,1960.2,-9975.8,0.97807,0.97642,12.747,10.772,0.97442,0.97318,13.765,9.9849,0.5466,0.52448,57.956,45.196,44,42,0.51031,0.001575,0.50873,42,0,41,0,0,0,0.87304,0,0,y,y,y,y,y,y,y,y,y,y,y,y,y,,,,not needed as transformed-cumulative preferred,1,delete,transformed-partial,0,0,0,0,0,0,,1,1,0,0,0,0,310,check,check,,,,,,1,1,0,0,0,0,delete,
eat_glo_3.5Mar_d274_m158,eating less meat,Global,3.5,Market Formation,cumulative NewStartups (meat substitutes),cumulative # companies,b1,0.32243,0.15475,5.4667,2019.6,13.629,433.41,0.0081544,1954.5,-10884,0.97802,0.97641,13.929,11.882,0.9637,0.96197,17.899,11.575,0.57108,0.55066,61.529,49.616,45,43,0.74756,0.0023073,0.74525,43,1,42,0,0,0,0.89685,0,0,y,y,y,y,y,y,y,y,y,y,y,y,y,,,,not needed as cumulative in original data,1,delete,transformed-cumulative,0,0,0,0,0,0,,1,1,0,0,0,0,311,check,check,,,,,,1,1,0,0,0,0,delete,
eat_glo_3.5Mar_d275_m159,eating less meat,Global,3.5,Market Formation,Partial up to max NewStartups (meat substitutes),Partial up to max # companies,b1,0.38967,0.38967,0.55197,2047.3,11.277,3.4143e+06,0.92078,2008.5,-1098.6,0.97858,0.9768,1.6002,1.1949,0.97858,0.97742,1.6002,1.1949,0.33959,0.30389,8.8854,5.7595,40,27,1.6109e-05,2.9288e-07,1.5816e-05,38,0,37,0,0,1,0.67649,0,1,y,y,y,m,m,m,m,m,y,m,m,m,m,,,,not needed as transformed-cumulative preferred,1,delete,transformed-partial,0,0,0,0,0,0,,1,1,0,0,0,0,312,check,check,,,,,,1,1,0,0,0,0,delete,
eat_glo_3.5Mar_d276_m160,eating less meat,Global,3.5,Market Formation,cumulative PrivateEquityDeals (meat substitutes),cumulative # deals,b1,0.68812,0.27715,5.781,2020.8,6.3862,578.58,0.00072168,1974.9,-11524,0.99761,0.99743,6.1103,2.8342,0.96777,0.96623,22.439,11.545,0.36088,0.33044,99.916,72.266,45,15,0.87455,0.0017284,0.87282,15,0,14,0,0,1,0.81868,0,0,y,y,y,y,y,y,y,y,y,y,y,y,y,,,,,0,prefer,transformed-cumulative,1,1,0,0,0,0,,1,1,0,0,0,0,313,,,,,,,,1,1,0,0,0,0,delete,
eat_glo_3.5Mar_d277_m161,eating less meat,Global,3.5,Market Formation,Partial up to max PrivateEquityDeals (meat substitutes),Partial up to max # deals,b1,0.51043,0.51042,0.9385,2044.4,8.6093,1.8672e+07,1.4662,2012.4,-1870.1,0.97758,0.97581,3.2991,1.2768,0.97758,0.97644,3.2991,1.2768,0.2665,0.22889,18.872,11.615,42,12,6.6946e-06,5.3557e-08,6.641e-06,12,0,11,0,0,1,0.52781,0,0,y,y,y,y,y,y,m,m,m,m,m,y,y,,,,not needed as transformed-cumulative preferred,1,delete,transformed-partial,0,0,0,0,0,0,,1,1,0,0,0,0,314,check,check,,,,,,1,1,0,0,0,0,delete,
eat_glo_3.5Mar_d278_m162,eating less meat,Global,3.5,Market Formation,cumulative PrivateEquityInvestment (meat substitutes),cumulative $ million,b1,1.1358,0.28007,78.951,2020.3,3.869,6945.2,5.6824e-09,1924.1,-1.5739e+05,0.99758,0.9974,87.117,40.034,0.93515,0.93206,450.51,220.06,0.33592,0.3043,1441.7,1050.1,45,15,0.97779,0.00027448,0.97752,15,0,14,0,0,1,0.82743,0,0,y,y,y,y,y,y,y,y,y,y,y,y,y,,,,,0,prefer,transformed-cumulative,1,1,0,0,0,0,,1,1,0,0,0,0,315,,,,,,,,1,1,0,0,0,0,delete,
eat_glo_3.5Mar_d279_m163,eating less meat,Global,3.5,Market Formation,Partial up to max PrivateEquityInvestment (meat substitutes),Partial up to max $ million,b1,1.0096,0.64918,15.539,2020.7,4.3528,3969.6,7.679e-13,1966.1,-30968,0.99076,0.99003,39.771,14.824,0.9872,0.98654,46.818,18.13,0.20723,0.16657,368.39,206.82,42,12,0.58246,0.00048023,0.58198,12,0,11,0,0,1,0.53948,0,0,y,y,y,m,y,m,m,y,m,m,m,m,m,,,,not needed as transformed-cumulative preferred,1,delete,transformed-partial,0,0,0,0,0,0,,1,1,0,0,0,0,316,check,check,,,,,,1,1,0,0,0,0,delete,
eat_glo_3.5Mar_d280_m162,eating less meat,Global,3.5,Market Formation,cumulative TotalFundraisingAmount (meat substitutes),cumulative $ million,b1,0.3574,0.18357,198.69,2020.1,12.295,16737,5.5703e-06,1905.8,-3.9593e+05,0.98958,0.98882,368.55,206.13,0.96853,0.96703,640.47,363.59,0.51087,0.48757,2524.9,1996.5,45,31,0.7587,0.0013145,0.75738,31,0,30,0,0,1,0.87703,0,0,y,y,y,m,y,m,y,y,y,m,m,m,m,,,,,0,prefer,transformed-cumulative,1,1,0,0,0,0,,1,1,0,0,0,0,317,,,,,,,,1,1,0,0,0,0,delete,
eat_glo_3.5Mar_d281_m163,eating less meat,Global,3.5,Market Formation,Partial up to max TotalFundraisingAmount (meat substitutes),Partial up to max $ million,b1,0.28507,0.28507,29.436,2058.4,15.415,1.0787e+08,5.3893e-06,1951,-58635,0.76973,0.75156,291.28,127.02,0.76974,0.75793,291.28,127.02,0.34549,0.31192,491.09,362.86,42,15,2.6019e-05,1.7672e-08,2.6002e-05,28,0,11,0,1,1,0.50946,0,0,y,y,y,m,m,m,m,m,y,m,m,m,m,,,,not needed as transformed-cumulative preferred,1,delete,transformed-partial,0,0,0,0,0,0,,1,1,0,0,0,0,318,check,check,,,,,,1,1,0,0,0,0,delete,
eat_glo_3.5Mar_d282_m160,eating less meat,Global,3.5,Market Formation,cumulative TotalFundraisingDeals (meat substitutes),cumulative # deals,b1,0.61658,0.25942,8.4158,2020.8,7.1271,825.96,3.9735e-06,1950.3,-16772,0.99662,0.99637,10.229,7.3158,0.97056,0.96916,30.178,15.645,0.38614,0.35691,137.81,100.61,45,44,0.85477,0.0012107,0.85356,44,0,43,0,0,0,0.82783,0,0,y,y,y,y,y,y,y,y,y,y,y,y,y,,,,,0,prefer,transformed-cumulative,1,1,0,0,0,0,,1,1,0,0,0,0,319,,,,,,,,1,1,0,0,0,0,delete,
eat_glo_3.5Mar_d283_m161,eating less meat,Global,3.5,Market Formation,Partial up to max TotalFundraisingDeals (meat substitutes),Partial up to max # deals,b1,0.45135,0.45135,1.3291,2047.1,9.7362,2.0593e+07,0.74382,2009.1,-2648.3,0.98463,0.98341,3.7247,1.5461,0.98463,0.98384,3.7247,1.5461,0.28762,0.25109,25.355,16.146,42,19,8.0126e-06,4.8561e-08,7.964e-06,41,0,40,0,0,1,0.58268,0,0,y,y,y,m,m,m,m,m,m,m,m,m,m,,,,not needed as transformed-cumulative preferred,1,delete,transformed-partial,0,0,0,0,0,0,,1,1,0,0,0,0,320,check,check,,,,,,1,1,0,0,0,0,delete,
eat_ind_1.1Ado_d038_m038,eating less meat,India,1.1,Adoption over time,% red in total meat consumption,% kg/yr,b1,-0.077647,-0.036062,-0.011395,2012.3,-56.596,0.91215,-1544.4,-1.5261e+05,23.408,0.95416,0.9513,0.03858,0.022405,-13.81,-14.415,0.69348,0.66966,0.90068,0.89663,0.056789,0.04913,52,52,0.95054,0.34518,0.60536,52,51,4,0,0,0,0.97941,1,1,y,y,y,y,y,y,y,y,y,y,y,y,y,1,,,*needs sign reversal * negative slope = LED innovation,0,,,1,1,,,0,0,,1,1,0,1,0,0,322,,,,,,,,1,1,0,1,0,0,,
eat_ind_1.1Ado_d228_m137,eating less meat,India,1.1,Adoption over time,per capita total meat consumption,kg/yr,b1,0.0055924,0.0027449,0.022242,3523.1,785.79,20841,1556.5,1.5729e+05,-40.309,0.50794,0.47718,0.33245,0.21638,-73.945,-77.004,4.1028,4.0754,0.49613,0.47556,0.33641,0.21617,52,52,0.00029126,0.00017166,0.0001196,52,1,49,0,0,0,0.97308,0,1,m,y,y,y,y,y,y,m,y,m,y,m,y,1,,,*needs sign reversal * negative slope = LED innovation,0,,,,1,,,0,0,,1,1,0,0,0,0,328,,,,,,,,1,1,0,0,0,0,delete,
eat_ind_1.1Ado_d258_m166,eating less meat,India,1.1,Adoption over time,Partial up to max % red in total meat consumption,Partial up to max % kg/yr,b1,,,,,,,,,,,,,,,,,,,,,,1,1,,,,1,0,0,0,0,,,1,1,n,n,y,m,m,m,m,m,m,n,n,n,n,,,,,0,,transformed-partial,,,,,0,0,,1,1,0,0,0,0,331,,,,,,,,1,1,0,0,0,0,delete,
eat_ind_1.1Ado_d259_m167,eating less meat,India,1.1,Adoption over time,Partial max and after % red in total meat consumption,Partial max and after % kg/yr,b1,-0.077647,-0.036062,-0.011395,2012.3,-56.596,0.91215,-1544.4,-1.5261e+05,23.408,0.95416,0.9513,0.03858,0.022405,-13.81,-14.415,0.69348,0.66966,0.90068,0.89663,0.056789,0.04913,52,52,0.95054,0.34518,0.60536,52,51,4,0,0,0,0.97941,1,1,y,y,y,y,y,y,y,y,y,y,y,y,y,,,,,0,,transformed-partial,1,1,,,0,0,,1,1,0,0,0,0,332,,,,,,,,1,1,0,0,0,0,delete,
eat_ind_1.1Ado_d270_m170,eating less meat,India,1.1,Adoption over time,Partial up to max per capita total meat consumption,Partial up to max kg/yr,b1,0.0049652,0.0025095,0.019777,3590.6,885.06,11129,1556.6,1.5729e+05,-35.412,0.48597,0.45316,0.30154,0.18821,-92.439,-96.332,4.0655,4.0437,0.4791,0.4574,0.30355,0.18767,51,51,0.00054541,0.00032144,0.00022396,51,0,48,0,0,0,0.96948,0,1,m,y,y,y,y,y,y,m,y,m,y,m,y,,,,*needs sign reversal * negative slope = LED innovation,0,prefer,transformed-partial,1,1,0,2,0,0,,1,1,0,0,0,0,343,,,,,,,,1,1,0,0,0,0,delete,
eat_ind_1.1Ado_d271_m171,eating less meat,India,1.1,Adoption over time,Partial max and after per capita total meat consumption,Partial max and after kg/yr,b1,,,-0.38,,,,,,773.67,,,,,,,,,1,1,6.6218e-14,6.5281e-14,2,2,,,,2,1,0,0,0,0,0.49896,0,1,n,n,y,y,y,y,m,m,y,n,n,n,n,,,,too few,0,hide,transformed-partial,0,0,,,0,0,,1,1,0,0,0,0,344,check,check,,,,,,1,1,0,0,0,0,delete,
eat_ind_1.1Ado_d326_m185,eating less meat,India,1.1,Adoption over time,red meat as a share of meat consumption,market share,b1,-0.077647,-0.036062,-0.011395,2012.3,-56.596,0.91215,-1544.4,-1.5261e+05,23.408,0.95416,0.9513,0.03858,0.022405,-13.81,-14.415,0.69348,0.66966,0.90068,0.89663,0.056789,0.04913,52,52,0.95054,0.34518,0.60536,52,51,4,0,0,0,0.97941,1,1,y,y,y,y,y,y,y,y,y,y,y,y,y,,,,*needs sign reversal * negative slope = LED innovation,0,prefer-relative,transformed-marketshare,1,1,0,1,0,0,,1,1,0,1,0,0,345,,,,,,,,1,1,0,1,0,0,,
eat_ind_2.4Eas_d210_m103,eating less meat,India,2.4,Ease of Use,Vegetable consumption per capita,Kg/year,b1,0.016109,0.016109,0.92102,2699.7,272.79,4.9664e+06,5.5535,1849,-1777.3,0.90736,0.90157,4.5434,3.6454,0.90736,0.90358,4.5434,3.6454,0.85753,0.85171,5.6344,4.6362,52,52,1.8273e-05,8.6265e-06,9.6464e-06,52,0,51,0,0,0,0.97363,0,1,y,y,y,y,y,y,y,m,y,m,y,m,y,1,,,,0,,,,1,,,,,,1,1,0,0,0,1,346,,,,,,,,1,1,0,0,0,1,,
eat_ind_2.5Var_d037_m038,eating less meat,India,2.5,Variety (Choice Availability),% poultry+pig in total meat consumption,% kg/yr,b1,0.052472,0.0020604,0.011395,2018.4,83.748,1.2774,1554.9,1.5746e+05,-22.408,0.94665,0.94331,0.041622,0.028549,-3.3607,-3.5387,0.37629,0.33034,0.90068,0.89663,0.056789,0.04913,52,52,0.53636,0.10409,0.43227,52,4,51,0,0,0,0.97957,1,1,y,y,y,y,y,y,y,y,y,y,y,y,y,1,,,*needs sign reversal * negative slope = LED innovation,0,,,1,1,,,0,0,,1,1,0,0,0,0,321,,,,,,,,1,1,0,0,0,0,delete,
eat_ind_2.5Var_d223_m137,eating less meat,India,2.5,Variety (Choice Availability),per capita beef consumption,Kg/yr,b1,-0.06857,-0.0018826,-0.028146,2014.5,-64.087,2.603,-1543.4,-1.5271e+05,58.102,0.71884,0.70126,0.27425,0.16952,-14.012,-14.625,2.004,1.9361,0.66707,0.65348,0.29843,0.22672,52,52,0.95957,0.32271,0.63687,52,39,8,1,1,0,0.97193,0,1,y,y,y,y,y,y,y,y,y,y,y,y,y,1,,,*needs sign reversal * negative slope = LED innovation,0,,,1,1,,,0,0,,1,1,0,0,0,0,323,,,,,,,,1,1,0,0,0,0,delete,
eat_ind_2.5Var_d224_m137,eating less meat,India,2.5,Variety (Choice Availability),per capita other meat consumption,kg/yr,b1,-10.224,-0.020252,-0.0027626,2009.2,-0.42981,0.13646,4.9839e-06,2485.4,5.6176,0.98469,0.98374,0.0071571,0.0047079,0.3981,0.37353,0.044882,0.040529,0.51368,0.49383,0.040343,0.036767,52,40,1.1026,0.87572,0.2269,40,27,39,1,0,0,0.97881,1,1,y,y,y,y,y,y,y,y,y,y,y,y,y,4,bad data,"reversal, fit to partial",*needs sign reversal * negative slope = LED innovation,0,,,1,1,,,0,0,,0,1,0,0,0,0,324,check,,,,,,,1,1,0,0,0,0,delete,
eat_ind_2.5Var_d225_m137,eating less meat,India,2.5,Variety (Choice Availability),per capita pig consumption,Kg/yr,b1,-0.14972,-0.0052459,-0.0022499,2020.5,-29.352,0.41359,0.26074,2063.2,4.8626,0.55064,0.52256,0.051532,0.045939,0.16784,0.13387,0.070127,0.063672,0.19295,0.16001,0.069061,0.062366,52,52,1.1798,0.55611,0.62365,52,29,0,1,0,0,0.98928,1,1,m,y,y,y,y,y,y,y,m,m,m,n,m,4,interesting,"reversal, fit to partial",*needs sign reversal * negative slope = LED innovation,0,,,,,,,0,0,,0,1,0,0,0,0,325,,,,,,,,0,1,0,0,0,0,delete,
eat_ind_2.5Var_d226_m137,eating less meat,India,2.5,Variety (Choice Availability),per capita poultry consumption,kg/yr,b1,0.086579,0.0064102,0.057363,2020.1,50.757,6.1501,1554.2,1.5752e+05,-113.44,0.98616,0.9853,0.10914,0.067554,-1.2202,-1.3108,1.3825,1.0249,0.86091,0.85523,0.34604,0.28993,52,52,0.52519,0.025925,0.49927,52,1,49,0,0,0,0.96117,0,1,y,y,y,y,y,y,y,y,y,y,y,y,y,1,,,*needs sign reversal * negative slope = LED innovation,0,,,1,1,,,0,0,,1,1,0,0,0,0,326,,,,,,,,1,1,0,0,0,0,delete,
eat_ind_2.5Var_d227_m137,eating less meat,India,2.5,Variety (Choice Availability),per capita sheep & goat consumption,Kg/yr,b1,-0.079871,-0.0029837,-0.0019615,2039,-55.019,0.67194,0.052549,2831.3,4.551,0.56941,0.5425,0.030355,0.024189,0.3923,0.36749,0.036062,0.02983,0.405,0.38071,0.035683,0.029385,52,52,1.0574,0.759,0.29844,52,34,9,1,1,0,0.98045,1,1,m,y,y,y,y,y,y,y,y,m,y,m,y,1,,,*needs sign reversal * negative slope = LED innovation,0,,,,1,,,0,0,,1,1,0,0,0,0,327,,,,,,,,1,1,0,0,0,0,delete,
eat_ind_3.5Mar_d076_m128,eating less meat,India,3.5,Market Formation,CumulativeStartups (meat substitutes),cum. # companies,b1,0.61794,0.019222,0.19183,2018.4,7.1114,12.376,1551.1,1.5785e+05,-382.29,0.9926,0.99205,0.30633,0.15366,-0.24318,-0.30238,3.9693,1.7556,0.48974,0.46545,2.543,2.1012,45,15,0.96961,0.080801,0.88881,15,1,14,0,0,0,0.88434,0,1,y,y,y,y,y,y,y,y,y,y,y,y,y,,,,,0,prefer,original,1,1,0,0,0,1,,1,1,0,0,0,1,347,,,,,,,,1,1,0,0,0,1,,
eat_ind_3.5Mar_d128_m008,eating less meat,India,3.5,Market Formation,NewStartups (meat substitutes),# companies,b1,5.7401,0.0034551,0.025955,2015.8,0.76558,1.2504,1554.6,1.5751e+05,-51.696,0.61311,0.5848,0.38005,0.13375,-0.19048,-0.24717,0.66667,0.26667,0.30436,0.27123,0.50961,0.34212,45,9,2.3993,0.79976,1.5995,14,5,13,1,0,1,0.75,0,1,m,y,y,y,y,y,y,y,y,m,y,m,y,,,,,0,hide,original,1,1,0,0,0,0,,0,1,0,0,0,0,348,check,,,,,,,1,1,0,0,0,0,delete,
eat_ind_3.5Mar_d173_m011,eating less meat,India,3.5,Market Formation,PrivateEquityDeals (meat substitutes),# deals,b1,1.6796,0.0037,0.028458,2016.6,2.6163,1.4989,1554.5,1.5751e+05,-56.707,0.58412,0.55369,0.45904,0.18476,-0.14035,-0.19465,0.76012,0.26667,0.26961,0.23483,0.60833,0.40128,45,7,2.0015,0.66717,1.3343,8,5,7,1,0,1,0.57692,0,1,m,y,y,y,y,y,m,y,m,m,m,m,m,,,,,0,hide,original,1,1,0,0,0,0,,1,1,0,0,0,0,349,,,,,,,,1,1,0,0,0,0,delete,
eat_ind_3.5Mar_d177_m027,eating less meat,India,3.5,Market Formation,PrivateEquityInvestment (meat substitutes),$ million,b1,21.19,0.17861,0.024204,2020.1,0.20738,2.1588,0.0074047,1993.1,-48.247,0.60352,0.5745,0.49572,0.11926,0.33169,0.29986,0.6436,0.25033,0.15943,0.1194,0.72179,0.3942,45,5,2.1524,0.18114,1.9712,6,2,5,1,0,1,0.51187,0,1,m,n,y,m,y,m,m,y,m,n,n,n,n,,,,,0,hide,original,0,1,0,0,0,0,,1,1,0,0,0,0,350,check,,,,,,,1,1,0,0,0,0,delete,
eat_ind_3.5Mar_d202_m027,eating less meat,India,3.5,Market Formation,TotalFundraisingAmount (meat substitutes),$ million,b1,32.057,0.17152,0.035617,2020.1,0.13708,3.2816,0.0066508,1989.1,-70.995,0.53748,0.50364,0.86286,0.213,0.26848,0.23365,1.0851,0.40398,0.13292,0.091631,1.1814,0.59804,45,5,2.3915,0.11916,2.2723,6,2,5,1,0,1,0.46572,0,1,m,n,y,m,y,m,m,y,m,n,n,n,n,,,,,0,hide,original,0,1,0,0,0,0,,1,1,0,0,0,0,351,check,,,,,,,1,1,0,0,0,0,delete,
eat_ind_3.5Mar_d206_m011,eating less meat,India,3.5,Market Formation,TotalFundraisingDeals (meat substitutes),# deals,b1,46.112,0.13403,0.038603,2017.2,0.095299,2.1429,6.1487,2031.1,-76.929,0.54758,0.51447,0.69693,0.26984,0.37481,0.34504,0.81926,0.40652,0.23412,0.19765,0.90677,0.54762,45,7,2.3333,0.46667,1.8667,8,2,7,1,0,1,0.61111,0,1,m,y,y,m,y,m,m,y,m,m,m,m,m,,,,,0,hide,original,1,1,0,0,0,0,,1,1,0,0,0,0,352,,,,,,,,1,1,0,0,0,0,delete,
eat_ind_3.5Mar_d272_m156,eating less meat,India,3.5,Market Formation,cumulative CumulativeStartups (meat substitutes),cumulative cum. # companies,b1,0.39765,0.25118,0.90975,2022.5,11.051,121.41,3.0723,2010.8,-1813.3,0.99941,0.99937,0.44532,0.24519,0.99147,0.99107,1.6939,1.0299,0.41489,0.38703,14.031,10.424,45,15,0.6507,0.0082367,0.64246,15,0,14,0,0,0,0.80734,0,1,y,y,y,y,y,y,y,y,y,y,y,y,y,,,,not needed as transformed-cumulative twice (error),1,delete,transformed-cumx2error,0,0,0,0,0,0,,1,1,0,0,0,0,353,check,check,,,,,,1,1,0,0,0,0,delete,
eat_ind_3.5Mar_d273_m157,eating less meat,India,3.5,Market Formation,Partial up to max CumulativeStartups (meat substitutes),Partial up to max cum. # companies,b1,0.61673,0.017423,0.17273,2018.4,7.1254,12.39,1551.5,1.5781e+05,-344.19,0.99088,0.9902,0.30979,0.15692,-0.22036,-0.27989,3.5834,1.5227,0.45721,0.43073,2.3898,1.9174,44,14,0.96851,0.080709,0.8878,14,0,13,0,0,0,0.85487,0,1,y,y,y,y,y,y,y,y,y,y,y,y,y,,,,not needed as transformed-cumulative preferred,1,delete,transformed-partial,0,0,0,0,0,0,,1,1,0,0,0,0,354,check,check,,,,,,1,1,0,0,0,0,delete,
eat_ind_3.5Mar_d274_m158,eating less meat,India,3.5,Market Formation,cumulative NewStartups (meat substitutes),cumulative # companies,b1,0.61794,0.019222,0.19183,2018.4,7.1114,12.376,1551.1,1.5785e+05,-382.29,0.9926,0.99205,0.30633,0.15366,-0.24318,-0.30238,3.9693,1.7556,0.48974,0.46545,2.543,2.1012,45,15,0.96961,0.080801,0.88881,15,1,14,0,0,0,0.88434,0,1,y,y,y,y,y,y,y,y,y,y,y,y,y,,,,not needed as cumulative in original data,1,delete,transformed-cumulative,0,0,0,0,0,0,,1,1,0,0,0,0,355,check,check,,,,,,1,1,0,0,0,0,delete,
eat_ind_3.5Mar_d275_m159,eating less meat,India,3.5,Market Formation,Partial up to max NewStartups (meat substitutes),Partial up to max # companies,b1,0.85602,0.856,0.02085,2029.7,5.1336,65599,8.6255,2019.3,-41.526,0.8789,0.86852,0.18546,0.055245,0.8789,0.87217,0.18546,0.055245,0.19388,0.14909,0.4785,0.28518,39,4,4.5733e-05,1.5244e-05,3.0488e-05,9,0,8,0,0,1,0.33333,0,1,y,n,y,m,m,m,m,m,m,n,n,n,n,,,,not needed as transformed-cumulative preferred,1,delete,transformed-partial,0,0,0,0,0,0,,1,1,0,0,0,0,356,check,check,,,,,,1,1,0,0,0,0,delete,
eat_ind_3.5Mar_d276_m160,eating less meat,India,3.5,Market Formation,cumulative PrivateEquityDeals (meat substitutes),cumulative # deals,b1,0.63272,0.24385,0.15468,2020,6.9453,13.39,0.7241,2011.8,-308.33,0.99192,0.99133,0.29115,0.13552,0.94973,0.94734,0.72614,0.4114,0.38473,0.35543,2.5404,1.9108,45,9,0.89617,0.074681,0.82149,9,1,8,1,0,1,0.84601,0,1,y,y,y,y,y,y,y,y,y,y,y,y,y,,,,,0,prefer,transformed-cumulative,1,1,0,0,0,0,,1,1,0,0,0,0,357,,,,,,,,1,1,0,0,0,0,delete,
eat_ind_3.5Mar_d277_m161,eating less meat,India,3.5,Market Formation,Partial up to max PrivateEquityDeals (meat substitutes),Partial up to max # deals,b1,8.8645,0.0024332,0.01498,2018.2,0.49573,14.962,1554.7,1.5748e+05,-29.842,0.89572,0.88678,0.16013,0.025657,-0.042781,-0.10071,0.50637,0.10256,0.11559,0.066459,0.46633,0.2284,39,2,0.20051,0.066837,0.13367,3,0,2,0,0,1,0,0,1,y,n,m,m,y,m,m,m,m,n,n,n,n,,,,not needed as transformed-cumulative preferred,1,delete,transformed-partial,0,0,0,0,0,0,,0,1,0,0,0,0,358,,check,,,,,,0,1,0,0,0,0,delete,
eat_ind_3.5Mar_d278_m162,eating less meat,India,3.5,Market Formation,cumulative PrivateEquityInvestment (meat substitutes),cumulative $ million,b1,1.8313,0.35856,0.090416,2021,2.3997,9.3634,6.6043,2022.5,-180.27,0.99424,0.99381,0.1753,0.060896,0.91462,0.91055,0.67469,0.31726,0.25863,0.22332,1.9881,1.3623,45,7,1.0081,0.041764,0.96631,7,1,6,1,0,1,0.77527,0,1,y,y,y,y,y,y,y,y,m,y,m,y,m,,,,,0,prefer,transformed-cumulative,1,1,0,0,0,0,,1,1,0,0,0,0,359,,,,,,,,1,1,0,0,0,0,delete,
eat_ind_3.5Mar_d279_m163,eating less meat,India,3.5,Market Formation,Partial up to max PrivateEquityInvestment (meat substitutes),Partial up to max $ million,b1,2.4151,2.4146,0.017851,2024.3,1.8196,13099,0.0079328,2018.4,-35.58,0.99285,0.99228,0.060103,0.010193,0.99285,0.99248,0.060103,0.010194,0.092713,0.046185,0.67685,0.27775,42,3,0.00035475,2.9855e-05,0.00032489,4,0,3,0,0,1,0.087501,0,1,y,n,m,m,y,m,m,m,m,n,n,n,n,,,,not needed as transformed-cumulative preferred,1,delete,transformed-partial,0,0,0,0,0,0,,0,1,0,0,0,0,360,,check,,,,,,0,1,0,0,0,0,delete,
eat_ind_3.5Mar_d280_m162,eating less meat,India,3.5,Market Formation,cumulative TotalFundraisingAmount (meat substitutes),cumulative $ million,b1,2.7272,0.35414,0.13571,2020.8,1.6113,13.53,7.2246,2021.6,-270.57,0.99638,0.99612,0.2106,0.074699,0.89513,0.89014,1.1335,0.52431,0.25353,0.21799,3.0242,2.0787,45,7,1.0296,0.028903,1.0007,7,1,6,1,0,1,0.77695,0,1,y,y,y,y,y,y,y,y,m,y,m,y,m,,,,,0,prefer,transformed-cumulative,1,1,0,0,0,0,,1,1,0,0,0,0,361,,,,,,,,1,1,0,0,0,0,delete,
eat_ind_3.5Mar_d281_m163,eating less meat,India,3.5,Market Formation,Partial up to max TotalFundraisingAmount (meat substitutes),Partial up to max $ million,b1,2.9442,2.943,0.028486,2023.3,1.4926,6224.3,6.5855e-08,2014.7,-56.78,0.99746,0.99726,0.060257,0.0098274,0.99746,0.99733,0.060257,0.0098285,0.083269,0.036258,1.1456,0.46464,42,3,0.0012609,6.2826e-05,0.001198,4,0,3,0,0,1,0.052309,0,1,y,n,m,m,y,m,m,m,m,n,n,n,n,,,,not needed as transformed-cumulative preferred,1,delete,transformed-partial,0,0,0,0,0,0,,0,1,0,0,0,0,362,,check,,,,,,0,1,0,0,0,0,delete,
eat_ind_3.5Mar_d282_m160,eating less meat,India,3.5,Market Formation,cumulative TotalFundraisingDeals (meat substitutes),cumulative # deals,b1,0.74569,0.26448,0.19539,2020.4,5.8932,17.918,2.4785,2016.3,-389.5,0.99082,0.99014,0.40708,0.15517,0.94493,0.94231,0.99682,0.49505,0.35685,0.32622,3.4067,2.4536,45,9,0.89297,0.05581,0.83716,9,1,8,1,0,1,0.83458,0,1,y,y,y,y,y,y,y,y,y,y,y,y,y,,,,,0,prefer,transformed-cumulative,1,1,0,0,0,0,,1,1,0,0,0,0,363,,,,,,,,1,1,0,0,0,0,delete,
eat_ind_3.5Mar_d283_m161,eating less meat,India,3.5,Market Formation,Partial up to max TotalFundraisingDeals (meat substitutes),Partial up to max # deals,b1,0.54207,0.5419,0.03379,2041.9,8.1067,3.67e+05,0.014932,2010.5,-67.335,0.75443,0.73504,0.44664,0.15251,0.75443,0.74184,0.44664,0.15254,0.20649,0.1658,0.80288,0.4554,42,5,1.3624e-05,2.7248e-06,1.0899e-05,6,0,5,0,0,1,0.24324,0,1,y,n,y,m,y,m,m,m,m,n,n,m,m,,,,not needed as transformed-cumulative preferred,1,delete,transformed-partial,0,0,0,0,0,0,,1,1,0,0,0,0,364,check,check,,,,,,1,1,0,0,0,0,delete,
eat_ind_4.1Sal_d213_m100,eating less meat,India,4.1,Knowledge Flows (social networks),annualised Google search frequency (index 100=monthly max.),Index 0-100,b1,-0.32571,-0.085055,-3.0034,2014.6,-13.492,62.744,62.958,2005.5,6083.2,0.59316,0.52136,15.598,11.626,0.54696,0.49663,16.46,11.283,0.55308,0.50342,16.348,12.123,21,20,1.5938,0.042745,1.551,21,14,6,1,1,1,0.8376,0,1,m,y,y,m,m,m,y,y,y,m,m,m,m,,,,downward,0,hide,original,1,1,0,0,0,0,,1,1,0,0,0,0,365,,,,,,,,1,1,0,0,0,0,delete,
eat_ind_4.1Sal_d239_m153,eating less meat,India,4.1,Knowledge Flows (social networks),Partial up to max annualised Google search frequency (index 100=monthly max.),Partial up to max Index 0-100,b1,0.050071,0.050055,2.1141,2190.9,87.764,5.8737e+05,0.70314,1918.6,-4183.8,0.056057,-0.88789,20.507,17.5,0.056059,-0.41591,20.507,17.499,0.040128,-0.43981,20.68,17.245,7,7,0.00017025,5.8707e-05,0.00011154,7,0,3,0,1,0,0.66964,0,1,n,y,y,y,y,y,m,m,m,n,m,n,m,,,,noisy,0,prefer,transformed-partial,0,0,0,0,0,1,,0,1,0,0,0,1,366,,check,,,,,,0,1,0,0,0,1,,
eat_ind_4.5Inf_d120_m103,eating less meat,India,4.5,Physical Infrastructure Dependence,Meat supply/person,Kg/year,b1,0.005586,0.0027422,0.022213,3531.4,786.69,21617,1556.5,1.5729e+05,-40.251,0.50631,0.47545,0.33317,0.21664,-73.904,-76.962,4.1038,4.0763,0.49434,0.47371,0.33718,0.21637,52,52,0.00028126,0.00016596,0.00011531,52,1,49,0,0,0,0.97304,0,1,m,y,y,y,y,y,y,m,y,m,y,m,y,1,,,,0,,,,1,,,,,,1,1,0,0,0,1,367,,,,,,,,1,1,0,0,0,1,,
eat_jap_1.1Ado_d038_m038,eating less meat,Japan,1.1,Adoption over time,% red in total meat consumption,% kg/yr,b1,-0.019385,-0.0083265,-0.0019324,2009.3,-226.7,0.40901,0.67515,1865.8,4.0873,0.60172,0.57683,0.023566,0.019128,0.6004,0.58409,0.023605,0.019369,0.60324,0.58705,0.023521,0.01914,52,52,0.79687,0.4174,0.37947,52,51,0,0,0,0,0.97508,1,1,m,y,y,y,y,y,y,y,y,m,y,m,y,1,,,*needs sign reversal * negative slope = LED innovation,0,,,,1,,,0,0,,1,1,0,0,0,0,369,,,,,,,,1,1,0,0,0,0,delete,
eat_jap_1.1Ado_d228_m137,eating less meat,Japan,1.1,Adoption over time,per capita total meat consumption,kg/yr,b1,0.071994,0.015427,0.63308,1977.5,61.039,52.862,6.9183,1885,-1224.3,0.97337,0.9717,1.5995,1.1362,0.89384,0.88951,3.1933,2.6034,0.93979,0.93733,2.405,2.0111,52,52,1.0815,0.32661,0.75488,52,0,51,0,0,0,0.97826,0,1,y,y,y,y,y,y,y,y,y,y,y,y,y,1,,,*needs sign reversal * negative slope = LED innovation,0,,,1,1,,,0,0,,1,1,0,0,0,0,375,,,,,,,,1,1,0,0,0,0,delete,
eat_jap_1.1Ado_d258_m166,eating less meat,Japan,1.1,Adoption over time,Partial up to max % red in total meat consumption,Partial up to max % kg/yr,b1,,,,,,,,,,,,,,,,,,,,,,1,1,,,,1,0,0,0,0,,,1,1,n,n,y,m,m,m,m,m,m,n,n,n,n,,,,,0,,,,,,,0,0,,0,1,0,0,0,0,378,,,,,,,,0,1,0,0,0,0,delete,
eat_jap_1.1Ado_d259_m167,eating less meat,Japan,1.1,Adoption over time,Partial max and after % red in total meat consumption,Partial max and after % kg/yr,b1,-0.019385,-0.0083265,-0.0019324,2009.3,-226.7,0.40901,0.67515,1865.8,4.0873,0.60172,0.57683,0.023566,0.019128,0.6004,0.58409,0.023605,0.019369,0.60324,0.58705,0.023521,0.01914,52,52,0.79687,0.4174,0.37947,52,51,0,0,0,0,0.97508,1,1,m,y,y,y,y,y,y,y,y,m,y,m,y,,,,,0,,,,1,,,0,0,,1,1,0,0,0,0,379,,,,,,,,1,1,0,0,0,0,delete,
eat_jap_1.1Ado_d270_m170,eating less meat,Japan,1.1,Adoption over time,Partial up to max per capita total meat consumption,Partial up to max kg/yr,b1,0.071994,0.015427,0.63308,1977.5,61.039,52.862,6.9183,1885,-1224.3,0.97337,0.9717,1.5995,1.1362,0.89384,0.88951,3.1933,2.6034,0.93979,0.93733,2.405,2.0111,52,52,1.0815,0.32661,0.75488,52,0,51,0,0,0,0.97826,0,1,y,y,y,y,y,y,y,y,y,y,y,y,y,,,,,0,,,1,1,,,0,0,,1,1,0,0,0,0,390,,,,,,,,1,1,0,0,0,0,delete,
eat_jap_1.1Ado_d271_m171,eating less meat,Japan,1.1,Adoption over time,Partial max and after per capita total meat consumption,Partial max and after kg/yr,b1,,,,,,,,,,,,,,,,,,,,,,1,1,,,,1,0,0,0,0,,,0,1,n,n,y,m,m,m,m,m,m,n,n,n,n,,,,,0,,,,,,,0,0,,0,0,0,0,0,0,391,,,,,,,,0,0,0,0,0,0,delete,
eat_jap_1.1Ado_d326_m185,eating less meat,Japan,1.1,Adoption over time,red meat as a share of meat consumption,market share,b1,-0.019385,-0.0083265,-0.0019324,2009.3,-226.7,0.40901,0.67515,1865.8,4.0873,0.60172,0.57683,0.023566,0.019128,0.6004,0.58409,0.023605,0.019369,0.60324,0.58705,0.023521,0.01914,52,52,0.79687,0.4174,0.37947,52,51,0,0,0,0,0.97508,1,1,m,y,y,y,y,y,y,y,y,m,y,m,y,,,,*needs sign reversal * negative slope = LED innovation,0,prefer-relative,transformed-marketshare,1,1,0,1,0,0,,1,1,0,1,0,0,392,,,,,,,,1,1,0,1,0,0,,
eat_jap_2.4Eas_d210_m103,eating less meat,Japan,2.4,Ease of Use,Vegetable consumption per capita,Kg/year,b1,-0.0023219,-0.0023208,-0.26281,-1275.4,-1892.6,2.302e+05,198.79,1762.5,640.27,0.38839,0.35016,5.0061,4.0772,0.38839,0.36343,5.0061,4.0772,0.37969,0.35437,5.0416,4.1133,52,52,0.00055877,0.0004345,0.00012427,52,50,12,0,1,0,0.97896,0,0,m,y,y,y,y,y,y,m,y,m,y,m,y,1,,,*needs sign reversal * negative slope = LED innovation,0,,,,1,,,,,,1,1,0,0,0,1,393,,,,,,,,1,1,0,0,0,1,,
eat_jap_2.5Var_d037_m038,eating less meat,Japan,2.5,Variety (Choice Availability),% poultry+pig in total meat consumption,% kg/yr,b1,0.0025333,0.0011112,0.0019324,3946.2,1734.7,108.33,1555.3,1.5741e+05,-3.0873,0.60368,0.57891,0.023508,0.019094,-423.95,-441.3,0.76976,0.76886,0.60324,0.58705,0.023521,0.01914,52,52,0.0076551,0.0062224,0.0014327,52,0,51,0,0,0,0.98136,1,1,m,y,y,y,y,y,y,m,y,m,y,m,y,1,,,*needs sign reversal * negative slope = LED innovation,0,,,,1,,,0,0,,1,1,0,0,0,0,368,,,,,,,,1,1,0,0,0,0,delete,
eat_jap_2.5Var_d223_m137,eating less meat,Japan,2.5,Variety (Choice Availability),per capita beef consumption,Kg/yr,b1,0.1564,0.014528,0.12886,1978.4,28.097,9.6035,9.7134,2012.6,-249.42,0.85775,0.84886,0.92836,0.74248,0.53895,0.52013,1.6714,1.3799,0.61731,0.60169,1.5227,1.2704,52,52,1.1789,0.2981,0.88084,52,21,51,1,0,0,0.98385,0,1,y,y,y,y,y,y,y,y,y,y,y,y,y,1,,,*needs sign reversal * negative slope = LED innovation,0,,,1,1,,,0,0,,1,1,0,0,0,0,370,,,,,,,,1,1,0,0,0,0,delete,
eat_jap_2.5Var_d224_m137,eating less meat,Japan,2.5,Variety (Choice Availability),per capita other meat consumption,kg/yr,b1,-0.093814,-0.071676,-0.031119,1967.6,-46.842,4.2039,0.71857,1984,62.628,0.98498,0.98404,0.064265,0.051651,0.98123,0.98047,0.071823,0.053247,0.79349,0.78506,0.23826,0.19858,52,52,0.41726,0.021408,0.39585,52,48,8,0,1,0,0.94541,0,1,y,y,y,y,y,y,y,y,y,y,y,y,y,1,,,*needs sign reversal * negative slope = LED innovation,0,,,1,1,,,0,0,,1,1,0,0,0,0,371,,,,,,,,1,1,0,0,0,0,delete,
eat_jap_2.5Var_d225_m137,eating less meat,Japan,2.5,Variety (Choice Availability),per capita pig consumption,Kg/yr,b1,0.058756,0.015572,0.26498,1979.2,74.792,23.522,7.514,1947.4,-512.48,0.97011,0.96824,0.70471,0.55941,0.91251,0.90894,1.2056,0.93568,0.95204,0.95009,0.89258,0.70753,52,52,0.94251,0.29695,0.64556,52,2,51,0,0,0,0.9811,0,1,y,y,y,y,y,y,y,y,y,y,y,y,y,1,,,*needs sign reversal * negative slope = LED innovation,0,,,1,1,,,0,0,,1,1,0,0,0,0,372,,,,,,,,1,1,0,0,0,0,delete,
eat_jap_2.5Var_d226_m137,eating less meat,Japan,2.5,Variety (Choice Availability),per capita poultry consumption,kg/yr,b1,0.05818,0.020182,0.29304,1986.6,75.532,22.997,11.315,1987.2,-570.79,0.93134,0.92705,1.191,0.88831,0.90054,0.89648,1.4334,1.1896,0.93627,0.93367,1.1474,0.91426,52,52,1.1075,0.20234,0.90519,52,0,51,0,0,0,0.96855,0,1,y,y,y,y,y,y,y,y,y,y,y,y,y,1,,,*needs sign reversal * negative slope = LED innovation,0,,,1,1,,,0,0,,1,1,0,0,0,0,373,,,,,,,,1,1,0,0,0,0,delete,
eat_jap_2.5Var_d227_m137,eating less meat,Japan,2.5,Variety (Choice Availability),per capita sheep & goat consumption,Kg/yr,b1,-0.071999,-0.049943,-0.022683,1972.5,-61.035,2.3373,0.56682,1987.4,45.755,0.92941,0.92499,0.09866,0.067898,0.92156,0.91836,0.104,0.068642,0.84052,0.83401,0.14829,0.1243,52,52,0.59011,0.051342,0.53877,52,49,0,0,0,0,0.9572,0,1,y,y,y,y,y,y,y,y,y,y,y,y,y,1,,,*needs sign reversal * negative slope = LED innovation,0,,,1,1,,,0,0,,1,1,0,0,0,0,374,,,,,,,,1,1,0,0,0,0,delete,
eat_jap_3.5Mar_d076_m128,eating less meat,Japan,3.5,Market Formation,CumulativeStartups (meat substitutes),cum. # companies,b1,0.84614,0.24838,0.052042,2019.7,5.1935,4.2115,6.337,2025,-103.74,0.98686,0.9859,0.12913,0.052914,0.9192,0.91535,0.32023,0.16798,0.35994,0.32946,0.90129,0.68068,45,7,0.94979,0.23745,0.71234,7,2,6,1,0,0,0.84848,0,1,y,y,y,y,y,y,y,y,y,y,y,y,y,,,,,0,prefer,original,1,1,0,0,0,1,,1,1,0,0,0,1,394,,,,,,,,1,1,0,0,0,1,,
eat_jap_3.5Mar_d128_m008,eating less meat,Japan,3.5,Market Formation,NewStartups (meat substitutes),# companies,b1,57.934,0.11945,0.0094862,2017.2,0.075853,0.57143,5.5798,2043.6,-18.902,0.52962,0.4952,0.19518,0.076192,0.27421,0.23965,0.24245,0.13409,0.18741,0.14871,0.25653,0.16796,45,4,1.75,1.75,0,5,4,4,0,0,1,0.5,1,1,m,n,m,m,y,m,m,m,m,n,n,n,n,,,,,0,hide,original,0,1,0,0,0,0,,0,0,0,0,0,0,395,,check,,,,,,0,1,0,0,0,0,delete,
eat_jap_3.5Mar_d173_m011,eating less meat,Japan,3.5,Market Formation,PrivateEquityDeals (meat substitutes),# deals,b1,46.749,0.0015149,0.0054018,2021.2,0.094,0.66667,1555,1.5747e+05,-10.77,0.65116,0.62564,0.12172,0.02963,-0.046512,-0.096346,0.21082,0.044444,0.11589,0.073788,0.19377,0.099538,45,2,1.5,1.5,0,2,1,1,0,0,0,0.5,1,1,m,n,m,y,y,y,m,m,m,n,n,n,n,,,,,0,hide,original,0,1,0,0,0,0,,0,0,0,0,0,0,396,,check,,,,,,0,1,0,0,0,0,delete,
eat_jap_3.5Mar_d177_m027,eating less meat,Japan,3.5,Market Formation,PrivateEquityInvestment (meat substitutes),$ million,b1,18.784,0.0015908,0.0061954,2022,0.23394,0.91114,1554.9,1.5747e+05,-12.353,0.51149,0.47575,0.19209,0.040496,-0.033396,-0.082605,0.27938,0.050223,0.085714,0.042176,0.26279,0.11319,45,2,2,0.48045,1.5195,2,0,1,0,0,1,0.22712,0,1,m,n,m,m,y,m,m,y,m,n,n,n,n,,,,,0,hide,original,0,1,0,0,0,0,,0,0,0,0,0,0,397,,check,,,,,,0,1,0,0,0,0,delete,
eat_jap_3.5Mar_d202_m027,eating less meat,Japan,3.5,Market Formation,TotalFundraisingAmount (meat substitutes),$ million,b1,18.784,0.0015908,0.0061954,2022,0.23394,0.91114,1554.9,1.5747e+05,-12.353,0.51149,0.47575,0.19209,0.040496,-0.033396,-0.082605,0.27938,0.050223,0.085714,0.042176,0.26279,0.11319,45,2,2,0.48045,1.5195,2,0,1,0,0,1,0.22712,0,1,m,n,m,m,y,m,m,y,m,n,n,n,n,,,,,0,hide,original,0,1,0,0,0,0,,0,0,0,0,0,0,398,,check,,,,,,0,1,0,0,0,0,delete,
eat_jap_3.5Mar_d206_m011,eating less meat,Japan,3.5,Market Formation,TotalFundraisingDeals (meat substitutes),# deals,b1,78.543,0.4362,0.0083004,2021.5,0.05595,1,0.032339,2015.7,-16.551,1,1,1.0435e-19,1.5556e-20,0.81452,0.80568,0.10743,0.040911,0.18676,0.14803,0.22495,0.13977,45,3,1,1,0,3,2,2,0,0,0,0.66667,1,1,y,n,m,y,y,y,m,m,m,n,n,n,n,,,,,0,hide,original,0,1,0,0,0,0,,0,0,0,0,0,0,399,,check,,,,,,0,1,0,0,0,0,delete,
eat_jap_3.5Mar_d272_m156,eating less meat,Japan,3.5,Market Formation,cumulative CumulativeStartups (meat substitutes),cumulative cum. # companies,b1,0.69105,0.36501,0.17457,2022.1,6.3591,25.245,1.1404,2016,-348.05,0.99851,0.99841,0.16304,0.069335,0.98223,0.98138,0.56387,0.27516,0.2873,0.25336,3.5709,2.3991,45,7,0.79225,0.039612,0.75264,7,0,6,0,0,1,0.74082,0,1,y,y,y,y,y,y,y,y,m,y,m,y,m,,,,not needed as transformed-cumulative twice (error),1,delete,transformed-cumx2error,0,0,0,0,0,0,,1,1,0,0,0,0,400,check,check,,,,,,1,1,0,0,0,0,delete,
eat_jap_3.5Mar_d273_m157,eating less meat,Japan,3.5,Market Formation,Partial up to max CumulativeStartups (meat substitutes),Partial up to max cum. # companies,b1,0.74942,0.0043855,0.035488,2020.1,5.8638,4.7733,1554.3,1.5753e+05,-70.732,0.97694,0.97517,0.12821,0.050588,-0.10926,-0.16472,0.88921,0.27907,0.27208,0.23569,0.72033,0.48978,43,5,0.83799,0.2095,0.62849,5,0,4,0,0,0,0.70588,0,1,y,n,y,y,y,y,y,y,m,n,n,y,y,,,,not needed as transformed-cumulative preferred,1,delete,transformed-partial,0,0,0,0,0,0,,1,1,0,0,0,0,401,check,check,,,,,,1,1,0,0,0,0,delete,
eat_jap_3.5Mar_d274_m158,eating less meat,Japan,3.5,Market Formation,cumulative NewStartups (meat substitutes),cumulative # companies,b1,0.84614,0.24838,0.052042,2019.7,5.1935,4.2115,6.337,2025,-103.74,0.98686,0.9859,0.12913,0.052914,0.9192,0.91535,0.32023,0.16798,0.35994,0.32946,0.90129,0.68068,45,7,0.94979,0.23745,0.71234,7,2,6,1,0,0,0.84848,0,1,y,y,y,y,y,y,y,y,y,y,y,y,y,,,,not needed as cumulative in original data,1,delete,transformed-cumulative,0,0,0,0,0,0,,1,1,0,0,0,0,402,check,check,,,,,,1,1,0,0,0,0,delete,
eat_jap_3.5Mar_d275_m159,eating less meat,Japan,3.5,Market Formation,Partial up to max NewStartups (meat substitutes),Partial up to max # companies,b1,23.433,0.0013683,0.0038462,2018.1,0.18753,6.6355,1554.9,1.5746e+05,-7.6628,1,1,5.8334e-09,9.361e-10,-0.026316,-0.083333,0.16013,0.025641,0.075,0.023611,0.15202,0.062459,39,1,0.15071,0.15071,0,1,0,0,0,0,,,1,1,y,n,m,m,m,m,m,m,m,n,n,n,n,,,,not needed as transformed-cumulative preferred,1,delete,transformed-partial,0,0,0,0,0,0,,0,1,0,0,0,0,403,,check,,,,,,0,1,0,0,0,0,delete,
eat_jap_3.5Mar_d276_m160,eating less meat,Japan,3.5,Market Formation,cumulative PrivateEquityDeals (meat substitutes),cumulative # deals,b1,710.48,0.52947,0.013966,2022,0.0061852,2,3.8063,2024.9,-27.848,1,1,0,0,0.89514,0.89015,0.14027,0.050929,0.17531,0.13604,0.39339,0.23389,45,3,1,0.5,0.5,3,1,2,1,0,0,0.66667,0,1,y,n,m,y,y,y,m,y,m,n,n,n,n,,,,,0,prefer,transformed-cumulative,1,1,0,0,0,0,,0,0,0,0,0,0,404,check,check,,,,,,1,1,0,0,0,0,delete,
eat_jap_3.5Mar_d277_m161,eating less meat,Japan,3.5,Market Formation,Partial up to max PrivateEquityDeals (meat substitutes),Partial up to max # deals,b1,17.939,0.0013033,0.0031712,2022,0.24497,1.6211,1555,1.5746e+05,-6.3224,1,1,6.4463e-09,1.014e-09,-0.02381,-0.075,0.1525,0.023256,0.068182,0.021591,0.14549,0.057132,43,1,0.61687,0.61687,0,1,0,0,0,0,,,1,1,y,n,m,m,m,m,m,m,m,n,n,n,n,,,,not needed as transformed-cumulative preferred,1,delete,transformed-partial,0,0,0,0,0,0,,0,0,0,0,0,0,405,,,,,,,,0,0,0,0,0,0,delete,
eat_jap_3.5Mar_d278_m162,eating less meat,Japan,3.5,Market Formation,cumulative PrivateEquityInvestment (meat substitutes),cumulative $ million,b1,,0.61933,0.013957,,,,3.7838,2024.6,-27.833,,,,,0.87985,0.87412,0.16226,0.052226,0.14995,0.10947,0.4316,0.2327,45,3,,,,3,1,2,1,0,1,0.58586,0,1,n,n,m,y,y,y,m,m,m,n,n,n,n,,,,,0,prefer,transformed-cumulative,1,1,0,0,0,0,,0,0,0,0,0,0,406,check,check,,,,,,1,1,0,0,0,0,delete,
eat_jap_3.5Mar_d279_m163,eating less meat,Japan,3.5,Market Formation,Partial up to max PrivateEquityInvestment (meat substitutes),Partial up to max $ million,b1,,0.0016486,0.0067869,,,,1554.9,1.5747e+05,-13.533,,,,,-0.034181,-0.084628,0.28254,0.051365,0.096227,0.05214,0.26412,0.1172,44,2,,,,2,0,1,0,0,1,0.22712,0,1,n,n,m,m,y,m,m,m,m,n,n,n,n,,,,not needed as transformed-cumulative preferred,1,delete,transformed-partial,0,0,0,0,0,0,,0,0,0,0,0,0,407,,,,,,,,0,0,0,0,0,0,delete,
eat_jap_3.5Mar_d280_m162,eating less meat,Japan,3.5,Market Formation,cumulative TotalFundraisingAmount (meat substitutes),cumulative $ million,b1,,0.61933,0.013957,,,,3.7838,2024.6,-27.833,,,,,0.87985,0.87412,0.16226,0.052226,0.14995,0.10947,0.4316,0.2327,45,3,,,,3,1,2,1,0,1,0.58586,0,1,n,n,m,y,y,y,m,m,m,n,n,n,n,,,,,0,prefer,transformed-cumulative,1,1,0,0,0,0,,0,0,0,0,0,0,408,check,check,,,,,,1,1,0,0,0,0,delete,
eat_jap_3.5Mar_d281_m163,eating less meat,Japan,3.5,Market Formation,Partial up to max TotalFundraisingAmount (meat substitutes),Partial up to max $ million,b1,,0.0016486,0.0067869,,,,1554.9,1.5747e+05,-13.533,,,,,-0.034181,-0.084628,0.28254,0.051365,0.096227,0.05214,0.26412,0.1172,44,2,,,,2,0,1,0,0,1,0.22712,0,1,n,n,m,m,y,m,m,m,m,n,n,n,n,,,,not needed as transformed-cumulative preferred,1,delete,transformed-partial,0,0,0,0,0,0,,0,0,0,0,0,0,409,,,,,,,,0,0,0,0,0,0,delete,
eat_jap_3.5Mar_d282_m160,eating less meat,Japan,3.5,Market Formation,cumulative TotalFundraisingDeals (meat substitutes),cumulative # deals,b1,1.6011,0.65989,0.016864,2022.7,2.7447,3.3279,3.4683,2024.1,-33.629,0.9939,0.99345,0.042318,0.012047,0.96636,0.96476,0.099337,0.035146,0.16353,0.1237,0.49534,0.28142,45,3,0.90146,0.30049,0.60097,3,0,2,0,0,0,0.57143,0,1,y,n,m,y,y,y,m,y,m,n,n,n,n,,,,,0,prefer,transformed-cumulative,1,1,0,0,0,0,,1,1,0,0,0,0,410,,,,,,,,1,1,0,0,0,0,delete,
eat_jap_3.5Mar_d283_m161,eating less meat,Japan,3.5,Market Formation,Partial up to max TotalFundraisingDeals (meat substitutes),Partial up to max # deals,b1,17.939,0.0013033,0.0031712,2022,0.24497,1.6211,1555,1.5746e+05,-6.3224,1,1,6.4463e-09,1.014e-09,-0.02381,-0.075,0.1525,0.023256,0.068182,0.021591,0.14549,0.057132,43,1,0.61687,0.61687,0,1,0,0,0,0,,,1,1,y,n,m,m,m,m,m,m,m,n,n,n,n,,,,not needed as transformed-cumulative preferred,1,delete,transformed-partial,0,0,0,0,0,0,,0,0,0,0,0,0,411,,,,,,,,0,0,0,0,0,0,delete,
eat_jap_4.1Sal_d213_m100,eating less meat,Japan,4.1,Knowledge Flows (social networks),annualised Google search frequency (index 100=monthly max.),Index 0-100,b1,0.023746,0.023723,1.0299,2306.2,185.06,45631,3.3103,1904.8,-2029.5,0.052157,-0.11511,26.924,23.457,0.052159,-0.053157,26.924,23.457,0.05085,-0.054611,26.942,23.51,21,20,0.0021915,0.00023385,0.0019576,21,5,2,1,0,1,0.77932,0,1,n,y,y,m,m,m,y,m,m,n,m,n,m,,,,noisy,0,hide,original,0,0,0,0,0,0,,0,0,0,0,0,0,412,,,,,,,,0,0,0,0,0,0,delete,
eat_jap_4.1Sal_d239_m153,eating less meat,Japan,4.1,Knowledge Flows (social networks),Partial up to max annualised Google search frequency (index 100=monthly max.),Partial up to max Index 0-100,b1,0.071084,0.071079,2.6011,2166.3,61.82,2.6176e+06,0.39951,1945.5,-5185.7,0.30133,0.12666,20.302,18.154,0.30133,0.19384,20.302,18.155,0.2437,0.12735,21.123,18.949,16,16,3.8202e-05,5.5906e-06,3.2612e-05,16,0,15,0,0,1,0.81517,0,1,m,y,y,y,y,y,y,m,m,m,m,n,m,,,,noisy,0,prefer,transformed-partial,0,0,0,0,0,1,,0,0,0,0,0,1,413,,,,,,,,0,0,0,0,0,1,,
eat_jap_4.5Inf_d120_m103,eating less meat,Japan,4.5,Physical Infrastructure Dependence,Meat supply/person,Kg/year,b1,0.071994,0.015428,0.63313,1977.5,61.039,52.865,7.0068,1885.8,-1224.4,0.97336,0.9717,1.5998,1.1375,0.89383,0.8895,3.1938,2.6038,0.93978,0.93732,2.4054,2.0108,52,52,1.0814,0.3266,0.75484,52,0,51,0,0,0,0.97826,0,1,y,y,y,y,y,y,y,y,y,y,y,y,y,1,,,,0,,,1,1,,,,,,1,1,0,0,0,1,414,,,,,,,,1,1,0,0,0,1,,
eat_net_1.1Ado_d038_m038,eating less meat,The Netherlands,1.1,Adoption over time,% red in total meat consumption,% kg/yr,b1,-0.0032242,0.00089184,-0.0008646,-505.94,-1363,956.4,1555.2,1.5743e+05,2.0262,0.094253,0.038799,0.043385,0.038245,-43.434,-45.212,0.30387,0.30043,0.084174,0.047541,0.043625,0.038369,53,53,0.00042485,0.00024266,0.00018219,53,52,23,0,1,0,0.96897,1,1,n,y,y,y,y,y,y,m,m,n,m,,,,,,,,,,,,,,,,,,,,,,,,,,,,,,,,,,,,,,
eat_net_1.1Ado_d228_m137,eating less meat,The Netherlands,1.1,Adoption over time,per capita total meat consumption,kg/yr,b1,0.19315,0.00022111,0.018392,1965,22.752,77.674,63.582,1248.9,38.293,0.20485,0.15617,9.8138,7.3538,0.00058928,-0.039387,11.002,9.1122,0.00065348,-0.03932,11.002,9.1087,53,53,1.3062,0.66472,0.64148,53,29,3,1,0,0,0.98325,0,0,n,y,y,y,y,y,y,y,m,n,m,,,,,,,,,,,,,,,,,,,,,,,,,,,,,,,,,,,,,,
eat_net_2.4Eas_d210_m137,eating less meat,The Netherlands,2.4,Ease of Use,Vegetable consumption per capita,kg/yr,b1,0.022179,0.022178,1.9039,2513.9,198.13,9.1889e+06,2.6035,1834.1,-3699.5,0.70342,0.68527,20.407,15.84,0.70342,0.69156,20.407,15.84,0.60403,0.58819,23.58,19.108,53,53,2.4948e-05,6.9385e-06,1.801e-05,53,4,42,0,1,0,0.95094,0,0,y,y,y,y,y,y,y,m,y,m,y,,,,,,,,,,,,,,,,,,,,,,,,,,,,,,,,,,,,,,
eat_net_2.5Var_d037_m038,eating less meat,The Netherlands,2.5,Variety (Choice Availability),% poultry+pig in total meat consumption,% kg/yr,b1,0.16667,0.0011815,0.0008646,1961,26.366,0.71724,0.086275,224.7,-1.0262,0.46044,0.42741,0.033485,0.027912,0.080467,0.043685,0.043714,0.038408,0.084174,0.047541,0.043625,0.038369,53,53,1.0706,0.82771,0.24294,53,23,52,1,0,0,0.9833,1,1,m,y,y,y,y,y,y,y,m,m,m,,,,,,,,,,,,,,,,,,,,,,,,,,,,,,,,,,,,,,
eat_net_2.5Var_d223_m137,eating less meat,The Netherlands,2.5,Variety (Choice Availability),per capita beef consumption,kg/yr,b1,-0.021114,-0.0061556,-0.11524,2037.4,-208.13,26.509,30.265,1916.1,248.61,0.58515,0.55975,1.4872,1.2241,0.57892,0.56207,1.4984,1.207,0.58286,0.56617,1.4913,1.2127,53,53,0.86986,0.55857,0.31129,53,46,11,1,1,0,0.97571,0,1,m,y,y,y,y,y,y,y,y,m,y,,,,,,,,,,,,,,,,,,,,,,,,,,,,,,,,,,,,,,
eat_net_2.5Var_d224_m137,eating less meat,The Netherlands,2.5,Variety (Choice Availability),per capita other meat consumption,kg/yr,b1,0.19315,0.00022111,0.018392,1965,22.752,77.674,63.582,1248.9,38.293,0.20485,0.15617,9.8138,7.3538,0.00058928,-0.039387,11.002,9.1122,0.00065348,-0.03932,11.002,9.1087,53,53,1.3062,0.66472,0.64148,53,29,3,1,0,0,0.98325,0,0,n,y,y,y,y,y,y,y,m,n,m,,,,,,,,,,,,,,,,,,,,,,,,,,,,,,,,,,,,,,
eat_net_2.5Var_d225_m137,eating less meat,The Netherlands,2.5,Variety (Choice Availability),per capita pig consumption,kg/yr,b1,-0.15727,-0.0024424,-0.10797,2024.1,-27.943,41.471,65.21,1781.5,254.16,0.32382,0.28242,6.2454,4.8296,0.041328,0.0029813,7.4364,5.9464,0.047294,0.0091861,7.4132,5.894,53,53,1.39,0.64316,0.7468,53,29,3,1,0,0,0.98389,0,1,m,y,y,y,y,y,y,y,m,m,m,,,,,,,,,,,,,,,,,,,,,,,,,,,,,,,,,,,,,,
eat_net_2.5Var_d226_m137,eating less meat,The Netherlands,2.5,Variety (Choice Availability),per capita poultry consumption,kg/yr,b1,0.15126,0.010683,0.17984,1976.6,29.053,17.062,6.4983,1923.9,-344.77,0.42965,0.39473,4.1443,3.306,0.21256,0.18106,4.8695,4.0272,0.25133,0.22138,4.7481,3.8633,53,53,1.5741,0.30464,1.2695,53,14,3,1,0,1,0.95818,0,1,m,y,y,y,y,y,y,y,m,m,m,,,,,,,,,,,,,,,,,,,,,,,,,,,,,,,,,,,,,,
eat_net_2.5Var_d227_m137,eating less meat,The Netherlands,2.5,Variety (Choice Availability),per capita sheep & goat consumption,kg/yr,b1,0.19416,0.015913,0.015677,1981.4,22.633,1.0535,0.79875,1996.2,-30.475,0.75905,0.7443,0.16711,0.13994,0.41283,0.38935,0.26086,0.21395,0.49622,0.47607,0.24163,0.19956,53,53,1.394,0.21678,1.1772,53,21,49,1,0,0,0.97386,0,1,y,y,y,y,y,y,y,y,y,y,y,,,,,,,,,,,,,,,,,,,,,,,,,,,,,,,,,,,,,,
eat_uki_1.1Ado_d038_m038,eating less meat,UK,1.1,Adoption over time,% red in total meat consumption,% kg/yr,b1,-0.01104,0.00059214,-0.0039166,1087.1,-398.04,8118.8,1555.2,1.5742e+05,8.1787,0.9008,0.8946,0.019734,0.015046,-33.582,-34.993,0.36846,0.3631,0.88012,0.87523,0.021694,0.016436,52,52,6.0036e-05,3.3468e-05,2.6568e-05,52,46,2,0,0,0,0.97774,1,1,y,y,y,y,y,y,y,m,y,m,y,m,y,,,,*needs sign reversal * negative slope = LED innovation,0,,,,1,,,0,0,,1,1,0,0,0,0,416,,,,,,,,1,1,0,0,0,0,delete,
eat_uki_1.1Ado_d228_m137,eating less meat,UK,1.1,Adoption over time,per capita total meat consumption,kg/yr,b1,0.0041352,0.0041322,0.31308,3742.4,1062.7,1.0436e+05,18.134,1648.7,-548.59,0.74769,0.73192,2.7369,2.1484,0.7477,0.7374,2.7369,2.1484,0.74368,0.73321,2.7586,2.1832,52,52,0.00082202,0.00064476,0.00017726,52,15,45,1,1,0,0.9798,0,1,y,y,y,y,y,y,y,m,y,m,y,m,y,,,,*needs sign reversal * negative slope = LED innovation,0,,,,1,,,0,0,,1,1,0,0,0,0,422,,,,,,,,1,1,0,0,0,0,delete,
eat_uki_1.1Ado_d258_m166,eating less meat,UK,1.1,Adoption over time,Partial up to max % red in total meat consumption,Partial up to max % kg/yr,b1,0.0017233,0.0010283,0.00073866,3728.6,2550,10.005,1554.9,1.574e+05,-0.99425,0.0060129,-1.485,0.016443,0.014023,-787.21,-1312.7,0.46304,0.46274,0.0058503,-0.65692,0.016445,0.014013,6,6,0.048718,0.043672,0.0050461,6,0,2,0,1,0,0.81872,1,1,n,y,y,y,y,y,y,m,m,n,m,n,m,,,,,0,,,,,,,0,0,,1,1,0,0,0,0,425,,,,,,,,1,1,0,0,0,0,delete,
eat_uki_1.1Ado_d259_m167,eating less meat,UK,1.1,Adoption over time,Partial max and after % red in total meat consumption,Partial max and after % kg/yr,b1,-0.011357,0.00059844,-0.0038739,1079.8,-386.94,11783,1555.3,1.5742e+05,8.0931,0.87388,0.86508,0.020303,0.015379,-38.128,-39.906,0.35762,0.35302,0.84481,0.83775,0.022522,0.01715,47,47,4.1367e-05,2.3061e-05,1.8306e-05,47,46,2,0,0,0,0.97313,1,1,y,y,y,y,y,y,y,m,y,m,y,m,y,,,,,0,,,,1,,,0,0,,1,1,0,0,0,0,426,,,,,,,,1,1,0,0,0,0,delete,
eat_uki_1.1Ado_d270_m170,eating less meat,UK,1.1,Adoption over time,Partial up to max per capita total meat consumption,Partial up to max kg/yr,b1,0.0047658,0.0047651,0.34176,3828.9,922.07,4.7692e+05,17.613,1687.3,-605.52,0.62269,0.58839,2.8833,2.348,0.62269,0.6005,2.8833,2.348,0.60435,0.58107,2.9525,2.4093,37,37,0.00017987,0.00014109,3.8787e-05,37,0,30,0,1,0,0.9685,0,1,m,y,y,y,y,y,y,m,y,m,y,m,y,,,,,0,,,,1,,,0,0,,1,1,0,0,0,0,437,,,,,,,,1,1,0,0,0,0,delete,
eat_uki_1.1Ado_d271_m171,eating less meat,UK,1.1,Adoption over time,Partial max and after per capita total meat consumption,Partial max and after kg/yr,b1,0.00077355,0.00075131,0.060649,6575.6,5680.9,2877.2,50.586,1370.7,-40.125,0.01434,-0.23208,2.3355,1.9595,0.014346,-0.13729,2.3355,1.9596,0.014125,-0.13755,2.3357,1.9602,16,16,0.029816,0.027263,0.0025529,16,15,7,0,1,0,0.93411,0,1,n,y,y,y,y,y,y,m,m,n,m,n,m,,,,,0,,,,,,,0,0,,1,1,0,0,0,0,438,,,,,,,,1,1,0,0,0,0,delete,
eat_uki_1.1Ado_d326_m185,eating less meat,UK,1.1,Adoption over time,red meat as a share of meat consumption,market share,b1,-0.017268,0.00059214,-0.0039166,1962.4,-254.48,1,1555.2,1.5742e+05,8.1787,0.89073,0.8839,0.020712,0.015744,-33.582,-34.993,0.36846,0.3631,0.88012,0.87523,0.021694,0.016436,52,52,0.48742,0.27172,0.2157,52,46,2,0,0,0,0.97774,1,1,y,y,y,y,y,y,y,y,y,y,y,m,y,,,,*needs sign reversal * negative slope = LED innovation,0,prefer-relative,transformed-marketshare,1,1,0,1,0,0,,1,1,0,1,0,0,439,,,,,,,,1,1,0,1,0,0,,
eat_uki_2.4Eas_d210_m103,eating less meat,UK,2.4,Ease of Use,Vegetable consumption per capita,Kg/year,b1,0.014386,0.014386,1.2725,2754.5,305.47,5.1658e+06,7.7856,1822.6,-2443.4,0.75166,0.73613,11.419,9.0466,0.75166,0.74152,11.419,9.0466,0.6947,0.68224,12.661,9.9311,52,52,3.293e-05,1.2722e-05,2.0208e-05,52,0,45,0,1,0,0.96151,0,0,y,y,y,y,y,y,y,m,y,m,y,m,y,,,,,0,,,,1,,,,,,1,1,0,0,0,1,440,,,,,,,,1,1,0,0,0,1,,
eat_uki_2.5Var_d037_m038,eating less meat,UK,2.5,Variety (Choice Availability),% poultry+pig in total meat consumption,% kg/yr,b1,0.041586,0.0060389,0.0039166,1952.2,105.67,0.75656,5.6506,2357.6,-7.1787,0.91438,0.90903,0.018334,0.014826,0.8644,0.85887,0.023072,0.017446,0.88012,0.87523,0.021694,0.016436,52,52,0.96262,0.67752,0.2851,52,2,46,0,0,0,0.98105,1,1,y,y,y,y,y,y,y,y,y,y,y,n,y,,,,*needs sign reversal * negative slope = LED innovation,0,,,,1,,,0,0,,1,1,0,0,0,0,415,,,,,,,,1,1,0,0,0,0,delete,
eat_uki_2.5Var_d223_m137,eating less meat,UK,2.5,Variety (Choice Availability),per capita beef consumption,Kg/yr,b1,-0.0056965,-0.0056956,-0.11265,476.03,-771.42,1.169e+05,38.503,1883.6,245.23,0.48021,0.44772,1.7876,1.3375,0.48021,0.45899,1.7876,1.3375,0.46498,0.44315,1.8136,1.3623,52,52,0.00021247,0.0001314,8.1071e-05,52,46,25,0,1,0,0.97758,0,1,m,y,y,y,y,y,y,m,y,m,y,m,y,,,,*needs sign reversal * negative slope = LED innovation,0,,,,1,,,0,0,,1,1,0,0,0,0,417,,,,,,,,1,1,0,0,0,0,delete,
eat_uki_2.5Var_d224_m137,eating less meat,UK,2.5,Variety (Choice Availability),per capita other meat consumption,kg/yr,b1,0.053531,0.0028923,0.020179,2042.9,82.091,5.901,1554.8,1.5746e+05,-39.704,0.61,0.58563,0.27535,0.22242,-1.626,-1.7332,0.71449,0.56222,0.47179,0.45023,0.32045,0.2587,52,52,0.27453,0.020391,0.25414,52,9,33,1,1,1,0.93747,0,1,m,y,y,y,y,y,y,y,y,m,y,m,y,,,,*needs sign reversal * negative slope = LED innovation,0,,,,1,,,0,0,,1,1,0,0,0,0,418,,,,,,,,1,1,0,0,0,0,delete,
eat_uki_2.5Var_d225_m137,eating less meat,UK,2.5,Variety (Choice Availability),per capita pig consumption,Kg/yr,b1,-0.00080621,-0.00080284,-0.020233,-4780.7,-5450.7,6075.2,34.835,1614.5,66.03,0.078297,0.020691,1.0512,0.82209,0.078303,0.040683,1.0512,0.82208,0.076919,0.039242,1.0519,0.8219,52,52,0.0047824,0.0039167,0.00086571,52,50,46,0,0,0,0.97902,0,1,n,y,y,y,y,y,y,m,m,n,m,n,m,,,,*needs sign reversal * negative slope = LED innovation,0,,,,,,,0,0,,1,1,0,0,0,0,419,,,,,,,,1,1,0,0,0,0,delete,
eat_uki_2.5Var_d226_m137,eating less meat,UK,2.5,Variety (Choice Availability),per capita poultry consumption,kg/yr,b1,0.07404,0.021026,0.51647,1985.5,59.353,36.079,6.6758,1938.6,-1007.5,0.96062,0.95815,1.5891,1.4173,0.88601,0.88136,2.7035,2.3784,0.93705,0.93448,2.009,1.7471,52,52,0.95595,0.29221,0.66374,52,3,51,0,0,0,0.97857,0,1,y,y,y,y,y,y,y,y,y,y,y,y,y,,,,*needs sign reversal * negative slope = LED innovation,0,,,1,1,,,0,0,,1,1,0,0,0,0,420,,,,,,,,1,1,0,0,0,0,delete,
eat_uki_2.5Var_d227_m137,eating less meat,UK,2.5,Variety (Choice Availability),per capita sheep & goat consumption,Kg/yr,b1,-0.030538,-0.014031,-0.090678,1999,-143.9,12.176,5.4955,2004.7,187.34,0.8638,0.85529,0.539,0.42473,0.85809,0.8523,0.5502,0.46013,0.86826,0.86289,0.53011,0.42048,52,52,0.83793,0.29895,0.53898,52,50,0,0,0,0,0.97355,0,1,y,y,y,y,y,y,y,y,y,y,y,y,y,,,,*needs sign reversal * negative slope = LED innovation,0,,,1,1,,,0,0,,1,1,0,0,0,0,421,,,,,,,,1,1,0,0,0,0,delete,
eat_uki_3.5Mar_d076_m128,eating less meat,UK,3.5,Market Formation,CumulativeStartups (meat substitutes),cum. # companies,b1,0.5323,0.18013,0.40777,2018.5,8.2556,27.35,0.077062,1990.8,-812.47,0.99258,0.99203,0.64256,0.44059,0.9478,0.94532,1.7037,0.96541,0.50433,0.48073,5.2502,4.1691,45,25,0.91407,0.036563,0.87751,25,2,24,0,0,1,0.88941,0,1,y,y,y,y,y,y,y,y,y,y,y,y,y,,,,,0,prefer,original,1,1,0,0,0,1,,1,1,0,0,0,1,441,,,,,,,,1,1,0,0,0,1,,
eat_uki_3.5Mar_d128_m008,eating less meat,UK,3.5,Market Formation,NewStartups (meat substitutes),# companies,b1,20.377,0.0059828,0.052701,2014.9,0.21566,2.4444,1554,1.5756e+05,-104.95,0.67406,0.65021,0.68673,0.27901,-0.21331,-0.27109,1.325,0.55556,0.32376,0.29156,0.98917,0.75187,45,9,1.6364,0.40909,1.2273,23,6,22,1,0,1,0.81013,0,1,m,y,y,m,m,m,y,y,y,m,m,m,m,,,,,0,hide,original,0,1,0,0,0,0,,0,0,0,0,0,0,442,,check,,,,,,0,1,0,0,0,0,delete,
eat_uki_3.5Mar_d173_m011,eating less meat,UK,3.5,Market Formation,PrivateEquityDeals (meat substitutes),# deals,b1,0.72878,0.012025,0.11594,2019,6.0299,8.2873,1552.7,1.577e+05,-231.09,0.80475,0.79046,1.139,0.3771,-0.15728,-0.21239,2.7729,1.0222,0.34126,0.30989,2.092,1.3609,45,9,1.5687,0.12067,1.448,9,2,8,1,0,1,0.8237,0,1,y,y,y,y,y,y,y,y,y,y,y,y,y,,,,,0,hide,original,1,1,0,0,0,0,,0,1,0,0,0,0,443,check,,,,,,,1,1,0,0,0,0,delete,
eat_uki_3.5Mar_d177_m027,eating less meat,UK,3.5,Market Formation,PrivateEquityInvestment (meat substitutes),$ million,b1,21.632,0.22798,0.8062,2021,0.20315,83.211,6.2867,2013.2,-1607.2,0.51553,0.48008,20.504,5.3483,0.32307,0.29083,24.237,7.8195,0.12633,0.084726,27.534,12.438,45,9,2.3373,0.0040499,2.3332,9,2,8,1,0,1,0.29216,0,0,m,y,y,m,m,m,m,y,m,m,m,m,m,,,,,0,hide,original,0,1,0,0,0,0,,0,1,0,0,0,0,444,,,,,,,,0,1,0,0,0,0,delete,
eat_uki_3.5Mar_d202_m027,eating less meat,UK,3.5,Market Formation,TotalFundraisingAmount (meat substitutes),$ million,b1,36.872,0.22173,0.84659,2021,0.11918,84.733,4.2362,2011,-1687.7,0.50749,0.47146,21.117,5.7125,0.33255,0.30076,24.583,7.9242,0.13351,0.092248,28.01,12.654,45,9,2.3401,0.0039772,2.3361,9,2,8,1,0,1,0.29948,0,0,m,y,y,m,m,m,m,y,m,m,m,m,m,,,,,0,hide,original,0,1,0,0,0,0,,0,1,0,0,0,0,445,,,,,,,,0,1,0,0,0,0,delete,
eat_uki_3.5Mar_d206_m011,eating less meat,UK,3.5,Market Formation,TotalFundraisingDeals (meat substitutes),# deals,b1,0.85476,0.016269,0.16061,2018.5,5.1411,10.742,1551.8,1.5779e+05,-320.11,0.79908,0.78438,1.6078,0.49052,-0.15721,-0.21232,3.8586,1.4222,0.33815,0.30663,2.9181,1.9444,45,9,1.6756,0.093089,1.5825,9,2,8,1,0,1,0.83582,0,1,y,y,y,y,y,y,y,y,y,y,y,y,y,,,,,0,hide,original,1,1,0,0,0,0,,0,1,0,0,0,0,446,check,,,,,,,1,1,0,0,0,0,delete,
eat_uki_3.5Mar_d272_m156,eating less meat,UK,3.5,Market Formation,cumulative CumulativeStartups (meat substitutes),cumulative cum. # companies,b1,0.27157,0.22131,2.1763,2026.4,16.181,521.18,0.18404,1992.8,-4336.3,0.99568,0.99537,2.6753,1.8287,0.99446,0.9942,3.0298,1.9937,0.48198,0.45731,29.302,21.928,45,25,0.33577,0.0019187,0.33385,25,0,24,0,0,0,0.81979,0,0,y,y,y,y,y,y,y,y,y,y,y,y,y,,,,not needed as transformed-cumulative twice (error),1,delete,transformed-cumx2error,0,0,0,0,0,0,,1,1,0,0,0,0,447,check,check,,,,,,1,1,0,0,0,0,delete,
eat_uki_3.5Mar_d273_m157,eating less meat,UK,3.5,Market Formation,Partial up to max CumulativeStartups (meat substitutes),Partial up to max cum. # companies,b1,0.4589,0.031796,0.32392,2019.3,9.576,32.148,1548.6,1.581e+05,-645.26,0.99022,0.98947,0.59751,0.38496,-0.2315,-0.29308,6.7047,2.907,0.44266,0.41479,4.5105,3.3478,43,23,0.77764,0.031106,0.74654,23,0,22,0,0,1,0.8179,0,1,y,y,y,y,y,y,y,y,y,y,y,y,y,,,,not needed as transformed-cumulative preferred,1,delete,transformed-partial,0,0,0,0,0,0,,1,1,0,0,0,0,448,check,check,,,,,,1,1,0,0,0,0,delete,
eat_uki_3.5Mar_d274_m158,eating less meat,UK,3.5,Market Formation,cumulative NewStartups (meat substitutes),cumulative # companies,b1,0.5323,0.18013,0.40777,2018.5,8.2556,27.35,0.077062,1990.8,-812.47,0.99258,0.99203,0.64256,0.44059,0.9478,0.94532,1.7037,0.96541,0.50433,0.48073,5.2502,4.1691,45,25,0.91407,0.036563,0.87751,25,2,24,0,0,1,0.88941,0,1,y,y,y,y,y,y,y,y,y,y,y,y,y,,,,not needed as cumulative in original data,1,delete,transformed-cumulative,0,0,0,0,0,0,,1,1,0,0,0,0,449,check,check,,,,,,1,1,0,0,0,0,delete,
eat_uki_3.5Mar_d275_m159,eating less meat,UK,3.5,Market Formation,Partial up to max NewStartups (meat substitutes),Partial up to max # companies,b1,12.235,1.005,0.025605,2015,0.35917,4,6.6048,2016.5,-50.969,0.94918,0.94456,0.1644,0.027028,0.91829,0.91348,0.20845,0.066598,0.14054,0.089987,0.67605,0.38192,37,3,1,0.25,0.75,17,0,16,0,0,1,0.38095,0,1,y,m,m,m,m,m,m,y,m,m,m,m,m,,,,not needed as transformed-cumulative preferred,1,delete,transformed-partial,0,0,0,0,0,0,,0,1,0,0,0,0,450,,check,,,,,,0,1,0,0,0,0,delete,
eat_uki_3.5Mar_d276_m160,eating less meat,UK,3.5,Market Formation,cumulative PrivateEquityDeals (meat substitutes),cumulative # deals,b1,0.6005,0.311,0.46891,2021.8,7.3179,59.921,0.14321,2005.1,-934.8,0.9954,0.99507,0.71799,0.33806,0.97745,0.97638,1.5904,0.75212,0.3306,0.29872,8.6655,5.987,45,9,0.76768,0.016689,0.75099,9,0,8,0,0,1,0.78599,0,1,y,y,y,y,y,y,y,y,y,y,y,y,y,,,,,0,prefer,transformed-cumulative,1,1,0,0,0,0,,1,1,0,0,0,0,451,,,,,,,,1,1,0,0,0,0,delete,
eat_uki_3.5Mar_d277_m161,eating less meat,UK,3.5,Market Formation,Partial up to max PrivateEquityDeals (meat substitutes),Partial up to max # deals,b1,0.46917,0.010158,0.096043,2047.6,9.3665,2.0146e+06,1553.1,1.5765e+05,-191.42,0.94429,0.94,0.53834,0.22699,-0.11323,-0.16889,2.4064,0.76744,0.27309,0.23675,1.9445,1.1854,43,7,6.4531e-06,4.9639e-07,5.9567e-06,7,0,6,0,0,1,0.53012,0,1,y,y,y,y,y,y,m,m,m,m,m,y,y,,,,not needed as transformed-cumulative preferred,1,delete,transformed-partial,0,0,0,0,0,0,,1,1,0,0,0,0,452,check,check,,,,,,1,1,0,0,0,0,delete,
eat_uki_3.5Mar_d278_m162,eating less meat,UK,3.5,Market Formation,cumulative PrivateEquityInvestment (meat substitutes),cumulative $ million,b1,3.1256,0.42333,2.4972,2021.4,1.406,289.51,0.0068488,1998.4,-4979.1,0.9957,0.99539,4.5127,1.5112,0.9068,0.90236,21.019,8.4738,0.22188,0.18483,60.733,38.452,45,9,1.0557,0.001164,1.0545,9,0,8,0,0,1,0.70972,0,0,y,y,y,m,y,m,y,y,m,m,m,m,m,,,,,0,prefer,transformed-cumulative,1,1,0,0,0,0,,1,1,0,0,0,0,453,,,,,,,,1,1,0,0,0,0,delete,
eat_uki_3.5Mar_d279_m163,eating less meat,UK,3.5,Market Formation,Partial up to max PrivateEquityInvestment (meat substitutes),Partial up to max $ million,b1,1.5898,1.5898,0.78138,2029.6,2.7642,3.6785e+07,0.194,2017.7,-1557.7,0.9993,0.99924,0.7879,0.2304,0.9993,0.99926,0.7879,0.2304,0.10651,0.061832,28.085,12.36,43,7,5.2872e-06,9.1614e-09,5.278e-06,7,0,6,0,0,1,0.19928,0,0,y,y,y,m,y,m,m,m,m,m,m,m,m,,,,not needed as transformed-cumulative preferred,1,delete,transformed-partial,0,0,0,0,0,0,,1,1,0,0,0,0,454,check,check,,,,,,1,1,0,0,0,0,delete,
eat_uki_3.5Mar_d280_m162,eating less meat,UK,3.5,Market Formation,cumulative TotalFundraisingAmount (meat substitutes),cumulative $ million,b1,2.8519,0.41169,2.6935,2021.4,1.5409,307.55,0.0031356,1995.7,-5370.5,0.99446,0.99406,5.4336,1.8554,0.91257,0.90841,21.592,8.8283,0.22947,0.19278,64.1,40.725,45,9,1.0476,0.0010958,1.0465,9,0,8,0,0,1,0.71921,0,0,y,y,y,m,y,m,y,y,m,m,m,m,m,,,,,0,prefer,transformed-cumulative,1,1,0,0,0,0,,1,1,0,0,0,0,455,,,,,,,,1,1,0,0,0,0,delete,
eat_uki_3.5Mar_d281_m163,eating less meat,UK,3.5,Market Formation,Partial up to max TotalFundraisingAmount (meat substitutes),Partial up to max $ million,b1,1.4991,1.4991,0.82761,2029.9,2.9313,2.6954e+07,0.29981,2017.7,-1649.9,0.99432,0.99389,2.2887,0.56223,0.99432,0.99404,2.2887,0.56223,0.11434,0.070054,28.584,12.681,43,7,7.3565e-06,1.2503e-08,7.3439e-06,7,0,6,0,0,1,0.20532,0,0,y,y,y,m,y,m,m,m,m,m,m,m,m,,,,not needed as transformed-cumulative preferred,1,delete,transformed-partial,0,0,0,0,0,0,,0,1,0,0,0,0,456,,check,,,,,,0,1,0,0,0,0,delete,
eat_uki_3.5Mar_d282_m160,eating less meat,UK,3.5,Market Formation,cumulative TotalFundraisingDeals (meat substitutes),cumulative # deals,b1,0.65894,0.30662,0.66719,2021.4,6.6689,77.86,5.3713,2015.5,-1330.1,0.99649,0.99623,0.89464,0.4097,0.97209,0.97076,2.5215,1.209,0.32961,0.29768,12.358,8.6329,45,9,0.82198,0.012843,0.80914,9,0,8,0,0,1,0.79585,0,1,y,y,y,y,y,y,y,y,y,y,y,y,y,,,,,0,prefer,transformed-cumulative,1,1,0,0,0,0,,0,1,0,0,0,0,457,check,,,,,,,1,1,0,0,0,0,delete,
eat_uki_3.5Mar_d283_m161,eating less meat,UK,3.5,Market Formation,Partial up to max TotalFundraisingDeals (meat substitutes),Partial up to max # deals,b1,0.42881,0.014349,0.13999,2049.6,10.248,2.3078e+06,1552.2,1.5774e+05,-279,0.96783,0.96536,0.58435,0.2625,-0.1174,-0.17327,3.4439,1.1163,0.28432,0.24854,2.7562,1.7467,43,7,7.7997e-06,4.3332e-07,7.3664e-06,7,0,6,0,0,1,0.58039,0,1,y,y,y,y,y,y,m,m,m,m,m,y,y,,,,not needed as transformed-cumulative preferred,1,delete,transformed-partial,0,0,0,0,0,0,,1,1,0,0,0,0,458,check,check,,,,,,1,1,0,0,0,0,delete,
eat_uki_4.1Sal_d213_m100,eating less meat,UK,4.1,Knowledge Flows (social networks),annualised Google search frequency (index 100=monthly max.),Index 0-100,b1,0.75883,0.073951,3.8873,2013.4,5.7911,77.49,0.21866,1942.9,-7783.5,0.77406,0.73419,14.583,11.281,0.52808,0.47565,21.076,17.605,0.58866,0.54296,19.677,16.872,21,20,1.2905,0.0092014,1.2813,21,5,15,1,1,1,0.95608,0,1,y,y,y,y,y,y,y,y,y,y,y,y,y,,,,,0,hide,original,1,1,0,0,0,0,,0,1,0,0,0,0,459,check,,,,,,,1,1,0,0,0,0,delete,
eat_uki_4.1Sal_d239_m153,eating less meat,UK,4.1,Knowledge Flows (social networks),Partial up to max annualised Google search frequency (index 100=monthly max.),Partial up to max Index 0-100,b1,0.23022,0.18776,5.3641,2022.4,19.088,333.07,0.04101,1977.1,-10752,0.86472,0.8309,11.3,8.5677,0.86369,0.84272,11.343,9.0237,0.64778,0.59359,18.233,15.965,16,15,0.30024,0.0021408,0.2981,16,0,10,0,1,1,0.83624,0,1,y,y,y,y,y,y,y,y,y,y,y,y,y,,,,,0,prefer,transformed-partial,1,1,0,0,0,1,,1,1,0,0,0,1,460,,,,,,,,1,1,0,0,0,1,,
eat_uki_4.5Inf_d120_m103,eating less meat,UK,4.5,Physical Infrastructure Dependence,Meat supply/person,Kg/year,b1,0.0041344,0.0041313,0.31301,3739.9,1062.9,1.0311e+05,18.442,1652.7,-548.45,0.74772,0.73196,2.7361,2.1477,0.74772,0.73743,2.7361,2.1477,0.74371,0.73325,2.7578,2.1829,52,52,0.00083192,0.0006525,0.00017941,52,15,45,1,1,0,0.9798,0,1,y,y,y,y,y,y,y,m,y,m,y,m,y,,,,,0,,,,1,,,,,,1,1,0,0,0,1,461,,,,,,,,1,1,0,0,0,1,,
eat_usa_1.1Ado_d038_m038,eating less meat,US,1.1,Adoption over time,% red in total meat consumption,% kg/yr,b1,-0.012099,0.00051082,-0.0047322,1140.1,-363.2,12294,1555.3,1.5742e+05,9.8434,0.93329,0.92912,0.01921,0.014155,-28.97,-30.193,0.40716,0.40031,0.9119,0.9083,0.022076,0.016528,52,52,4.5296e-05,2.4805e-05,2.0491e-05,52,46,2,0,0,0,0.97837,1,1,y,y,y,y,y,y,y,m,y,m,y,m,y,,,,*needs sign reversal * negative slope = LED innovation,0,,,,1,,,0,0,,1,1,0,0,0,0,463,,,,,,,,1,1,0,0,0,0,delete,
eat_usa_1.1Ado_d228_m137,eating less meat,US,1.1,Adoption over time,per capita total meat consumption,kg/yr,b1,0.040985,0.0024172,0.28675,1926.3,107.22,125.52,40.856,1559,-454.77,0.61249,0.58827,3.5489,3.0052,0.56412,0.54633,3.7639,3.0661,0.56984,0.55228,3.7392,3.0505,52,52,1.0114,0.83653,0.17487,52,1,48,0,0,0,0.98003,0,0,m,y,y,y,y,y,y,m,y,m,y,m,y,,,,*needs sign reversal * negative slope = LED innovation,0,,,,1,,,0,0,,1,1,0,0,0,0,469,,,,,,,,1,1,0,0,0,0,delete,
eat_usa_1.1Ado_d258_m166,eating less meat,US,1.1,Adoption over time,Partial up to max % red in total meat consumption,Partial up to max % kg/yr,b1,0.013936,0.0016452,0.0071096,2511.6,315.32,952.6,1554.9,1.574e+05,-13.504,0.4902,-0.27449,0.012495,0.011435,-882.22,-1471,0.52009,0.5198,0.48138,0.13563,0.012603,0.011548,6,6,0.00058456,0.00052556,5.9001e-05,6,0,4,0,1,0,0.82139,1,1,m,y,y,y,y,y,y,m,y,m,y,m,y,,,,,0,,,,1,,,0,0,,1,1,0,0,0,0,472,,,,,,,,1,1,0,0,0,0,delete,
eat_usa_1.1Ado_d259_m167,eating less meat,US,1.1,Adoption over time,Partial max and after % red in total meat consumption,Partial max and after % kg/yr,b1,-0.012648,0.00051414,-0.0047261,1127.5,-347.44,23130,1555.3,1.5742e+05,9.8311,0.92033,0.91477,0.019222,0.01463,-32.527,-34.051,0.39431,0.38838,0.88623,0.88106,0.02297,0.017356,47,47,2.4075e-05,1.3184e-05,1.0891e-05,47,46,2,0,0,0,0.97171,1,1,y,y,y,y,y,y,y,m,y,m,y,m,y,,,,,0,,,,1,,,0,0,,1,1,0,0,0,0,473,,,,,,,,1,1,0,0,0,0,delete,
eat_usa_1.1Ado_d270_m170,eating less meat,US,1.1,Adoption over time,Partial up to max per capita total meat consumption,Partial up to max kg/yr,b1,0.044511,0.0023764,0.28185,1928.8,98.727,124.63,35.326,1490.4,-445.04,0.60086,0.57538,3.5388,3.0034,0.54235,0.52328,3.7893,3.0901,0.54858,0.52977,3.7635,3.072,51,51,1.0186,0.84247,0.17611,51,0,47,0,0,0,0.97955,0,0,m,y,y,y,y,y,y,m,y,m,y,m,y,,,,,0,,,,1,,,0,0,,1,1,0,0,0,0,484,,,,,,,,1,1,0,0,0,0,delete,
eat_usa_1.1Ado_d271_m171,eating less meat,US,1.1,Adoption over time,Partial max and after per capita total meat consumption,Partial max and after kg/yr,b1,,,-0.12,,,,,,369.34,,,,,,,,,1,1,1.0049e-14,7.1054e-15,2,2,,,,2,1,0,0,0,0,0.5,0,0,n,n,y,y,y,y,m,m,y,n,n,n,n,,,,,0,,,,,,,0,0,,0,1,0,0,0,0,485,,,,,,,,0,1,0,0,0,0,delete,
eat_usa_1.1Ado_d326_m185,eating less meat,US,1.1,Adoption over time,red meat as a share of meat consumption,market share,b1,-0.020221,0.00051082,-0.0047322,1975,-217.33,1,1555.3,1.5742e+05,9.8434,0.92085,0.9159,0.020925,0.015586,-28.97,-30.193,0.40716,0.40031,0.9119,0.9083,0.022076,0.016528,52,52,0.55685,0.30495,0.2519,52,46,2,0,0,0,0.97837,1,1,y,y,y,y,y,y,y,y,y,y,y,m,y,,,,*needs sign reversal * negative slope = LED innovation,0,prefer-relative,transformed-marketshare,1,1,0,1,0,0,,1,1,0,1,0,0,486,,,,,,,,1,1,0,1,0,0,,
eat_usa_2.4Eas_d210_m103,eating less meat,US,2.4,Ease of Use,Vegetable consumption per capita,Kg/year,b1,0.067311,0.003918,0.47889,1951.6,65.285,128.27,26.221,1609.9,-836.61,0.72934,0.71243,4.7764,3.7871,0.59676,0.5803,5.8301,4.7046,0.61283,0.59703,5.7128,4.6148,52,52,1.0487,0.77444,0.27422,52,22,51,1,0,0,0.98109,0,0,y,y,y,y,y,y,y,y,y,y,y,y,y,,,,,0,,,1,1,,,,,,1,1,0,0,0,1,487,,,,,,,,1,1,0,0,0,1,,
eat_usa_2.5Var_d037_m038,eating less meat,US,2.5,Variety (Choice Availability),% poultry+pig in total meat consumption,% kg/yr,b1,0.045039,0.0077143,0.0047322,1960.1,97.571,0.73931,0.15424,1820.3,-8.8434,0.94461,0.94115,0.017504,0.012082,0.89165,0.88723,0.024481,0.018745,0.9119,0.9083,0.022076,0.016528,52,52,0.94013,0.59941,0.34073,52,2,46,0,0,0,0.98113,1,1,y,y,y,y,y,y,y,y,y,y,y,y,y,,,,*needs sign reversal * negative slope = LED innovation,0,,,1,1,,,0,0,,1,1,0,0,0,0,462,,,,,,,,1,1,0,0,0,0,delete,
eat_usa_2.5Var_d223_m137,eating less meat,US,2.5,Variety (Choice Availability),per capita beef consumption,Kg/yr,b1,-0.0092294,-0.0092277,-0.41287,1065.1,-476.14,2.3969e+05,69.664,1947.4,869.02,0.89365,0.887,2.1469,1.6393,0.89365,0.88931,2.1469,1.6393,0.88602,0.88137,2.2225,1.6615,52,52,0.0002548,0.00014507,0.00010974,52,45,6,1,1,0,0.97889,0,1,y,y,y,y,y,y,y,m,y,m,y,m,y,,,,*needs sign reversal * negative slope = LED innovation,0,,,,1,,,0,0,,1,1,0,0,0,0,464,,,,,,,,1,1,0,0,0,0,delete,
eat_usa_2.5Var_d224_m137,eating less meat,US,2.5,Variety (Choice Availability),per capita other meat consumption,kg/yr,b1,-0.0085031,0.00028197,-0.0067266,796.2,-516.81,23130,1555.6,1.5739e+05,14.292,0.55847,0.53087,0.094059,0.08208,-37.709,-39.289,0.8807,0.86925,0.50864,0.48859,0.099225,0.086333,52,52,5.1187e-05,2.7894e-05,2.3292e-05,52,51,24,0,1,0,0.97126,0,1,m,y,y,y,y,y,y,m,y,m,y,m,y,,,,*needs sign reversal * negative slope = LED innovation,0,,,,1,,,0,0,,1,1,0,0,0,0,465,,,,,,,,1,1,0,0,0,0,delete,
eat_usa_2.5Var_d225_m137,eating less meat,US,2.5,Variety (Choice Availability),per capita pig consumption,Kg/yr,b1,-0.031635,-0.001455,-0.043029,2092.6,-138.91,30.922,41.568,1757.7,115.28,0.13016,0.0758,1.7144,1.3694,0.12276,0.086957,1.7217,1.3787,0.12342,0.087643,1.7211,1.378,52,52,1.0992,0.81052,0.28868,52,41,46,1,0,0,0.97793,0,1,n,y,y,y,y,y,y,y,m,n,m,n,m,,,,*needs sign reversal * negative slope = LED innovation,0,,,,,,,0,0,,1,1,0,0,0,0,466,,,,,,,,1,1,0,0,0,0,delete,
eat_usa_2.5Var_d226_m137,eating less meat,US,2.5,Variety (Choice Availability),per capita poultry consumption,kg/yr,b1,0.071971,0.017386,0.76179,1980.9,61.059,59.22,6.402,1890,-1478.8,0.97438,0.97278,1.8872,1.5531,0.88935,0.88483,3.9222,3.6669,0.94023,0.93779,2.8827,2.6324,52,52,0.97754,0.37112,0.60642,52,1,46,0,0,0,0.97962,0,1,y,y,y,y,y,y,y,y,y,y,y,y,y,,,,*needs sign reversal * negative slope = LED innovation,0,,,1,1,,,0,0,,1,1,0,0,0,0,467,,,,,,,,1,1,0,0,0,0,delete,
eat_usa_2.5Var_d227_m137,eating less meat,US,2.5,Variety (Choice Availability),per capita sheep & goat consumption,Kg/yr,b1,-0.021271,-0.02127,-0.01241,1450.9,-206.59,68947,0.7148,1990.4,25.443,0.70705,0.68874,0.12882,0.089168,0.70705,0.69509,0.12882,0.089169,0.61237,0.59655,0.14818,0.10559,52,52,2.0667e-05,5.8016e-06,1.4865e-05,52,51,10,0,1,0,0.95052,0,1,y,y,y,y,y,y,y,m,y,m,y,m,y,,,,*needs sign reversal * negative slope = LED innovation,0,,,,1,,,0,0,,1,1,0,0,0,0,468,,,,,,,,1,1,0,0,0,0,delete,
eat_usa_3.5Mar_d076_m128,eating less meat,US,3.5,Market Formation,CumulativeStartups (meat substitutes),cum. # companies,b1,0.15201,0.12038,1.6223,2027.2,28.909,253.01,0.94356,1985.3,-3228.2,0.97304,0.97107,4.2056,3.1335,0.97092,0.96953,4.3684,2.7931,0.67654,0.66114,14.568,12.192,45,43,0.33991,0.0039524,0.33595,43,1,42,0,0,0,0.9137,0,1,y,y,y,y,y,y,y,y,y,y,y,y,y,,,,,0,prefer,original,1,1,0,0,0,1,,1,1,0,0,0,1,488,,,,,,,,1,1,0,0,0,1,,
eat_usa_3.5Mar_d128_m008,eating less meat,US,3.5,Market Formation,NewStartups (meat substitutes),# companies,b1,1.5864,0.014631,0.1448,2015.4,2.77,6.9349,1552.4,1.5772e+05,-287.97,0.48924,0.45187,2.3814,1.2924,-0.32895,-0.39223,3.8413,1.9111,0.31849,0.28603,2.7508,1.7702,45,23,2.163,0.1442,2.0188,42,4,41,0,0,1,0.8238,0,1,m,y,y,m,m,m,y,y,y,m,m,m,m,,,,,0,hide,original,1,1,0,0,0,0,,0,1,0,0,0,0,489,check,,,,,,,1,1,0,0,0,0,delete,
eat_usa_3.5Mar_d173_m011,eating less meat,US,3.5,Market Formation,PrivateEquityDeals (meat substitutes),# deals,b1,0.91788,0.035675,0.36548,2017.4,4.7876,20.452,1547.7,1.582e+05,-728.25,0.72454,0.70439,4.0752,1.5213,-0.19678,-0.25377,8.4944,3.4444,0.37368,0.34386,6.145,4.1781,45,14,1.9069,0.048895,1.858,14,3,12,1,0,1,0.84139,0,1,y,y,y,y,y,y,y,y,y,y,y,y,y,,,,,0,hide,original,1,1,0,0,0,0,,0,1,0,0,0,0,490,check,,,,,,,1,1,0,0,0,0,delete,
eat_usa_3.5Mar_d177_m027,eating less meat,US,3.5,Market Formation,PrivateEquityInvestment (meat substitutes),$ million,b1,3.5128,0.11599,7.1649,2017.4,1.251,399.05,0.019257,1938.3,-14276,0.55661,0.52416,124.31,45.48,0.35308,0.32227,150.16,76.433,0.24844,0.21265,161.84,99.255,45,14,2.3349,0.0061772,2.3288,14,3,13,1,0,1,0.76329,0,0,m,y,y,m,y,m,y,y,m,m,m,m,m,,,,,0,hide,original,1,1,0,0,0,0,,0,1,0,0,0,0,491,check,,,,,,,1,1,0,0,0,0,delete,
eat_usa_3.5Mar_d202_m027,eating less meat,US,3.5,Market Formation,TotalFundraisingAmount (meat substitutes),$ million,b1,37.478,0.088335,11.792,2013.1,0.11725,496.98,0.082399,1924.2,-23483,0.52679,0.49217,200.98,90.579,0.31412,0.28146,241.97,149.72,0.27474,0.2402,248.82,173.38,45,17,2.376,0.00496,2.371,31,5,13,1,1,1,0.68864,0,0,m,y,y,m,m,m,m,y,m,m,m,m,m,,,,,0,hide,original,1,1,0,0,0,0,,0,1,0,0,0,0,492,check,,,,,,,1,1,0,0,0,0,delete,
eat_usa_3.5Mar_d206_m011,eating less meat,US,3.5,Market Formation,TotalFundraisingDeals (meat substitutes),# deals,b1,0.8748,0.13179,0.49855,2017,5.0234,27.387,2.4196,2004.7,-993.17,0.76123,0.74375,5.0555,2.0657,0.61755,0.59933,6.3983,3.2673,0.39165,0.36268,8.0695,5.6549,45,22,1.7527,0.036514,1.7162,44,3,43,0,0,1,0.85741,0,1,y,y,y,m,m,m,y,y,y,m,m,m,m,,,,,0,hide,original,1,1,0,0,0,0,,0,1,0,0,0,0,493,check,,,,,,,1,1,0,0,0,0,delete,
eat_usa_3.5Mar_d272_m156,eating less meat,US,3.5,Market Formation,cumulative CumulativeStartups (meat substitutes),cumulative cum. # companies,b1,0.11719,0.11719,14.731,2132.8,37.499,2.9943e+08,0.011777,1928.3,-29317,0.99754,0.99736,11.137,8.5052,0.99754,0.99743,11.137,8.5052,0.72511,0.71202,117.8,94.562,45,43,2.9355e-06,3.3396e-09,2.9322e-06,43,0,42,0,0,0,0.88806,0,0,y,y,y,y,y,y,y,m,y,m,y,m,y,,,,not needed as transformed-cumulative twice (error),1,delete,transformed-cumx2error,0,0,0,0,0,0,,1,1,0,0,0,0,494,check,check,,,,,,1,1,0,0,0,0,delete,
eat_usa_3.5Mar_d273_m157,eating less meat,US,3.5,Market Formation,Partial up to max CumulativeStartups (meat substitutes),Partial up to max cum. # companies,b1,0.13089,0.13089,1.5247,2097,33.574,1.5245e+06,1.1782,1989.5,-3033.6,0.97682,0.97509,3.6292,2.5909,0.97682,0.97569,3.6292,2.5909,0.65954,0.64293,13.91,11.297,44,42,5.6413e-05,6.5596e-07,5.5757e-05,42,0,41,0,0,0,0.89745,0,1,y,y,y,y,y,y,y,m,y,m,y,y,y,,,,not needed as transformed-cumulative preferred,1,delete,transformed-partial,0,0,0,0,0,0,,1,1,0,0,0,0,495,check,check,,,,,,1,1,0,0,0,0,delete,
eat_usa_3.5Mar_d274_m158,eating less meat,US,3.5,Market Formation,cumulative NewStartups (meat substitutes),cumulative # companies,b1,0.15201,0.12038,1.6223,2027.2,28.909,253.01,0.94356,1985.3,-3228.2,0.97304,0.97107,4.2056,3.1335,0.97092,0.96953,4.3684,2.7931,0.67654,0.66114,14.568,12.192,45,43,0.33991,0.0039524,0.33595,43,1,42,0,0,0,0.9137,0,1,y,y,y,y,y,y,y,y,y,y,y,y,y,,,,not needed as cumulative in original data,1,delete,transformed-cumulative,0,0,0,0,0,0,,1,1,0,0,0,0,496,check,check,,,,,,1,1,0,0,0,0,delete,
eat_usa_3.5Mar_d275_m159,eating less meat,US,3.5,Market Formation,Partial up to max NewStartups (meat substitutes),Partial up to max # companies,b1,0.3776,0.016031,0.15816,2046.3,11.638,4.6386e+05,1552,1.5775e+05,-314.64,0.86914,0.85823,1.1434,0.6859,-0.25626,-0.32416,3.5426,1.6,0.33366,0.29764,2.5801,1.6429,40,19,3.2337e-05,2.1558e-06,3.0181e-05,38,0,37,0,0,1,0.61952,0,1,y,y,y,m,m,m,m,m,y,m,m,m,m,,,,not needed as transformed-cumulative preferred,1,delete,transformed-partial,0,0,0,0,0,0,,1,1,0,0,0,0,497,check,check,,,,,,1,1,0,0,0,0,delete,
eat_usa_3.5Mar_d276_m160,eating less meat,US,3.5,Market Formation,cumulative PrivateEquityDeals (meat substitutes),cumulative # deals,b1,0.51355,0.23691,1.9996,2020.7,8.5571,190.54,0.1343,1993.6,-3985.6,0.99531,0.99496,2.7596,1.2924,0.97144,0.97008,6.8075,3.6057,0.41557,0.38774,30.796,23.04,45,14,0.81346,0.010496,0.80297,14,0,13,0,0,0,0.84314,0,0,y,y,y,y,y,y,y,y,y,y,y,y,y,,,,,0,prefer,transformed-cumulative,1,1,0,0,0,0,,1,1,0,0,0,0,498,,,,,,,,1,1,0,0,0,0,delete,
eat_usa_3.5Mar_d277_m161,eating less meat,US,3.5,Market Formation,Partial up to max PrivateEquityDeals (meat substitutes),Partial up to max # deals,b1,0.43104,0.031444,0.31942,2049.1,10.195,6.4748e+06,1548.5,1.581e+05,-636.43,0.95164,0.94783,1.5138,0.60188,-0.13953,-0.19797,7.3485,2.5714,0.31633,0.28127,5.6919,3.5343,42,11,6.0233e-06,1.5444e-07,5.8689e-06,11,0,9,0,0,1,0.52866,0,1,y,y,y,y,y,y,m,m,y,m,m,y,y,,,,not needed as transformed-cumulative preferred,1,delete,transformed-partial,0,0,0,0,0,0,,1,1,0,0,0,0,499,check,check,,,,,,1,1,0,0,0,0,delete,
eat_usa_3.5Mar_d278_m162,eating less meat,US,3.5,Market Formation,cumulative PrivateEquityInvestment (meat substitutes),cumulative $ million,b1,0.91217,0.23462,41.5,2019.6,4.8176,3198.2,8.2616e-06,1939.1,-82722,0.99527,0.99492,59.461,27.154,0.93109,0.92781,226.94,119.43,0.38864,0.35953,675.98,512.93,45,14,0.95953,0.00077073,0.95876,14,0,13,0,0,1,0.85817,0,0,y,y,y,y,y,y,y,y,y,y,y,y,y,,,,,0,prefer,transformed-cumulative,1,1,0,0,0,0,,1,1,0,0,0,0,500,,,,,,,,1,1,0,0,0,0,delete,
eat_usa_3.5Mar_d279_m163,eating less meat,US,3.5,Market Formation,Partial up to max PrivateEquityInvestment (meat substitutes),Partial up to max $ million,b1,0.71261,0.43373,8.3223,2020.2,6.1667,1471.4,5.6268e-07,1971.9,-16584,0.9726,0.97044,31.756,13.172,0.96612,0.96438,35.312,15.451,0.2765,0.23939,163.18,106.3,42,11,0.63325,0.0016753,0.63157,11,0,10,0,0,1,0.66004,0,0,y,y,y,m,y,m,m,y,m,m,m,m,m,,,,not needed as transformed-cumulative preferred,1,delete,transformed-partial,0,0,0,0,0,0,,1,1,0,0,0,0,501,check,check,,,,,,1,1,0,0,0,0,delete,
eat_usa_3.5Mar_d280_m162,eating less meat,US,3.5,Market Formation,cumulative TotalFundraisingAmount (meat substitutes),cumulative $ million,b1,0.46221,0.17482,93.495,2018.5,9.5075,6297.5,4.8419e-05,1916.7,-1.8631e+05,0.98947,0.9887,174.58,93.84,0.94527,0.94266,398.09,231.73,0.50919,0.48581,1192.1,956.44,45,31,0.88807,0.0034935,0.88457,31,0,30,0,0,1,0.89103,0,0,y,y,y,m,y,m,y,y,y,m,m,m,m,,,,,0,prefer,transformed-cumulative,1,1,0,0,0,0,,1,1,0,0,0,0,502,,,,,,,,1,1,0,0,0,0,delete,
eat_usa_3.5Mar_d281_m163,eating less meat,US,3.5,Market Formation,Partial up to max TotalFundraisingAmount (meat substitutes),Partial up to max $ million,b1,0.34074,0.34069,10.997,2051,12.897,5.1772e+07,1.3061e-07,1952.3,-21901,0.58608,0.55159,166.86,62.529,0.58608,0.56371,166.86,62.534,0.23957,0.19846,226.17,146.02,40,12,2.2808e-05,4.7613e-08,2.2761e-05,26,0,8,0,1,1,0.41513,0,0,m,y,y,m,m,m,m,m,m,m,m,m,m,,,,not needed as transformed-cumulative preferred,1,delete,transformed-partial,0,0,0,0,0,0,,1,1,0,0,0,0,503,check,check,,,,,,1,1,0,0,0,0,delete,
eat_usa_3.5Mar_d282_m160,eating less meat,US,3.5,Market Formation,cumulative TotalFundraisingDeals (meat substitutes),cumulative # deals,b1,0.41237,0.21529,2.9622,2021,10.657,301.14,0.039591,1983.3,-5900.9,0.99195,0.99136,5.1064,4.2501,0.97777,0.97671,8.4863,5.1805,0.45682,0.43095,41.95,31.452,45,44,0.7372,0.0033207,0.73388,44,0,43,0,0,0,0.85052,0,0,y,y,y,y,y,y,y,y,y,y,y,y,y,,,,,0,prefer,transformed-cumulative,1,1,0,0,0,0,,1,1,0,0,0,0,504,,,,,,,,1,1,0,0,0,0,delete,
eat_usa_3.5Mar_d283_m161,eating less meat,US,3.5,Market Formation,Partial up to max TotalFundraisingDeals (meat substitutes),Partial up to max # deals,b1,0.34628,0.041424,0.42444,2054.2,12.69,4.2244e+06,1546.5,1.583e+05,-845.42,0.9399,0.93516,2.1676,0.9117,-0.17198,-0.23208,9.5718,3.6667,0.33856,0.30464,7.1908,4.6707,42,19,1.1362e-05,2.3672e-07,1.1126e-05,41,0,40,0,0,1,0.56887,0,1,y,y,y,m,m,m,m,m,y,m,m,m,m,,,,not needed as transformed-cumulative preferred,1,delete,transformed-partial,0,0,0,0,0,0,,1,1,0,0,0,0,505,check,check,,,,,,1,1,0,0,0,0,delete,
eat_usa_4.1Sal_d213_m100,eating less meat,US,4.1,Knowledge Flows (social networks),annualised Google search frequency (index 100=monthly max.),Index 0-100,b1,0.56169,0.015825,0.9812,2007.3,7.8236,55.364,5.1629,1876.3,-1930.4,0.22319,0.086103,23.622,18.097,0.036412,-0.070653,26.309,20.977,0.049144,-0.056507,26.135,20.879,21,20,1.8062,0.02849,1.7778,21,6,0,1,0,1,0.92908,0,1,n,y,y,y,m,m,y,y,m,n,m,n,m,,,,full series better fit,0,prefer,original,1,1,0,0,0,1,,0,1,0,0,0,1,506,check,,,,,,,1,1,0,0,0,1,,
eat_usa_4.1Sal_d239_m153,eating less meat,US,4.1,Knowledge Flows (social networks),Partial up to max annualised Google search frequency (index 100=monthly max.),Partial up to max Index 0-100,b1,0.10363,0.10362,4.7409,2105.4,42.407,7.6154e+05,0.10058,1952.5,-9486.3,0.65312,0.55852,15.203,13.061,0.65312,0.59531,15.203,13.061,0.62964,0.56792,15.709,13.081,15,14,0.00013131,2.4854e-05,0.00010646,15,0,11,0,1,1,0.82235,0,1,m,y,y,y,y,y,y,m,y,m,y,m,y,,,,,0,hide,transformed-partial,0,0,0,0,0,0,,1,1,0,0,0,0,507,check,check,,,,,,1,1,0,0,0,0,delete,
eat_usa_4.5Inf_d120_m103,eating less meat,US,4.5,Physical Infrastructure Dependence,Meat supply/person,Kg/year,b1,0.041016,0.0024167,0.28669,1926.3,107.14,125.51,34.716,1491.5,-454.66,0.61265,0.58844,3.5473,3.004,0.5642,0.54641,3.7626,3.0648,0.56992,0.55236,3.7378,3.0493,52,52,1.0114,0.8365,0.17489,52,1,48,0,0,0,0.98003,0,0,m,y,y,y,y,y,y,m,y,m,y,m,y,,,,,0,,,,1,,,,,,1,1,0,0,0,0,508,,,,,,,,1,1,0,0,0,0,delete,
ebi_chi_1.1Ado_d086_m015,e-bikes,China,1.1,Adoption over time,E-bike sales volumes,# million,b8,0.54496,0.074769,3.0129,2016,8.0639,46.449,0.50047,1961.4,-6045.8,0.76508,0.41271,2.9832,2.4456,0.67148,0.45246,3.5278,2.5901,0.69886,0.4981,3.3776,2.4617,6,6,1.0248,0.65664,0.36815,6,2,5,1,0,0,0.83327,0,1,y,y,y,y,y,y,y,y,y,y,y,y,y,2,,,,0,,,1,1,0,2,0,0,,1,1,0,0,0,0,509,,,,,,,,1,1,0,0,0,0,delete,
ebi_chi_1.1Ado_d196_m015,e-bikes,China,1.1,Adoption over time,Total e-bike manufacturing volumes,# million,b8,0.014458,0.014454,0.4675,2574.1,303.94,99813,5.8682,1900.3,-911.24,0.80733,0.61467,0.45889,0.3717,0.80734,0.711,0.45889,0.37169,0.79985,0.69977,0.46773,0.38388,7,7,0.00034434,0.00031188,3.2461e-05,7,0,5,0,1,0,0.85151,0,1,y,y,y,y,y,y,y,m,y,m,y,m,y,2,,,,0,,,1,1,0,0,0,0,,1,1,0,0,0,0,510,,,,,,,,1,1,0,0,0,0,delete,
ebi_chi_1.1Ado_d333_m185,e-bikes,China,1.1,Adoption over time,e-bikes as a share of bikes sold,market share,b8,0.42818,0.0022719,0.014422,2012,10.263,0.82022,1555.3,1.575e+05,-28.345,0.81613,0.54032,0.012232,0.010547,-749.21,-1249.4,0.78135,0.78083,0.74552,0.57587,0.014391,0.012881,6,6,0.99033,0.90255,0.087776,6,2,5,1,0,0,0.83504,1,1,y,y,y,y,y,y,y,m,y,m,y,n,y,,,,,0,prefer-relative,transformed-marketshare,0,1,0,1,0,0,,1,1,0,1,0,0,511,check,,,,,,,1,1,0,1,0,0,,
ebi_chi_3.5Mar_d074_m128,e-bikes,China,3.5,Market Formation,CumulativeStartups,cum. # companies,b8,0.26996,0.10522,1.5157,2015.1,16.278,75.857,2.3093,1990.1,-3017.6,0.98432,0.98317,2.8679,1.8888,0.94403,0.94137,5.4184,4.0777,0.73862,0.72618,11.71,10.619,45,28,0.88324,0.013183,0.87005,28,1,27,0,0,0,0.93269,0,1,y,y,y,y,y,y,y,y,y,y,y,y,y,,,,,0,prefer,original,1,1,0,0,0,1,,1,1,0,0,0,1,512,,,,,,,,1,1,0,0,0,1,,
ebi_chi_3.5Mar_d126_m008,e-bikes,China,3.5,Market Formation,NewStartups,# companies,b8,0.75513,0.010668,0.10329,2010.1,5.8194,4.0026,1553.3,1.5764e+05,-205.31,0.36399,0.31745,2.0703,1.1415,-0.32896,-0.39224,2.9926,1.4889,0.26705,0.23215,2.2224,1.301,45,22,2.998,0.24984,2.7482,27,7,26,1,0,1,0.78412,0,1,m,y,y,m,m,m,y,y,m,m,m,m,m,,,,,0,hide,original,0,1,0,0,0,0,,0,0,0,0,0,0,513,,check,,,,,,0,1,0,0,0,0,delete,
ebi_chi_3.5Mar_d171_m011,e-bikes,China,3.5,Market Formation,PrivateEquityDeals,# deals,b8,2.8921,0.041641,0.28788,2014.5,1.5195,12.745,-3.5222,4501.6,-573.42,0.78377,0.76795,2.7076,1.0657,-0.24996,-0.30949,6.5098,2.9111,0.41229,0.38431,4.4638,3.2406,45,14,2.0401,0.078465,1.9616,17,7,16,1,0,1,0.84636,0,1,y,y,y,y,y,y,y,y,y,y,y,y,y,,,,,0,hide,original,1,1,0,0,0,0,,1,1,0,0,0,0,514,,,,,,,,1,1,0,0,0,0,delete,
ebi_chi_3.5Mar_d175_m027,e-bikes,China,3.5,Market Formation,PrivateEquityInvestment,$ million,b8,0.90463,0.12033,2.901,2017.4,4.8577,165.56,0.42342,1974.4,-5780.1,0.22943,0.17305,98.121,29.98,0.16593,0.12622,102.08,35.765,0.11361,0.071401,105.24,43.019,45,12,4.5334,0.0058829,4.5275,17,3,10,1,1,1,0.17134,0,0,n,y,y,m,m,m,m,y,m,n,m,n,m,,,,,0,hide,original,0,1,0,0,0,0,,0,1,0,0,0,0,515,,,,,,,,0,1,0,0,0,0,delete,
ebi_chi_3.5Mar_d200_m027,e-bikes,China,3.5,Market Formation,TotalFundraisingAmount,$ million,b8,37.248,0.089815,5.1534,2014.1,0.11798,217.2,0.14494,1941.2,-10262,0.35696,0.30991,116.1,49.013,0.24625,0.21036,125.7,66.351,0.21369,0.17625,128.39,74.694,45,15,3.5624,0.0044842,3.5579,22,3,10,1,1,1,0.33282,0,0,m,y,y,m,m,m,m,y,m,m,m,m,m,,,,,0,hide,original,0,1,0,0,0,0,,0,1,0,0,0,0,516,,,,,,,,0,1,0,0,0,0,delete,
ebi_chi_3.5Mar_d204_m011,e-bikes,China,3.5,Market Formation,TotalFundraisingDeals,# deals,b8,2.9417,0.026456,0.35072,2014.6,1.4938,15.4,0.12629,2937.4,-698.55,0.78292,0.76703,3.2271,1.4078,-0.27015,-0.33063,7.806,3.6,0.43248,0.40545,5.2179,3.7376,45,16,2.013,0.064936,1.9481,22,7,21,1,0,1,0.84354,0,1,y,y,y,m,y,m,y,y,y,m,m,m,m,,,,,0,hide,original,1,1,0,0,0,0,,1,1,0,0,0,0,517,,,,,,,,1,1,0,0,0,0,delete,
ebi_chi_3.5Mar_d242_m156,e-bikes,China,3.5,Market Formation,cumulative CumulativeStartups,cumulative cum. # companies,b8,0.19815,0.14067,12.792,2023.1,22.177,1395.4,0.006364,1940.5,-25478,0.99921,0.99916,5.7739,4.5151,0.99363,0.99332,16.434,13.048,0.65113,0.63452,121.6,101.22,45,28,0.54249,0.00071663,0.54178,28,0,27,0,0,1,0.88643,0,0,y,y,y,y,y,y,y,y,y,y,y,y,y,,,,not needed as transformed-cumulative twice (error),1,delete,transformed-cumx2error,0,0,0,0,0,0,,1,1,0,0,0,0,518,check,check,,,,,,1,1,0,0,0,0,delete,
ebi_chi_3.5Mar_d243_m157,e-bikes,China,3.5,Market Formation,Partial up to max CumulativeStartups,Partial up to max cum. # companies,b8,0.26011,0.11328,1.4623,2015.4,16.894,78.506,2.9328,1993.9,-2911.1,0.98288,0.9816,2.8607,1.8768,0.95197,0.94963,4.7913,3.4727,0.72136,0.70777,11.541,10.384,44,27,0.85344,0.012738,0.8407,27,0,26,0,0,0,0.92321,0,1,y,y,y,y,y,y,y,y,y,y,y,y,y,,,,not needed as transformed-cumulative preferred,1,delete,transformed-partial,0,0,0,0,0,0,,1,1,0,0,0,0,519,check,check,,,,,,1,1,0,0,0,0,delete,
ebi_chi_3.5Mar_d244_m158,e-bikes,China,3.5,Market Formation,cumulative NewStartups,cumulative # companies,b8,0.26996,0.10522,1.5157,2015.1,16.278,75.857,2.3093,1990.1,-3017.6,0.98432,0.98317,2.8679,1.8888,0.94403,0.94137,5.4184,4.0777,0.73862,0.72618,11.71,10.619,45,28,0.88324,0.013183,0.87005,28,1,27,0,0,0,0.93269,0,1,y,y,y,y,y,y,y,y,y,y,y,y,y,,,,not needed as cumulative in original data,1,delete,transformed-cumulative,0,0,0,0,0,0,,1,1,0,0,0,0,520,check,check,,,,,,1,1,0,0,0,0,delete,
ebi_chi_3.5Mar_d245_m159,e-bikes,China,3.5,Market Formation,Partial up to max NewStartups,Partial up to max # companies,b8,0.48595,0.015943,0.15695,2017.4,9.0431,37.346,1552,1.5775e+05,-312.25,0.86985,0.85802,0.99261,0.543,-0.23167,-0.30412,3.0536,1.3243,0.37092,0.33392,2.1823,1.466,37,15,0.32132,0.026777,0.29455,20,0,19,0,0,1,0.66087,0,1,y,y,y,m,m,m,m,y,y,m,m,m,m,,,,not needed as transformed-cumulative preferred,1,delete,transformed-partial,0,0,0,0,0,0,,1,1,0,0,0,0,521,check,check,,,,,,1,1,0,0,0,0,delete,
ebi_chi_3.5Mar_d246_m160,e-bikes,China,3.5,Market Formation,cumulative PrivateEquityDeals,cumulative # deals,b8,0.49366,0.1846,2.0258,2018.4,8.9017,135.71,1.7677,1999.8,-4037.3,0.99247,0.99192,3.2613,1.5035,0.95095,0.94862,8.3225,5.4448,0.49018,0.4659,26.832,22.007,45,17,0.96532,0.0073689,0.95795,17,0,16,0,0,1,0.87898,0,0,y,y,y,y,y,y,y,y,y,y,y,y,y,,,,,0,prefer,transformed-cumulative,1,1,0,0,0,0,,1,1,0,0,0,0,522,,,,,,,,1,1,0,0,0,0,delete,
ebi_chi_3.5Mar_d247_m161,e-bikes,China,3.5,Market Formation,Partial up to max PrivateEquityDeals,Partial up to max # deals,b8,0.97182,0.61239,0.21589,2016.4,4.5219,40.346,0.87193,2011.4,-429.95,0.98898,0.98801,0.51863,0.23249,0.98262,0.98163,0.65125,0.29586,0.22962,0.1856,4.3363,2.676,38,7,0.64442,0.024786,0.61964,10,0,9,0,0,1,0.56466,0,1,y,y,y,m,m,m,m,y,m,m,m,m,m,,,,not needed as transformed-cumulative preferred,1,delete,transformed-partial,0,0,0,0,0,0,,1,1,0,0,0,0,523,check,check,,,,,,1,1,0,0,0,0,delete,
ebi_chi_3.5Mar_d248_m162,e-bikes,China,3.5,Market Formation,cumulative PrivateEquityInvestment,cumulative $ million,b8,0.72252,0.23598,16.779,2020.1,6.0821,1410.3,0.00012127,1954.8,-33443,0.96574,0.96323,64.148,29.071,0.92554,0.92199,94.57,43.78,0.39534,0.36655,269.49,197.98,45,17,0.88424,0.021768,0.86247,17,0,16,0,0,1,0.83166,0,0,y,y,y,y,y,y,y,y,y,y,y,y,y,,,,,0,prefer,transformed-cumulative,1,1,0,0,0,0,,1,1,0,0,0,0,524,,,,,,,,1,1,0,0,0,0,delete,
ebi_chi_3.5Mar_d249_m163,e-bikes,China,3.5,Market Formation,Partial up to max PrivateEquityInvestment,Partial up to max $ million,b8,2.7523,2.7518,3.5364,2023.9,1.5967,2.1082e+06,1.3782e-13,2007.8,-7047.1,0.95296,0.94925,25.045,8.5962,0.95296,0.95055,25.045,8.5963,0.13779,0.09357,107.23,47.095,42,9,0.00035601,4.6198e-07,0.00035554,14,0,7,0,1,1,0.083481,0,0,y,y,y,m,y,m,m,m,m,m,m,m,m,,,,not needed as transformed-cumulative preferred,1,delete,transformed-partial,0,0,0,0,0,0,,0,1,0,0,0,0,525,,check,,,,,,0,1,0,0,0,0,delete,
ebi_chi_3.5Mar_d250_m162,e-bikes,China,3.5,Market Formation,cumulative TotalFundraisingAmount,cumulative $ million,b8,0.36189,0.16767,41.621,2019,12.143,2991.8,7.9786e-05,1920.1,-82935,0.98734,0.98642,82.7,43.142,0.95944,0.95751,148.05,94.64,0.5407,0.51883,498.19,408.89,45,22,0.82393,0.0018283,0.8221,22,0,21,0,0,1,0.88529,0,0,y,y,y,y,y,y,y,y,y,y,y,y,y,,,,,0,prefer,transformed-cumulative,1,1,0,0,0,0,,1,1,0,0,0,0,526,,,,,,,,1,1,0,0,0,0,delete,
ebi_chi_3.5Mar_d251_m163,e-bikes,China,3.5,Market Formation,Partial up to max TotalFundraisingAmount,Partial up to max $ million,b8,0.28266,0.28263,6.0962,2059.8,15.547,2.9753e+07,0.0002058,1968.9,-12142,0.5135,0.4751,103.59,46.852,0.51351,0.48856,103.59,46.853,0.24753,0.20894,128.83,78.014,42,12,2.6005e-05,3.2735e-08,2.5973e-05,19,0,7,0,1,1,0.20387,0,0,m,y,y,m,m,m,m,m,m,m,m,m,m,,,,not needed as transformed-cumulative preferred,1,delete,transformed-partial,0,0,0,0,0,0,,0,1,0,0,0,0,527,,check,,,,,,0,1,0,0,0,0,delete,
ebi_chi_3.5Mar_d252_m160,e-bikes,China,3.5,Market Formation,cumulative TotalFundraisingDeals,cumulative # deals,b8,0.4422,0.17703,2.5578,2018.5,9.9377,172.7,0.2014,1985.4,-5097.1,0.99368,0.99322,3.6797,1.7384,0.95886,0.9569,9.3884,6.2614,0.51511,0.49202,32.23,26.664,45,22,0.93802,0.0057902,0.93223,22,0,21,0,0,1,0.88077,0,0,y,y,y,y,y,y,y,y,y,y,y,y,y,,,,,0,prefer,transformed-cumulative,1,1,0,0,0,0,,1,1,0,0,0,0,528,,,,,,,,1,1,0,0,0,0,delete,
ebi_chi_3.5Mar_d253_m161,e-bikes,China,3.5,Market Formation,Partial up to max TotalFundraisingDeals,Partial up to max # deals,b8,1.08,0.053191,0.26907,2016.2,4.069,43.355,-2.8581,6398.4,-535.81,0.9796,0.9778,0.84657,0.36176,-0.10506,-0.16821,6.2302,1.9211,0.24785,0.20487,5.14,3.1596,38,9,0.71502,0.023065,0.69196,15,0,14,0,0,1,0.5722,0,1,y,y,y,m,m,m,m,y,m,m,m,m,m,,,,not needed as transformed-cumulative preferred,1,delete,transformed-partial,0,0,0,0,0,0,,1,1,0,0,0,0,529,check,check,,,,,,1,1,0,0,0,0,delete,
ebi_chi_4.1Sal_d213_m100,e-bikes,China,4.1,Knowledge Flows (social networks),annualised Google search frequency (index 100=monthly max.),Index 0-100,b8,-51.334,0.0072585,0.073318,2014.8,-0.085606,9.9091,7.7114,2060.5,-142.16,0.046831,-0.12137,20.752,8.8919,0.00023684,-0.11085,21.253,9.4014,0.00043624,-0.11063,21.251,9.3694,21,3,10.092,0.66055,9.4312,12,10,0,0,0,1,0.088899,0,1,n,m,y,m,m,m,m,y,m,n,m,n,m,,,,too few,0,hide,original,0,0,0,0,0,0,,0,0,0,0,0,0,530,,,,,,,,0,0,0,0,0,0,delete,
ebi_chi_4.1Sal_d239_m153,e-bikes,China,4.1,Knowledge Flows (social networks),Partial up to max annualised Google search frequency (index 100=monthly max.),Partial up to max Index 0-100,b8,,2.4238,4.8727,,,,0.28825,2011.6,-9779.4,,,,,0.99993,0.99991,0.24133,0.091642,0.29017,0.11271,24.1,17.177,11,2,,,,2,0,1,0,0,1,0.089277,0,1,n,n,y,m,y,m,m,m,m,n,n,n,n,,,,,0,prefer,transformed-partial,0,0,0,0,0,1,,0,1,0,0,0,1,531,,check,,,,,,0,1,0,0,0,1,,
ebi_eun_1.1Ado_d086_m022,e-bikes,EU,1.1,Adoption over time,E-bike sales volumes,# thousands,b8,0.40594,0.051256,0.54167,2018.8,10.825,6.1685,1539.5,1.5907e+05,-1090.4,0.99713,0.99541,0.075224,0.065785,-5.1391,-7.1854,3.4781,3.1822,0.99265,0.9902,0.12036,0.10605,9,9,0.83651,0.1767,0.6598,9,0,8,0,0,0,0.86151,0,1,y,y,y,y,y,y,y,y,y,y,y,y,y,1,,,,0,,,1,1,0,2,0,0,,1,1,0,0,0,0,532,,,,,,,,1,1,0,0,0,0,delete,
ebi_eun_1.1Ado_d333_m185,e-bikes,EU,1.1,Adoption over time,e-bikes as a share of bikes sold,market share,b8,0.33985,0.1365,2.0577e-05,2018.4,12.93,0.00026841,281.03,2125.5,-0.041399,0.99363,0.98981,4.2496e-06,3.482e-06,0.9602,0.94694,1.0623e-05,8.6942e-06,0.99554,0.99405,3.5558e-06,3.1458e-06,9,9,0.83949,0.2213,0.61819,9,0,8,0,0,0,0.8655,1,1,y,y,y,y,y,y,y,y,y,y,y,y,y,,,,,0,prefer-relative,transformed-marketshare,1,1,0,1,0,0,,1,1,0,1,0,0,533,,,,,,,,1,1,0,1,0,0,,
ebi_glo_3.3Sci_d235_m020,e-bikes,Global,3.3,Risk & Uncertainty (Shared Expectations),scientific publications,# publications,b8,0.30655,0.14312,3.653,2018.2,14.335,339.47,0.030221,1959,-7252.2,0.99489,0.99459,5.6999,3.1097,0.97088,0.96976,13.609,8.4664,0.52879,0.51067,54.74,44.221,55,44,0.86311,0.0029458,0.86016,55,0,54,0,0,1,0.89457,0,0,y,y,y,y,y,y,y,y,y,y,y,y,y,,,,"good; only available global, apply to all EA regions",0,,,1,1,0,0,1,1,,1,1,0,0,1,1,534,,,,,,,,1,1,0,0,1,1,,
ebi_glo_3.5Mar_d074_m128,e-bikes,Global,3.5,Market Formation,CumulativeStartups,cum. # companies,b8,0.1616,0.098075,13.915,2019.2,27.193,1017.6,0.035795,1922.5,-27685,0.99199,0.9914,18.41,15.045,0.97931,0.97832,29.589,19.733,0.77189,0.76103,98.242,85.618,45,45,0.63387,0.00098274,0.63288,45,0,44,0,0,0,0.93275,0,0,y,y,y,y,y,y,y,y,y,y,y,y,y,,,,,0,prefer,original,1,1,0,0,0,1,,1,1,0,0,0,1,535,,,,,,,,1,1,0,0,0,1,,
ebi_glo_3.5Mar_d126_m008,e-bikes,Global,3.5,Market Formation,NewStartups,# companies,b8,0.42144,0.054347,0.92701,2008.2,10.427,35.569,3.5876,1979.7,-1841.5,0.66269,0.63801,9.7277,6.2255,0.4762,0.45126,12.122,8.3219,0.51667,0.49365,11.644,8.4967,45,45,1.6587,0.028114,1.6306,45,6,44,1,0,1,0.95821,0,1,m,y,y,y,m,m,y,y,y,m,m,m,m,,,,,0,hide,original,1,1,0,0,0,0,,1,1,0,0,0,0,536,,,,,,,,1,1,0,0,0,0,delete,
ebi_glo_3.5Mar_d171_m011,e-bikes,Global,3.5,Market Formation,PrivateEquityDeals,# deals,b8,0.72247,0.12019,1.8768,2015.7,6.0826,91.298,0.85833,1983.9,-3739,0.86142,0.85129,12.877,4.7894,0.71011,0.6963,18.624,11.187,0.49654,0.47257,24.544,19.171,45,21,1.4458,0.010953,1.4349,21,2,20,0,0,1,0.93314,0,0,y,y,y,y,y,y,y,y,y,y,y,y,y,,,,,0,hide,original,1,1,0,0,0,0,,1,1,0,0,0,0,537,,,,,,,,1,1,0,0,0,0,delete,
ebi_glo_3.5Mar_d175_m027,e-bikes,Global,3.5,Market Formation,PrivateEquityInvestment,$ million,b8,23.15,0.12189,16.235,2017.1,0.18983,909.86,0.0094665,1929.7,-32347,0.56714,0.53547,283.53,92.861,0.35341,0.32262,346.53,161.62,0.23936,0.20314,375.86,226.92,45,21,2.6959,0.00062812,2.6952,21,3,13,1,1,1,0.61024,0,0,m,y,y,m,y,m,m,y,m,m,m,m,m,,,,,0,hide,original,1,1,0,0,0,0,,0,1,0,0,0,0,538,check,,,,,,,1,1,0,0,0,0,delete,
ebi_glo_3.5Mar_d200_m027,e-bikes,Global,3.5,Market Formation,TotalFundraisingAmount,$ million,b8,19.242,0.11649,30.281,2016.1,0.22838,1473.4,0.004722,1914.2,-60325,0.48616,0.44856,560.88,185.52,0.35624,0.32559,627.79,267.59,0.25262,0.21703,676.43,364.91,45,24,3.2482,0.002646,3.2455,26,3,20,1,1,1,0.49884,0,0,m,y,y,m,y,m,m,y,m,m,m,m,m,,,,,0,hide,original,1,1,0,0,0,0,,0,1,0,0,0,0,539,check,,,,,,,1,1,0,0,0,0,delete,
ebi_glo_3.5Mar_d204_m011,e-bikes,Global,3.5,Market Formation,TotalFundraisingDeals,# deals,b8,0.56989,0.1224,2.8012,2016,7.711,140.94,0.34459,1973.7,-5579.8,0.85438,0.84372,19.346,7.8931,0.74457,0.73241,25.622,13.936,0.51492,0.49182,35.309,26.915,45,32,1.5113,0.0070952,1.5042,38,2,37,0,0,1,0.92117,0,0,y,y,y,y,y,y,y,y,y,y,y,y,y,,,,,0,hide,original,1,1,0,0,0,0,,1,1,0,0,0,0,540,,,,,,,,1,1,0,0,0,0,delete,
ebi_glo_3.5Mar_d242_m156,e-bikes,Global,3.5,Market Formation,cumulative CumulativeStartups,cumulative cum. # companies,b8,0.12504,0.11345,139.2,2035.6,35.144,41540,0.00059675,1879.3,-2.7705e+05,0.99947,0.99943,48.42,41.789,0.99898,0.99894,67.034,49.119,0.73913,0.72671,1074,885.23,45,45,0.18775,2.4073e-05,0.18772,45,0,44,0,0,1,0.89984,0,0,y,y,y,y,y,y,y,m,y,m,y,m,y,,,,not needed as transformed-cumulative twice (error),1,delete,transformed-cumx2error,0,0,0,0,0,0,,1,1,0,0,0,0,541,check,check,,,,,,1,1,0,0,0,0,delete,
ebi_glo_3.5Mar_d243_m157,e-bikes,Global,3.5,Market Formation,Partial up to max CumulativeStartups,Partial up to max cum. # companies,b8,0.1616,0.098075,13.915,2019.2,27.193,1017.6,0.035795,1922.5,-27685,0.99199,0.9914,18.41,15.045,0.97931,0.97832,29.589,19.733,0.77189,0.76103,98.242,85.618,45,45,0.63387,0.00098274,0.63288,45,0,44,0,0,0,0.93275,0,0,y,y,y,y,y,y,y,y,y,y,y,y,y,,,,not needed as transformed-cumulative preferred,1,delete,transformed-partial,0,0,0,0,0,0,,1,1,0,0,0,0,542,check,check,,,,,,1,1,0,0,0,0,delete,
ebi_glo_3.5Mar_d244_m158,e-bikes,Global,3.5,Market Formation,cumulative NewStartups,cumulative # companies,b8,0.1616,0.098075,13.915,2019.2,27.193,1017.6,0.035795,1922.5,-27685,0.99199,0.9914,18.41,15.045,0.97931,0.97832,29.589,19.733,0.77189,0.76103,98.242,85.618,45,45,0.63387,0.00098274,0.63288,45,0,44,0,0,0,0.93275,0,0,y,y,y,y,y,y,y,y,y,y,y,y,y,,,,not needed as cumulative in original data,1,delete,transformed-cumulative,0,0,0,0,0,0,,1,1,0,0,0,0,543,check,check,,,,,,1,1,0,0,0,0,delete,
ebi_glo_3.5Mar_d245_m159,e-bikes,Global,3.5,Market Formation,Partial up to max NewStartups,Partial up to max # companies,b8,0.13548,0.13547,1.1036,2088.8,32.437,8.643e+05,4.5887,1999.1,-2193.9,0.95686,0.95316,3.1897,2.3534,0.95686,0.95447,3.1897,2.3534,0.65415,0.63494,9.0316,7.2953,39,39,6.8264e-05,1.157e-06,6.7107e-05,39,0,38,0,0,1,0.8539,0,1,y,y,y,m,m,m,y,m,y,m,m,m,m,,,,not needed as transformed-cumulative preferred,1,delete,transformed-partial,0,0,0,0,0,0,,1,1,0,0,0,0,544,check,check,,,,,,1,1,0,0,0,0,delete,
ebi_glo_3.5Mar_d246_m160,e-bikes,Global,3.5,Market Formation,cumulative PrivateEquityDeals,cumulative # deals,b8,0.41491,0.20532,11.718,2020.3,10.591,1034.2,0.0011219,1957.5,-23354,0.99884,0.99876,7.5383,3.367,0.97774,0.97668,33.035,19.992,0.47247,0.44735,160.81,125.37,45,21,0.79968,0.00096696,0.79871,21,0,20,0,0,1,0.86123,0,0,y,y,y,y,y,y,y,y,y,y,y,y,y,,,,,0,prefer,transformed-cumulative,1,1,0,0,0,0,,1,1,0,0,0,0,545,,,,,,,,1,1,0,0,0,0,delete,
ebi_glo_3.5Mar_d247_m161,e-bikes,Global,3.5,Market Formation,Partial up to max PrivateEquityDeals,Partial up to max # deals,b8,0.36325,0.21033,1.9257,2019.2,12.098,181.11,0.15802,1989.5,-3836.5,0.99022,0.98947,3.3942,1.5696,0.97758,0.97646,5.1402,3.3371,0.48457,0.4588,24.646,19.316,43,19,0.72885,0.0055216,0.72333,19,0,18,0,0,1,0.83741,0,0,y,y,y,y,y,y,y,y,y,y,y,y,y,,,,not needed as transformed-cumulative preferred,1,delete,transformed-partial,0,0,0,0,0,0,,1,1,0,0,0,0,546,check,check,,,,,,1,1,0,0,0,0,delete,
ebi_glo_3.5Mar_d248_m162,e-bikes,Global,3.5,Market Formation,cumulative PrivateEquityInvestment,cumulative $ million,b8,0.77889,0.23753,92.44,2019.8,5.642,7453.1,2.0202e-08,1911.4,-1.8425e+05,0.99282,0.9923,161.35,83.894,0.94241,0.93967,456.99,215.08,0.39742,0.36872,1478.3,1108.4,45,21,0.93232,0.0003755,0.93194,21,0,20,0,0,1,0.85045,0,0,y,y,y,y,y,y,y,y,y,y,y,y,y,,,,,0,prefer,transformed-cumulative,1,1,0,0,0,0,,1,1,0,0,0,0,547,,,,,,,,1,1,0,0,0,0,delete,
ebi_glo_3.5Mar_d249_m163,e-bikes,Global,3.5,Market Formation,Partial up to max PrivateEquityInvestment,Partial up to max $ million,b8,0.52065,0.52064,17.507,2042.7,8.4403,1.8096e+08,3.8401e-08,1973.4,-34885,0.88052,0.87109,150.38,50.36,0.88052,0.87439,150.38,50.361,0.2379,0.19882,379.8,230.05,42,18,1.3555e-05,3.1582e-09,1.3552e-05,18,0,10,0,1,1,0.41372,0,0,y,y,y,m,m,m,m,m,m,m,m,m,m,,,,not needed as transformed-cumulative preferred,1,delete,transformed-partial,0,0,0,0,0,0,,1,1,0,0,0,0,548,check,check,,,,,,1,1,0,0,0,0,delete,
ebi_glo_3.5Mar_d250_m162,e-bikes,Global,3.5,Market Formation,cumulative TotalFundraisingAmount,cumulative $ million,b8,0.47669,0.21093,190.49,2020.1,9.2187,16346,1.5997e-06,1914.9,-3.7963e+05,0.98847,0.98762,392.62,208.34,0.96373,0.962,696.3,342.18,0.45788,0.43206,2691.9,2047.9,45,26,0.8189,0.0015209,0.81738,26,0,25,0,0,1,0.85702,0,0,y,y,y,y,y,y,y,y,y,y,y,y,y,,,,,0,prefer,transformed-cumulative,1,1,0,0,0,0,,1,1,0,0,0,0,549,,,,,,,,1,1,0,0,0,0,delete,
ebi_glo_3.5Mar_d251_m163,e-bikes,Global,3.5,Market Formation,Partial up to max TotalFundraisingAmount,Partial up to max $ million,b8,0.77628,0.77595,32.389,2036.1,5.6609,5.6121e+08,1.4262e-12,1975,-64530,0.82358,0.80966,332.95,131.35,0.82358,0.81454,332.95,131.37,0.24528,0.20658,688.65,379.99,42,21,8.5278e-06,6.9469e-09,8.5209e-06,23,0,17,0,1,1,0.3051,0,0,y,y,y,m,y,m,m,m,m,m,m,m,m,,,,not needed as transformed-cumulative preferred,1,delete,transformed-partial,0,0,0,0,0,0,,1,1,0,0,0,0,550,check,check,,,,,,1,1,0,0,0,0,delete,
ebi_glo_3.5Mar_d252_m160,e-bikes,Global,3.5,Market Formation,cumulative TotalFundraisingDeals,cumulative # deals,b8,0.31233,0.19099,18.409,2021.7,14.07,1956.2,0.00038326,1944.8,-36680,0.99738,0.99719,17.041,10.563,0.98782,0.98724,36.744,19.577,0.51571,0.49264,231.69,180.49,45,38,0.64768,0.00051119,0.64717,38,0,37,0,0,0,0.86207,0,0,y,y,y,y,y,y,y,y,y,y,y,y,y,,,,,0,prefer,transformed-cumulative,1,1,0,0,0,0,,1,1,0,0,0,0,551,,,,,,,,1,1,0,0,0,0,delete,
ebi_glo_3.5Mar_d253_m161,e-bikes,Global,3.5,Market Formation,Partial up to max TotalFundraisingDeals,Partial up to max # deals,b8,0.24035,0.21835,2.8085,2028.1,18.284,1146.6,0.055301,1984.1,-5594.5,0.98751,0.98655,5.5584,2.5497,0.98715,0.9865,5.6387,2.767,0.49108,0.46563,35.481,26.737,43,30,0.18576,0.00087213,0.18489,36,0,35,0,0,1,0.80142,0,0,y,y,y,y,y,y,y,m,y,m,y,y,y,,,,not needed as transformed-cumulative preferred,1,delete,transformed-partial,0,0,0,0,0,0,,1,1,0,0,0,0,552,check,check,,,,,,1,1,0,0,0,0,delete,
ebi_net_1.1Ado_d050_m001,e-bikes,The Netherlands,1.1,Adoption over time,Annual production,#,b8,0.1868,0.11264,27568,2018.5,23.525,7.9588e+05,4.9501e-06,1796,-5.5253e+07,0.95215,0.94259,34149,27276,0.9351,0.92699,39771,31951,0.93549,0.92742,39653,30394,19,19,0.68729,0.031412,0.65588,19,2,18,1,0,1,0.91063,0,0,y,y,y,y,y,y,y,y,y,y,y,y,y,1,,,,0,,,1,1,2,2,0,0,,1,1,0,0,0,0,553,,,,,,,,1,1,0,0,0,0,delete,
ebi_net_1.1Ado_d118_m030,e-bikes,The Netherlands,1.1,Adoption over time,Market share,% bikes sold,b8,0.18359,0.1091,0.044881,2020.1,23.937,1.0616,5.8012,2042,-90.136,0.97412,0.9547,0.016805,0.014543,0.96906,0.95669,0.018372,0.01525,0.96922,0.9569,0.018327,0.01503,8,8,0.53695,0.26376,0.27318,8,0,7,0,0,0,0.85364,1,1,y,y,y,y,y,y,y,y,y,y,y,y,y,,,,,0,,,1,1,0,0,0,0,,1,1,0,0,0,0,554,,,,,,,,1,1,0,0,0,0,delete,
ebi_net_1.1Ado_d192_m089,e-bikes,The Netherlands,1.1,Adoption over time,Share of trips,% trips,b8,0.20587,0.1905,0.0056962,2031.6,21.345,0.57232,9.6817e-18,1830.3,-11.453,1,1,4.2461e-16,3.6718e-16,0.9998,-inf,0.00034949,0.00032647,0.94937,-inf,0.0055118,0.0050633,3,3,0.12231,0.017473,0.10484,11,0,2,0,0,1,0.48485,1,1,y,m,y,y,y,y,m,m,y,m,m,m,m,,,,,0,,,1,1,0,0,0,0,,1,1,0,0,0,0,555,,,,,,,,1,1,0,0,0,0,delete,
ebi_net_1.1Ado_d333_m185,e-bikes,The Netherlands,1.1,Adoption over time,e-bikes as a share of bikes sold,market share,b8,0.19154,0.1091,0.044881,2019.5,22.943,1,5.8012,2042,-90.136,0.97406,0.9546,0.016824,0.014437,0.96906,0.95669,0.018372,0.01525,0.96922,0.9569,0.018327,0.01503,8,8,0.57,0.28,0.29,8,0,7,0,0,0,0.85364,1,1,y,y,y,y,y,y,y,y,y,y,y,y,y,,,,,0,prefer-relative,transformed-marketshare,1,1,1,1,0,0,,1,1,1,1,0,0,556,,,,,,,,1,1,1,1,0,0,,
ebi_net_3.2Adc_d078_m035,e-bikes,The Netherlands,3.2,Adopter characteristics,Distance share by age group (12-17),% distance,b8,0.63066,0.35517,0.0235,2020.6,6.968,0.26988,0.34635,2023.6,-47.351,0.99725,0.989,0.0036548,0.0029824,0.98291,0.96582,0.0091093,0.0080467,0.9098,0.8196,0.020928,0.0184,5,4,0.70403,0.074108,0.62992,7,0,3,0,0,1,0.51992,1,1,y,n,y,y,y,y,m,y,y,n,n,n,n,2,,,,0,,,,,,,,,,1,1,0,0,0,0,557,,,,,,,,1,1,0,0,0,0,delete,
ebi_net_3.2Adc_d079_m035,e-bikes,The Netherlands,3.2,Adopter characteristics,Distance share by age group (60-64),% distance,b8,0.21899,0.0047602,0.0405,2023.2,20.067,1.0459,1554.2,1.576e+05,-81.457,0.87433,0.4973,0.0443,0.034044,-4.7377,-10.475,0.29933,0.272,0.84029,0.68058,0.04994,0.0376,5,5,0.43027,0.095615,0.33465,9,0,3,0,1,1,0.6808,1,1,y,n,y,y,y,y,m,y,y,n,n,n,n,2,,,,0,,,,,,,,,,1,1,0,0,0,0,558,,,,,,,,1,1,0,0,0,0,delete,
ebi_net_3.2Adc_d080_m035,e-bikes,The Netherlands,3.2,Adopter characteristics,Distance share by age group (70+),% distance,b8,0.14427,0.0050631,0.044,2021.2,30.461,1.3273,1554.2,1.576e+05,-88.274,0.78967,0.15869,0.064559,0.05044,-13.541,-28.082,0.53679,0.518,0.78159,0.56318,0.065788,0.0496,5,5,0.51984,0.23355,0.28629,9,0,3,0,1,0,0.74859,1,1,y,n,y,y,y,y,y,y,y,n,n,n,n,2,,,,0,,,,,,,,,,1,1,0,0,0,0,559,,,,,,,,1,1,0,0,0,0,delete,
ebi_net_3.2Adc_d099_m195,e-bikes,The Netherlands,3.2,Adopter characteristics,Female>male share by age group (50-59),%,b8,,,0.0026667,,,,,,-5.24,,,,,,,,,1,1,7.494e-16,7.494e-16,2,2,,,,4,0,1,0,0,0,0.49927,1,1,n,n,y,y,y,y,m,m,y,n,n,,,,,,,,,,,,,,,,,,,,,,,,,,,,,,,,,,,,,,
ebi_net_3.2Adc_d100_m195,e-bikes,The Netherlands,3.2,Adopter characteristics,Female>male share by age group (60-64),%,b8,,,0.002,,,,,,-3.849,,,,,,,,,1,1,2.0015e-16,1.6653e-16,2,2,,,,4,0,1,0,0,0,0.49976,1,1,n,n,y,y,y,y,m,m,y,n,n,,,,,,,,,,,,,,,,,,,,,,,,,,,,,,,,,,,,,,
ebi_net_3.5Mar_d074_m128,e-bikes,The Netherlands,3.5,Market Formation,CumulativeStartups,cum. # companies,b8,0.10243,0.064571,0.93307,2017.8,42.903,64.576,2.857,1981,-1852.9,0.98673,0.98576,1.4634,1.1706,0.97209,0.97076,2.1227,1.6514,0.90959,0.90529,3.8204,3.2561,45,43,0.60394,0.015486,0.58846,43,2,42,0,0,0,0.95395,0,1,y,y,y,y,y,y,y,y,y,y,y,y,y,,,,,0,prefer,original,1,1,0,0,1,1,,1,1,0,0,1,1,562,,,,,,,,1,1,0,0,1,1,,
ebi_net_3.5Mar_d126_m008,e-bikes,The Netherlands,3.5,Market Formation,NewStartups,# companies,b8,0.1367,0.0036466,0.028854,1998.4,32.148,1.4672,1554.8,1.5748e+05,-56.899,0.13616,0.072954,1.0294,0.80715,-0.61232,-0.6891,1.4063,0.86667,0.11447,0.072306,1.0422,0.82083,45,23,2.7263,0.68158,2.0448,41,13,40,1,0,1,0.49438,0,1,n,y,y,m,m,m,m,y,m,n,m,n,m,,,,,0,hide,original,0,1,0,0,0,0,,0,1,0,0,0,0,563,,,,,,,,0,1,0,0,0,0,delete,
ebi_net_3.5Mar_d171_m011,e-bikes,The Netherlands,3.5,Market Formation,PrivateEquityDeals,# deals,b8,0.20827,0.091224,0.063768,2014.9,21.1,3.2373,6.8126,2032.4,-126.93,0.58932,0.55927,0.76901,0.45706,0.55515,0.53397,0.80036,0.50601,0.47629,0.45135,0.86841,0.6275,45,17,1.5445,0.3089,1.2356,21,7,20,1,0,1,0.68539,0,1,m,y,y,m,m,m,m,y,y,m,m,m,m,,,,,0,hide,original,1,1,0,0,0,0,,1,1,0,0,0,0,564,,,,,,,,1,1,0,0,0,0,delete,
ebi_net_3.5Mar_d175_m027,e-bikes,The Netherlands,3.5,Market Formation,PrivateEquityInvestment,$ million,b8,0.19838,0.080759,0.69507,2013.6,22.152,32.693,9.4946,2008.8,-1383.3,0.19854,0.13989,19.842,10,0.17916,0.14008,20.081,10.875,0.16587,0.12615,20.243,11.479,45,14,4.0213,0.046363,3.9749,20,2,0,1,0,1,0.36495,0,0,n,y,y,m,m,m,m,y,m,n,m,n,m,,,,,0,hide,original,0,1,0,0,0,0,,0,1,0,0,0,0,565,,,,,,,,0,1,0,0,0,0,delete,
ebi_net_3.5Mar_d200_m027,e-bikes,The Netherlands,3.5,Market Formation,TotalFundraisingAmount,$ million,b8,33.401,0.065713,2.7811,2016.1,0.13157,149.7,0.92409,1950.9,-5534.8,0.14766,0.085289,129.31,41.989,0.06162,0.016936,135.68,47.117,0.066502,0.022049,135.32,49.165,45,18,6.3061,0.018695,6.2874,21,6,19,1,0,1,0.034297,0,0,n,y,y,m,m,m,m,y,m,n,m,n,m,,,,,0,hide,original,0,1,0,0,0,0,,0,1,0,0,0,0,566,,,,,,,,0,1,0,0,0,0,delete,
ebi_net_3.5Mar_d204_m011,e-bikes,The Netherlands,3.5,Market Formation,TotalFundraisingDeals,# deals,b8,0.36199,0.016913,0.16838,2016.1,12.14,8.9478,1551.8,1.5778e+05,-335.21,0.70605,0.68454,1.6923,0.97895,-0.36619,-0.43125,3.6484,1.8889,0.4908,0.46655,2.2274,1.6459,45,25,1.4529,0.11176,1.3411,38,2,37,0,0,1,0.83973,0,1,y,y,y,m,m,m,y,y,y,m,m,m,m,,,,,0,hide,original,1,1,0,0,0,0,,1,1,0,0,0,0,567,,,,,,,,1,1,0,0,0,0,delete,
ebi_net_3.5Mar_d242_m156,e-bikes,The Netherlands,3.5,Market Formation,cumulative CumulativeStartups,cumulative cum. # companies,b8,0.10717,0.083146,14.001,2026.2,41.006,1530.5,0.060735,1911.3,-27841,0.99868,0.99859,7.1023,5.7631,0.99462,0.99436,14.362,11.974,0.86237,0.85582,72.641,61.604,45,43,0.44301,0.0006534,0.44235,43,0,42,0,0,1,0.92847,0,0,y,y,y,y,y,y,y,y,y,y,y,y,y,,,,not needed as transformed-cumulative twice (error),1,delete,transformed-cumx2error,0,0,0,0,0,0,,1,1,0,0,0,0,568,check,check,,,,,,1,1,0,0,0,0,delete,
ebi_net_3.5Mar_d243_m157,e-bikes,The Netherlands,3.5,Market Formation,Partial up to max CumulativeStartups,Partial up to max cum. # companies,b8,0.092271,0.070176,0.90683,2024,47.626,91.044,3.9179,1987.7,-1800.6,0.98851,0.98763,1.2731,1.0643,0.98361,0.98279,1.5208,1.2462,0.89772,0.89261,3.7985,3.1832,43,41,0.42837,0.010984,0.41738,41,0,40,0,0,0,0.94424,0,1,y,y,y,y,y,y,y,y,y,y,y,y,y,,,,not needed as transformed-cumulative preferred,1,delete,transformed-partial,0,0,0,0,0,0,,1,1,0,0,0,0,569,check,check,,,,,,1,1,0,0,0,0,delete,
ebi_net_3.5Mar_d244_m158,e-bikes,The Netherlands,3.5,Market Formation,cumulative NewStartups,cumulative # companies,b8,0.10243,0.064571,0.93307,2017.8,42.903,64.576,2.857,1981,-1852.9,0.98673,0.98576,1.4634,1.1706,0.97209,0.97076,2.1227,1.6514,0.90959,0.90529,3.8204,3.2561,45,43,0.60394,0.015486,0.58846,43,2,42,0,0,0,0.95395,0,1,y,y,y,y,y,y,y,y,y,y,y,y,y,,,,not needed as cumulative in original data,1,delete,transformed-cumulative,0,0,0,0,0,0,,1,1,0,0,0,0,570,check,check,,,,,,1,1,0,0,0,0,delete,
ebi_net_3.5Mar_d245_m159,e-bikes,The Netherlands,3.5,Market Formation,Partial up to max NewStartups,Partial up to max # companies,b8,0.52121,0.0045586,0.037597,2028.5,8.4312,94763,1554.4,1.5749e+05,-74.355,0.321,0.24265,0.75172,0.47441,-0.48198,-0.59175,1.1106,0.63333,0.12725,0.0626,0.85225,0.6551,30,13,4.2211e-05,1.0553e-05,3.1658e-05,28,0,27,0,0,1,0.37838,0,1,m,y,y,m,m,m,m,m,m,m,m,n,m,,,,not needed as transformed-cumulative preferred,1,delete,transformed-partial,0,0,0,0,0,0,,0,1,0,0,0,0,571,,check,,,,,,0,1,0,0,0,0,delete,
ebi_net_3.5Mar_d246_m160,e-bikes,The Netherlands,3.5,Market Formation,cumulative PrivateEquityDeals,cumulative # deals,b8,0.18158,0.13329,0.59341,2023.7,24.201,66.265,9.7294,2014.1,-1181.9,0.99186,0.99127,0.84802,0.63353,0.98645,0.9858,1.0944,0.87034,0.67214,0.65653,5.3825,4.5088,45,21,0.498,0.015091,0.48291,21,0,20,0,0,0,0.89588,0,1,y,y,y,y,y,y,y,y,y,y,y,y,y,,,,,0,prefer,transformed-cumulative,1,1,0,0,0,0,,1,1,0,0,0,0,572,,,,,,,,1,1,0,0,0,0,delete,
ebi_net_3.5Mar_d247_m161,e-bikes,The Netherlands,3.5,Market Formation,Partial up to max PrivateEquityDeals,Partial up to max # deals,b8,1.2745,1.2741,0.047051,2024.5,3.4481,68221,6.341,2017.2,-93.611,0.59407,0.55826,0.59609,0.26801,0.59407,0.57088,0.59609,0.26802,0.30412,0.26436,0.78047,0.4791,38,10,7.3291e-05,1.4658e-05,5.8633e-05,14,0,13,0,0,1,0.3,0,1,m,y,y,m,m,m,m,m,y,m,m,m,m,,,,not needed as transformed-cumulative preferred,1,delete,transformed-partial,0,0,0,0,0,0,,0,1,0,0,0,0,573,,check,,,,,,0,1,0,0,0,0,delete,
ebi_net_3.5Mar_d248_m162,e-bikes,The Netherlands,3.5,Market Formation,cumulative PrivateEquityInvestment,cumulative $ million,b8,0.17262,0.13254,6.9304,2025,25.457,872.72,0.010098,1943.7,-13803,0.96352,0.96085,21.205,14.218,0.95919,0.95725,22.428,15.563,0.65724,0.64092,64.999,51.773,45,21,0.42276,0.0032068,0.41955,21,1,20,0,0,1,0.89712,0,0,y,y,y,y,y,y,y,y,y,y,y,y,y,,,,,0,prefer,transformed-cumulative,1,1,0,0,0,0,,1,1,0,0,0,0,574,,,,,,,,1,1,0,0,0,0,delete,
ebi_net_3.5Mar_d249_m163,e-bikes,The Netherlands,3.5,Market Formation,Partial up to max PrivateEquityInvestment,Partial up to max $ million,b8,0.92462,0.92453,0.92126,2030.6,4.7527,8.9959e+05,0.39431,2014.7,-1834.4,0.79035,0.77379,10.474,4.3274,0.79035,0.77959,10.474,4.3274,0.23829,0.19923,19.964,11.906,42,12,0.00014614,2.6149e-06,0.00014353,18,0,5,0,1,1,0.33821,0,0,y,y,y,m,m,m,m,m,m,m,m,m,m,,,,not needed as transformed-cumulative preferred,1,delete,transformed-partial,0,0,0,0,0,0,,0,1,0,0,0,0,575,,check,,,,,,0,1,0,0,0,0,delete,
ebi_net_3.5Mar_d250_m162,e-bikes,The Netherlands,3.5,Market Formation,cumulative TotalFundraisingAmount,cumulative $ million,b8,0.68059,0.14074,29.698,2016.4,6.4568,1507.6,0.0012883,1923.2,-59167,0.96687,0.96444,92.942,46.593,0.89676,0.89184,164.07,108.15,0.57057,0.55012,334.61,294.96,45,22,0.98446,0.02116,0.9633,22,1,21,0,0,1,0.89891,0,0,y,y,y,m,y,m,y,y,y,m,m,m,m,,,,,0,prefer,transformed-cumulative,1,1,0,0,0,0,,1,1,0,0,0,0,576,,,,,,,,1,1,0,0,0,0,delete,
ebi_net_3.5Mar_d251_m163,e-bikes,The Netherlands,3.5,Market Formation,Partial up to max TotalFundraisingAmount,Partial up to max $ million,b8,6.9187,5.372,4.5241,2016.8,0.63515,1199.1,4.5402e-21,2007,-9009,0.98631,0.9851,17.635,7.4268,0.98631,0.98553,17.635,7.4275,0.10836,0.057405,142.31,60.267,38,12,0.78726,0.0023339,0.78492,15,0,13,0,0,1,0.013798,0,0,y,y,y,m,m,m,m,y,m,m,m,m,m,,,,not needed as transformed-cumulative preferred,1,delete,transformed-partial,0,0,0,0,0,0,,0,1,0,0,0,0,577,,check,,,,,,0,1,0,0,0,0,delete,
ebi_net_3.5Mar_d252_m160,e-bikes,The Netherlands,3.5,Market Formation,cumulative TotalFundraisingDeals,cumulative # deals,b8,0.15298,0.14408,1.3971,2037.2,28.726,766.85,1.4125,1995.1,-2782,0.99441,0.99401,1.6936,1.0473,0.99425,0.99398,1.7182,1.0059,0.64117,0.62408,13.574,10.799,45,38,0.11084,0.001304,0.10954,38,0,37,0,0,0,0.88249,0,1,y,y,y,y,y,y,y,m,y,m,y,m,y,,,,,0,prefer,transformed-cumulative,1,1,0,0,0,0,,1,1,0,0,0,0,578,,,,,,,,1,1,0,0,0,0,delete,
ebi_net_3.5Mar_d253_m161,e-bikes,The Netherlands,3.5,Market Formation,Partial up to max TotalFundraisingDeals,Partial up to max # deals,b8,0.19734,0.017021,0.16898,2077.3,22.269,6.8115e+05,1551.8,1.5778e+05,-336.41,0.87303,0.86327,1.0685,0.63546,-0.32936,-0.39583,3.4574,1.7209,0.48905,0.4635,2.1435,1.5584,43,23,1.9085e-05,1.4681e-06,1.7617e-05,36,0,35,0,0,1,0.71595,0,1,y,y,y,m,m,m,y,m,y,m,m,m,m,,,,not needed as transformed-cumulative preferred,1,delete,transformed-partial,0,0,0,0,0,0,,1,1,0,0,0,0,579,check,check,,,,,,1,1,0,0,0,0,delete,
ebi_net_4.1Sal_d213_m100,e-bikes,The Netherlands,4.1,Knowledge Flows (social networks),annualised Google search frequency (index 100=monthly max.),Index 0-100,b8,0.96129,0.076367,4.6647,2010.9,4.5714,73.756,0.30734,1949,-9347.2,0.94564,0.93604,7.5508,4.639,0.60777,0.56419,20.282,18.404,0.76073,0.73415,15.841,13.671,21,16,1.3558,0.17487,1.1809,16,1,15,0,0,0,0.94297,0,1,y,y,y,y,y,y,y,y,y,y,y,y,y,,,,,0,hide,original,1,1,0,0,0,0,,1,1,0,0,0,0,580,,,,,,,,1,1,0,0,0,0,delete,
ebi_net_4.1Sal_d239_m153,e-bikes,The Netherlands,4.1,Knowledge Flows (social networks),Partial up to max annualised Google search frequency (index 100=monthly max.),Partial up to max Index 0-100,b8,0.92212,0.089259,5.1982,2011,4.7656,75.288,0.18697,1952.7,-10420,0.95439,0.94584,7.0588,4.1226,0.67999,0.64234,18.698,16.734,0.82236,0.80147,13.931,11.893,20,15,1.3282,0.17131,1.1569,15,0,14,0,0,0,0.90338,0,1,y,y,y,y,y,y,y,y,y,y,y,y,y,,,,,0,prefer,transformed-partial,1,1,0,0,1,1,,1,1,0,0,1,1,581,,,,,,,,1,1,0,0,1,1,,
ebi_net_4.5Inf_d052_m138,e-bikes,The Netherlands,4.5,Provisioning system,Average distance travelled by e-bike per person,km,b8,0.34764,0.20197,33.217,2020.6,12.641,599.65,7.3233e-05,1945.4,-66817,0.99098,0.9639,11.354,9.2025,0.97838,0.95677,17.571,15.737,0.97017,0.94035,20.641,17.032,5,5,0.6337,0.041691,0.59201,11,0,4,0,0,1,0.73267,0,0,y,m,y,y,y,y,y,y,y,m,m,m,m,,,,,0,,,,,,,,,,1,1,0,0,1,1,582,,,,,,,,1,1,0,0,1,1,,
eco_bra_1.1Adod_m_0,E-commerce,Brazil,1.1,Adoption over Time,Individuals purchasing or ordering goods or services,%,m4,0.19126,0.090167,2.2791,2017.8,22.976,53.619,0.80478,1979.7,-4571.8,0.97439,0.96478,1.7509,1.5566,0.94667,0.93482,2.5264,2.0764,0.97533,0.96984,1.7185,1.299,12,12,0.77873,0.13429,0.64444,16,1,11,0,0,0,0.90376,0,1,y,y,y,y,y,y,y,y,y,y,y,,,,,,,,,,,,,,,,,,,,,,,,,,,,,,,,,,,,,,
eco_chi_1.1Ado_d114_m074,e-commerce,China,1.1,Adoption over time,Internet sales as a percentage of total retail sales (ratio) (%),% of total retail,m4,0.29465,0.0030152,0.021776,2017.4,14.914,0.33643,1554.8,1.5755e+05,-43.762,0.97923,0.96884,0.0091577,0.0072892,-9.1592,-12.062,0.20253,0.1923,0.96894,0.96007,0.011198,0.0091224,10,10,0.82038,0.31507,0.5053,10,0,9,0,0,0,0.88721,1,1,y,y,y,y,y,y,y,y,y,y,y,y,y,1,,,,0,original,duplicated in market share,1,1,0,0,0,0,,1,1,0,0,0,0,583,,,,,,,,1,1,0,0,0,0,delete,
eco_chi_1.1Ado_d338_m185,e-commerce,China,1.1,Adoption over time,Internet sales as a share of total retail sales,market share,m4,0.29465,0.0030152,0.021776,2017.4,14.914,0.33643,1554.8,1.5755e+05,-43.762,0.97923,0.96884,0.0091577,0.0072892,-9.1592,-12.062,0.20253,0.1923,0.96894,0.96007,0.011198,0.0091224,10,10,0.82038,0.31507,0.5053,10,0,9,0,0,0,0.88721,1,1,y,y,y,y,y,y,y,y,y,y,y,y,y,,,,,0,prefer-relative,transformed-marketshare,1,1,0,1,0,0,,1,1,0,1,0,0,584,,,,,,,,1,1,0,1,0,0,,
eco_chi_2.4Eas_d045_m060,e-commerce,China,2.4,Ease of Use,Account in financial institution,% of age 15+,m4,0.26205,0.028286,0.022624,2007.4,16.77,0.89721,1.1033,2028.3,-44.827,0.93014,-inf,0.023594,0.021041,0.86149,0.58447,0.033221,0.026765,0.87925,0.63774,0.031019,0.025709,4,4,0.98873,0.71131,0.27741,11,0,3,0,0,0,0.74986,1,1,y,m,y,y,y,y,y,y,y,m,m,m,m,2,,,,0,,,,,,,,,,1,1,0,0,0,1,585,,,,,,,,1,1,0,0,0,1,,
eco_chi_2.4Eas_d165_m060,e-commerce,China,2.4,Ease of Use,Owns a credit card,% of age 15+,m4,0.14397,0.003663,0.02864,2099,30.524,28241,1554.5,1.5756e+05,-57.528,0.98381,-inf,0.013908,0.011936,-3.4753,-12.426,0.23121,0.20375,0.93987,0.81962,0.0268,0.022325,4,4,1.3438e-05,2.9142e-06,1.0524e-05,11,0,3,0,0,0,0.5511,1,1,y,m,y,y,y,y,m,m,y,m,m,m,m,1,,,,0,,,,,,,,,,1,1,0,0,0,0,586,,,,,,,,1,1,0,0,0,0,delete,
eco_chi_2.4Eas_d166_m060,e-commerce,China,2.4,Ease of Use,Owns a debit card,% of age 15+,m4,0.16164,0.0043658,0.036546,2013.5,27.187,0.99049,1554.5,1.5756e+05,-73.09,0.97666,-inf,0.020953,0.018652,-17.739,-55.217,0.59376,0.5777,0.9717,0.9151,0.023074,0.020056,4,4,0.76488,0.41414,0.35074,11,0,3,0,0,0,0.7208,1,1,y,m,y,y,y,y,y,y,y,m,m,m,m,2,,,,0,,,,,,,,,,1,1,0,0,0,0,587,,,,,,,,1,1,0,0,0,0,delete,
eco_chi_3.2Adc_d081_m071,e-commerce,China,3.2,Adopter characteristics,Distribution of newly added e-commerce users by generation (Gen Others),% of new online shoppers,m4,-0.087226,-0.087217,-0.00225,1903.8,-50.38,676.53,1.876,1971.3,4.5724,0.36059,2.2788,0.0052367,0.0049247,0.3606,-inf,0.0052367,0.0049247,0.31477,-inf,0.0054212,0.0051111,3,3,5.6169e-05,3.2519e-05,2.365e-05,5,2,1,0,1,0,0.53232,1,1,m,n,y,y,y,y,m,m,y,n,n,n,n,3,,reject too few data points,,0,,,,,,,,,,1,1,0,0,0,0,588,,,,,,,,1,1,0,0,0,0,delete,
eco_chi_3.2Adc_d082_m071,e-commerce,China,3.2,Adopter characteristics,Distribution of newly added e-commerce users by generation (Gen X),% of new online shoppers,m4,-8.8417,0.00025516,-0.00775,2021.2,-0.49701,0.232,1555.7,1.5745e+05,15.864,0.74202,1.516,0.013064,0.010667,-70.743,-inf,0.21786,0.21633,0.24211,-inf,0.022392,0.021111,3,3,1.069,0.79741,0.27155,5,1,0,1,0,0,0.69844,1,1,y,n,y,y,y,y,m,y,m,n,n,n,n,3,,reject too few data points,,0,,,,,,,,,,0,1,0,0,0,0,589,,,,,,,,0,1,0,0,0,0,delete,
eco_chi_3.2Adc_d083_m071,e-commerce,China,3.2,Adopter characteristics,Distribution of newly added e-commerce users by generation (Gen Y),% of new online shoppers,m4,,-0.0037891,-0.051,,,,-1543.6,-1.5277e+05,103.29,,,,,-14.376,-inf,0.32887,0.318,0.98607,-inf,0.0098995,0.0093333,3,3,,,,5,2,0,0,0,0,0.60899,1,1,n,n,y,y,y,y,m,m,y,n,n,n,n,2,,reject too few data points,,0,,,,,,,,,,1,1,0,0,0,0,590,,,,,,,,1,1,0,0,0,0,delete,
eco_chi_3.2Adc_d084_m071,e-commerce,China,3.2,Adopter characteristics,Distribution of newly added e-commerce users by generation (Gen Z),% of new online shoppers,m4,0.16047,0.14153,0.061,2031.8,27.385,3.7494,5.8604,2037.5,-122.72,1,1,3.2457e-15,3.1826e-15,0.9999,-inf,0.0010148,0.00095032,0.99499,-inf,0.0070711,0.0066667,3,3,0.15016,0.085079,0.065076,5,0,2,0,0,0,0.62601,1,1,y,n,y,y,y,y,m,m,y,n,n,n,n,2,,reject too few data points,,0,,,,,,,,,,1,1,0,0,0,1,591,,,,,,,,1,1,0,0,0,1,,
eco_chi_3.5Mar_d074_m128,e-commerce,China,3.5,Market Formation,CumulativeStartups,cum. # companies,m4,0.31269,0.10189,33.105,2013.9,14.054,1511.3,0.0064235,1901.2,-65905,0.99402,0.99358,38.584,28.999,0.93651,0.93348,125.7,98.669,0.74285,0.73061,252.96,228.62,45,45,0.92898,0.00066167,0.92832,45,0,44,0,0,1,0.93933,0,0,y,y,y,y,y,y,y,y,y,y,y,y,y,,,,,0,prefer,original,1,1,0,0,0,1,,1,1,0,0,0,1,592,,,,,,,,1,1,0,0,0,1,,
eco_chi_3.5Mar_d126_m008,e-commerce,China,3.5,Market Formation,NewStartups,# companies,m4,0.68062,0.046821,2.0543,2007.9,6.4565,77.54,1.9832,1945.3,-4081.5,0.49228,0.45513,32.884,17.224,0.26374,0.22868,39.599,24.557,0.3342,0.3025,37.657,22.096,45,39,2.5793,0.012897,2.5664,45,9,44,1,0,1,0.92825,0,0,m,y,y,y,m,m,y,y,y,m,m,m,m,,,,,0,hide,original,1,1,0,0,0,0,,0,1,0,0,0,0,593,check,,,,,,,1,1,0,0,0,0,delete,
eco_chi_3.5Mar_d171_m011,e-commerce,China,3.5,Market Formation,PrivateEquityDeals,# deals,m4,2.7947,0.078032,5.5379,2013.6,1.5724,235.53,0.21402,1933.8,-11026,0.75711,0.73934,54.628,25.66,0.43766,0.41088,83.121,54.918,0.42102,0.39345,84.342,62.968,45,25,1.6941,0.0042458,1.6898,26,8,21,1,1,1,0.92909,0,0,y,y,y,y,y,y,y,y,y,y,y,y,y,,,,,0,hide,original,1,1,0,0,0,0,,0,1,0,0,0,0,594,check,,,,,,,1,1,0,0,0,0,delete,
eco_chi_3.5Mar_d175_m027,e-commerce,China,3.5,Market Formation,PrivateEquityInvestment,$ million,m4,0.90119,0.084077,120.73,2013.7,4.8763,5160.7,0.010629,1867.5,-2.4041e+05,0.55762,0.52525,1792.3,740.1,0.37216,0.34226,2135.2,1245.6,0.33855,0.30705,2191.7,1447.4,45,25,2.3127,9.3592e-07,2.3127,26,6,21,1,1,1,0.71474,0,0,m,y,y,m,m,m,y,y,y,m,m,m,m,,,,,0,hide,original,1,1,0,0,0,0,,0,1,0,0,0,0,595,check,,,,,,,1,1,0,0,0,0,delete,
eco_chi_3.5Mar_d200_m027,e-commerce,China,3.5,Market Formation,TotalFundraisingAmount,$ million,m4,0.85124,0.092145,312.33,2014.3,5.1624,13720,0.0019521,1851.8,-6.22e+05,0.50068,0.46415,5163.5,1991.8,0.36388,0.33359,5828.1,2945.3,0.30814,0.27519,6078.1,3625.6,45,26,2.9973,0.00047374,2.9968,28,3,25,1,0,1,0.61988,0,0,m,y,y,y,m,m,m,y,y,m,m,m,m,,,,,0,hide,original,1,1,0,0,0,0,,0,1,0,0,0,0,596,check,,,,,,,1,1,0,0,0,0,delete,
eco_chi_3.5Mar_d204_m011,e-commerce,China,3.5,Market Formation,TotalFundraisingDeals,# deals,m4,2.7497,0.079334,6.7318,2013.6,1.5981,284.5,0.15913,1929,-13403,0.78012,0.76404,61.6,29.274,0.46646,0.44105,95.957,63.914,0.4429,0.41637,98.052,74.154,45,28,1.6661,0.0035149,1.6626,32,8,31,1,0,1,0.93113,0,0,y,y,y,m,y,m,y,y,y,m,m,m,m,,,,,0,hide,original,1,1,0,0,0,0,,0,1,0,0,0,0,597,check,,,,,,,1,1,0,0,0,0,delete,
eco_chi_3.5Mar_d242_m156,e-commerce,China,3.5,Market Formation,cumulative CumulativeStartups,cumulative cum. # companies,m4,0.20804,0.13961,283.89,2022,21.123,27779,1.8884e-05,1875.9,-5.6539e+05,0.9996,0.99957,91.932,66.679,0.99242,0.99206,398.44,304.28,0.64893,0.63221,2711.8,2250.2,45,45,0.60117,3.5998e-05,0.60113,45,0,44,0,0,0,0.88901,0,0,y,y,y,y,y,y,y,y,y,y,y,n,y,,,,not needed as transformed-cumulative twice (error),1,delete,transformed-cumx2error,0,0,0,0,0,0,,1,1,0,0,0,0,598,check,check,,,,,,1,1,0,0,0,0,delete,
eco_chi_3.5Mar_d243_m157,e-commerce,China,3.5,Market Formation,Partial up to max CumulativeStartups,Partial up to max cum. # companies,m4,0.31269,0.10189,33.105,2013.9,14.054,1511.3,0.0064235,1901.2,-65905,0.99402,0.99358,38.584,28.999,0.93651,0.93348,125.7,98.669,0.74285,0.73061,252.96,228.62,45,45,0.92898,0.00066167,0.92832,45,0,44,0,0,1,0.93933,0,0,y,y,y,y,y,y,y,y,y,y,y,y,y,,,,not needed as transformed-cumulative preferred,1,delete,transformed-partial,0,0,0,0,0,0,,1,1,0,0,0,0,599,check,check,,,,,,1,1,0,0,0,0,delete,
eco_chi_3.5Mar_d244_m158,e-commerce,China,3.5,Market Formation,cumulative NewStartups,cumulative # companies,m4,0.31269,0.10189,33.105,2013.9,14.054,1511.3,0.0064235,1901.2,-65905,0.99402,0.99358,38.584,28.999,0.93651,0.93348,125.7,98.669,0.74285,0.73061,252.96,228.62,45,45,0.92898,0.00066167,0.92832,45,0,44,0,0,1,0.93933,0,0,y,y,y,y,y,y,y,y,y,y,y,y,y,,,,not needed as cumulative in original data,1,delete,transformed-cumulative,0,0,0,0,0,0,,1,1,0,0,0,0,600,check,check,,,,,,1,1,0,0,0,0,delete,
eco_chi_3.5Mar_d245_m159,e-commerce,China,3.5,Market Formation,Partial up to max NewStartups,Partial up to max # companies,m4,0.28,0.27999,3.1789,2054.3,15.695,1.2617e+07,0.026492,1982.9,-6323.6,0.96115,0.95751,9.4014,5.7683,0.96115,0.9588,9.4014,5.7681,0.47934,0.44778,34.417,23.905,36,30,1.5851e-05,7.9257e-08,1.5772e-05,36,0,35,0,0,1,0.76561,0,0,y,y,y,y,y,y,y,m,y,m,y,y,y,,,,not needed as transformed-cumulative preferred,1,delete,transformed-partial,0,0,0,0,0,0,,1,1,0,0,0,0,601,check,check,,,,,,1,1,0,0,0,0,delete,
eco_chi_3.5Mar_d246_m160,e-commerce,China,3.5,Market Formation,cumulative PrivateEquityDeals,cumulative # deals,m4,0.52353,0.1552,49.992,2016.9,8.3939,2782.9,8.4689e-05,1911.3,-99613,0.99844,0.99833,34.47,19.041,0.93671,0.9337,219.87,153.29,0.55188,0.53054,585.05,494.72,45,26,0.98818,0.001078,0.9871,26,0,25,0,0,1,0.90667,0,0,y,y,y,y,y,y,y,y,y,y,y,y,y,,,,,0,prefer,transformed-cumulative,1,1,0,0,0,0,,1,1,0,0,0,0,602,,,,,,,,1,1,0,0,0,0,delete,
eco_chi_3.5Mar_d247_m161,e-commerce,China,3.5,Market Formation,Partial up to max PrivateEquityDeals,Partial up to max # deals,m4,2.4207,0.47449,4.4974,2014.2,1.8154,420.11,0.00026538,1985.8,-8954.3,0.9775,0.97545,13.653,7.0124,0.93397,0.93008,23.389,8.7696,0.27835,0.2359,77.319,49.274,37,17,0.94975,0.0023803,0.94737,18,0,13,0,1,1,0.66551,0,0,y,y,y,m,y,m,m,y,m,m,m,m,m,,,,not needed as transformed-cumulative preferred,1,delete,transformed-partial,0,0,0,0,0,0,,0,1,0,0,0,0,603,,check,,,,,,0,1,0,0,0,0,delete,
eco_chi_3.5Mar_d248_m162,e-commerce,China,3.5,Market Formation,cumulative PrivateEquityInvestment,cumulative $ million,m4,0.48808,0.16872,1002.4,2018.1,9.0036,63517,1.1643e-06,1876.8,-1.9976e+06,0.99676,0.99652,1022.9,494.69,0.9478,0.94532,4103.8,2675.7,0.52532,0.50272,12375,10296,45,26,0.91419,0.00010234,0.91409,26,0,25,0,0,1,0.89759,0,0,y,y,y,y,y,y,y,y,y,y,y,y,y,,,,,0,prefer,transformed-cumulative,1,1,0,0,0,0,,1,1,0,0,0,0,604,,,,,,,,1,1,0,0,0,0,delete,
eco_chi_3.5Mar_d249_m163,e-commerce,China,3.5,Market Formation,Partial up to max PrivateEquityInvestment,Partial up to max $ million,m4,0.44323,0.44322,108.51,2045.2,9.9146,1.8126e+09,2.5039e-12,1936.8,-2.1608e+05,0.91981,0.91294,602.45,246.45,0.91981,0.91536,602.45,246.45,0.3295,0.29225,1742.1,1052.2,39,19,6.5845e-06,2.6646e-12,6.5845e-06,20,0,15,0,1,1,0.47921,0,0,y,y,y,m,y,m,m,m,y,m,m,m,m,,,,not needed as transformed-cumulative preferred,1,delete,transformed-partial,0,0,0,0,0,0,,1,1,0,0,0,0,605,check,check,,,,,,1,1,0,0,0,0,delete,
eco_chi_3.5Mar_d250_m162,e-commerce,China,3.5,Market Formation,cumulative TotalFundraisingAmount,cumulative $ million,m4,0.40369,0.17458,2448.1,2019.1,10.886,1.7828e+05,2.4216e-07,1867.5,-4.8781e+06,0.9929,0.99238,3690,1855.8,0.96315,0.9614,8405.2,4810.9,0.52729,0.50478,30104,24289,45,28,0.83138,0.0014263,0.82995,28,0,27,0,0,1,0.88724,0,0,y,y,y,y,y,y,y,y,y,y,y,y,y,,,,,0,prefer,transformed-cumulative,1,1,0,0,0,0,,1,1,0,0,0,0,606,,,,,,,,1,1,0,0,0,0,delete,
eco_chi_3.5Mar_d251_m163,e-commerce,China,3.5,Market Formation,Partial up to max TotalFundraisingAmount,Partial up to max $ million,m4,0.3043,0.3043,385.82,2059.5,14.441,4.1793e+09,1.672e-09,1920.3,-7.6853e+05,0.89519,0.88692,2443.6,1142.2,0.89519,0.88982,2443.6,1142.1,0.38384,0.35224,5925,3702.3,42,23,9.8398e-06,1.5553e-09,9.8382e-06,25,0,22,0,0,1,0.55745,0,0,y,y,y,m,y,m,m,m,y,m,m,m,m,,,,not needed as transformed-cumulative preferred,1,delete,transformed-partial,0,0,0,0,0,0,,1,1,0,0,0,0,607,check,check,,,,,,1,1,0,0,0,0,delete,
eco_chi_3.5Mar_d252_m160,e-commerce,China,3.5,Market Formation,cumulative TotalFundraisingDeals,cumulative # deals,m4,0.49659,0.15485,60.356,2017,8.8492,3406.9,4.4227e-05,1905.6,-1.2026e+05,0.99844,0.99832,41.52,24.323,0.94187,0.9391,253.19,176.72,0.55715,0.53606,698.83,590.54,45,32,0.98067,0.00029353,0.98038,32,0,31,0,0,1,0.90532,0,0,y,y,y,y,y,y,y,y,y,y,y,y,y,,,,,0,prefer,transformed-cumulative,1,1,0,0,0,0,,1,1,0,0,0,0,608,,,,,,,,1,1,0,0,0,0,delete,
eco_chi_3.5Mar_d253_m161,e-commerce,China,3.5,Market Formation,Partial up to max TotalFundraisingDeals,Partial up to max # deals,m4,2.116,0.47202,5.3466,2014.2,2.0768,502.56,0.00025096,1985.2,-10645,0.97608,0.9739,16.495,8.8416,0.9405,0.937,26.013,10.12,0.28655,0.24458,90.076,57.556,37,20,0.94318,0.0019898,0.94119,24,0,23,0,0,1,0.66572,0,0,y,y,y,m,y,m,m,y,m,m,m,m,m,,,,not needed as transformed-cumulative preferred,1,delete,transformed-partial,0,0,0,0,0,0,,1,1,0,0,0,0,609,check,check,,,,,,1,1,0,0,0,0,delete,
eco_chi_4.1Sal_d213_m100,e-commerce,China,4.1,Knowledge Flows (social networks),annualised Google search frequency (index 100=monthly max.),Index 0-100,m4,-0.36821,-0.36821,-2.9479,1969.8,-11.935,2.7633e+07,23.035,2007.8,5953,0.97529,0.97093,3.7281,3.1061,0.97529,0.97254,3.7281,3.106,0.56648,0.51831,15.616,11.444,21,20,3.6189e-06,9.315e-09,3.6096e-06,21,20,6,0,1,1,0.63883,0,1,y,y,y,m,m,m,m,m,y,m,m,m,m,,,,downward,0,prefer,original,1,1,0,0,0,0,,1,1,0,0,0,0,610,,,,,,,,1,1,0,0,0,0,delete,
eco_chi_4.1Sal_d239_m153,e-commerce,China,4.1,Knowledge Flows (social networks),Partial up to max annualised Google search frequency (index 100=monthly max.),Partial up to max Index 0-100,m4,,,,,,,,,,,,,,,,,,,,,,1,1,,,,1,0,0,0,0,,,0,1,n,n,y,m,m,m,m,m,m,n,n,n,n,,,,too few,0,hide,transformed-partial,0,0,0,0,0,1,,0,1,0,0,0,1,611,,check,,,,,,0,1,0,0,0,1,,
eco_chi_4.5Inf_d179_m066,e-commerce,China,4.5,Infrastructure dependence,Proportion of households with Internet access either via a fixed or mobile network,% of households,m4,0.21881,0.0049433,0.042281,2014.7,20.083,1.0076,1554.2,1.5758e+05,-84.673,0.99551,0.99467,0.01654,0.013177,-2.3053,-2.6941,0.44883,0.37483,0.97526,0.97235,0.038828,0.03085,20,20,0.80331,0.049623,0.75369,20,0,19,0,0,0,0.9136,1,1,y,y,y,y,y,y,y,y,y,y,y,y,y,1,,,,0,,,1,1,,,,,,1,1,0,0,0,1,612,,,,,,,,1,1,0,0,0,1,,
eco_ger_1.1Ado_d113_m074,e-commerce,Germany,1.1,Adoption over time,Internet sales as a percentage of total retail (B2C) sales (ratio) (%),% of total retail,m4,,,-0.025,,,,,,50.668,,,,,,,,,1,1,5.7475e-15,5.7038e-15,2,2,,,,2,1,0,0,0,0,0.49091,1,1,n,n,y,y,y,y,m,m,y,n,n,n,n,3,,"no logfit, use lin",too few,0,,,0,0,0,0,0,0,,0,1,0,0,0,0,615,,check,,,,,,0,1,0,0,0,0,delete,
eco_ger_1.1Ado_d123_m108,e-commerce,Germany,1.1,Adoption over time,"Monetary value of e-commerce sales (all activities - B2B, B2C, B2G)",Million euro,m4,0.014361,0.014339,13576,2471.6,305.99,6.606e+08,84.578,1365.6,-2.6417e+07,0.040539,-0.91892,1.3625e+05,1.1614e+05,0.040543,-0.43919,1.3625e+05,1.1614e+05,0.038105,-0.44284,1.3642e+05,1.1647e+05,7,7,0.0018125,0.0012274,0.00058515,7,6,5,0,1,0,0.79755,0,0,n,y,y,y,y,y,y,m,m,n,m,n,m,3,,"no logfit, use lin",,0,,,1,1,0,2,0,0,,0,1,0,0,0,0,616,check,,,,,,,1,1,0,0,0,0,delete,
eco_ger_1.1Ado_d338_m185,e-commerce,Germany,1.1,Adoption over time,Internet sales as a share of total retail sales,market share,m4,,,-0.025,,,,,,50.668,,,,,,,,,1,1,5.7475e-15,5.7038e-15,2,2,,,,2,1,0,0,0,0,0.49091,1,1,n,n,y,y,y,y,m,m,y,n,n,n,n,,,,too few * missing data? *,0,prefer-relative,transformed-marketshare,0,0,0,1,0,0,,0,1,0,1,0,0,617,,check,,,,,,0,1,0,1,0,0,,
eco_ger_1.1Adod_m_0,E-commerce,Germany,1.1,Adoption over Time,Individuals purchasing or ordering goods or services,%,m4,0.23549,0.037516,2.1173,2005.6,18.661,67.692,1.4903,1919.4,-4210.5,0.97544,0.9711,2.4009,1.7165,0.80565,0.78405,6.7536,5.3191,0.8797,0.86634,5.3133,4.4158,21,21,1.0193,0.25703,0.7623,23,3,20,1,0,0,0.95627,0,1,y,y,y,y,y,y,y,y,y,y,y,,,,,,,,,,,,,,,,,,,,,,,,,,,,,,,,,,,,,,
eco_ger_2.2Rel_d047_m094,e-commerce,Germany,2.2,Relative Advantage (Profitability),Annual Internet retail (B2C) sales value,Billion Euros,m4,0.19923,0.12245,3.7436,2019.2,22.057,131.04,0.24742,1974.2,-7497.1,0.98936,0.98784,2.9038,2.1422,0.97257,0.97007,4.6619,3.838,0.91994,0.91267,7.9636,6.9594,25,25,0.66161,0.0083941,0.65321,25,2,24,0,0,0,0.91077,0,1,y,y,y,y,y,y,y,y,y,y,y,y,y,1,,,,0,,,1,1,0,0,0,0,,1,1,0,0,0,0,613,,,,,,,,1,1,0,0,0,0,delete,
eco_ger_2.2Rel_d095_m075,e-commerce,Germany,2.2,Relative Advantage (Profitability),"Enterprises' total turnover from e-commerce sales (all activities - B2B, B2C, B2G)",% of turnover,m4,13.883,0.021728,0.0036788,2013.9,0.31653,0.17044,5.5674,2180.2,-7.2595,0.29682,-0.054768,0.02006,0.015667,0.19136,-0.03968,0.021512,0.018122,0.1951,-0.034877,0.021462,0.018056,10,10,1.2145,0.74511,0.46936,10,6,9,1,0,0,0.89217,1,1,n,y,y,y,y,y,y,y,m,n,m,n,m,2,,,,0,,,0,1,0,0,0,0,,0,1,0,0,0,0,614,,,,,,,,0,1,0,0,0,0,delete,
eco_ger_2.3Cob_d184_m068,e-commerce,Germany,2.3,Relative (dis)advantage,Share of Internet users not buying online due to payment security concerns,% of internet users,m4,-1.0267,-0.062709,-0.020189,2019.9,-4.2804,0.33091,0.3791,2009.7,40.964,0.94183,0.76731,0.02374,0.020582,0.62465,0.2493,0.060302,0.052172,0.71354,0.42708,0.05268,0.047741,5,5,1.1184,0.23511,0.88331,13,4,0,0,0,1,0.76625,1,1,y,m,y,y,y,y,y,y,y,m,m,m,m,2,,,,0,,,,,,,,,,1,1,0,0,0,0,618,,,,,,,,1,1,0,0,0,0,delete,
eco_ger_2.4Eas_d045_m060,e-commerce,Germany,2.4,Ease of Use,Account in financial institution,% of age 15+,m4,,0.0018205,0.0018032,,,,1.2557,2146.3,-2.6448,,,,,0.99215,0.97644,0.00059358,0.00051822,0.99205,0.97614,0.00059727,0.00051941,4,4,,,,11,0,3,0,0,0,0.74971,1,1,n,m,y,y,y,y,y,m,y,n,m,m,m,1,,,,0,,,,,,,,,,0,1,0,0,0,1,619,,,,,,,,0,1,0,0,0,1,,
eco_ger_2.4Eas_d165_m060,e-commerce,Germany,2.4,Ease of Use,Owns a credit card,% of age 15+,m4,0.2781,0.041075,0.020569,2009.4,15.802,0.58842,0.9184,2032,-40.985,0.9999,-inf,0.0007868,0.0007085,0.89709,0.69127,0.025287,0.024733,0.932,0.796,0.020555,0.020442,4,4,0.96053,0.60688,0.35366,11,0,3,0,0,0,0.75169,1,1,y,m,y,y,y,y,y,y,y,m,m,m,m,1,,,,0,,,,,,,,,,1,1,0,0,0,0,620,,,,,,,,1,1,0,0,0,0,delete,
eco_ger_2.4Eas_d166_m060,e-commerce,Germany,2.4,Ease of Use,Owns a debit card,% of age 15+,m4,0.13426,0.0055536,0.0050795,1992.1,32.73,0.95426,3.634,2264.8,-9.3273,0.75917,-inf,0.01067,0.009434,0.74585,0.23756,0.010961,0.0094178,0.74707,0.2412,0.010935,0.009411,4,4,0.98516,0.92239,0.062771,11,0,3,0,0,0,0.75023,1,1,y,m,y,y,y,y,y,m,y,m,m,m,m,1,,,,0,,,,,,,,,,1,1,0,0,0,0,621,,,,,,,,1,1,0,0,0,0,delete,
eco_ger_2.5Var_d066_m062,e-commerce,Germany,2.5,Variety (Choice Availability),Businesses with a web presence,% of business,m4,0.14601,0.0019473,0.01093,1996.5,30.096,0.91901,1555.3,1.5747e+05,-21.174,0.97131,0.96469,0.0095071,0.007226,-217.71,-248.96,0.83009,0.82819,0.91005,0.8972,0.016834,0.014653,17,17,0.97254,0.77525,0.19729,17,0,16,0,0,0,0.944,1,1,y,y,y,y,y,y,y,m,y,m,y,m,y,1,,,,0,,,,1,,,,,,1,1,0,0,0,1,622,,,,,,,,1,1,0,0,0,1,,
eco_ger_2.5Var_d187_m062,e-commerce,Germany,2.5,Variety (Choice Availability),Share of businesses receiving orders through the Internet,% of business,m4,-0.23057,0.00077046,-0.0022501,2028.3,-19.059,0.20657,1555.5,1.5746e+05,4.7285,0.17674,-0.13198,0.019629,0.016161,-79.872,-97.843,0.19455,0.19334,0.12891,-0.06466,0.020191,0.015791,12,12,1.1156,0.77724,0.33839,12,6,3,1,1,0,0.92412,1,1,n,y,y,y,y,y,y,y,m,n,m,n,m,2,,,,0,,,,,,,,,,1,1,0,0,0,0,623,,,,,,,,1,1,0,0,0,0,delete,
eco_ger_2.5Var_d194_m073,e-commerce,Germany,2.5,Variety (Choice Availability),Small firms selling online,% of small firms (10-49 employees),m4,-0.40155,0.00095461,-0.000255,2025.9,-10.944,0.21813,1555.4,1.5747e+05,0.72572,0.06728,-0.21254,0.028553,0.023319,-51.432,-60.966,0.21408,0.21203,0.0012088,-0.18039,0.029547,0.024515,14,14,1.2429,0.72753,0.51535,14,6,13,1,0,0,0.93979,1,1,n,y,y,y,y,y,y,y,m,n,m,n,m,2,,,,0,,,,,,,,,,1,1,0,0,0,0,624,,,,,,,,1,1,0,0,0,0,delete,
eco_ger_3.2Adc_d015_m061,e-commerce,Germany,3.2,Adopter characteristics,% of individuals who made purchases online (age 25-34),% of age group,m4,0.68503,0.0010902,0.0018921,2006.3,6.415,0.91672,1555.7,1.5744e+05,-2.9086,0.35454,0.1609,0.024994,0.020046,-849.62,-1004.3,0.90733,0.90679,0.06011,-0.11078,0.03016,0.025801,14,14,1.0504,0.92733,0.12305,14,3,13,1,0,0,0.93455,1,1,m,y,y,y,y,y,y,m,m,m,m,m,m,2,,,,0,,,,,,,,,,0,1,0,0,0,1,625,,,,,,,,0,1,0,0,0,1,,
eco_ger_3.2Adc_d016_m061,e-commerce,Germany,3.2,Adopter characteristics,% of individuals who made purchases online (age 35-44),% of age group,m4,0.4151,0.0016186,0.0075048,2005.8,10.586,0.89806,1555.5,1.5746e+05,-14.265,0.79098,0.72828,0.020023,0.014539,-393.05,-464.69,0.8694,0.86829,0.47714,0.38208,0.031669,0.02708,14,14,1.0444,0.85284,0.19152,14,3,13,1,0,0,0.93622,1,1,y,y,y,y,y,y,y,m,y,m,y,m,y,2,,,,0,,,,1,,,,,,0,1,0,0,0,0,626,,,,,,,,0,1,0,0,0,0,delete,
eco_ger_3.2Adc_d017_m061,e-commerce,Germany,3.2,Adopter characteristics,% of individuals who made purchases online (age 45-54),% of age group,m4,0.28683,0.0023819,0.015559,2006.6,15.321,0.83802,1555.2,1.5749e+05,-30.611,0.90621,0.87807,0.022085,0.015716,-112.15,-132.73,0.7671,0.7637,0.75646,0.71218,0.035588,0.031829,14,14,1.0508,0.72731,0.3235,14,3,13,1,0,0,0.93584,1,1,y,y,y,y,y,y,y,y,y,y,y,n,y,2,,,,0,,,,1,,,,,,0,1,0,0,0,0,627,,,,,,,,0,1,0,0,0,0,delete,
eco_ger_3.2Adc_d018_m061,e-commerce,Germany,3.2,Adopter characteristics,% of individuals who made purchases online (age 55-64),% of age group,m4,0.21945,0.0032002,0.024138,2009.3,20.025,0.75829,1554.9,1.5753e+05,-48.071,0.97228,0.96396,0.016844,0.010925,-35.485,-42.118,0.61108,0.60265,0.92504,0.91141,0.027698,0.0232,14,14,0.97562,0.52566,0.44996,14,3,13,1,0,0,0.93295,1,1,y,y,y,y,y,y,y,y,y,y,y,y,y,2,,,,0,,,1,1,,,,,,1,1,0,0,0,0,628,,,,,,,,1,1,0,0,0,0,delete,
eco_ger_3.2Adc_d019_m061,e-commerce,Germany,3.2,Adopter characteristics,% of individuals who made purchases online (age 65-74),% of age group,m4,0.22266,0.0033497,0.025526,2012.5,19.736,0.59039,1554.7,1.5754e+05,-51.073,0.98561,0.98129,0.012573,0.010033,-14.611,-17.45,0.41406,0.40058,0.96416,0.95764,0.019839,0.017648,14,14,0.91329,0.37907,0.53422,14,0,13,0,0,0,0.92612,1,1,y,y,y,y,y,y,y,y,y,y,y,n,y,2,,,,0,,,,1,,,,,,0,1,0,0,0,0,629,,,,,,,,0,1,0,0,0,0,delete,
eco_ger_3.2Adc_d020_m064,e-commerce,Germany,3.2,Adopter characteristics,% of individuals who made purchases online (high formal education),% of education group,m4,-0.023486,-0.023478,-0.01917,1682,-187.11,2401.7,1.0609,2010.9,39.579,0.74246,-inf,0.012701,0.012497,0.74246,0.22739,0.012701,0.012497,0.73341,0.20023,0.012922,0.012725,4,4,0.00036104,0.00033364,2.7398e-05,4,3,1,0,1,0,0.74176,1,1,y,n,y,y,y,y,y,m,y,n,n,n,n,2,,,,0,,,,,,,,,,1,1,0,0,0,0,630,,,,,,,,1,1,0,0,0,0,delete,
eco_ger_3.2Adc_d021_m064,e-commerce,Germany,3.2,Adopter characteristics,% of individuals who made purchases online (medium formal education),% of education group,m4,-0.036541,-0.036533,-0.02478,1790.1,-120.26,3278.6,0.86148,2015.7,50.791,0.57564,-inf,0.024126,0.024085,0.57564,-0.27308,0.024126,0.024085,0.55958,-0.32125,0.024579,0.02455,4,4,0.00023184,0.00020207,2.9769e-05,4,3,1,0,1,0,0.7304,1,1,m,n,y,y,y,y,y,m,y,n,n,n,n,2,,,,0,,,,,,,,,,1,1,0,0,0,0,631,,,,,,,,1,1,0,0,0,0,delete,
eco_ger_3.2Adc_d022_m064,e-commerce,Germany,3.2,Adopter characteristics,% of individuals who made purchases online (no or low formal education),% of education group,m4,-0.072441,-0.072435,-0.03584,1883.9,-60.662,10737,0.62401,2018.6,72.957,0.90175,-inf,0.013375,0.013275,0.90175,0.70524,0.013375,0.013275,0.8819,0.6457,0.014664,0.0146,4,4,5.3451e-05,4.3551e-05,9.9005e-06,4,3,0,0,0,0,0.73184,1,1,y,n,y,y,y,y,y,m,y,n,n,n,n,2,,,,0,,,,,,,,,,1,1,0,0,0,0,632,,,,,,,,1,1,0,0,0,0,delete,
eco_ger_3.2Adc_d023_m061,e-commerce,Germany,3.2,Adopter characteristics,% of individuals who made purchases online by (age 16-24),% of age group,m4,0.26987,0.0018438,0.0098222,2004.3,16.284,0.8339,1555.4,1.5747e+05,-19.02,0.86422,0.82349,0.017187,0.015181,-284.38,-336.27,0.78797,0.78659,0.72056,0.66976,0.024657,0.022014,14,14,1.0259,0.83079,0.19511,14,3,13,1,0,0,0.93399,1,1,y,y,y,y,y,y,y,m,y,m,y,m,y,1,,,,0,,,,1,,,,,,1,1,0,0,0,0,633,,,,,,,,1,1,0,0,0,0,delete,
eco_ger_3.2Adc_d029_m061,e-commerce,Germany,3.2,Adopter characteristics,% of individuals who made purchases online by age (75 or more),% of age group,m4,17.859,0.0013109,0.0034,2009.9,0.24606,0.09325,1555.1,1.5747e+05,-6.7467,0.97125,1.0575,0.00061237,0.0005,-631.22,-inf,0.090805,0.090733,0.5909,-inf,0.0023099,0.0021778,3,3,1.008,0.91903,0.089008,3,1,2,1,0,0,0.67716,1,1,y,n,y,y,y,y,m,m,y,n,n,n,n,2,,,,0,,,,,,,,,,0,1,0,0,0,0,634,,,,,,,,0,1,0,0,0,0,delete,
eco_ger_3.5Mar_d074_m128,e-commerce,Germany,3.5,Market Formation,CumulativeStartups,cum. # companies,m4,0.13905,0.069092,10.76,2012.2,31.604,519.58,0.16873,1908.2,-21388,0.99694,0.99672,8.0184,6.9957,0.96271,0.96094,28.001,24.309,0.92867,0.92528,38.728,34.203,45,45,0.83145,0.0019246,0.82952,45,0,44,0,0,0,0.95186,0,0,y,y,y,y,y,y,y,y,y,y,y,y,y,,,,*needs sign reversal * negative slope = LED innovation,0,prefer,original,1,1,0,0,0,1,,1,1,0,0,0,1,635,,,,,,,,1,1,0,0,0,1,,
eco_ger_3.5Mar_d126_m008,e-commerce,Germany,3.5,Market Formation,NewStartups,# companies,m4,0.291,0.031831,0.39829,1995.4,15.101,14.819,9.4386,2003.3,-787.77,0.57273,0.54147,4.9502,3.6284,0.36907,0.33902,6.0154,4.8782,0.46653,0.44113,5.5313,4.0603,45,43,1.6871,0.067483,1.6196,45,3,44,0,0,1,0.88585,0,1,m,y,y,y,m,m,y,y,y,m,m,m,m,,,,,0,hide,original,1,1,0,0,0,0,,0,1,0,0,0,0,636,check,,,,,,,1,1,0,0,0,0,delete,
eco_ger_3.5Mar_d171_m011,e-commerce,Germany,3.5,Market Formation,PrivateEquityDeals,# deals,m4,0.35023,0.090921,0.67431,2012.6,12.547,27.988,8.3452,2008.8,-1342.4,0.82622,0.8135,4.6209,2.3273,0.72757,0.7146,5.7856,3.5797,0.62417,0.60627,6.7954,5.1785,45,26,1.4292,0.03573,1.3935,26,3,22,1,1,1,0.93714,0,1,y,y,y,y,y,y,y,y,y,y,y,y,y,,,,,0,hide,original,1,1,0,0,0,0,,1,1,0,0,0,0,637,,,,,,,,1,1,0,0,0,0,delete,
eco_ger_3.5Mar_d175_m027,e-commerce,Germany,3.5,Market Formation,PrivateEquityInvestment,$ million,m4,20.965,0.13434,4.5674,2017,0.20961,237.66,0.074455,1962.7,-9100.4,0.72196,0.70162,52.169,21.704,0.56246,0.54162,65.444,35.205,0.35946,0.32895,79.183,54.661,45,22,1.7745,0.0041641,1.7704,25,3,12,1,1,1,0.66581,0,0,y,y,y,m,m,m,m,y,y,m,m,m,m,,,,,0,hide,original,1,1,0,0,0,0,,0,1,0,0,0,0,638,check,,,,,,,1,1,0,0,0,0,delete,
eco_ger_3.5Mar_d200_m027,e-commerce,Germany,3.5,Market Formation,TotalFundraisingAmount,$ million,m4,0.10442,0.058521,41.178,2013.6,42.085,2294.3,0.13038,1860.1,-81770,0.16652,0.10554,1203.9,656.68,0.16135,0.12142,1207.6,674.42,0.16447,0.12469,1205.4,689.31,45,27,2.5557,0.00084607,2.5549,30,24,19,1,1,1,0.209,0,0,n,y,y,m,m,m,m,y,m,n,m,n,m,,,,,0,hide,original,0,1,0,0,0,0,,1,1,0,0,0,0,639,check,,,,,,,1,1,0,0,0,0,delete,
eco_ger_3.5Mar_d204_m011,e-commerce,Germany,3.5,Market Formation,TotalFundraisingDeals,# deals,m4,0.3107,0.083724,1.2794,2011.9,14.144,52.402,2.4138,1985.3,-2546.1,0.85405,0.84337,7.6606,3.9132,0.76732,0.75624,9.6726,6.3559,0.68668,0.67176,11.224,8.6207,45,30,1.4503,0.019083,1.4312,35,3,34,0,0,1,0.95013,0,1,y,y,y,y,y,y,y,y,y,y,y,y,y,,,,,0,hide,original,1,1,0,0,0,0,,1,1,0,0,0,0,640,,,,,,,,1,1,0,0,0,0,delete,
eco_ger_3.5Mar_d242_m156,e-commerce,Germany,3.5,Market Formation,cumulative CumulativeStartups,cumulative cum. # companies,m4,0.14309,0.094975,142.25,2020.3,30.71,10781,0.0025269,1867.2,-2.8307e+05,0.99907,0.999,62.28,56.508,0.98895,0.98842,214.71,193.68,0.81831,0.80966,870.53,751.17,45,45,0.6412,9.2753e-05,0.64111,45,0,44,0,0,1,0.92233,0,0,y,y,y,y,y,y,y,y,y,y,y,y,y,,,,not needed as transformed-cumulative twice (error),1,delete,transformed-cumx2error,0,0,0,0,0,0,,1,1,0,0,0,0,641,check,check,,,,,,1,1,0,0,0,0,delete,
eco_ger_3.5Mar_d243_m157,e-commerce,Germany,3.5,Market Formation,Partial up to max CumulativeStartups,Partial up to max cum. # companies,m4,0.13905,0.069092,10.76,2012.2,31.604,519.58,0.16873,1908.2,-21388,0.99694,0.99672,8.0184,6.9957,0.96271,0.96094,28.001,24.309,0.92867,0.92528,38.728,34.203,45,45,0.83145,0.0019246,0.82952,45,0,44,0,0,0,0.95186,0,0,y,y,y,y,y,y,y,y,y,y,y,y,y,,,,not needed as transformed-cumulative preferred,1,delete,transformed-partial,0,0,0,0,0,0,,1,1,0,0,0,0,642,check,check,,,,,,1,1,0,0,0,0,delete,
eco_ger_3.5Mar_d244_m158,e-commerce,Germany,3.5,Market Formation,cumulative NewStartups,cumulative # companies,m4,0.13905,0.069092,10.76,2012.2,31.604,519.58,0.16873,1908.2,-21388,0.99694,0.99672,8.0184,6.9957,0.96271,0.96094,28.001,24.309,0.92867,0.92528,38.728,34.203,45,45,0.83145,0.0019246,0.82952,45,0,44,0,0,0,0.95186,0,0,y,y,y,y,y,y,y,y,y,y,y,y,y,,,,not needed as cumulative in original data,1,delete,transformed-cumulative,0,0,0,0,0,0,,1,1,0,0,0,0,643,check,check,,,,,,1,1,0,0,0,0,delete,
eco_ger_3.5Mar_d245_m159,e-commerce,Germany,3.5,Market Formation,Partial up to max NewStartups,Partial up to max # companies,m4,0.16241,0.048358,0.53424,1999.2,27.057,18.871,8.1474,1999.4,-1058.9,0.70719,0.68408,4.1718,3.039,0.64553,0.62735,4.5901,3.5449,0.70546,0.69035,4.1841,3.0906,42,40,1.3248,0.052992,1.2718,42,0,41,0,0,1,0.85872,0,1,y,y,y,y,y,y,y,y,y,y,y,m,y,,,,not needed as transformed-cumulative preferred,1,delete,transformed-partial,0,0,0,0,0,0,,1,1,0,0,0,0,644,check,check,,,,,,1,1,0,0,0,0,delete,
eco_ger_3.5Mar_d246_m160,e-commerce,Germany,3.5,Market Formation,cumulative PrivateEquityDeals,cumulative # deals,m4,0.23164,0.14404,5.9725,2020.8,18.971,517.25,0.010108,1950.8,-11897,0.99809,0.99795,4.2659,2.617,0.98693,0.98631,11.153,8.3327,0.63207,0.61455,59.178,48.566,45,26,0.65732,0.0057999,0.65152,26,0,25,0,0,0,0.89527,0,0,y,y,y,y,y,y,y,y,y,y,y,y,y,,,,*needs sign reversal * negative slope = LED innovation,0,prefer,transformed-cumulative,1,1,0,0,0,0,,1,1,0,0,0,0,645,,,,,,,,1,1,0,0,0,0,delete,
eco_ger_3.5Mar_d247_m161,e-commerce,Germany,3.5,Market Formation,Partial up to max PrivateEquityDeals,Partial up to max # deals,m4,0.1551,0.14543,0.65821,2032.7,28.333,268,10.034,2011.9,-1310.3,0.94018,0.93546,2.4487,1.5087,0.94001,0.93693,2.4523,1.5218,0.63498,0.61626,6.049,4.7302,42,23,0.14926,0.0037314,0.14552,23,0,19,0,1,0,0.82774,0,1,y,y,y,y,y,y,y,m,y,m,y,y,y,,,,not needed as transformed-cumulative preferred,1,delete,transformed-partial,0,0,0,0,0,0,,1,1,0,0,0,0,646,check,check,,,,,,1,1,0,0,0,0,delete,
eco_ger_3.5Mar_d248_m162,e-commerce,Germany,3.5,Market Formation,cumulative PrivateEquityInvestment,cumulative $ million,m4,0.51188,0.22608,25.658,2020.2,8.5849,2266.6,2.631e-05,1943.3,-51137,0.99588,0.99558,32.509,17.881,0.96983,0.96839,88.024,47.101,0.43237,0.40534,381.8,290.14,45,25,0.86333,0.0025721,0.86076,25,0,24,0,0,1,0.84372,0,0,y,y,y,y,y,y,y,y,y,y,y,y,y,,,,*needs sign reversal * negative slope = LED innovation,0,prefer,transformed-cumulative,1,1,0,0,0,0,,1,1,0,0,0,0,647,,,,,,,,1,1,0,0,0,0,delete,
eco_ger_3.5Mar_d249_m163,e-commerce,Germany,3.5,Market Formation,Partial up to max PrivateEquityInvestment,Partial up to max $ million,m4,0.32315,0.32314,4.0684,2049.9,13.599,4.5094e+06,0.0027205,1984.3,-8105.5,0.76131,0.74247,45.215,15.851,0.76131,0.74907,45.215,15.851,0.2839,0.24718,78.317,50.239,42,19,9.3524e-05,2.1947e-07,9.3305e-05,22,0,9,0,1,1,0.43937,0,0,y,y,y,m,m,m,m,m,m,m,m,m,m,,,,not needed as transformed-cumulative preferred,1,delete,transformed-partial,0,0,0,0,0,0,,1,1,0,0,0,0,648,check,check,,,,,,1,1,0,0,0,0,delete,
eco_ger_3.5Mar_d250_m162,e-commerce,Germany,3.5,Market Formation,cumulative TotalFundraisingAmount,cumulative $ million,m4,0.11889,0.083284,654.9,2021.4,36.962,51990,0.0020158,1824.8,-1.3027e+06,0.97279,0.9708,1512.7,1274.7,0.96386,0.96214,1743.2,1542.7,0.86023,0.85358,3428.3,3018.8,45,30,0.57855,0.025303,0.55325,30,0,29,0,0,1,0.92815,0,0,y,y,y,y,y,y,y,y,y,y,y,y,y,,,,*needs sign reversal * negative slope = LED innovation,0,prefer,transformed-cumulative,1,1,0,0,0,0,,1,1,0,0,0,0,649,,,,,,,,1,1,0,0,0,0,delete,
eco_ger_3.5Mar_d251_m163,e-commerce,Germany,3.5,Market Formation,Partial up to max TotalFundraisingAmount,Partial up to max $ million,m4,3.4166,3.4135,88.822,2001.8,1.2862,2.4366e+06,4.2776e-30,1977.6,-1.764e+05,0.94723,0.93792,289.99,72.203,0.94723,0.94137,289.99,72.209,0.18152,0.090583,1142.1,663.43,21,4,0.0024065,7.4108e-05,0.0023324,6,0,1,0,1,1,0.030231,0,0,y,n,y,m,y,m,m,m,m,n,n,n,n,,,,not needed as transformed-cumulative preferred,1,delete,transformed-partial,0,0,0,0,0,0,,0,1,0,0,0,0,650,,check,,,,,,0,1,0,0,0,0,delete,
eco_ger_3.5Mar_d252_m160,e-commerce,Germany,3.5,Market Formation,cumulative TotalFundraisingDeals,cumulative # deals,m4,0.18726,0.12638,12.83,2021.8,23.467,1184.1,0.011974,1936.4,-25549,0.9984,0.99829,7.9925,5.8743,0.9906,0.99015,19.391,15.172,0.69414,0.67958,110.6,92.496,45,35,0.58272,0.00084452,0.58187,35,0,34,0,0,1,0.9045,0,0,y,y,y,y,y,y,y,y,y,y,y,y,y,,,,*needs sign reversal * negative slope = LED innovation,0,prefer,transformed-cumulative,1,1,0,0,0,0,,1,1,0,0,0,0,651,,,,,,,,1,1,0,0,0,0,delete,
eco_ger_3.5Mar_d253_m161,e-commerce,Germany,3.5,Market Formation,Partial up to max TotalFundraisingDeals,Partial up to max # deals,m4,0.14164,0.12519,1.2645,2028.8,31.025,265.49,2.8299,1995.6,-2516.3,0.94358,0.93912,4.3654,3.1724,0.94299,0.94006,4.3883,3.3111,0.69548,0.67986,10.142,7.9024,42,27,0.28627,0.0037667,0.2825,32,0,31,0,0,1,0.83781,0,1,y,y,y,y,y,y,y,y,y,y,y,y,y,,,,not needed as transformed-cumulative preferred,1,delete,transformed-partial,0,0,0,0,0,0,,1,1,0,0,0,0,652,check,check,,,,,,1,1,0,0,0,0,delete,
eco_ger_4.1Sal_d213_m100,e-commerce,Germany,4.1,Knowledge Flows (social networks),annualised Google search frequency (index 100=monthly max.),Index 0-100,m4,-0.61618,-0.61603,-0.86081,1987.7,-7.1318,2.2872e+06,32.461,2005.8,1752.7,0.54937,0.46984,14.983,9.6942,0.54937,0.4993,14.983,9.694,0.054541,-0.05051,21.702,16.645,21,20,4.3721e-05,1.0074e-06,4.2714e-05,21,20,8,0,1,1,0.57608,0,1,m,y,y,m,m,m,m,m,m,m,m,m,m,,,,downward,0,prefer,original,1,1,0,0,0,1,,0,1,0,0,0,1,653,check,,,,,,,1,1,0,0,0,1,,
eco_ger_4.1Sal_d239_m153,e-commerce,Germany,4.1,Knowledge Flows (social networks),Partial up to max annualised Google search frequency (index 100=monthly max.),Partial up to max Index 0-100,m4,,,,,,,,,,,,,,,,,,,,,,1,1,,,,1,0,0,0,0,,,0,1,n,n,y,m,m,m,m,m,m,n,n,n,n,,,,too few,0,hide,transformed-partial,0,0,0,0,0,0,,0,1,0,0,0,0,654,,check,,,,,,0,1,0,0,0,0,delete,
eco_ger_4.3Com_d112_m067,e-commerce,Germany,4.3,Compatibility,Individuals using the Internet to purchase goods or services,% of individuals,m4,0.19373,0.025206,0.016665,2002.1,22.684,0.75319,0.20364,1968.7,-32.916,0.95196,0.94295,0.025632,0.021822,0.79427,0.77007,0.053041,0.04142,0.84282,0.82433,0.046362,0.037257,20,20,1.0024,0.47266,0.52975,22,2,19,0,0,0,0.95559,1,1,y,y,y,y,y,y,y,y,y,y,y,n,y,1,,,,0,,,,1,,,,,,0,1,0,0,0,0,655,,,,,,,,0,1,0,0,0,0,delete,
eco_ger_4.3Com_d115_m068,e-commerce,Germany,4.3,Compatibility,Internet users buying online,% of internet users,m4,0.1785,0.0020773,0.012271,1999.6,24.618,0.85951,1555.3,1.5747e+05,-23.936,0.95262,0.94246,0.014992,0.01254,-125.27,-142.1,0.77392,0.77084,0.85439,0.83497,0.026282,0.020634,18,18,1.0106,0.71797,0.29261,18,2,17,1,0,0,0.95074,1,1,y,y,y,y,y,y,y,y,y,y,y,y,y,1,,,,0,,,1,1,,,,,,1,1,0,0,0,1,656,,,,,,,,1,1,0,0,0,1,,
eco_ger_4.5Inf_d179_m066,e-commerce,Germany,4.5,Infrastructure dependence,Proportion of households with Internet access either via a fixed or mobile network,% of households,m4,0.29484,0.0032144,0.024379,2002.3,14.904,0.91058,1554.9,1.575e+05,-48.282,0.98833,0.98658,0.020421,0.015483,-16.021,-17.642,0.7799,0.75665,0.79691,0.77757,0.085192,0.069493,24,24,1.0112,0.27016,0.74102,24,3,23,1,0,0,0.9676,1,1,y,y,y,y,y,y,y,y,y,y,y,y,y,1,,,,0,,,1,1,,,,,,1,1,0,0,0,1,657,,,,,,,,1,1,0,0,0,1,,
eco_glo_3.3Sci_d235_m020,e-commerce,Global,3.3,Risk & Uncertainty (Shared Expectations),scientific publications,# publications,m4,0.34013,0.062313,91.975,2003.4,12.92,3643.8,0.047918,1838.1,-1.8229e+05,0.92545,0.92106,446.82,246.74,0.8235,0.81671,687.51,505.45,0.79602,0.78818,739.09,598.12,55,36,1.3887,0.00027444,1.3884,43,2,42,0,0,1,0.95806,0,0,y,y,y,y,y,y,y,y,y,y,y,y,y,,,,"good; only available global, apply to all EA regions",0,,,1,1,0,0,1,1,,1,1,0,0,1,1,658,,,,,,,,1,1,0,0,1,1,,
eco_glo_3.5Mar_d074_m128,e-commerce,Global,3.5,Market Formation,CumulativeStartups,cum. # companies,m4,0.13377,0.077505,266.6,2016.4,32.85,16104,0.0011527,1814.3,-5.3008e+05,0.99656,0.99631,216.77,164.16,0.97678,0.97567,563.01,443.74,0.87837,0.87258,1288.4,1162.4,45,45,0.69571,0.0011798,0.69453,45,0,44,0,0,1,0.94644,0,0,y,y,y,y,y,y,y,y,y,y,y,y,y,,,,,0,prefer,original,1,1,0,0,0,1,,1,1,0,0,0,1,659,,,,,,,,1,1,0,0,0,1,,
eco_glo_3.5Mar_d126_m008,e-commerce,Global,3.5,Market Formation,NewStartups,# companies,m4,0.19425,0.038904,12.255,2001.7,22.623,480.12,0.51209,1845.2,-24285,0.64331,0.61721,126.65,84.054,0.46837,0.44306,154.62,111.08,0.56329,0.54249,140.14,92.102,45,45,1.5288,0.039573,1.4892,45,9,44,1,0,1,0.97842,0,0,m,y,y,y,m,m,y,y,y,m,m,m,m,,,,,0,hide,original,1,1,0,0,0,0,,1,1,0,0,0,0,660,,,,,,,,1,1,0,0,0,0,delete,
eco_glo_3.5Mar_d171_m011,e-commerce,Global,3.5,Market Formation,PrivateEquityDeals,# deals,m4,0.61793,0.087544,25.013,2012.5,7.1116,994.19,0.020547,1898.5,-49788,0.86881,0.85921,148.5,73.068,0.72033,0.70702,216.82,149.33,0.62776,0.61004,250.14,202.91,45,37,1.4846,0.0010058,1.4836,39,3,38,0,0,1,0.95243,0,0,y,y,y,y,y,y,y,y,y,y,y,y,y,,,,,0,hide,original,1,1,0,0,0,0,,1,1,0,0,0,0,661,,,,,,,,1,1,0,0,0,0,delete,
eco_glo_3.5Mar_d175_m027,e-commerce,Global,3.5,Market Formation,PrivateEquityInvestment,$ million,m4,0.57068,0.098775,431.04,2013.8,7.7004,18678,0.0007781,1850.3,-8.5833e+05,0.69721,0.67505,4556.5,2007.9,0.56859,0.54804,5438.8,3127.8,0.45704,0.43119,6101.5,4358.6,45,32,2.1249,6.6925e-06,2.1249,35,3,31,0,0,1,0.81563,0,0,m,y,y,y,y,y,y,y,y,m,y,m,y,,,,,0,hide,original,1,1,0,0,0,0,,1,1,0,0,0,0,662,,,,,,,,1,1,0,0,0,0,delete,
eco_glo_3.5Mar_d200_m027,e-commerce,Global,3.5,Market Formation,TotalFundraisingAmount,$ million,m4,0.55805,0.095176,2066.7,2014.8,7.8746,95768,0.00028866,1816.8,-4.114e+06,0.52566,0.49095,30939,13122,0.43915,0.41244,33643,16253,0.35699,0.32637,36023,20836,45,38,2.7069,7.9651e-07,2.7069,43,3,40,0,0,1,0.5922,0,0,m,y,y,m,y,m,m,y,y,m,m,m,m,,,,,0,hide,original,0,1,0,0,0,0,,1,1,0,0,0,0,663,check,,,,,,,1,1,0,0,0,0,delete,
eco_glo_3.5Mar_d204_m011,e-commerce,Global,3.5,Market Formation,TotalFundraisingDeals,# deals,m4,0.44038,0.086837,39.828,2012.5,9.9788,1627.6,0.0042728,1873.9,-79264,0.87019,0.86069,228.53,114.65,0.76477,0.75356,307.64,202.73,0.66502,0.64907,367.11,299.66,45,45,1.4617,0.0006144,1.461,45,3,43,0,0,1,0.95092,0,0,y,y,y,y,y,y,y,y,y,y,y,y,y,,,,,0,hide,original,1,1,0,0,0,0,,1,1,0,0,0,0,664,,,,,,,,1,1,0,0,0,0,delete,
eco_glo_3.5Mar_d242_m156,e-commerce,Global,3.5,Market Formation,cumulative CumulativeStartups,cumulative cum. # companies,m4,0.1308,0.099179,3235.3,2024.8,33.597,3.471e+05,0.00023467,1818.1,-6.4378e+06,0.99959,0.99956,948.07,846.47,0.99515,0.99491,3276.8,2858.8,0.79817,0.78856,21129,17998,45,45,0.47444,5.4739e-05,0.47438,45,0,44,0,0,1,0.91601,0,0,y,y,y,y,y,y,y,y,y,y,y,y,y,,,,not needed as transformed-cumulative twice (error),1,delete,transformed-cumx2error,0,0,0,0,0,0,,1,1,0,0,0,0,665,check,check,,,,,,1,1,0,0,0,0,delete,
eco_glo_3.5Mar_d243_m157,e-commerce,Global,3.5,Market Formation,Partial up to max CumulativeStartups,Partial up to max cum. # companies,m4,0.13377,0.077505,266.6,2016.4,32.85,16104,0.0011527,1814.3,-5.3008e+05,0.99656,0.99631,216.77,164.16,0.97678,0.97567,563.01,443.74,0.87837,0.87258,1288.4,1162.4,45,45,0.69571,0.0011798,0.69453,45,0,44,0,0,1,0.94644,0,0,y,y,y,y,y,y,y,y,y,y,y,y,y,,,,not needed as transformed-cumulative preferred,1,delete,transformed-partial,0,0,0,0,0,0,,1,1,0,0,0,0,666,check,check,,,,,,1,1,0,0,0,0,delete,
eco_glo_3.5Mar_d244_m158,e-commerce,Global,3.5,Market Formation,cumulative NewStartups,cumulative # companies,m4,0.13377,0.077505,266.6,2016.4,32.85,16104,0.0011527,1814.3,-5.3008e+05,0.99656,0.99631,216.77,164.16,0.97678,0.97567,563.01,443.74,0.87837,0.87258,1288.4,1162.4,45,45,0.69571,0.0011798,0.69453,45,0,44,0,0,1,0.94644,0,0,y,y,y,y,y,y,y,y,y,y,y,y,y,,,,not needed as cumulative in original data,1,delete,transformed-cumulative,0,0,0,0,0,0,,1,1,0,0,0,0,667,check,check,,,,,,1,1,0,0,0,0,delete,
eco_glo_3.5Mar_d245_m159,e-commerce,Global,3.5,Market Formation,Partial up to max NewStartups,Partial up to max # companies,m4,0.09902,0.099019,16.275,2132.8,44.379,8.21e+07,0.018216,1908.3,-32303,0.93459,0.92845,49.284,32.327,0.93459,0.93062,49.284,32.327,0.76983,0.75588,92.448,74.341,36,36,8.9403e-06,2.3143e-07,8.7089e-06,36,0,35,0,0,0,0.89168,0,0,y,y,y,y,y,y,y,m,y,m,y,m,y,,,,not needed as transformed-cumulative preferred,1,delete,transformed-partial,0,0,0,0,0,0,,1,1,0,0,0,0,668,check,check,,,,,,1,1,0,0,0,0,delete,
eco_glo_3.5Mar_d246_m160,e-commerce,Global,3.5,Market Formation,cumulative PrivateEquityDeals,cumulative # deals,m4,0.23355,0.13963,230.96,2020.4,18.816,19115,2.3374e-05,1878.9,-4.5999e+05,0.99705,0.99684,202.97,136.82,0.9856,0.98492,448.43,314.99,0.64409,0.62714,2229.7,1853.1,45,39,0.6761,5.2314e-05,0.67605,39,0,38,0,0,1,0.89926,0,0,y,y,y,y,y,y,y,y,y,y,y,y,y,,,,,0,prefer,transformed-cumulative,1,1,0,0,0,0,,1,1,0,0,0,0,669,,,,,,,,1,1,0,0,0,0,delete,
eco_glo_3.5Mar_d247_m161,e-commerce,Global,3.5,Market Formation,Partial up to max PrivateEquityDeals,Partial up to max # deals,m4,0.34686,0.14016,25.162,2014.2,12.669,1325.6,0.0010753,1920.4,-50088,0.95005,0.94611,85.832,47.923,0.93052,0.92696,101.23,65.209,0.63067,0.61173,233.39,192.87,42,34,1.1135,0.00075438,1.1127,36,0,35,0,0,1,0.85049,0,0,y,y,y,y,y,y,y,y,y,y,y,y,y,,,,not needed as transformed-cumulative preferred,1,delete,transformed-partial,0,0,0,0,0,0,,1,1,0,0,0,0,670,check,check,,,,,,1,1,0,0,0,0,delete,
eco_glo_3.5Mar_d248_m162,e-commerce,Global,3.5,Market Formation,cumulative PrivateEquityInvestment,cumulative $ million,m4,0.29559,0.16456,3406.4,2020.3,14.867,2.9121e+05,4.8509e-07,1860.4,-6.786e+06,0.99487,0.99449,4197.1,2713.2,0.98092,0.98001,8093.7,4592.7,0.56993,0.54945,38430,30959,45,35,0.71359,3.7004e-05,0.71355,35,0,34,0,0,1,0.88484,0,0,y,y,y,y,y,y,y,y,y,y,y,y,y,,,,,0,prefer,transformed-cumulative,1,1,0,0,0,0,,0,1,0,0,0,0,671,check,,,,,,,1,1,0,0,0,0,delete,
eco_glo_3.5Mar_d249_m163,e-commerce,Global,3.5,Market Formation,Partial up to max PrivateEquityInvestment,Partial up to max $ million,m4,0.21304,0.21304,440.94,2070.5,20.627,1.2248e+09,1.551e-07,1898.7,-8.7809e+05,0.8596,0.84851,2979.4,1418.5,0.8596,0.8524,2979.4,1418.5,0.45181,0.42369,5887.2,4133.3,42,29,3.2403e-05,1.0205e-10,3.2403e-05,32,0,28,0,0,1,0.61569,0,0,y,y,y,y,y,y,m,m,y,m,m,y,y,,,,not needed as transformed-cumulative preferred,1,delete,transformed-partial,0,0,0,0,0,0,,1,1,0,0,0,0,672,check,check,,,,,,1,1,0,0,0,0,delete,
eco_glo_3.5Mar_d250_m162,e-commerce,Global,3.5,Market Formation,cumulative TotalFundraisingAmount,cumulative $ million,m4,0.18225,0.14429,18257,2026.5,24.113,2.9617e+06,4.061e-07,1825.1,-3.6357e+07,0.98621,0.98521,34910,22184,0.98402,0.98326,37585,23613,0.63599,0.61865,1.7939e+05,1.4477e+05,45,43,0.35843,2.4557e-07,0.35843,43,0,42,0,0,1,0.89044,0,0,y,y,y,y,y,y,y,y,y,y,y,n,y,,,,,0,prefer,transformed-cumulative,1,1,0,0,0,0,,0,1,0,0,0,0,673,check,,,,,,,1,1,0,0,0,0,delete,
eco_glo_3.5Mar_d251_m163,e-commerce,Global,3.5,Market Formation,Partial up to max TotalFundraisingAmount,Partial up to max $ million,m4,0.30387,0.30384,2271.8,2058.6,14.462,1.8284e+10,3.245e-11,1901.3,-4.5229e+06,0.79118,0.77469,20878,9095.4,0.79118,0.78047,20878,9094.8,0.36325,0.3306,36457,22406,42,35,1.4178e-05,4.1719e-12,1.4178e-05,40,0,37,0,0,1,0.42788,0,0,y,y,y,m,y,m,m,m,y,m,m,m,m,,,,not needed as transformed-cumulative preferred,1,delete,transformed-partial,0,0,0,0,0,0,,1,1,0,0,0,0,674,check,check,,,,,,1,1,0,0,0,0,delete,
eco_glo_3.5Mar_d252_m160,e-commerce,Global,3.5,Market Formation,cumulative TotalFundraisingDeals,cumulative # deals,m4,0.18916,0.13032,385.72,2022.5,23.231,38610,3.5267e-05,1868.1,-7.6807e+05,0.99739,0.9972,310.63,214.34,0.99093,0.99049,579.25,413.35,0.67869,0.66339,3446.8,2877.9,45,45,0.54983,0.0001554,0.54968,45,0,44,0,0,0,0.90158,0,0,y,y,y,y,y,y,y,y,y,y,y,y,y,,,,,0,prefer,transformed-cumulative,1,1,0,0,0,0,,1,1,0,0,0,0,675,,,,,,,,1,1,0,0,0,0,delete,
eco_glo_3.5Mar_d253_m161,e-commerce,Global,3.5,Market Formation,Partial up to max TotalFundraisingDeals,Partial up to max # deals,m4,0.19677,0.13332,39.193,2019.1,22.333,3427.7,0.00029874,1902.4,-77999,0.94611,0.94185,135.71,78.037,0.94155,0.93855,141.33,91.489,0.66041,0.643,340.65,278.98,42,42,0.69404,0.00029174,0.69375,42,0,40,0,0,1,0.83923,0,0,y,y,y,y,y,y,y,y,y,y,y,y,y,,,,not needed as transformed-cumulative preferred,1,delete,transformed-partial,0,0,0,0,0,0,,1,1,0,0,0,0,676,check,check,,,,,,1,1,0,0,0,0,delete,
eco_ita_1.1Adod_m_0,E-commerce,Italy,1.1,Adoption over Time,Individuals purchasing or ordering goods or services,%,m4,0.15379,0.11469,1.7008,2024.2,28.574,88.505,2.8925,1999.9,-3407.4,0.98937,0.98692,1.094,0.79506,0.98462,0.98242,1.316,0.82139,0.89155,0.87605,3.4944,3.0552,17,17,0.44472,0.036182,0.40854,22,0,16,0,0,0,0.82297,0,1,y,y,y,y,y,y,y,y,y,y,y,,,,,,,,,,,,,,,,,,,,,,,,,,,,,,,,,,,,,,
eco_jap_1.1Adod_m_0,E-commerce,Japan,1.1,Adoption over Time,Individuals purchasing or ordering goods or services,%,m4,0.032415,0.032414,1.1867,2332.3,135.57,1.1115e+06,2.3572,1929.3,-2352.8,0.74233,0.68287,3.6004,3.0932,0.74233,0.70552,3.6004,3.0932,0.69978,0.65689,3.8863,3.3956,17,17,4.6225e-05,2.7094e-05,1.9132e-05,18,1,14,1,1,0,0.92378,0,1,y,y,y,y,y,y,y,m,y,m,y,,,,,,,,,,,,,,,,,,,,,,,,,,,,,,,,,,,,,,
eco_net_1.1Adod_m_0,E-commerce,Netherlands,1.1,Adoption over Time,Individuals purchasing or ordering goods or services,%,m4,0.27407,0.051696,2.8713,2005.7,16.034,66.022,0.94333,1935.6,-5725.8,0.96477,0.95597,2.9592,2.4919,0.80417,0.77404,6.9772,5.7094,0.9088,0.89477,4.7615,3.9185,16,16,1.0932,0.2316,0.86164,21,0,15,0,0,0,0.9202,0,1,y,y,y,y,y,y,y,y,y,y,y,,,,,,,,,,,,,,,,,,,,,,,,,,,,,,,,,,,,,,
eco_por_1.1Adod_m_0,E-commerce,Portugal,1.1,Adoption over Time,Individuals purchasing or ordering goods or services,%,m4,0.20391,0.11288,2.2094,2018.7,21.551,64.398,1.1381,1990,-4428,0.98922,0.98752,1.5667,0.99597,0.9662,0.96282,2.7748,2.127,0.94292,0.93722,3.6058,3.1767,23,23,0.76,0.024783,0.73521,23,0,22,0,0,0,0.90464,0,1,y,y,y,y,y,y,y,y,y,y,y,,,,,,,,,,,,,,,,,,,,,,,,,,,,,,,,,,,,,,
eco_sou_1.1Ado_d049_m121,e-commerce,South Korea,1.1,Adoption over time,Annual e-commerce sales value,Trillion Korean Won,m4,0.26654,0.16947,16.52,2021.3,16.487,380.81,0.0033333,1956.9,-33211,0.99558,0.99425,4.5796,3.6886,0.98354,0.98055,8.8336,7.7197,0.9354,0.92366,17.5,15.313,14,14,0.60099,0.066175,0.53481,14,0,13,0,0,0,0.86367,0,0,y,y,y,y,y,y,y,y,y,y,y,y,y,1,,,,0,,,1,1,0,2,0,0,,1,1,0,0,0,0,677,,,,,,,,1,1,0,0,0,0,delete,
eco_sou_1.1Ado_d114_m195,e-commerce,South Korea,1.1,Adoption over time,Internet sales as a percentage of total retail sales (ratio) (%),%,m4,0.22238,0.11254,0.010115,2018.1,19.761,0.19719,3.2828e-10,1845.1,-20.315,0.9714,0.95914,0.0054939,0.0044474,0.953,0.94125,0.007042,0.0060512,0.96971,0.96214,0.005653,0.0044398,11,11,0.70083,0.20132,0.49951,11,1,10,0,0,0,0.89472,1,1,y,y,y,y,y,y,y,y,y,y,y,,,,,,,,,,,,,,,,,,,,,,,,,,,,,,,,,,,,,,
eco_sou_1.1Ado_d338_m185,e-commerce,South Korea,1.1,Adoption over time,Internet sales as a share of total retail sales,market share,m4,0.22238,0.11254,0.010115,2018.1,19.761,0.19719,3.2828e-10,1845.1,-20.315,0.9714,0.95914,0.0054939,0.0044474,0.953,0.94125,0.007042,0.0060512,0.96971,0.96214,0.005653,0.0044398,11,11,0.70083,0.20132,0.49951,11,1,10,0,0,0,0.89472,1,1,y,y,y,y,y,y,y,y,y,y,y,y,y,,,,,0,prefer-relative,transformed-marketshare,1,1,0,1,0,0,,1,1,0,1,0,0,679,,,,,,,,1,1,0,1,0,0,,
eco_sou_1.1Adod_m_0,E-commerce,South Korea,1.1,Adoption over Time,Individuals purchasing or ordering goods or services,%,m4,0.048689,0.048688,2.4857,2237.6,90.255,2.5548e+06,0.77068,1929.3,-4957,0.84344,0.8043,5.3167,4.2943,0.84344,0.81935,5.3167,4.2943,0.79084,0.75866,6.1451,4.9917,16,16,3.0824e-05,1.4823e-05,1.6001e-05,17,0,11,0,1,0,0.91805,0,1,y,y,y,y,y,y,y,m,y,m,y,,,,,,,,,,,,,,,,,,,,,,,,,,,,,,,,,,,,,,
eco_sou_2.4Eas_d045_m060,e-commerce,South Korea,2.4,Ease of Use,Account in financial institution,% of age 15+,m4,,0.0014152,0.0053813,,,,1555.6,1.5745e+05,-9.895,,,,,-2074.5,-6225.4,0.95255,0.95232,0.90664,0.71991,0.0063888,0.0052758,4,4,,,,11,0,3,0,0,0,0.74637,1,1,n,m,y,y,y,y,y,m,y,n,m,m,m,3,,"no logfit, use lin",,0,,,,,,,,,,1,1,0,0,0,1,680,,,,,,,,1,1,0,0,0,1,,
eco_sou_2.4Eas_d165_m060,e-commerce,South Korea,2.4,Ease of Use,Owns a credit card,% of age 15+,m4,0.021825,0.0021881,0.013298,2428.3,201.34,4959.2,1555.2,1.5749e+05,-26.194,0.90508,-inf,0.016011,0.013181,-138.39,-417.16,0.61358,0.61138,0.89617,0.6885,0.016747,0.013952,4,4,0.00013801,0.00011296,2.5044e-05,11,0,2,0,1,0,0.73605,1,1,y,m,y,y,y,y,y,m,y,m,m,m,m,2,,,,0,,,,,,,,,,1,1,0,0,0,0,681,,,,,,,,1,1,0,0,0,0,delete,
eco_sou_2.4Eas_d166_m060,e-commerce,South Korea,2.4,Ease of Use,Owns a debit card,% of age 15+,m4,0.12289,0.036077,0.026164,2009.1,35.758,1.0344,1.2091,2030.8,-52.031,0.99982,-inf,0.0012925,0.0011466,0.9835,0.95049,0.01247,0.011928,0.99443,0.98329,0.007244,0.0068411,4,4,0.81212,0.55982,0.25231,11,0,3,0,0,0,0.74097,1,1,y,m,y,y,y,y,y,y,y,m,m,n,m,2,,,,0,,,,,,,,,,0,1,0,0,0,0,682,,,,,,,,0,1,0,0,0,0,delete,
eco_sou_2.5Var_d066_m062,e-commerce,South Korea,2.5,Variety (Choice Availability),Businesses with a web presence,% of business,m4,0.012475,0.012474,0.0075463,2724.1,352.25,4371.9,6.7985e-07,913.63,-14.576,0.79026,0.74186,0.019201,0.016679,0.79026,0.7603,0.0192,0.016679,0.77757,0.74579,0.019773,0.017277,17,17,0.00015992,0.0001256,3.4318e-05,17,0,13,0,1,0,0.9367,1,1,y,y,y,y,y,y,y,m,y,m,y,m,y,2,,,,0,,,,1,,,,,,1,1,0,0,0,1,683,,,,,,,,1,1,0,0,0,1,,
eco_sou_2.5Var_d187_m062,e-commerce,South Korea,2.5,Variety (Choice Availability),Share of businesses receiving orders through the Internet,% of business,m4,-21.828,-0.2379,-0.031787,2014,-0.20132,0.14261,0.4378,2007.5,64.106,0.9899,1.0202,0.0032138,0.0026241,0.59039,-inf,0.020471,0.019209,0.65838,-inf,0.018695,0.017626,3,3,1.0276,0.52661,0.50099,3,1,0,1,0,0,0.67595,1,1,y,n,y,y,y,y,m,y,y,n,n,n,n,1,,,,0,,,,,,,,,,0,1,0,0,0,0,684,,,,,,,,0,1,0,0,0,0,delete,
eco_sou_2.5Var_d194_m073,e-commerce,South Korea,2.5,Variety (Choice Availability),Small firms selling online,% of small firms (10-49 employees),m4,0.076658,0.0017722,0.0083319,2157.3,57.325,6938,1555.1,1.5749e+05,-16.655,0.75067,0.69313,0.024338,0.019714,-5.7883,-6.758,0.12699,0.11727,0.70132,0.65865,0.026638,0.022093,17,17,3.1474e-05,8.7489e-06,2.2725e-05,17,0,15,0,0,0,0.88325,1,1,y,y,y,y,y,y,y,m,y,m,y,m,y,1,,,,0,,,,1,,,,,,1,1,0,0,0,0,685,,,,,,,,1,1,0,0,0,0,delete,
eco_sou_3.5Mar_d074_m128,e-commerce,South Korea,3.5,Market Formation,CumulativeStartups,cum. # companies,m4,0.17475,0.11402,4.9939,2021.4,25.148,439.93,0.027388,1942.8,-9940.1,0.98514,0.98405,9.3403,6.5456,0.97665,0.97554,11.708,7.7979,0.71641,0.70291,40.806,34.446,45,44,0.55918,0.0022731,0.55691,44,1,43,0,0,0,0.92164,0,0,y,y,y,y,y,y,y,y,y,y,y,y,y,,,,,0,prefer,original,1,1,0,0,0,1,,1,1,0,0,0,1,686,,,,,,,,1,1,0,0,0,1,,
eco_sou_3.5Mar_d126_m008,e-commerce,South Korea,3.5,Market Formation,NewStartups,# companies,m4,3.0147,0.064789,0.40316,2012.8,1.4577,16.535,7.8034,2011.4,-801.66,0.57804,0.54717,5.3542,3.248,0.39762,0.36894,6.3972,4.3778,0.40353,0.37513,6.3657,4.646,45,29,1.7538,0.060476,1.6933,43,2,42,0,0,1,0.87687,0,1,m,y,y,m,m,m,y,y,y,m,m,m,m,,,,,0,hide,original,1,1,0,0,0,0,,0,1,0,0,0,0,687,check,,,,,,,1,1,0,0,0,0,delete,
eco_sou_3.5Mar_d171_m011,e-commerce,South Korea,3.5,Market Formation,PrivateEquityDeals,# deals,m4,0.75113,0.14085,0.80474,2017.3,5.8504,45.456,7.5079,2010.4,-1603.5,0.81701,0.80362,6.9196,2.7026,0.67941,0.66414,9.1589,4.6593,0.41746,0.38972,12.346,8.8068,45,18,1.4519,0.021999,1.4299,25,3,19,1,1,1,0.91299,0,1,y,y,y,y,y,y,y,y,y,y,y,y,y,,,,,0,hide,original,1,1,0,0,0,0,,1,1,0,0,0,0,688,,,,,,,,1,1,0,0,0,0,delete,
eco_sou_3.5Mar_d175_m027,e-commerce,South Korea,3.5,Market Formation,PrivateEquityInvestment,$ million,m4,26.127,0.092524,14.881,2016.2,0.16819,788.14,0.054378,1921.5,-29640,0.44425,0.40358,330.97,108.84,0.22411,0.18717,391.07,181.62,0.18948,0.15089,399.7,220.46,45,17,3.3325,0.00012476,3.3324,25,6,11,1,1,1,0.59698,0,0,m,y,y,m,m,m,m,y,m,m,m,n,m,,,,,0,hide,original,0,1,0,0,0,0,,0,1,0,0,0,0,689,,,,,,,,0,1,0,0,0,0,delete,
eco_sou_3.5Mar_d200_m027,e-commerce,South Korea,3.5,Market Formation,TotalFundraisingAmount,$ million,m4,35.003,0.098465,37.95,2016.1,0.12554,1952.7,0.0084338,1898.8,-75593,0.43007,0.38836,839.67,345.16,0.24353,0.20751,967.37,489.47,0.19636,0.15809,997.07,566.95,45,18,2.9265,5.0357e-05,2.9265,25,3,11,1,1,1,0.38327,0,0,m,y,y,m,m,m,m,y,m,m,m,m,m,,,,,0,hide,original,0,1,0,0,0,0,,0,1,0,0,0,0,690,,,,,,,,0,1,0,0,0,0,delete,
eco_sou_3.5Mar_d204_m011,e-commerce,South Korea,3.5,Market Formation,TotalFundraisingDeals,# deals,m4,0.70232,0.13776,0.96535,2017.2,6.257,54.182,7.3087,2008.6,-1923.2,0.81825,0.80495,8.0852,3.195,0.69635,0.68189,10.451,5.0116,0.43702,0.41021,14.23,10.168,45,25,1.4211,0.018456,1.4027,36,3,35,0,0,1,0.91155,0,1,y,y,y,m,m,m,y,y,y,m,m,m,m,,,,,0,hide,original,1,1,0,0,0,0,,1,1,0,0,0,0,691,,,,,,,,1,1,0,0,0,0,delete,
eco_sou_3.5Mar_d242_m156,e-commerce,South Korea,3.5,Market Formation,cumulative CumulativeStartups,cumulative cum. # companies,m4,0.1354,0.12788,43.702,2039,32.456,22793,0.00025726,1897.7,-87006,0.99905,0.99898,20.976,18.331,0.99889,0.99884,22.701,19.438,0.69508,0.68056,375.92,306.85,45,44,0.11398,4.3874e-05,0.11394,44,0,43,0,0,0,0.88616,0,0,y,y,y,y,y,y,y,m,y,m,y,m,y,,,,not needed as transformed-cumulative twice (error),1,delete,transformed-cumx2error,0,0,0,0,0,0,,1,1,0,0,0,0,692,check,check,,,,,,1,1,0,0,0,0,delete,
eco_sou_3.5Mar_d243_m157,e-commerce,South Korea,3.5,Market Formation,Partial up to max CumulativeStartups,Partial up to max cum. # companies,m4,0.15399,0.12336,4.7453,2026.3,28.536,710.73,0.021666,1946.4,-9444.3,0.98761,0.98668,8.0129,5.2144,0.98533,0.98461,8.7182,5.7745,0.70081,0.68622,39.372,32.498,44,43,0.34612,0.001407,0.34471,43,0,42,0,0,0,0.90823,0,0,y,y,y,y,y,y,y,y,y,y,y,y,y,,,,not needed as transformed-cumulative preferred,1,delete,transformed-partial,0,0,0,0,0,0,,1,1,0,0,0,0,693,check,check,,,,,,1,1,0,0,0,0,delete,
eco_sou_3.5Mar_d244_m158,e-commerce,South Korea,3.5,Market Formation,cumulative NewStartups,cumulative # companies,m4,0.17475,0.11402,4.9939,2021.4,25.148,439.93,0.027388,1942.8,-9940.1,0.98514,0.98405,9.3403,6.5456,0.97665,0.97554,11.708,7.7979,0.71641,0.70291,40.806,34.446,45,44,0.55918,0.0022731,0.55691,44,1,43,0,0,0,0.92164,0,0,y,y,y,y,y,y,y,y,y,y,y,y,y,,,,not needed as cumulative in original data,1,delete,transformed-cumulative,0,0,0,0,0,0,,1,1,0,0,0,0,694,check,check,,,,,,1,1,0,0,0,0,delete,
eco_sou_3.5Mar_d245_m159,e-commerce,South Korea,3.5,Market Formation,Partial up to max NewStartups,Partial up to max # companies,m4,0.26189,0.14218,0.52767,2016.8,16.78,38.256,9.0338,2012.3,-1049.9,0.87719,0.86749,2.9635,1.8494,0.8703,0.86365,3.0455,1.8862,0.57206,0.55012,5.5318,4.4561,42,27,0.75806,0.02614,0.73192,41,0,40,0,0,1,0.83869,0,1,y,y,y,m,m,m,y,y,y,m,m,m,m,,,,not needed as transformed-cumulative preferred,1,delete,transformed-partial,0,0,0,0,0,0,,1,1,0,0,0,0,695,check,check,,,,,,1,1,0,0,0,0,delete,
eco_sou_3.5Mar_d246_m160,e-commerce,South Korea,3.5,Market Formation,cumulative PrivateEquityDeals,cumulative # deals,m4,0.46902,0.23526,4.3888,2021,9.3695,443.12,0.0030258,1974,-8746.8,0.99647,0.99621,5.168,3.1708,0.97866,0.97764,12.706,6.3673,0.42942,0.40225,65.702,48.915,45,25,0.77405,0.0067702,0.76728,25,0,24,0,0,0,0.83934,0,0,y,y,y,y,y,y,y,y,y,y,y,y,y,,,,,0,prefer,transformed-cumulative,1,1,0,0,0,0,,1,1,0,0,0,0,696,,,,,,,,1,1,0,0,0,0,delete,
eco_sou_3.5Mar_d247_m161,e-commerce,South Korea,3.5,Market Formation,Partial up to max PrivateEquityDeals,Partial up to max # deals,m4,0.34297,0.34297,0.64379,2054.6,12.813,6.4403e+06,3.9556,2012.9,-1282.6,0.97753,0.97575,1.9566,0.93107,0.97753,0.97638,1.9566,0.93107,0.35744,0.32448,10.463,7.045,42,15,1.0248e-05,1.5527e-07,1.0093e-05,22,0,16,0,1,1,0.67718,0,1,y,y,y,m,y,m,m,m,y,m,m,y,y,,,,not needed as transformed-cumulative preferred,1,delete,transformed-partial,0,0,0,0,0,0,,1,1,0,0,0,0,697,check,check,,,,,,1,1,0,0,0,0,delete,
eco_sou_3.5Mar_d248_m162,e-commerce,South Korea,3.5,Market Formation,cumulative PrivateEquityInvestment,cumulative $ million,m4,1.0228,0.19038,108.15,2017.8,4.2967,6460,7.6172e-08,1890.5,-2.1556e+05,0.99137,0.99074,195.17,88.591,0.90577,0.90128,644.97,392.9,0.44692,0.42058,1562.5,1291.1,45,25,1.0533,0.0034056,1.0499,25,0,24,0,0,1,0.88331,0,0,y,y,y,y,y,y,y,y,y,y,y,y,y,,,,,0,prefer,transformed-cumulative,1,1,0,0,0,0,,1,1,0,0,0,0,698,,,,,,,,1,1,0,0,0,0,delete,
eco_sou_3.5Mar_d249_m163,e-commerce,South Korea,3.5,Market Formation,Partial up to max PrivateEquityInvestment,Partial up to max $ million,m4,5.2671,1.0092,15.734,2017.1,0.83432,2644.5,1.3345e-11,1985.4,-31343,0.98644,0.98528,52.175,12.704,0.97632,0.97501,68.951,22.246,0.15616,0.10928,411.64,215.42,39,11,0.9932,3.7183e-05,0.99317,19,0,5,0,1,1,0.36509,0,0,y,y,y,m,m,m,m,y,m,m,m,m,m,,,,not needed as transformed-cumulative preferred,1,delete,transformed-partial,0,0,0,0,0,0,,0,1,0,0,0,0,699,,check,,,,,,0,1,0,0,0,0,delete,
eco_sou_3.5Mar_d250_m162,e-commerce,South Korea,3.5,Market Formation,cumulative TotalFundraisingAmount,cumulative $ million,m4,0.56429,0.19587,265.3,2018.8,7.7875,18652,1.0876e-06,1903.1,-5.2875e+05,0.9876,0.98669,565.63,240.63,0.93943,0.93655,1250.1,731.25,0.46014,0.43443,3732.1,2976.1,45,25,0.92154,0.0011795,0.92036,25,0,24,0,0,1,0.87378,0,0,y,y,y,m,y,m,y,y,y,m,m,m,m,,,,,0,prefer,transformed-cumulative,1,1,0,0,0,0,,1,1,0,0,0,0,700,,,,,,,,1,1,0,0,0,0,delete,
eco_sou_3.5Mar_d251_m163,e-commerce,South Korea,3.5,Market Formation,Partial up to max TotalFundraisingAmount,Partial up to max $ million,m4,0.30044,0.30043,45.133,2055.7,14.627,1.3823e+08,3.4798e-07,1943.8,-89918,0.55994,0.52519,759.29,308.47,0.55994,0.53737,759.29,308.47,0.22843,0.18887,1005.4,618.34,42,15,4.1342e-05,7.1137e-10,4.1341e-05,22,0,8,0,1,1,0.27972,0,0,m,y,y,m,m,m,m,m,m,m,m,m,m,,,,not needed as transformed-cumulative preferred,1,delete,transformed-partial,0,0,0,0,0,0,,0,1,0,0,0,0,701,,check,,,,,,0,1,0,0,0,0,delete,
eco_sou_3.5Mar_d252_m160,e-commerce,South Korea,3.5,Market Formation,cumulative TotalFundraisingDeals,cumulative # deals,m4,0.35373,0.21504,5.6957,2022.1,12.423,671.13,0.0018571,1966.1,-11349,0.99372,0.99326,8.5021,5.7385,0.98549,0.9848,12.928,6.372,0.47509,0.45009,77.752,58.463,45,36,0.63177,0.00149,0.63028,36,0,35,0,0,1,0.84594,0,0,y,y,y,y,y,y,y,y,y,y,y,y,y,,,,,0,prefer,transformed-cumulative,1,1,0,0,0,0,,1,1,0,0,0,0,702,,,,,,,,1,1,0,0,0,0,delete,
eco_sou_3.5Mar_d253_m161,e-commerce,South Korea,3.5,Market Formation,Partial up to max TotalFundraisingDeals,Partial up to max # deals,m4,0.32212,0.32212,0.76768,2057.8,13.642,1.0348e+07,5.8688,2013.2,-1529.1,0.97562,0.9737,2.34,1.3306,0.97562,0.97437,2.34,1.3306,0.38547,0.35396,11.749,7.9586,42,22,7.441e-06,9.6637e-08,7.3444e-06,33,0,32,0,0,1,0.67545,0,1,y,y,y,m,m,m,m,m,y,m,m,m,m,,,,not needed as transformed-cumulative preferred,1,delete,transformed-partial,0,0,0,0,0,0,,1,1,0,0,0,0,703,check,check,,,,,,1,1,0,0,0,0,delete,
eco_sou_4.1Sal_d213_m100,e-commerce,South Korea,4.1,Knowledge Flows (social networks),annualised Google search frequency (index 100=monthly max.),Index 0-100,m4,0.31795,0.31792,2.2441,2060.3,13.821,9.3942e+06,0.053271,2000.6,-4498,0.69924,0.64617,12.713,9.3795,0.69924,0.66582,12.713,9.3795,0.34363,0.2707,18.781,14.205,21,18,1.0645e-05,5.13e-07,1.0132e-05,21,0,14,0,1,1,0.62714,0,1,m,y,y,m,y,m,m,m,y,m,m,m,m,,,,,0,hide,original,1,1,0,0,0,0,,0,1,0,0,0,0,704,check,,,,,,,1,1,0,0,0,0,delete,
eco_sou_4.1Sal_d239_m153,e-commerce,South Korea,4.1,Knowledge Flows (social networks),Partial up to max annualised Google search frequency (index 100=monthly max.),Partial up to max Index 0-100,m4,0.31795,0.31792,2.2441,2060.3,13.821,9.3942e+06,0.053271,2000.6,-4498,0.69924,0.64617,12.713,9.3795,0.69924,0.66582,12.713,9.3795,0.34363,0.2707,18.781,14.205,21,18,1.0645e-05,5.13e-07,1.0132e-05,21,0,14,0,1,1,0.62714,0,1,m,y,y,m,y,m,m,m,y,m,m,m,m,,,,,0,prefer,transformed-partial,1,1,0,0,0,1,,0,1,0,0,0,1,705,check,,,,,,,1,1,0,0,0,1,,
eco_sou_4.3Com_d112_m067,e-commerce,South Korea,4.3,Compatibility,Individuals using the Internet to purchase goods or services,% of individuals,m4,0.03217,0.0025588,0.017175,2333.2,136.6,15658,1555.1,1.575e+05,-34.038,0.62297,0.52014,0.063036,0.052949,-32.376,-37.938,0.59309,0.58413,0.5742,0.50323,0.06699,0.056715,15,15,4.8154e-05,2.8165e-05,1.999e-05,16,0,9,0,1,0,0.91621,1,1,m,y,y,y,y,y,y,m,y,m,y,m,y,2,,,,0,,,,1,,,,,,1,1,0,0,0,1,706,,,,,,,,1,1,0,0,0,1,,
eco_sou_4.3Com_d115_m068,e-commerce,South Korea,4.3,Compatibility,Internet users buying online,% of Internet users,m4,0.017351,0.0018858,0.010012,2538.4,253.27,5437.2,1555.2,1.5747e+05,-19.555,0.5575,0.45539,0.044532,0.037372,-80.257,-91.865,0.60345,0.59973,0.53684,0.47068,0.045559,0.03733,17,17,0.00014039,9.3817e-05,4.6568e-05,17,0,15,0,0,0,0.9283,1,1,m,y,y,y,y,y,y,m,y,m,y,m,y,1,,,,0,,,,1,,,,,,1,1,0,0,0,0,707,,,,,,,,1,1,0,0,0,0,delete,
eco_sou_4.5Inf_d179_m066,e-commerce,South Korea,4.5,Infrastructure dependence,Proportion of households with Internet access either via a fixed or mobile network,% of households,m4,0.44959,0.0022595,0.014375,1999.9,9.7743,0.98972,1555.3,1.5747e+05,-27.997,0.992,0.9908,0.011574,0.0099725,-50.292,-55.177,0.92684,0.91776,0.59118,0.55225,0.082746,0.064967,24,24,1.01,0.50317,0.50687,24,0,23,0,0,0,0.96877,1,1,y,y,y,y,y,y,y,y,y,y,y,y,y,1,,,,0,,,1,1,,,,,,1,1,0,0,0,1,708,,,,,,,,1,1,0,0,0,1,,
eco_swe_1.1Adod_m_0,E-commerce,Sweden,1.1,Adoption over Time,Individuals purchasing or ordering goods or services,%,m4,0.15266,0.040603,2.3355,2007.5,28.786,80.827,1.0067,1916.3,-4648.2,0.9666,0.96103,3.0938,2.4562,0.89636,0.88545,5.4495,4.1718,0.94744,0.94191,3.8807,3.1922,22,22,0.95961,0.2544,0.70521,24,2,20,0,0,0,0.95049,0,1,y,y,y,y,y,y,y,y,y,y,y,,,,,,,,,,,,,,,,,,,,,,,,,,,,,,,,,,,,,,
eco_uki_1.1Ado_d113_m074,e-commerce,UK,1.1,Adoption over time,Internet sales as a percentage of total retail (B2C) sales (ratio) (%),% of total retail,m4,0.19446,0.0025354,0.016525,2019,22.598,0.4304,1554.9,1.5752e+05,-33.148,0.94405,0.93114,0.019953,0.014531,-3.1348,-3.7255,0.17153,0.14935,0.92097,0.90968,0.023714,0.018674,17,17,0.71329,0.078996,0.63429,17,2,16,1,0,0,0.91507,1,1,y,y,y,y,y,y,y,y,y,y,y,y,y,2,,,,0,,,1,1,0,0,0,0,,1,1,0,0,0,0,711,,,,,,,,1,1,0,0,0,0,delete,
eco_uki_1.1Ado_d123_m108,e-commerce,UK,1.1,Adoption over time,"Monetary value of e-commerce sales (all activities - B2B, B2C, B2G)",Million euro,m4,0.2955,0.086471,59383,2015.6,14.871,9.7492e+05,0.0001005,1756.7,-1.1918e+08,0.96048,-inf,13494,12117,0.95073,0.8522,15067,12448,0.95661,0.86984,14139,12198,4,4,0.78165,0.61143,0.17022,4,0,3,0,0,0,0.74837,0,0,y,n,y,y,y,y,y,m,y,n,n,n,n,1,,,,0,,,1,1,0,2,0,0,,1,1,0,0,0,0,712,,,,,,,,1,1,0,0,0,0,delete,
eco_uki_1.1Ado_d338_m185,e-commerce,UK,1.1,Adoption over time,Internet sales as a share of total retail sales,market share,m4,0.19446,0.0025354,0.016525,2019,22.598,0.4304,1554.9,1.5752e+05,-33.148,0.94405,0.93114,0.019953,0.014531,-3.1348,-3.7255,0.17153,0.14935,0.92097,0.90968,0.023714,0.018674,17,17,0.71329,0.078996,0.63429,17,2,16,1,0,0,0.91507,1,1,y,y,y,y,y,y,y,y,y,y,y,y,y,,,,,0,prefer-relative,transformed-marketshare,1,1,0,1,0,0,,1,1,0,1,0,0,713,,,,,,,,1,1,0,1,0,0,,
eco_uki_1.1Adod_m_0,E-commerce,United Kingdom,1.1,Adoption over Time,Individuals purchasing or ordering goods or services,%,m4,0.25154,0.057987,3.6767,2006.3,17.47,82.925,0.57069,1931.9,-7335,0.99174,0.98967,1.7125,1.4215,0.84277,0.81858,7.4707,6.4081,0.93643,0.92665,4.7502,3.5698,16,16,0.95153,0.28443,0.6671,19,0,14,0,0,0,0.9318,0,1,y,y,y,y,y,y,y,y,y,y,y,,,,,,,,,,,,,,,,,,,,,,,,,,,,,,,,,,,,,,
eco_uki_2.2Rel_d047_m110,e-commerce,UK,2.2,Relative Advantage (Profitability),Annual Internet retail (B2C) sales value,Millions of pounds,m4,0.22366,0.13972,1775.4,2020.7,19.648,48689,3.5143e-06,1858.8,-3.5643e+06,0.96424,0.95599,1725.4,1269.2,0.94971,0.94252,2046.3,1304.2,0.90857,0.89551,2759,2408.3,17,17,0.61305,0.043491,0.56956,17,2,16,1,0,0,0.89247,0,0,y,y,y,y,y,y,y,y,y,y,y,y,y,2,,,,0,,,1,1,0,0,0,0,,1,1,0,0,0,0,709,,,,,,,,1,1,0,0,0,0,delete,
eco_uki_2.2Rel_d095_m075,e-commerce,UK,2.2,Relative Advantage (Profitability),"Enterprises' total turnover from e-commerce sales (all activities - B2B, B2C, B2G)",% of turnover,m4,0.0070333,0.0011057,0.0013214,2873.6,624.8,80.933,1555.4,1.5748e+05,-2.47,0.068934,-0.86213,0.0098903,0.0090885,-362.99,-544.99,0.19555,0.19529,0.066482,-0.40028,0.0099034,0.009102,7,7,0.0025824,0.0021993,0.00038303,7,0,3,0,1,0,0.84385,1,1,n,y,y,y,y,y,y,m,m,n,m,n,m,3,,"no logfit, use lin",,0,,,1,1,0,0,0,0,,1,1,0,0,0,0,710,,,,,,,,1,1,0,0,0,0,delete,
eco_uki_2.3Cob_d184_m068,e-commerce,UK,2.3,Relative (dis)advantage,Share of Internet users not buying online due to payment security concerns,% of internet users,m4,0.023254,0.0015221,0.0058143,2395.7,188.97,1970.3,1555.2,1.5748e+05,-11.433,0.21409,-inf,0.043578,0.037255,-33.062,-101.19,0.28689,0.28265,0.19587,-1.4124,0.04408,0.037414,4,4,0.00018449,0.00011714,6.7349e-05,11,0,1,0,1,0,0.66339,1,1,n,m,y,y,y,y,m,m,m,n,m,n,m,2,,,,0,,,,,,,,,,0,1,0,0,0,1,714,,,,,,,,0,1,0,0,0,1,,
eco_uki_2.4Eas_d045_m060,e-commerce,UK,2.4,Ease of Use,Account in financial institution,% of age 15+,m4,0.0017655,0.0010691,0.0017123,4776.4,2489,129.28,1555.7,1.5744e+05,-2.471,0.22253,-inf,0.011865,0.0097907,-5311.3,-15936,0.98074,0.98065,0.22165,-1.335,0.011871,0.0098034,4,4,0.0077164,0.0074542,0.00026221,11,0,1,0,1,0,0.74761,1,1,n,m,y,y,y,y,y,m,m,n,m,n,m,2,,,,0,,,,,,,,,,1,1,0,0,0,1,715,,,,,,,,1,1,0,0,0,1,,
eco_uki_2.4Eas_d165_m060,e-commerce,UK,2.4,Ease of Use,Owns a credit card,% of age 15+,m4,0.7449,0.015806,0.010032,2009.1,5.8994,0.63647,0.048776,1856.9,-19.619,0.94331,-inf,0.012328,0.0096164,0.48942,-0.53175,0.036999,0.036707,0.51373,-0.4588,0.036107,0.035983,4,4,1.0271,0.81009,0.21698,11,1,3,1,0,0,0.77243,1,1,y,m,y,y,y,y,y,y,y,m,m,m,m,2,,,,0,,,,,,,,,,1,1,0,0,0,0,716,,,,,,,,1,1,0,0,0,0,delete,
eco_uki_2.4Eas_d166_m060,e-commerce,UK,2.4,Ease of Use,Owns a debit card,% of age 15+,m4,5.9521,0.0060025,0.0056301,2010.6,0.7383,0.94427,3.2655,2225.5,-10.422,0.71952,-inf,0.01851,0.014884,0.35171,-0.94486,0.028141,0.023233,0.35518,-0.93447,0.028066,0.023201,4,4,1.0206,0.92749,0.093088,11,2,3,1,0,0,0.75459,1,1,y,m,y,y,y,y,y,m,y,m,m,m,m,2,,,,0,,,,,,,,,,0,1,0,0,0,0,717,,,,,,,,0,1,0,0,0,0,delete,
eco_uki_2.5Var_d065_m062,e-commerce,UK,2.5,Variety (Choice Availability),Businesses receiving orders through the Internet,% of business,m4,0.29499,0.0015064,0.0056068,2007.3,14.897,0.21851,1555.2,1.5749e+05,-11.106,0.55426,0.36323,0.017918,0.01346,-51.194,-64.242,0.19389,0.19202,0.47975,0.34969,0.019358,0.014591,11,11,1.163,0.67211,0.49091,12,1,10,1,0,0,0.92256,1,1,m,y,y,y,y,y,y,y,y,m,y,n,y,2,,,,0,,,,1,,,,,,0,1,0,0,0,0,718,,,,,,,,0,1,0,0,0,0,delete,
eco_uki_2.5Var_d066_m062,e-commerce,UK,2.5,Variety (Choice Availability),Businesses with a web presence,% of business,m4,0.30093,0.0087786,0.0071583,2001.9,14.603,0.83669,0.1055,1782.7,-13.613,0.86664,0.81664,0.010393,0.0089003,0.74655,0.69023,0.014327,0.01214,0.75394,0.69925,0.014117,0.012024,12,12,1.0025,0.89767,0.10483,12,1,11,0,0,0,0.91938,1,1,y,y,y,y,y,y,y,m,y,m,y,m,y,1,,,,0,,,,1,,,,,,1,1,0,0,0,1,719,,,,,,,,1,1,0,0,0,1,,
eco_uki_2.5Var_d194_m073,e-commerce,UK,2.5,Variety (Choice Availability),Small firms selling online,% of small firms (10-49 employees),m4,0.046133,0.0018108,0.0088295,2216.8,95.256,2271.3,1555.1,1.5749e+05,-17.584,0.82247,0.7559,0.014251,0.011643,-32.934,-40.475,0.19703,0.1941,0.81211,0.77036,0.014661,0.011694,12,12,0.00011971,6.2771e-05,5.6941e-05,12,0,10,0,0,0,0.89124,1,1,y,y,y,y,y,y,y,m,y,m,y,m,y,1,,,,0,,,,1,,,,,,1,1,0,0,0,0,720,,,,,,,,1,1,0,0,0,0,delete,
eco_uki_3.2Adc_d023_m061,e-commerce,UK,3.2,Adopter characteristics,% of individuals who made purchases online by (age 16-24),% of age group,m4,0.061781,0.0028668,0.020833,2008,71.129,1.4362,1555.1,1.575e+05,-41.11,0.88002,0.80803,0.019865,0.017463,-240.84,-321.45,0.89185,0.89,0.87979,0.83971,0.019884,0.017593,9,9,0.67538,0.55005,0.12533,9,1,8,1,0,0,0.89107,1,1,y,y,y,y,y,y,y,m,y,m,y,m,y,1,,,,0,,,,1,,,,,,1,1,0,0,0,1,721,,,,,,,,1,1,0,0,0,1,,
eco_uki_3.2Adc_d024_m061,e-commerce,UK,3.2,Adopter characteristics,% of individuals who made purchases online by (age 25-34),% of age group,m4,0.013868,0.0021001,0.012667,2571.4,316.89,2042.6,1555.4,1.5747e+05,-24.613,0.67545,0.48072,0.022788,0.017477,-532.84,-710.79,0.9242,0.92333,0.66852,0.55802,0.02303,0.01763,9,9,0.00048468,0.00042593,5.8749e-05,9,0,8,0,0,0,0.88619,1,1,m,y,y,y,y,y,y,m,y,m,y,m,y,1,,,,0,,,,1,,,,,,1,1,0,0,0,0,722,,,,,,,,1,1,0,0,0,0,delete,
eco_uki_3.2Adc_d025_m061,e-commerce,UK,3.2,Adopter characteristics,% of individuals who made purchases online by (age 35-44),% of age group,m4,0.015236,0.015218,0.0135,2457.1,288.42,737.97,0.071257,1850.2,-26.327,0.83707,0.73931,0.015393,0.013872,0.83707,0.78276,0.015393,0.013872,0.83544,0.78059,0.01547,0.014037,9,9,0.0012873,0.0011247,0.00016261,9,0,7,0,1,0,0.8866,1,1,y,y,y,y,y,y,y,m,y,m,y,m,y,1,,,,0,,,,1,,,,,,1,1,0,0,0,0,723,,,,,,,,1,1,0,0,0,0,delete,
eco_uki_3.2Adc_d026_m061,e-commerce,UK,3.2,Adopter characteristics,% of individuals who made purchases online by (age 45-54),% of age group,m4,0.026657,0.002982,0.022,2278.2,164.85,897.8,1555,1.5751e+05,-43.524,0.80022,0.68036,0.028408,0.022249,-169.63,-226.5,0.83021,0.82778,0.79878,0.7317,0.02851,0.02242,9,9,0.0010581,0.00080196,0.00025618,9,0,8,0,0,0,0.88393,1,1,y,y,y,y,y,y,y,m,y,m,y,m,y,1,,,,0,,,,1,,,,,,1,1,0,0,0,0,724,,,,,,,,1,1,0,0,0,0,delete,
eco_uki_3.2Adc_d027_m061,e-commerce,UK,3.2,Adopter characteristics,% of individuals who made purchases online by (age 55-64),% of age group,m4,0.32865,0.0026637,0.0185,2008,13.371,0.78537,1555.1,1.575e+05,-36.579,0.79849,0.67759,0.024768,0.019824,-168.7,-225.27,0.71879,0.71667,0.74945,0.66594,0.027618,0.02163,9,9,1.0059,0.7767,0.22919,9,0,8,0,0,0,0.89084,1,1,y,y,y,y,y,y,y,y,y,y,y,y,y,1,,,,0,,,1,1,,,,,,1,1,0,0,0,0,725,,,,,,,,1,1,0,0,0,0,delete,
eco_uki_3.2Adc_d028_m061,e-commerce,UK,3.2,Adopter characteristics,% of individuals who made purchases online by (age 65+),% of age group,m4,0.077095,0.0041415,0.034,2156.5,57.001,22519,1554.5,1.5756e+05,-68.091,0.9264,0.88223,0.025062,0.021199,-24.083,-32.444,0.46265,0.45333,0.90312,0.87083,0.028752,0.02163,9,9,2.8865e-05,1.421e-05,1.4654e-05,9,0,8,0,0,0,0.85828,1,1,y,y,y,y,y,y,y,m,y,m,y,m,y,1,,,,0,,,,1,,,,,,1,1,0,0,0,0,726,,,,,,,,1,1,0,0,0,0,delete,
eco_uki_3.5Mar_d074_m128,e-commerce,UK,3.5,Market Formation,CumulativeStartups,cum. # companies,m4,0.12553,0.066586,17.647,2013.2,35.006,930.11,0.050742,1878.1,-35063,0.99901,0.99894,7.4768,5.7194,0.97105,0.96967,40.407,34.392,0.9313,0.92803,62.247,55.113,45,45,0.7741,0.0021503,0.77195,45,1,44,0,0,1,0.95314,0,0,y,y,y,y,y,y,y,y,y,y,y,y,y,,,,,0,prefer,original,1,1,0,0,0,1,,1,1,0,0,0,1,727,,,,,,,,1,1,0,0,0,1,,
eco_uki_3.5Mar_d126_m008,e-commerce,UK,3.5,Market Formation,NewStartups,# companies,m4,0.18787,0.030009,0.60751,1996.6,23.391,25.628,4.3049,1960,-1200.2,0.63847,0.61202,6.4945,4.7374,0.43373,0.40676,8.128,6.2301,0.53357,0.51136,7.3768,5.0524,45,44,1.3657,0.03902,1.3267,44,14,41,1,0,1,0.93429,0,1,m,y,y,y,y,y,y,y,y,m,y,m,y,,,,,0,hide,original,1,1,0,0,0,0,,1,1,0,0,0,0,728,,,,,,,,1,1,0,0,0,0,delete,
eco_uki_3.5Mar_d171_m011,e-commerce,UK,3.5,Market Formation,PrivateEquityDeals,# deals,m4,0.5247,0.093846,1.5316,2012.3,8.3751,60.321,2.0306,1985.4,-3049.4,0.87386,0.86463,8.9023,4.3802,0.75053,0.73865,12.519,8.4693,0.62977,0.61214,15.251,12.191,45,29,1.4754,0.016578,1.4589,33,2,32,0,0,1,0.94524,0,1,y,y,y,y,y,y,y,y,y,y,y,y,y,,,,,0,hide,original,1,1,0,0,0,0,,1,1,0,0,0,0,729,,,,,,,,1,1,0,0,0,0,delete,
eco_uki_3.5Mar_d175_m027,e-commerce,UK,3.5,Market Formation,PrivateEquityInvestment,$ million,m4,0.71768,0.10108,13.733,2014.3,6.1231,607.1,0.038566,1926.9,-27349,0.62819,0.60098,174.79,77.479,0.48987,0.46557,204.74,114.41,0.3871,0.35792,224.41,151.22,45,27,2.2003,0.00047352,2.1999,27,3,26,1,0,1,0.62807,0,0,m,y,y,m,m,m,m,y,y,m,m,m,m,,,,,0,hide,original,1,1,0,0,0,0,,1,1,0,0,0,0,730,,,,,,,,1,1,0,0,0,0,delete,
eco_uki_3.5Mar_d200_m027,e-commerce,UK,3.5,Market Formation,TotalFundraisingAmount,$ million,m4,0.28348,0.13115,81.099,2018,15.502,5199,1.3583e-05,1873.7,-1.6154e+05,0.49467,0.45769,1328.7,610.28,0.47332,0.44824,1356.5,677.36,0.31753,0.28503,1544.1,971.69,45,28,1.9034,5.5293e-05,1.9034,33,1,26,0,1,1,0.4005,0,0,m,y,y,m,m,m,m,y,y,m,m,m,m,,,,,0,hide,original,1,1,0,0,0,0,,1,1,0,0,0,0,731,,,,,,,,1,1,0,0,0,0,delete,
eco_uki_3.5Mar_d204_m011,e-commerce,UK,3.5,Market Formation,TotalFundraisingDeals,# deals,m4,0.42724,0.092037,2.6104,2012.5,10.286,105.52,0.68553,1967,-5196.6,0.87847,0.86958,14.592,6.744,0.77349,0.76271,19.922,12.911,0.65594,0.63955,24.553,19.686,45,30,1.431,0.0094772,1.4216,33,3,26,0,1,1,0.94746,0,0,y,y,y,y,y,y,y,y,y,y,y,y,y,,,,,0,hide,original,1,1,0,0,0,0,,1,1,0,0,0,0,732,,,,,,,,1,1,0,0,0,0,delete,
eco_uki_3.5Mar_d242_m156,e-commerce,UK,3.5,Market Formation,cumulative CumulativeStartups,cumulative cum. # companies,m4,0.12815,0.089668,247.27,2021.7,34.29,20656,0.00032433,1829,-4.919e+05,0.99943,0.99939,83.401,75.195,0.99164,0.99124,320.67,289.5,0.83842,0.83072,1409.8,1210.6,45,45,0.57847,9.6823e-05,0.57837,45,0,44,0,0,1,0.92535,0,0,y,y,y,y,y,y,y,y,y,y,y,y,y,,,,not needed as transformed-cumulative twice (error),1,delete,transformed-cumx2error,0,0,0,0,0,0,,1,1,0,0,0,0,733,check,check,,,,,,1,1,0,0,0,0,delete,
eco_uki_3.5Mar_d243_m157,e-commerce,UK,3.5,Market Formation,Partial up to max CumulativeStartups,Partial up to max cum. # companies,m4,0.12343,0.069303,17.436,2013.7,35.601,956.8,0.045275,1881.6,-34644,0.99914,0.99908,6.7382,5.2951,0.97636,0.9752,35.358,30.34,0.92712,0.92357,62.077,54.747,44,44,0.75251,0.0020903,0.75041,44,0,43,0,0,1,0.94847,0,0,y,y,y,y,y,y,y,y,y,y,y,y,y,,,,not needed as transformed-cumulative preferred,1,delete,transformed-partial,0,0,0,0,0,0,,1,1,0,0,0,0,734,check,check,,,,,,1,1,0,0,0,0,delete,
eco_uki_3.5Mar_d244_m158,e-commerce,UK,3.5,Market Formation,cumulative NewStartups,cumulative # companies,m4,0.12553,0.066586,17.647,2013.2,35.006,930.11,0.050742,1878.1,-35063,0.99901,0.99894,7.4768,5.7194,0.97105,0.96967,40.407,34.392,0.9313,0.92803,62.247,55.113,45,45,0.7741,0.0021503,0.77195,45,1,44,0,0,1,0.95314,0,0,y,y,y,y,y,y,y,y,y,y,y,y,y,,,,not needed as cumulative in original data,1,delete,transformed-cumulative,0,0,0,0,0,0,,1,1,0,0,0,0,735,check,check,,,,,,1,1,0,0,0,0,delete,
eco_uki_3.5Mar_d245_m159,e-commerce,UK,3.5,Market Formation,Partial up to max NewStartups,Partial up to max # companies,m4,0.093342,0.071926,0.78865,2012.4,47.079,60.609,6.7736,1990,-1561.7,0.70666,0.67281,4.4677,3.3343,0.70488,0.68302,4.4812,3.3083,0.68478,0.66143,4.6313,3.5116,30,30,0.57747,0.016499,0.56097,30,0,27,0,0,1,0.76763,0,1,y,y,y,y,y,y,y,y,y,y,y,m,y,,,,not needed as transformed-cumulative preferred,1,delete,transformed-partial,0,0,0,0,0,0,,1,1,0,0,0,0,736,check,check,,,,,,1,1,0,0,0,0,delete,
eco_uki_3.5Mar_d246_m160,e-commerce,UK,3.5,Market Formation,cumulative PrivateEquityDeals,cumulative # deals,m4,0.25786,0.1492,13.051,2020.1,17.042,1056.2,0.0058536,1944.3,-25997,0.99806,0.99792,9.5334,6.418,0.98424,0.98349,27.186,19.545,0.6125,0.59404,134.81,110.39,45,33,0.71954,0.00094676,0.71859,33,0,32,0,0,1,0.8923,0,0,y,y,y,y,y,y,y,y,y,y,y,y,y,,,,,0,prefer,transformed-cumulative,1,1,0,0,0,0,,1,1,0,0,0,0,737,,,,,,,,1,1,0,0,0,0,delete,
eco_uki_3.5Mar_d247_m161,e-commerce,UK,3.5,Market Formation,Partial up to max PrivateEquityDeals,Partial up to max # deals,m4,0.22521,0.13846,1.6007,2017.9,19.512,116.77,1.436,1991.9,-3187.2,0.94687,0.94278,5.7444,3.689,0.93754,0.93441,6.2283,4.1725,0.63539,0.61716,15.048,12.081,43,27,0.76216,0.0085636,0.7536,31,0,30,0,0,1,0.86996,0,1,y,y,y,y,y,y,y,y,y,y,y,y,y,,,,not needed as transformed-cumulative preferred,1,delete,transformed-partial,0,0,0,0,0,0,,1,1,0,0,0,0,738,check,check,,,,,,1,1,0,0,0,0,delete,
eco_uki_3.5Mar_d248_m162,e-commerce,UK,3.5,Market Formation,cumulative PrivateEquityInvestment,cumulative $ million,m4,0.35547,0.17603,102.89,2019.8,12.362,8264.6,2.6275e-05,1913.4,-2.05e+05,0.99513,0.99477,127.39,82.623,0.97544,0.97427,285.95,163.16,0.53623,0.51414,1242.7,991.14,45,27,0.78213,3.4783e-05,0.7821,27,0,26,0,0,1,0.88022,0,0,y,y,y,y,y,y,y,y,y,y,y,y,y,,,,,0,prefer,transformed-cumulative,1,1,0,0,0,0,,1,1,0,0,0,0,739,,,,,,,,1,1,0,0,0,0,delete,
eco_uki_3.5Mar_d249_m163,e-commerce,UK,3.5,Market Formation,Partial up to max PrivateEquityInvestment,Partial up to max $ million,m4,0.23066,0.23065,14.302,2062,19.052,1.415e+07,2.214e-06,1934.2,-28485,0.77382,0.75596,134.03,62.94,0.77382,0.76222,134.03,62.94,0.3784,0.34652,222.19,150.03,42,24,9.4407e-05,2.0317e-08,9.4387e-05,24,0,23,0,0,1,0.43439,0,0,y,y,y,m,y,m,m,m,y,m,m,m,m,,,,not needed as transformed-cumulative preferred,1,delete,transformed-partial,0,0,0,0,0,0,,1,1,0,0,0,0,740,check,check,,,,,,1,1,0,0,0,0,delete,
eco_uki_3.5Mar_d250_m162,e-commerce,UK,3.5,Market Formation,cumulative TotalFundraisingAmount,cumulative $ million,m4,0.23332,0.18116,536.42,2025.2,18.834,87860,7.9044e-07,1888,-1.0688e+06,0.99078,0.9901,909.01,502.74,0.98787,0.9873,1042.3,672.4,0.54171,0.51989,6407.7,4878.7,45,33,0.41897,0.0001115,0.41886,33,0,32,0,0,1,0.85222,0,0,y,y,y,y,y,y,y,y,y,y,y,y,y,,,,,0,prefer,transformed-cumulative,1,1,0,0,0,0,,1,1,0,0,0,0,741,,,,,,,,1,1,0,0,0,0,delete,
eco_uki_3.5Mar_d251_m163,e-commerce,UK,3.5,Market Formation,Partial up to max TotalFundraisingAmount,Partial up to max $ million,m4,0.24318,0.24315,87.522,2068,18.071,4.103e+08,8.7541e-09,1910.1,-1.7435e+05,0.68824,0.66486,1055.2,452.82,0.68824,0.67303,1055.2,452.84,0.34583,0.31392,1528.6,995.72,44,27,2.4119e-05,7.0063e-10,2.4118e-05,32,0,25,0,1,1,0.37068,0,0,m,y,y,m,m,m,m,m,y,m,m,m,m,,,,not needed as transformed-cumulative preferred,1,delete,transformed-partial,0,0,0,0,0,0,,1,1,0,0,0,0,742,check,check,,,,,,1,1,0,0,0,0,delete,
eco_uki_3.5Mar_d252_m160,e-commerce,UK,3.5,Market Formation,cumulative TotalFundraisingDeals,cumulative # deals,m4,0.22761,0.14179,23.231,2020.8,19.307,2014.6,0.0009379,1923.3,-46271,0.99847,0.99836,14.765,10.295,0.98806,0.98749,41.23,30.627,0.63957,0.6224,226.49,186.97,45,33,0.6577,0.00099276,0.65671,33,0,32,0,0,1,0.89511,0,0,y,y,y,y,y,y,y,y,y,y,y,y,y,,,,,0,prefer,transformed-cumulative,1,1,0,0,0,0,,1,1,0,0,0,0,743,,,,,,,,1,1,0,0,0,0,delete,
eco_uki_3.5Mar_d253_m161,e-commerce,UK,3.5,Market Formation,Partial up to max TotalFundraisingDeals,Partial up to max # deals,m4,0.23314,0.13683,2.4885,2016.4,18.849,166.41,0.45841,1979.2,-4953.5,0.94314,0.93865,8.9287,5.2184,0.93471,0.93137,9.567,6.6128,0.64893,0.63093,22.185,17.875,42,27,0.9074,0.0060093,0.90139,30,0,23,0,1,1,0.8347,0,0,y,y,y,y,y,y,y,y,y,y,y,y,y,,,,not needed as transformed-cumulative preferred,1,delete,transformed-partial,0,0,0,0,0,0,,1,1,0,0,0,0,744,check,check,,,,,,1,1,0,0,0,0,delete,
eco_uki_4.1Sal_d213_m100,e-commerce,UK,4.1,Knowledge Flows (social networks),annualised Google search frequency (index 100=monthly max.),Index 0-100,m4,-0.36821,-0.36821,-2.9479,1969.8,-11.935,2.7633e+07,23.035,2007.8,5953,0.97529,0.97093,3.7281,3.1061,0.97529,0.97254,3.7281,3.106,0.56648,0.51831,15.616,11.444,21,20,3.6189e-06,9.315e-09,3.6096e-06,21,20,6,0,1,1,0.63883,0,1,y,y,y,m,m,m,m,m,y,m,m,m,m,,,,downward,0,prefer,original,1,1,0,0,0,1,,1,1,0,0,0,1,745,,,,,,,,1,1,0,0,0,1,,
eco_uki_4.1Sal_d239_m153,e-commerce,UK,4.1,Knowledge Flows (social networks),Partial up to max annualised Google search frequency (index 100=monthly max.),Partial up to max Index 0-100,m4,,,,,,,,,,,,,,,,,,,,,,1,1,,,,1,0,0,0,0,,,0,1,n,n,y,m,m,m,m,m,m,n,n,n,n,,,,too few,0,hide,transformed-partial,0,0,0,0,0,0,,0,1,0,0,0,0,746,,check,,,,,,0,1,0,0,0,0,delete,
eco_uki_4.3Com_d112_m067,e-commerce,UK,4.3,Compatibility,Individuals using the Internet to purchase goods or services,% of individuals,m4,0.18899,0.0035821,0.028131,2003.6,23.253,0.89339,1554.7,1.5751e+05,-55.887,0.95466,0.94332,0.031321,0.023597,-19.345,-22.475,0.66345,0.64694,0.89941,0.88393,0.046651,0.036879,16,16,0.93129,0.4343,0.49698,19,0,14,0,0,0,0.93399,1,1,y,y,y,y,y,y,y,y,y,y,y,y,y,1,,,,0,,,1,1,,,,,,1,1,0,0,0,1,747,,,,,,,,1,1,0,0,0,1,,
eco_uki_4.3Com_d115_m068,e-commerce,UK,4.3,Compatibility,Internet users buying online,% of Internet users,m4,0.21246,0.0025266,0.017081,2001.3,20.684,0.91421,1555.1,1.5748e+05,-33.566,0.97667,0.97083,0.012705,0.010339,-94.725,-109.45,0.81372,0.80946,0.89633,0.88038,0.026779,0.023643,16,16,1.0095,0.69262,0.31688,16,0,15,0,0,0,0.94039,1,1,y,y,y,y,y,y,y,y,y,y,y,n,y,1,,,,0,,,,1,,,,,,0,1,0,0,0,0,748,,,,,,,,0,1,0,0,0,0,delete,
eco_uki_4.5Inf_d179_m066,e-commerce,UK,4.5,Infrastructure dependence,Proportion of households with Internet access either via a fixed or mobile network,% of households,m4,0.20246,0.0035316,0.027694,2002.4,21.705,0.9694,1554.8,1.5751e+05,-54.93,0.98193,0.97875,0.024995,0.019453,-15.87,-17.744,0.76381,0.74082,0.90168,0.89075,0.058311,0.047216,21,21,0.98897,0.30947,0.6795,22,0,20,0,0,0,0.95708,1,1,y,y,y,y,y,y,y,y,y,y,y,y,y,1,,,,0,,,1,1,,,,,,1,1,0,0,0,1,749,,,,,,,,1,1,0,0,0,1,,
eco_usa_1.1Ado_d049_m109,e-commerce,US,1.1,Adoption over time,Annual e-commerce sales value,Millions of US dollars,m4,0.15561,0.15561,35325,2098.1,28.24,1.4267e+11,3.6506e-08,1823,-7.0721e+07,0.98915,0.9876,29515,21893,0.98915,0.98816,29515,21893,0.80825,0.79082,1.2408e+05,1.0109e+05,25,25,7.0976e-06,3.4933e-08,7.0627e-06,25,0,24,0,0,1,0.85906,0,0,y,y,y,y,y,y,y,m,y,m,y,m,y,,,,,0,,,1,1,0,2,0,0,,1,1,0,0,0,0,750,,,,,,,,1,1,0,0,0,0,delete,
eco_usa_1.1Ado_d114_m074,e-commerce,US,1.1,Adoption over time,Internet sales as a percentage of total retail sales (ratio) (%),% of total retail,m4,0.13227,0.0015851,0.006277,2026.3,33.223,0.40748,1555.1,1.5749e+05,-12.562,0.9826,0.97999,0.0059789,0.0041124,-1.9902,-2.275,0.078371,0.063937,0.91911,0.9114,0.01289,0.011167,24,24,0.37548,0.022701,0.35278,24,0,23,0,0,0,0.91269,1,1,y,y,y,y,y,y,y,y,y,y,y,y,y,,,,,0,,,1,1,0,0,0,0,,1,1,0,0,0,0,751,,,,,,,,1,1,0,0,0,0,delete,
eco_usa_1.1Ado_d338_m185,e-commerce,US,1.1,Adoption over time,Internet sales as a share of total retail sales,market share,m4,0.13227,0.0015851,0.006277,2026.3,33.223,0.40748,1555.1,1.5749e+05,-12.562,0.9826,0.97999,0.0059789,0.0041124,-1.9902,-2.275,0.078371,0.063937,0.91911,0.9114,0.01289,0.011167,24,24,0.37548,0.022701,0.35278,24,0,23,0,0,0,0.91269,1,1,y,y,y,y,y,y,y,y,y,y,y,y,y,,,,,0,prefer-relative,transformed-marketshare,1,1,1,1,0,0,,1,1,1,1,0,0,752,,,,,,,,1,1,1,1,0,0,,
eco_usa_2.4Eas_d045_m060,e-commerce,US,2.4,Ease of Use,Account in financial institution,% of age 15+,m4,0.68009,0.0065123,0.0060845,2007.1,6.4615,0.94204,0.16398,1750.3,-11.341,0.94429,-inf,0.0062586,0.0049405,0.7141,0.14229,0.014179,0.011257,0.72062,0.16187,0.014016,0.011211,4,4,1.0079,0.93372,0.074201,11,0,3,0,0,0,0.75443,1,1,y,m,y,y,y,y,y,m,y,m,m,m,m,,,,,0,,,,,,,,,,0,1,0,0,1,1,753,,,,,,,,0,1,0,0,1,1,,
eco_usa_2.4Eas_d165_m060,e-commerce,US,2.4,Ease of Use,Owns a credit card,% of age 15+,m4,0.0094344,0.0015006,0.0059785,2759.8,465.79,711.46,1555.4,1.5747e+05,-11.415,0.69274,-inf,0.014772,0.01231,-569.45,-1710.4,0.63648,0.63593,0.68891,0.066718,0.014864,0.012237,4,4,0.0009375,0.00084516,9.2345e-05,11,0,2,0,1,0,0.74328,1,1,m,m,y,y,y,y,y,m,y,m,m,m,m,,,,,0,,,,,,,,,,1,1,0,0,0,0,754,,,,,,,,1,1,0,0,0,0,delete,
eco_usa_2.4Eas_d166_m060,e-commerce,US,2.4,Ease of Use,Owns a debit card,% of age 15+,m4,0.14875,0.014072,0.011083,2000.6,29.543,0.86866,0.060826,1834.8,-21.562,0.99746,-inf,0.0021061,0.0018674,0.95626,0.86879,0.0087313,0.0083354,0.96448,0.89343,0.0078688,0.0074957,4,4,0.95319,0.82621,0.12698,11,0,3,0,0,0,0.75161,1,1,y,m,y,y,y,y,y,m,y,m,m,m,m,,,,,0,,,,,,,,,,1,1,0,0,0,0,755,,,,,,,,1,1,0,0,0,0,delete,
eco_usa_2.5Var_d066_m062,e-commerce,US,2.5,Variety (Choice Availability),Businesses with a web presence,% of business,m4,,,0.0219,,,,,,-43.334,,,,,,,,,1,1,2.282e-15,1.7208e-15,2,2,,,,6,0,1,0,0,0,0.49344,1,1,n,n,y,y,y,y,m,m,y,n,n,n,n,,,,,0,,,,,,,,,,0,1,0,0,1,1,756,,,,,,,,0,1,0,0,1,1,,
eco_usa_3.5Mar_d074_m128,e-commerce,US,3.5,Market Formation,CumulativeStartups,cum. # companies,m4,0.11914,0.065975,78.982,2013.9,36.884,4322.1,0.010608,1830.4,-1.5693e+05,0.99569,0.99537,69.639,59.114,0.97062,0.96922,181.73,160.43,0.93619,0.93315,267.81,241.08,45,45,0.74569,0.0016196,0.74408,45,0,44,0,0,1,0.95329,0,0,y,y,y,y,y,y,y,y,y,y,y,y,y,,,,,0,prefer,original,1,1,0,0,1,1,,1,1,0,0,1,1,757,,,,,,,,1,1,0,0,1,1,,
eco_usa_3.5Mar_d126_m008,e-commerce,US,3.5,Market Formation,NewStartups,# companies,m4,0.17732,0.029743,2.6814,1995.5,24.783,112.18,2.0292,1884,-5296.6,0.57314,0.5419,32.423,23.605,0.40161,0.37312,38.389,29.715,0.49242,0.46825,35.356,24.634,45,45,1.462,0.035658,1.4263,45,25,0,1,0,1,0.95903,0,0,m,y,y,y,m,m,y,y,y,m,m,m,m,,,,,0,hide,original,1,1,0,0,0,0,,1,1,0,0,0,0,758,,,,,,,,1,1,0,0,0,0,delete,
eco_usa_3.5Mar_d171_m011,e-commerce,US,3.5,Market Formation,PrivateEquityDeals,# deals,m4,0.17403,0.07108,5.8511,2012.2,25.251,272.63,0.14469,1917.9,-11634,0.73547,0.71611,48.085,26.808,0.68949,0.6747,52.096,36.62,0.66065,0.64449,54.462,40.97,45,36,1.3388,0.0036679,1.3351,36,3,35,0,0,1,0.93026,0,0,y,y,y,y,y,y,y,y,y,y,y,y,y,,,,,0,hide,original,1,1,0,0,0,0,,1,1,0,0,0,0,759,,,,,,,,1,1,0,0,0,0,delete,
eco_usa_3.5Mar_d175_m027,e-commerce,US,3.5,Market Formation,PrivateEquityInvestment,$ million,m4,3.5148,0.08557,125.05,2012.4,1.2503,4781.9,0.0081724,1865.9,-2.4884e+05,0.47916,0.44105,2017.5,1038.8,0.38609,0.35686,2190.3,1264.6,0.3375,0.30596,2275.3,1473,45,32,2.4469,2.614e-05,2.4469,35,2,31,0,0,1,0.68516,0,0,m,y,y,m,m,m,m,y,y,m,m,m,m,,,,,0,hide,original,1,1,0,0,0,0,,0,1,0,0,0,0,760,check,,,,,,,1,1,0,0,0,0,delete,
eco_usa_3.5Mar_d200_m027,e-commerce,US,3.5,Market Formation,TotalFundraisingAmount,$ million,m4,0.38125,0.082664,897.33,2013.9,11.526,41227,0.0025625,1822.5,-1.7851e+06,0.33798,0.28953,18495,7897.9,0.29972,0.26638,19022,8904.1,0.26285,0.22775,19516,10163,45,36,3.2584,0.00026138,3.2581,40,3,34,0,1,1,0.40946,0,0,m,y,y,m,m,m,m,y,m,m,m,m,m,,,,,0,hide,original,1,1,0,0,0,0,,1,1,0,0,0,0,761,,,,,,,,1,1,0,0,0,0,delete,
eco_usa_3.5Mar_d204_m011,e-commerce,US,3.5,Market Formation,TotalFundraisingDeals,# deals,m4,0.15429,0.07159,10.689,2013.2,28.482,533.43,0.15086,1910.7,-21251,0.77984,0.76374,77.71,40.236,0.74153,0.72922,84.201,55.939,0.70254,0.68838,90.329,67.907,45,45,1.2373,0.0018747,1.2354,45,3,43,0,0,1,0.93678,0,0,y,y,y,y,y,y,y,y,y,y,y,y,y,,,,,0,hide,original,1,1,0,0,0,0,,1,1,0,0,0,0,762,,,,,,,,1,1,0,0,0,0,delete,
eco_usa_3.5Mar_d242_m156,e-commerce,US,3.5,Market Formation,cumulative CumulativeStartups,cumulative cum. # companies,m4,0.1277,0.088933,1119,2021.5,34.412,91628,0.0010797,1824,-2.226e+06,0.99892,0.99884,519.56,478.31,0.99078,0.99034,1519.4,1377.7,0.84357,0.83612,6258,5389.6,45,45,0.5869,7.6396e-05,0.58683,45,0,44,0,0,1,0.92592,0,0,y,y,y,y,y,y,y,y,y,y,y,y,y,,,,not needed as transformed-cumulative twice (error),1,delete,transformed-cumx2error,0,0,0,0,0,0,,1,1,0,0,0,0,763,check,check,,,,,,1,1,0,0,0,0,delete,
eco_usa_3.5Mar_d243_m157,e-commerce,US,3.5,Market Formation,Partial up to max CumulativeStartups,Partial up to max cum. # companies,m4,0.11914,0.065975,78.982,2013.9,36.884,4322.1,0.010608,1830.4,-1.5693e+05,0.99569,0.99537,69.639,59.114,0.97062,0.96922,181.73,160.43,0.93619,0.93315,267.81,241.08,45,45,0.74569,0.0016196,0.74408,45,0,44,0,0,1,0.95329,0,0,y,y,y,y,y,y,y,y,y,y,y,y,y,,,,not needed as transformed-cumulative preferred,1,delete,transformed-partial,0,0,0,0,0,0,,1,1,0,0,0,0,764,check,check,,,,,,1,1,0,0,0,0,delete,
eco_usa_3.5Mar_d244_m158,e-commerce,US,3.5,Market Formation,cumulative NewStartups,cumulative # companies,m4,0.11914,0.065975,78.982,2013.9,36.884,4322.1,0.010608,1830.4,-1.5693e+05,0.99569,0.99537,69.639,59.114,0.97062,0.96922,181.73,160.43,0.93619,0.93315,267.81,241.08,45,45,0.74569,0.0016196,0.74408,45,0,44,0,0,1,0.95329,0,0,y,y,y,y,y,y,y,y,y,y,y,y,y,,,,not needed as cumulative in original data,1,delete,transformed-cumulative,0,0,0,0,0,0,,1,1,0,0,0,0,765,check,check,,,,,,1,1,0,0,0,0,delete,
eco_usa_3.5Mar_d245_m159,e-commerce,US,3.5,Market Formation,Partial up to max NewStartups,Partial up to max # companies,m4,0.22263,0.22262,5.2286,2052.9,19.739,2.3027e+07,0.038613,1962.1,-10363,0.91025,0.89342,11.441,9.5981,0.91025,0.89969,11.441,9.5979,0.62332,0.57901,23.437,17.169,20,20,7.122e-06,3.0399e-07,6.818e-06,20,0,19,0,0,0,0.71637,0,0,y,y,y,y,y,y,y,m,y,m,y,y,y,,,,not needed as transformed-cumulative preferred,1,delete,transformed-partial,0,0,0,0,0,0,,1,1,0,0,0,0,766,check,check,,,,,,1,1,0,0,0,0,delete,
eco_usa_3.5Mar_d246_m160,e-commerce,US,3.5,Market Formation,cumulative PrivateEquityDeals,cumulative # deals,m4,0.13352,0.10227,73.17,2025.2,32.913,8116.6,0.0037058,1888.3,-1.4563e+05,0.99329,0.9928,87.561,71.53,0.98894,0.98842,112.44,95.333,0.78975,0.77974,490.3,416.98,45,36,0.44501,0.0001232,0.44489,36,0,35,0,0,1,0.91893,0,0,y,y,y,y,y,y,y,y,y,y,y,y,y,,,,,0,prefer,transformed-cumulative,1,1,0,0,0,0,,1,1,0,0,0,0,767,,,,,,,,1,1,0,0,0,0,delete,
eco_usa_3.5Mar_d247_m161,e-commerce,US,3.5,Market Formation,Partial up to max PrivateEquityDeals,Partial up to max # deals,m4,0.10355,0.10355,6.0139,2115.5,42.438,5.4087e+06,0.025251,1930.3,-11959,0.8223,0.80827,37.608,23.528,0.8223,0.81319,37.608,23.528,0.66759,0.65054,51.437,38.851,42,33,6.7484e-05,1.8489e-07,6.7299e-05,33,0,32,0,0,1,0.82447,0,0,y,y,y,y,y,y,y,m,y,m,y,m,y,,,,not needed as transformed-cumulative preferred,1,delete,transformed-partial,0,0,0,0,0,0,,1,1,0,0,0,0,768,check,check,,,,,,1,1,0,0,0,0,delete,
eco_usa_3.5Mar_d248_m162,e-commerce,US,3.5,Market Formation,cumulative PrivateEquityInvestment,cumulative $ million,m4,0.16502,0.12773,1242.5,2025.6,26.63,1.6535e+05,2.8505e-05,1854.2,-2.474e+06,0.98579,0.98475,2322.6,1708.7,0.98264,0.98182,2566.8,1897.2,0.68594,0.67098,10919,8694.7,45,35,0.40908,6.5171e-05,0.40901,35,0,34,0,0,1,0.90046,0,0,y,y,y,y,y,y,y,y,y,y,y,y,y,,,,,0,prefer,transformed-cumulative,1,1,0,0,0,0,,1,1,0,0,0,0,769,,,,,,,,1,1,0,0,0,0,delete,
eco_usa_3.5Mar_d249_m163,e-commerce,US,3.5,Market Formation,Partial up to max PrivateEquityInvestment,Partial up to max $ million,m4,0.1792,0.17919,144.62,2082,24.523,4.6368e+08,1.377e-05,1908.2,-2.8786e+05,0.64872,0.6217,1691.5,798.23,0.64872,0.63116,1691.5,798.25,0.39542,0.3652,2219.1,1516.6,43,30,2.5235e-05,2.6958e-10,2.5234e-05,33,0,29,0,0,1,0.63391,0,0,m,y,y,m,y,m,m,m,y,m,m,m,m,,,,not needed as transformed-cumulative preferred,1,delete,transformed-partial,0,0,0,0,0,0,,1,1,0,0,0,0,770,check,check,,,,,,1,1,0,0,0,0,delete,
eco_usa_3.5Mar_d250_m162,e-commerce,US,3.5,Market Formation,cumulative TotalFundraisingAmount,cumulative $ million,m4,0.12532,0.11834,9576.2,2040.3,35.066,4.8345e+06,9.5803e-06,1814.5,-1.9062e+07,0.98188,0.98056,19724,14739,0.9817,0.98083,19823,14879,0.72035,0.70703,77489,62971,45,40,0.10548,2.5856e-05,0.10546,40,0,39,0,0,1,0.90388,0,0,y,y,y,y,y,y,y,m,y,m,y,m,y,,,,,0,prefer,transformed-cumulative,1,1,0,0,0,0,,1,1,0,0,0,0,771,,,,,,,,1,1,0,0,0,0,delete,
eco_usa_3.5Mar_d251_m163,e-commerce,US,3.5,Market Formation,Partial up to max TotalFundraisingAmount,Partial up to max $ million,m4,0.45277,0.45255,1046,2046.1,9.7056,9.4753e+09,4.2654e-14,1927.4,-2.0816e+06,0.64959,0.62193,13783,6877,0.64959,0.63162,13783,6876.9,0.29649,0.26042,19530,10939,42,33,1.4177e-05,1.1373e-09,1.4176e-05,37,0,31,0,1,1,0.25525,0,0,m,y,y,m,m,m,m,m,m,m,m,m,m,,,,not needed as transformed-cumulative preferred,1,delete,transformed-partial,0,0,0,0,0,0,,1,1,0,0,0,0,772,check,check,,,,,,1,1,0,0,0,0,delete,
eco_usa_3.5Mar_d252_m160,e-commerce,US,3.5,Market Formation,cumulative TotalFundraisingDeals,cumulative # deals,m4,0.12922,0.10023,134.68,2025.7,34.007,15414,0.0018303,1872.5,-2.6802e+05,0.99518,0.99483,135.98,116.2,0.99122,0.9908,183.59,151.52,0.79713,0.78747,882.38,751.37,45,45,0.43273,0.00038926,0.43234,45,0,44,0,0,0,0.91913,0,0,y,y,y,y,y,y,y,y,y,y,y,y,y,,,,,0,prefer,transformed-cumulative,1,1,0,0,0,0,,1,1,0,0,0,0,773,,,,,,,,1,1,0,0,0,0,delete,
eco_usa_3.5Mar_d253_m161,e-commerce,US,3.5,Market Formation,Partial up to max TotalFundraisingDeals,Partial up to max # deals,m4,0.099803,0.099802,10.733,2123.4,44.031,1.4701e+07,0.045257,1927,-21339,0.8631,0.85229,57.113,35.402,0.8631,0.85608,57.113,35.403,0.71027,0.69541,83.086,62.335,42,42,4.4896e-05,6.8024e-08,4.4828e-05,42,0,40,0,0,1,0.82899,0,0,y,y,y,y,y,y,y,m,y,m,y,m,y,,,,not needed as transformed-cumulative preferred,1,delete,transformed-partial,0,0,0,0,0,0,,1,1,0,0,0,0,774,check,check,,,,,,1,1,0,0,0,0,delete,
eco_usa_4.1Sal_d213_m100,e-commerce,US,4.1,Knowledge Flows (social networks),annualised Google search frequency (index 100=monthly max.),Index 0-100,m4,-0.31189,-0.31188,-2.83,1968.1,-14.09,6.9548e+06,33.754,2007.4,5719,0.94203,0.9318,5.9474,4.3029,0.94203,0.93559,5.9474,4.3029,0.48127,0.42363,17.791,14.36,21,20,1.4379e-05,5.4396e-08,1.4324e-05,21,20,5,0,1,1,0.7064,0,1,y,y,y,m,m,m,y,m,y,m,m,m,m,,,,downward,0,prefer,original,1,1,0,0,1,1,,1,1,0,0,1,1,775,,,,,,,,1,1,0,0,1,1,,
eco_usa_4.1Sal_d239_m153,e-commerce,US,4.1,Knowledge Flows (social networks),Partial up to max annualised Google search frequency (index 100=monthly max.),Partial up to max Index 0-100,m4,,,,,,,,,,,,,,,,,,,,,,1,1,,,,1,0,0,0,0,,,0,1,n,n,y,m,m,m,m,m,m,n,n,n,n,,,,too few,0,hide,transformed-partial,0,0,0,0,0,0,,0,1,0,0,0,0,776,,check,,,,,,0,1,0,0,0,0,delete,
eco_usa_4.3Com_d115_m068,e-commerce,US,4.3,Compatibility,Internet users buying online,% of Internet users,m4,0.77786,0.033579,0.023865,2011.7,5.6494,0.73993,1.005,2028.5,-47.449,0.95149,0.80596,0.01707,0.013018,0.73215,0.4643,0.04011,0.033007,0.75858,0.51716,0.03808,0.03056,5,5,1.0244,0.72737,0.29706,9,0,4,0,0,0,0.81291,1,1,y,n,y,y,y,y,y,y,y,n,n,n,n,,,,,0,,,,,,,,,,1,1,0,0,1,1,777,,,,,,,,1,1,0,0,1,1,,
eco_usa_4.5Inf_d179_m066,e-commerce,US,4.5,Infrastructure dependence,Proportion of households with Internet access either via a fixed or mobile network,% of households,m4,0.091288,0.0030134,0.022102,2003.8,48.138,1.1004,1554.9,1.575e+05,-43.734,0.98908,0.98726,0.014765,0.012128,-24.706,-27.412,0.7165,0.70242,0.98459,0.98297,0.017543,0.013311,22,22,0.84087,0.37713,0.46374,22,0,21,0,0,0,0.95361,1,1,y,y,y,y,y,y,y,y,y,y,y,y,y,,,,,0,,,1,1,,,,,,1,1,0,0,1,1,778,,,,,,,,1,1,0,0,1,1,,
ego_bra_1.1Adod_m_0,E-government,Brazil,1.1,Adoption over Time,Taking part in online consultations or voting to define civic or political issues (% of individuals in last 3 months),%,s2,,,0.54522,,,,,,-1095.1,,,,,,,,,1,1,2.2263e-13,2.1894e-13,2,2,,,,3,0,1,0,0,0,0.49448,0,1,n,n,y,y,y,y,m,m,y,n,n,,,,,,,,,,,,,,,,,,,,,,,,,,,,,,,,,,,,,,
ego_est_1.1Ado_d034_m195,e-government,Estonia,1.1,Adoption over time,% people who interacted online with public authorities (in the past year),%,s2,0.21302,0.044441,0.031073,2009.5,20.63,0.88962,1.3904,2032.6,-61.966,0.84816,0.81019,0.062292,0.043298,0.76113,0.72438,0.07813,0.061672,0.80288,0.77255,0.070975,0.05406,16,16,0.93422,0.41669,0.51752,16,0,15,0,0,0,0.93642,1,1,y,y,y,y,y,y,y,y,y,y,y,,,,,,,,,,,,,,,,,,,,,,,,,,,,,,,,,,,,,,
ego_est_1.1Ado_d035_m195,e-government,Estonia,1.1,Adoption over time,% people who obtained information from public authorities' web sites (in the past year),%,s2,0.16775,0.042657,0.025069,2008.4,26.196,0.79436,1.1783,2031.9,-49.931,0.79705,0.73616,0.051592,0.038632,0.75566,0.71123,0.056609,0.044522,0.77868,0.73844,0.053876,0.042086,14,14,0.88827,0.45987,0.4284,14,6,13,1,0,0,0.92835,1,1,y,y,y,y,y,y,y,y,y,y,y,,,,,,,,,,,,,,,,,,,,,,,,,,,,,,,,,,,,,,
ego_est_1.1Ado_d036_m195,e-government,Estonia,1.1,Adoption over time,% people who submitted completed public authorities' forms online (in the past year),%,s2,0.18195,0.08097,0.043446,2014.5,24.152,1.0546,6.3427,2045.9,-86.995,0.79622,0.73508,0.089312,0.069747,0.77246,0.73109,0.094373,0.076362,0.78361,0.74426,0.092033,0.07331,14,14,0.71973,0.25774,0.46199,14,0,13,0,0,1,0.90788,1,1,y,y,y,y,y,y,y,y,y,y,y,,,,,,,,,,,,,,,,,,,,,,,,,,,,,,,,,,,,,,
ego_est_1.1Ado_d345_m185,e-government,Estonia,1.1,Adoption over time,share of people who interacted with public authorities (in the past year),market share,s2,0.21302,0.044441,0.031073,2009.5,20.63,0.88962,1.3904,2032.6,-61.966,0.84816,0.81019,0.062292,0.043298,0.76113,0.72438,0.07813,0.061672,0.80288,0.77255,0.070975,0.05406,16,16,0.93422,0.41669,0.51752,16,0,15,0,0,0,0.93642,1,1,y,y,y,y,y,y,y,y,y,y,y,y,y,,,,,0,prefer-relative,transformed-marketshare,1,1,0,1,0,0,,1,1,0,1,0,0,782,,,,,,,,1,1,0,1,0,0,,
ego_est_2.2Rel_d110_m195,e-government,Estonia,2.2,Relative Advantge (profitability),"ICT service exports (% of service exports, BoP)",%,s2,0.097471,0.097469,0.0058208,2143.8,45.085,29517,1.8174,2044.3,-11.607,0.95806,0.95259,0.013196,0.011007,0.95806,0.95456,0.013196,0.011007,0.81026,0.79445,0.028068,0.023199,27,27,8.0092e-06,4.641e-07,7.5451e-06,32,0,21,0,1,1,0.89074,1,1,y,y,y,y,y,y,y,m,y,m,y,,,,,,,,,,,,,,,,,,,,,,,,,,,,,,,,,,,,,,
ego_est_2.4Eas_d003_m195,e-government,Estonia,2.4,Ease of Use / Acccessibility,% households who can not afford a computer,%,s2,-0.25917,-0.25917,-0.011049,1956.4,-16.956,68854,1851.2,1970.4,22.32,0.96333,0.95645,0.015318,0.014301,0.96333,0.95901,0.015318,0.014301,0.63441,0.5914,0.048364,0.03727,20,20,4.6039e-06,2.3238e-07,4.3716e-06,20,19,0,0,0,0,0.75,1,1,y,y,y,y,y,y,y,m,y,m,y,,,,,,,,,,,,,,,,,,,,,,,,,,,,,,,,,,,,,,
ego_est_2.5Var_d085_m099,e-government,Estonia,2.5,Variety: Choice Availability,"E-Participation Index (three components of citizen involvement: e-information, e-consultation and e-decision-making; indexed 0-1)",Index 0-1,s2,0.036333,0.0029311,0.021314,2045.8,120.95,3.3373,1555,1.575e+05,-42.119,0.92991,0.89987,0.036796,0.032431,-30.274,-38.092,0.77725,0.76472,0.92787,0.90984,0.037327,0.032494,11,11,0.29964,0.16016,0.13948,20,1,10,1,0,0,0.90599,1,1,y,y,y,y,y,y,y,m,y,m,y,m,y,1,,,,0,,,,1,,,,,,1,1,0,0,0,1,785,,,,,,,,1,1,0,0,0,1,,
ego_est_2.5Var_d147_m099,e-government,Estonia,2.5,Variety: Choice Availability,Online Service Index (# services available online /180 total),Index 0-1,s2,0.020771,0.0024161,0.01583,2424.9,211.56,4093.3,1555.2,1.5748e+05,-31.071,0.58184,0.40263,0.085321,0.061058,-34.799,-43.748,0.78943,0.77833,0.56791,0.45988,0.08673,0.061235,11,11,0.00024286,0.00012254,0.00012032,20,1,6,1,1,0,0.89514,1,1,m,y,y,y,y,y,y,m,y,m,y,m,y,1,,,,0,,,,1,,,,,,1,1,0,0,0,0,786,,,,,,,,1,1,0,0,0,0,delete,
ego_est_2.9Int_d004_m195,e-government,Estonia,2.9,Inter-dependence with hardware,% households with a computer,%,s2,0.27188,0.065615,0.044489,2005.6,16.163,0.91825,6.2382,2045.1,-88.772,0.98994,0.98743,0.02101,0.017618,0.89122,0.87449,0.069101,0.058158,0.95816,0.95172,0.042855,0.034409,16,16,0.97555,0.23741,0.73814,16,1,15,0,0,0,0.94007,1,1,y,y,y,y,y,y,y,y,y,y,y,,,,,,,,,,,,,,,,,,,,,,,,,,,,,,,,,,,,,,
ego_est_4.1Sal_d213_m100,e-government,Estonia,4.1,Knowledge Flows (social networks),annualised Google search frequency (index 100=monthly max.),Index 0-100,s2,34.543,0.070896,1.7584,2011.2,0.12722,30.462,2.0768,1983.8,-3522.6,0.19047,0.047609,30.497,22.161,0.076833,-0.025741,32.567,25.393,0.098685,-0.0014611,32.179,24.17,21,6,3.2828,0.36111,2.9217,13,12,0,0,0,1,0.11192,0,1,n,y,y,m,m,m,m,y,m,n,m,n,m,,,,noisy,0,hide,original,0,0,0,0,0,0,,0,0,0,0,0,0,788,,,,,,,,0,0,0,0,0,0,delete,
ego_est_4.1Sal_d239_m153,e-government,Estonia,4.1,Knowledge Flows (social networks),Partial up to max annualised Google search frequency (index 100=monthly max.),Partial up to max Index 0-100,s2,17.135,,6.6667,2012.1,0.25647,383.75,,,-13376,1,1,1.6316e-06,5.5495e-07,,,,,0.3,0.066667,26.294,19.753,9,1,0.26059,0.26059,0,1,0,0,0,0,,,0,1,y,n,y,m,m,m,m,m,m,n,n,n,n,,,,too few,0,prefer,transformed-partial,0,0,0,0,0,1,,0,0,0,0,0,1,789,,,,,,,,0,0,0,0,0,1,,
ego_est_4.5Inf_d005_m195,e-government,Estonia,4.5,Physical Infrastructure dependence,% households with broadband internet connection (fixed or mobile),%,s2,0.32041,0.0047281,0.040429,2007.3,13.715,0.91337,1554.4,1.5756e+05,-80.681,0.99087,0.98892,0.021143,0.015983,-9.4832,-10.881,0.71652,0.68149,0.89834,0.88478,0.07056,0.060987,18,18,0.99488,0.22236,0.77252,18,0,17,0,0,0,0.95041,1,1,y,y,y,y,y,y,y,y,y,y,y,,,,,,,,,,,,,,,,,,,,,,,,,,,,,,,,,,,,,,
ego_ger_1.1Adod_m_0,E-government,Germany,1.1,Adoption over Time,Taking part in online consultations or voting to define civic or political issues (% of individuals in last 3 months),%,s2,-0.23372,-0.035064,-0.37092,2024.9,-18.802,12.515,13.383,2009,758.4,0.27743,-0.15611,2.7687,2.3029,0.23155,-0.024597,2.8552,2.4706,0.24497,-0.0067095,2.8302,2.4381,9,9,1.1782,0.3491,0.82908,14,4,2,1,1,1,0.80308,0,1,n,y,y,y,y,y,y,y,m,n,m,,,,,,,,,,,,,,,,,,,,,,,,,,,,,,,,,,,,,,
ego_glo_3.3Sci_d235_m020,e-government,Global,3.3,Risk & Uncertainty (Shared Expectations),scientific publications,# publications,s2,0.54768,0.06256,24.205,2005,8.0238,985.86,0.019065,1845.7,-47988,0.96737,0.96545,80.167,45.489,0.77212,0.76336,211.86,171.17,0.74958,0.73995,222.09,191,55,39,1.1797,0.0010143,1.1787,55,5,51,0,0,1,0.96787,0,0,y,y,y,m,y,m,y,y,y,m,m,m,m,,,,"good; only available global, apply to all EA regions",0,,,1,1,0,0,1,1,,1,1,0,0,1,1,791,,,,,,,,1,1,0,0,1,1,,
ego_hun_1.1Ado_d034_m195,e-government,Hungary,1.1,Adoption over time,% people who interacted online with public authorities (in the past year),%,s2,0.06119,0.061188,0.029056,2184.4,71.816,14369,1.1295,2029.9,-58.076,0.94091,0.92614,0.033949,0.026913,0.94091,0.93182,0.033949,0.026913,0.91983,0.90749,0.039544,0.034178,16,16,5.0935e-05,1.9577e-05,3.1359e-05,16,0,15,0,0,0,0.9183,1,1,y,y,y,y,y,y,y,m,y,m,y,,,,,,,,,,,,,,,,,,,,,,,,,,,,,,,,,,,,,,
ego_hun_1.1Ado_d036_m195,e-government,Hungary,1.1,Adoption over time,% people who submitted completed public authorities' forms online (in the past year),%,s2,0.12635,0.12634,0.029669,2112.4,34.781,55628,0.89468,2025,-59.497,0.8684,0.82892,0.049587,0.036691,0.8684,0.84447,0.049587,0.03669,0.76556,0.72293,0.066185,0.046697,14,14,1.1917e-05,2.2597e-06,9.6571e-06,14,0,13,0,0,0,0.78494,1,1,y,y,y,y,y,y,y,m,y,m,y,,,,,,,,,,,,,,,,,,,,,,,,,,,,,,,,,,,,,,
ego_hun_1.1Ado_d345_m185,e-government,Hungary,1.1,Adoption over time,share of people who interacted with public authorities (in the past year),market share,s2,0.12107,0.061188,0.029056,2016,36.297,1,1.1295,2029.9,-58.076,0.91796,0.89745,0.040001,0.034462,0.94091,0.93182,0.033949,0.026913,0.91983,0.90749,0.039544,0.034178,16,16,0.7319,0.2813,0.4506,16,0,15,0,0,0,0.9183,1,1,y,y,y,y,y,y,y,y,y,y,y,m,y,,,,,0,prefer-relative,transformed-marketshare,1,1,0,1,0,0,,1,1,0,1,0,0,794,,,,,,,,1,1,0,1,0,0,,
ego_hun_2.2Rel_d110_m195,e-government,Hungary,2.2,Relative Advantge (profitability),"ICT service exports (% of service exports, BoP)",%,s2,0.19464,0.0013371,0.0036465,2004.9,22.577,0.10626,1555.1,1.5747e+05,-7.2596,0.92136,0.91192,0.0089939,0.0070907,-4.2737,-4.6794,0.073653,0.066303,0.9049,0.89758,0.0098907,0.0076181,29,29,1.1961,0.13709,1.0591,29,3,25,1,1,0,0.96069,1,1,y,y,y,y,y,y,y,y,y,y,y,,,,,,,,,,,,,,,,,,,,,,,,,,,,,,,,,,,,,,
ego_hun_2.4Eas_d003_m195,e-government,Hungary,2.4,Ease of Use / Acccessibility,% households who can not afford a computer,%,s2,-0.076872,-0.0632,-0.0067214,1991.9,-57.165,0.64725,6.3394,1948.2,13.641,0.94263,0.93034,0.0086622,0.0072154,0.9419,0.93415,0.0087178,0.0074378,0.92968,0.92031,0.0095902,0.007571,18,18,0.26728,0.08652,0.18076,18,17,2,0,1,0,0.91825,1,1,y,y,y,y,y,y,y,m,y,m,y,,,,,,,,,,,,,,,,,,,,,,,,,,,,,,,,,,,,,,
ego_hun_2.5Var_d085_m099,e-government,Hungary,2.5,Variety: Choice Availability,"E-Participation Index (three components of citizen involvement: e-information, e-consultation and e-decision-making; indexed 0-1)",Index 0-1,s2,0.042184,0.0026356,0.017822,2268,104.17,23278,1554.9,1.575e+05,-35.364,0.52276,0.31823,0.11579,0.089514,-8.6696,-11.087,0.52119,0.4935,0.44608,0.3076,0.12474,0.1016,11,11,3.3195e-05,8.787e-06,2.4408e-05,20,0,7,0,1,0,0.81642,1,1,m,y,y,y,y,y,y,m,y,m,y,m,y,4,,"use, ok (upward trend) but volatile",,0,,,,1,,,,,,1,1,0,0,0,1,797,,,,,,,,1,1,0,0,0,1,,
ego_hun_2.5Var_d147_m099,e-government,Hungary,2.5,Variety: Choice Availability,Online Service Index (# services available online /180 total),Index 0-1,s2,0.017341,0.0019427,0.010647,2559.5,253.42,8658.3,1555.2,1.5747e+05,-20.765,0.44033,0.20047,0.078013,0.062651,-39.614,-49.768,0.66457,0.65634,0.41129,0.26411,0.080012,0.063972,11,11,0.00010195,5.8298e-05,4.365e-05,20,0,6,0,1,0,0.86656,1,1,m,y,y,y,y,y,y,m,y,m,y,m,y,2,,,,0,,,,1,,,,,,1,1,0,0,0,0,798,,,,,,,,1,1,0,0,0,0,delete,
ego_hun_2.9Int_d004_m195,e-government,Hungary,2.9,Inter-dependence with hardware,% households with a computer,%,s2,0.31104,0.0047307,0.040008,2004.6,14.128,0.7861,1554.3,1.5755e+05,-79.818,0.99685,0.99629,0.013908,0.0092637,-3.7196,-4.244,0.53808,0.47769,0.95667,0.95185,0.05156,0.045397,21,21,0.98979,0.11449,0.8753,21,0,20,0,0,0,0.94646,1,1,y,y,y,y,y,y,y,y,y,y,y,,,,,,,,,,,,,,,,,,,,,,,,,,,,,,,,,,,,,,
ego_hun_4.1Sal_d213_m100,e-government,Hungary,4.1,Knowledge Flows (social networks),annualised Google search frequency (index 100=monthly max.),Index 0-100,s2,0.47859,0.2445,1.0974,2021.8,9.1821,77.61,0.45026,2004,-2193.7,0.24535,0.11217,22.822,8.5165,0.23903,0.15448,22.917,9.3452,0.063982,-0.04002,25.416,16.436,21,11,1.2885,0.02577,1.2627,21,20,9,0,1,1,0.39056,0,1,n,y,y,m,m,m,m,y,m,n,m,n,m,,,,,0,prefer,original,1,1,0,0,0,1,,1,1,0,0,0,1,800,,,,,,,,1,1,0,0,0,1,,
ego_hun_4.1Sal_d239_m153,e-government,Hungary,4.1,Knowledge Flows (social networks),Partial up to max annualised Google search frequency (index 100=monthly max.),Partial up to max Index 0-100,s2,,,,,,,,,,,,,,,,,,,,,,1,1,,,,1,0,0,0,0,,,0,1,n,n,y,m,m,m,m,m,m,n,n,n,n,,,,too few,0,hide,transformed-partial,0,0,0,0,0,0,,0,0,0,0,0,0,801,,,,,,,,0,0,0,0,0,0,delete,
ego_hun_4.5Inf_d005_m195,e-government,Hungary,4.5,Physical Infrastructure dependence,% households with broadband internet connection (fixed or mobile),%,s2,0.32041,0.0047281,0.040429,2007.3,13.715,0.91337,1554.4,1.5756e+05,-80.681,0.99087,0.98892,0.021143,0.015983,-9.4832,-10.881,0.71652,0.68149,0.89834,0.88478,0.07056,0.060987,18,18,0.99488,0.22236,0.77252,18,0,17,0,0,0,0.95041,1,1,y,y,y,y,y,y,y,y,y,y,y,,,,,,,,,,,,,,,,,,,,,,,,,,,,,,,,,,,,,,
ego_ita_1.1Adod_m_0,E-government,Italy,1.1,Adoption over Time,Taking part in online consultations or voting to define civic or political issues (% of individuals in last 3 months),%,s2,0.064586,0.064585,0.40172,2187.8,68.04,4.069e+05,12.993,2027.5,-803.41,0.7204,0.44079,1.1128,0.98662,0.7204,0.58059,1.1128,0.98662,0.65291,0.47937,1.2399,1.1469,7,7,2.5746e-05,1.2019e-05,1.3728e-05,13,1,3,0,1,0,0.80799,0,1,y,y,y,y,y,y,y,m,y,m,y,,,,,,,,,,,,,,,,,,,,,,,,,,,,,,,,,,,,,,
ego_lat_1.1Ado_d034_m195,e-government,Latvia,1.1,Adoption over time,% people who interacted online with public authorities (in the past year),%,s2,0.30711,0.052201,0.031526,2010.4,14.309,0.72463,1.2087,2031.3,-62.997,0.85287,0.81608,0.064114,0.052093,0.68404,0.63544,0.093952,0.078275,0.756,0.71846,0.082563,0.069012,16,16,1.0685,0.28263,0.78592,16,2,15,1,0,0,0.9442,1,1,y,y,y,y,y,y,y,y,y,y,y,,,,,,,,,,,,,,,,,,,,,,,,,,,,,,,,,,,,,,
ego_lat_1.1Ado_d035_m195,e-government,Latvia,1.1,Adoption over time,% people who obtained information from public authorities' web sites (in the past year),%,s2,0.28414,0.063125,0.033412,2010.2,15.466,0.69021,1.147,2028.2,-66.811,0.83239,0.78211,0.061719,0.051014,0.74967,0.70416,0.075427,0.06345,0.79819,0.7615,0.067724,0.056918,14,14,0.99259,0.27948,0.71311,14,4,13,1,0,0,0.91691,1,1,y,y,y,y,y,y,y,y,y,y,y,,,,,,,,,,,,,,,,,,,,,,,,,,,,,,,,,,,,,,
ego_lat_1.1Ado_d036_m195,e-government,Latvia,1.1,Adoption over time,% people who submitted completed public authorities' forms online (in the past year),%,s2,0.19328,0.0051609,0.044647,2024.1,22.737,1.952,1554.1,1.576e+05,-89.629,0.95947,0.94731,0.038451,0.03127,-2.6731,-3.3409,0.36605,0.31227,0.88795,0.86758,0.063934,0.058318,14,14,0.33269,0.050257,0.28244,14,0,13,0,0,0,0.87071,1,1,y,y,y,y,y,y,y,y,y,y,y,,,,,,,,,,,,,,,,,,,,,,,,,,,,,,,,,,,,,,
ego_lat_1.1Ado_d345_m185,e-government,Latvia,1.1,Adoption over time,share of people who interacted with public authorities (in the past year),market share,s2,0.30711,0.052201,0.031526,2010.4,14.309,0.72463,1.2087,2031.3,-62.997,0.85287,0.81608,0.064114,0.052093,0.68404,0.63544,0.093952,0.078275,0.756,0.71846,0.082563,0.069012,16,16,1.0685,0.28263,0.78592,16,2,15,1,0,0,0.9442,1,1,y,y,y,y,y,y,y,y,y,y,y,y,y,,,,,0,prefer-relative,transformed-marketshare,1,1,0,1,0,0,,1,1,0,1,0,0,806,,,,,,,,1,1,0,1,0,0,,
ego_lat_2.2Rel_d110_m195,e-government,Latvia,2.2,Relative Advantge (profitability),"ICT service exports (% of service exports, BoP)",%,s2,0.11922,0.090674,0.0052456,2026.5,36.86,0.48516,2.5473e-30,1289.3,-10.459,0.94424,0.93588,0.013916,0.011939,0.94119,0.93559,0.014292,0.01288,0.83037,0.81421,0.024272,0.02127,24,24,0.37295,0.00048164,0.37247,32,2,23,0,0,1,0.9315,1,1,y,y,y,y,y,y,y,y,y,y,y,,,,,,,,,,,,,,,,,,,,,,,,,,,,,,,,,,,,,,
ego_lat_2.4Eas_d003_m195,e-government,Latvia,2.4,Ease of Use / Acccessibility,% households who can not afford a computer,%,s2,-0.13376,-0.00035469,-0.014344,1916.8,-32.852,42107,-1544.8,-1.5263e+05,29.011,0.96282,0.95539,0.016406,0.011491,-2.0877,-2.4737,0.14952,0.12295,0.8525,0.83406,0.03268,0.025138,19,19,8.2171e-06,7.3622e-07,7.4809e-06,19,18,2,0,1,0,0.83996,1,1,y,y,y,y,y,y,y,m,y,m,y,,,,,,,,,,,,,,,,,,,,,,,,,,,,,,,,,,,,,,
ego_lat_2.5Var_d085_m099,e-government,Latvia,2.5,Variety: Choice Availability,"E-Participation Index (three components of citizen involvement: e-information, e-consultation and e-decision-making; indexed 0-1)",Index 0-1,s2,0.21306,0.0040173,0.032513,2011.8,20.626,0.78073,1554.5,1.5755e+05,-65.017,0.81865,0.74093,0.097327,0.068658,-3.0494,-4.0618,0.45991,0.3991,0.79847,0.74809,0.1026,0.071347,11,11,0.90413,0.17663,0.7275,20,4,10,1,0,1,0.81664,1,1,y,y,y,y,y,y,y,y,y,y,y,y,y,1,,,,0,,,1,1,,,,,,1,1,0,0,0,1,809,,,,,,,,1,1,0,0,0,1,,
ego_lat_2.5Var_d147_m099,e-government,Latvia,2.5,Variety: Choice Availability,Online Service Index (# services available online /180 total),Index 0-1,s2,0.035645,0.027947,0.015559,2049.4,123.28,2.6396,0.17598,1971.3,-30.748,0.69074,0.5582,0.065557,0.055364,0.69045,0.61307,0.065587,0.055063,0.6873,0.60912,0.065921,0.056317,11,11,0.29084,0.14773,0.1431,20,0,9,0,0,0,0.86963,1,1,m,y,y,y,y,y,y,m,y,m,y,m,y,2,,,,0,,,,1,,,,,,1,1,0,0,0,0,810,,,,,,,,1,1,0,0,0,0,delete,
ego_lat_2.9Int_d004_m195,e-government,Latvia,2.9,Inter-dependence with hardware,% households with a computer,%,s2,0.38698,0.0052026,0.045145,2005.8,11.356,0.76972,1554.2,1.5757e+05,-90.179,0.99486,0.99367,0.016398,0.013195,-5.1131,-5.9863,0.56543,0.51712,0.93525,0.926,0.058192,0.050981,17,17,1.0054,0.14291,0.86252,17,0,16,0,0,0,0.93995,1,1,y,y,y,y,y,y,y,y,y,y,y,,,,,,,,,,,,,,,,,,,,,,,,,,,,,,,,,,,,,,
ego_lat_4.1Sal_d213_m100,e-government,Latvia,4.1,Knowledge Flows (social networks),annualised Google search frequency (index 100=monthly max.),Index 0-100,s2,24.824,-0.11407,-1.2299,2014.2,0.17702,0.9,-1506,-1.565e+05,2482.1,-0.058929,-0.2458,21.845,5.362,-0.059785,-0.17754,21.853,5.1905,0.12307,0.025639,19.879,10.734,21,4,111.11,2.2222,108.89,20,19,0,0,0,1,0.00079769,0,1,n,m,y,m,m,m,m,y,m,n,m,m,m,,,,too few,0,prefer,original,0,0,0,0,0,1,,0,0,0,0,0,1,812,,,,,,,,0,0,0,0,0,1,,
ego_lat_4.1Sal_d239_m153,e-government,Latvia,4.1,Knowledge Flows (social networks),Partial up to max annualised Google search frequency (index 100=monthly max.),Partial up to max Index 0-100,s2,,,,,,,,,,,,,,,,,,,,,,1,1,,,,1,0,0,0,0,,,0,1,n,n,y,m,m,m,m,m,m,n,n,n,n,,,,too few,0,hide,transformed-partial,0,0,0,0,0,0,,0,0,0,0,0,0,813,,,,,,,,0,0,0,0,0,0,delete,
ego_lat_4.5Inf_d005_m195,e-government,Latvia,4.5,Physical Infrastructure dependence,% households with broadband internet connection (fixed or mobile),%,s2,0.39332,0.0053008,0.046427,2008.5,11.173,0.83355,1554.2,1.5758e+05,-92.849,0.98139,0.9774,0.034296,0.02827,-5.395,-6.2476,0.63578,0.58396,0.91785,0.9069,0.072058,0.063463,18,18,1.0735,0.064423,1.0091,18,0,17,0,0,1,0.94073,1,1,y,y,y,y,y,y,y,y,y,y,y,,,,,,,,,,,,,,,,,,,,,,,,,,,,,,,,,,,,,,
ego_net_1.1Adod_m_0,E-government,Netherlands,1.1,Adoption over Time,Taking part in online consultations or voting to define civic or political issues (% of individuals in last 3 months),%,s2,-0.49913,-0.49913,-4.7397,1987.2,-8.8042,3.6422e+06,23.98,2011.1,9554,0.93259,1.1348,2.3019,1.9917,0.93259,-inf,2.3019,1.9917,0.7621,-inf,4.3244,4.0771,3,3,7.0182e-06,1.8129e-06,5.2053e-06,5,2,0,0,0,1,0.29839,0,1,y,n,y,y,y,y,m,m,y,n,n,,,,,,,,,,,,,,,,,,,,,,,,,,,,,,,,,,,,,,
ego_por_1.1Ado_d034_m195,e-government,Portugal,1.1,Adoption over time,% people who interacted online with public authorities (in the past year),%,s2,0.20707,0.052511,0.022008,2010.2,21.222,0.57044,0.95835,2032.4,-43.95,0.83473,0.79342,0.045155,0.038398,0.80693,0.77723,0.048807,0.046019,0.83418,0.80867,0.045231,0.042818,16,16,1.0501,0.32606,0.724,16,0,15,0,0,0,0.92483,1,1,y,y,y,y,y,y,y,y,y,y,y,,,,,,,,,,,,,,,,,,,,,,,,,,,,,,,,,,,,,,
ego_por_1.1Ado_d035_m195,e-government,Portugal,1.1,Adoption over time,% people who obtained information from public authorities' web sites (in the past year),%,s2,0.62867,0.042774,0.016138,2008.9,6.9901,0.39532,0.10483,1987.3,-32.171,0.91725,0.89242,0.023522,0.020647,0.56997,0.49178,0.053621,0.050103,0.63299,0.56626,0.049536,0.047276,14,14,1.0591,0.40904,0.65011,14,5,13,1,0,0,0.935,1,1,y,y,y,y,y,y,y,y,y,y,y,,,,,,,,,,,,,,,,,,,,,,,,,,,,,,,,,,,,,,
ego_por_1.1Ado_d036_m195,e-government,Portugal,1.1,Adoption over time,% people who submitted completed public authorities' forms online (in the past year),%,s2,0.45729,0.0021888,0.012965,2008.5,9.6098,0.31711,1555,1.575e+05,-25.849,0.90965,0.88254,0.017684,0.015005,-21.016,-25.019,0.27604,0.2697,0.78924,0.75092,0.027009,0.022725,14,14,1.0798,0.43676,0.643,14,0,13,0,0,0,0.93041,1,1,y,y,y,y,y,y,y,y,y,y,y,,,,,,,,,,,,,,,,,,,,,,,,,,,,,,,,,,,,,,
ego_por_1.1Ado_d345_m185,e-government,Portugal,1.1,Adoption over time,share of people who interacted with public authorities (in the past year),market share,s2,0.20707,0.052511,0.022008,2010.2,21.222,0.57044,0.95835,2032.4,-43.95,0.83473,0.79342,0.045155,0.038398,0.80693,0.77723,0.048807,0.046019,0.83418,0.80867,0.045231,0.042818,16,16,1.0501,0.32606,0.724,16,0,15,0,0,0,0.92483,1,1,y,y,y,y,y,y,y,y,y,y,y,y,y,,,,,0,prefer-relative,transformed-marketshare,1,1,0,1,0,0,,1,1,0,1,0,0,818,,,,,,,,1,1,0,1,0,0,,
ego_por_1.1Adod_m_0,E-government,Portugal,1.1,Adoption over Time,Taking part in online consultations or voting to define civic or political issues (% of individuals in last 3 months),%,s2,0.28795,0.024643,0.25719,2008.8,15.261,11.336,6.1351,1998.1,-508.95,0.62135,0.39416,0.96092,0.85587,0.48972,0.31963,1.1155,0.94812,0.51237,0.34983,1.0905,0.91457,9,9,1.033,0.6065,0.42645,14,0,7,0,1,0,0.88244,0,1,m,y,y,y,y,y,y,y,y,m,y,,,,,,,,,,,,,,,,,,,,,,,,,,,,,,,,,,,,,,
ego_por_2.2Rel_d110_m195,e-government,Portugal,2.2,Relative Advantge (profitability),"ICT service exports (% of service exports, BoP)",%,s2,0.042102,0.042099,0.0016724,2278.8,104.38,4029.1,4.5386,2117.6,-3.3093,0.57599,0.52888,0.014162,0.010386,0.57599,0.54571,0.014162,0.010386,0.47306,0.43542,0.015787,0.012243,31,31,2.9382e-05,5.9409e-06,2.3441e-05,31,2,22,0,1,0,0.92393,1,1,m,y,y,y,y,y,y,m,y,m,y,,,,,,,,,,,,,,,,,,,,,,,,,,,,,,,,,,,,,,
ego_por_2.4Eas_d003_m195,e-government,Portugal,2.4,Ease of Use / Acccessibility,% households who can not afford a computer,%,s2,-0.1036,-0.1036,-0.0085754,1891.3,-42.418,24928,0.54144,1994.9,17.361,0.92414,0.90897,0.014563,0.012379,0.92415,0.91466,0.014563,0.012379,0.78909,0.76273,0.024283,0.021627,19,19,8.4645e-06,1.9657e-06,6.4988e-06,19,18,0,0,0,0,0.8922,1,1,y,y,y,y,y,y,y,m,y,m,y,,,,,,,,,,,,,,,,,,,,,,,,,,,,,,,,,,,,,,
ego_por_2.5Var_d085_m099,e-government,Portugal,2.5,Variety: Choice Availability,"E-Participation Index (three components of citizen involvement: e-information, e-consultation and e-decision-making; indexed 0-1)",Index 0-1,s2,0.16258,0.0040118,0.032531,2012.2,27.029,0.98162,1554.5,1.5754e+05,-64.962,0.74936,0.64194,0.12093,0.10012,-4.1027,-5.3784,0.54565,0.48927,0.71558,0.64448,0.12882,0.11287,11,11,0.91573,0.2102,0.70553,20,2,8,1,1,0,0.87895,1,1,y,y,y,y,y,y,y,y,y,y,y,y,y,2,,,,0,,,1,1,,,,,,1,1,0,0,0,1,821,,,,,,,,1,1,0,0,0,1,,
ego_por_2.5Var_d147_m099,e-government,Portugal,2.5,Variety: Choice Availability,Online Service Index (# services available online /180 total),Index 0-1,s2,0.065561,0.0031659,0.023674,2017.9,67.028,1.5464,1554.8,1.5751e+05,-47.001,0.72685,0.60978,0.091605,0.072506,-12.975,-16.468,0.65522,0.63134,0.71979,0.64974,0.09278,0.072654,11,11,0.60177,0.25045,0.35132,20,2,6,1,1,0,0.87859,1,1,y,y,y,y,y,y,y,y,y,y,y,y,y,2,,,,0,,,1,1,,,,,,0,1,0,0,0,0,822,check,,,,,,,1,1,0,0,0,0,delete,
ego_por_2.9Int_d004_m195,e-government,Portugal,2.9,Inter-dependence with hardware,% households with a computer,%,s2,0.20112,0.0038986,0.031109,2004.3,21.85,0.78167,1554.5,1.5752e+05,-61.966,0.99349,0.99246,0.01681,0.012073,-4.4435,-4.9878,0.48612,0.4392,0.98088,0.97897,0.028808,0.024172,23,23,0.91459,0.14072,0.77387,23,0,22,0,0,0,0.94926,1,1,y,y,y,y,y,y,y,y,y,y,y,,,,,,,,,,,,,,,,,,,,,,,,,,,,,,,,,,,,,,
ego_por_4.1Sal_d213_m100,e-government,Portugal,4.1,Knowledge Flows (social networks),annualised Google search frequency (index 100=monthly max.),Index 0-100,s2,15.066,0.31491,3.2807,2021.9,0.29168,85.92,0.23352,2005,-6591.6,0.80671,0.7726,13.222,5.2318,0.68412,0.64902,16.903,10.697,0.43633,0.37371,22.579,18.123,21,6,1.1639,0.1514,1.0125,10,1,9,1,0,1,0.64391,0,1,y,y,y,m,m,m,m,y,y,m,m,m,m,,,,,0,hide,original,1,1,0,0,0,0,,1,1,0,0,0,0,824,,,,,,,,1,1,0,0,0,0,delete,
ego_por_4.1Sal_d239_m153,e-government,Portugal,4.1,Knowledge Flows (social networks),Partial up to max annualised Google search frequency (index 100=monthly max.),Partial up to max Index 0-100,s2,0.6248,0.62476,2.9119,2037.7,7.0333,1.0293e+06,0.30134,2013.7,-5850.1,0.73436,0.68455,14.432,7.0604,0.73436,0.70311,14.432,7.0605,0.35957,0.28423,22.408,17.026,20,5,9.7154e-05,1.2638e-05,8.4516e-05,9,0,8,0,0,1,0.44062,0,1,y,n,y,m,m,m,m,m,y,n,n,m,m,,,,,0,prefer,transformed-partial,1,1,0,0,0,1,,0,1,0,0,0,1,825,check,,,,,,,1,1,0,0,0,1,,
ego_por_4.5Inf_d005_m195,e-government,Portugal,4.5,Physical Infrastructure dependence,% households with broadband internet connection (fixed or mobile),%,s2,0.30674,0.0049505,0.042606,2008.8,14.326,0.81948,1554.2,1.5757e+05,-85.192,0.98886,0.98663,0.02517,0.020021,-4.9707,-5.717,0.5826,0.53157,0.95797,0.95272,0.04888,0.044361,19,19,1.0263,0.096036,0.93022,19,0,18,0,0,0,0.94149,1,1,y,y,y,y,y,y,y,y,y,y,y,,,,,,,,,,,,,,,,,,,,,,,,,,,,,,,,,,,,,,
ego_swe_1.1Ado_d034_m195,e-government,Sweden,1.1,Adoption over time,% people who interacted online with public authorities (in the past year),%,s2,0.29596,0.018421,0.014876,2005.1,14.848,0.84991,3.3028,2094.1,-29.204,0.8481,0.81012,0.031901,0.023702,0.67697,0.62728,0.04652,0.041122,0.70194,0.65609,0.044686,0.039451,16,16,1.0664,0.69196,0.37439,16,2,15,1,0,0,0.94608,1,1,y,y,y,y,y,y,y,y,y,y,y,,,,,,,,,,,,,,,,,,,,,,,,,,,,,,,,,,,,,,
ego_swe_1.1Ado_d035_m195,e-government,Sweden,1.1,Adoption over time,% people who obtained information from public authorities' web sites (in the past year),%,s2,0.38644,0.025204,0.01866,2006.3,11.372,0.78937,0.26941,1975.7,-36.87,0.8638,0.82294,0.031995,0.023792,0.73153,0.68272,0.04492,0.035716,0.75281,0.70786,0.043103,0.0358,14,14,1.0826,0.66775,0.41489,14,0,13,0,0,0,0.92937,1,1,y,y,y,y,y,y,y,y,y,y,y,,,,,,,,,,,,,,,,,,,,,,,,,,,,,,,,,,,,,,
ego_swe_1.1Ado_d036_m195,e-government,Sweden,1.1,Adoption over time,% people who submitted completed public authorities' forms online (in the past year),%,s2,0.089628,0.072987,0.038789,2032.3,49.03,3.0793,6.535,2049.3,-77.602,0.9016,0.87208,0.052056,0.038496,0.90079,0.88275,0.052269,0.039417,0.88784,0.86745,0.055577,0.040728,14,14,0.25817,0.10025,0.15792,14,0,13,0,0,0,0.90998,1,1,y,y,y,y,y,y,y,m,y,m,y,,,,,,,,,,,,,,,,,,,,,,,,,,,,,,,,,,,,,,
ego_swe_1.1Ado_d345_m185,e-government,Sweden,1.1,Adoption over time,share of people who interacted with public authorities (in the past year),market share,s2,0.29596,0.018421,0.014876,2005.1,14.848,0.84991,3.3028,2094.1,-29.204,0.8481,0.81012,0.031901,0.023702,0.67697,0.62728,0.04652,0.041122,0.70194,0.65609,0.044686,0.039451,16,16,1.0664,0.69196,0.37439,16,2,15,1,0,0,0.94608,1,1,y,y,y,y,y,y,y,y,y,y,y,y,y,,,,,0,prefer-relative,transformed-marketshare,1,1,1,1,0,0,,1,1,1,1,0,0,830,,,,,,,,1,1,1,1,0,0,,
ego_swe_1.1Adod_m_0,E-government,Sweden,1.1,Adoption over Time,Taking part in online consultations or voting to define civic or political issues (% of individuals in last 3 months),%,s2,-0.22811,-0.056301,-0.57448,2022.7,-19.265,14.199,13.85,2011.3,1169.2,0.8623,0.77968,1.1347,0.97655,0.7842,0.71227,1.4205,1.1485,0.82349,0.76466,1.2847,1.0577,9,9,0.95795,0.39782,0.56013,15,7,1,1,0,0,0.86189,0,1,y,y,y,y,y,y,y,y,y,y,y,,,,,,,,,,,,,,,,,,,,,,,,,,,,,,,,,,,,,,
ego_swe_2.2Rel_d110_m195,e-government,Sweden,2.2,Relative Advantge (profitability),"ICT service exports (% of service exports, BoP)",%,s2,0.15179,0.001664,0.0071753,2004.5,28.952,0.2473,1555,1.5748e+05,-14.261,0.96599,0.96247,0.01294,0.010384,-3.9628,-4.2936,0.15631,0.13968,0.94809,0.94463,0.015986,0.012285,33,33,1.003,0.068637,0.93436,33,3,31,0,0,1,0.96706,1,1,y,y,y,y,y,y,y,y,y,y,y,,,,,,,,,,,,,,,,,,,,,,,,,,,,,,,,,,,,,,
ego_swe_2.4Eas_d003_m195,e-government,Sweden,2.4,Ease of Use / Acccessibility,% households who can not afford a computer,%,s2,-0.0034827,0.00099515,-3.985e-05,302.45,-1261.8,5.8031,1555.3,1.5747e+05,0.095187,0.0032688,-0.18362,0.0045803,0.0041581,-10.619,-11.986,0.015638,0.01495,0.0025086,-0.11484,0.004582,0.00416,20,20,0.0039634,0.0013786,0.0025848,20,19,7,0,1,0,0.88755,1,1,n,y,y,y,y,y,y,m,m,n,m,,,,,,,,,,,,,,,,,,,,,,,,,,,,,,,,,,,,,,
ego_swe_2.5Var_d085_m099,e-government,Sweden,2.5,Variety: Choice Availability,"E-Participation Index (three components of citizen involvement: e-information, e-consultation and e-decision-making; indexed 0-1)",Index 0-1,s2,0.33079,0.002273,0.014231,2002,13.285,0.70564,1555.1,1.5748e+05,-28.009,0.37264,0.10377,0.13608,0.11358,-13.146,-16.682,0.64616,0.6229,0.27071,0.088387,0.14671,0.12085,11,11,1.3296,0.41537,0.91421,20,2,10,1,0,0,0.92844,1,1,m,y,y,y,y,y,y,y,m,m,m,m,m,3,,"ok, volatile",,0,,,,,,,,,,0,1,0,0,1,1,833,,,,,,,,0,1,0,0,1,1,,
ego_swe_2.5Var_d147_m099,e-government,Sweden,2.5,Variety: Choice Availability,Online Service Index (# services available online /180 total),Index 0-1,s2,3.479,0.0019284,0.010696,2003.1,1.2631,0.81429,1555.3,1.5747e+05,-20.755,0.57001,0.38573,0.12476,0.096146,-16.166,-20.458,0.78831,0.76501,0.12468,-0.094152,0.17801,0.15288,11,11,1.2075,0.38343,0.8241,20,7,10,1,0,1,0.91093,1,1,m,y,y,y,y,y,y,y,m,m,m,m,m,2,,,,0,,,,,,,,,,0,1,0,0,0,0,834,,,,,,,,0,1,0,0,0,0,delete,
ego_swe_2.9Int_d004_m195,e-government,Sweden,2.9,Inter-dependence with hardware,% households with a computer,%,s2,0.28729,0.029801,0.024658,1997.3,15.296,0.9072,0.98588,2015.2,-48.703,0.98103,0.97768,0.022848,0.019241,0.74577,0.71752,0.083634,0.069902,0.81031,0.78923,0.072242,0.059427,21,21,1.0173,0.35273,0.66457,21,4,20,1,0,0,0.96347,1,1,y,y,y,y,y,y,y,y,y,y,y,,,,,,,,,,,,,,,,,,,,,,,,,,,,,,,,,,,,,,
ego_swe_4.1Sal_d213_m100,e-government,Sweden,4.1,Knowledge Flows (social networks),annualised Google search frequency (index 100=monthly max.),Index 0-100,s2,0.31415,0.19274,4.4414,2021.4,13.988,131.4,0.13284,1989.7,-8919.9,0.88404,0.86358,10.559,6.7749,0.86872,0.85413,11.235,8.1295,0.75226,0.72473,15.434,13.096,21,13,0.76102,0.017652,0.74336,13,1,12,0,0,1,0.80713,0,1,y,y,y,y,y,y,y,y,y,y,y,y,y,,,,,0,hide,original,1,1,0,0,0,0,,1,1,0,0,0,0,836,,,,,,,,1,1,0,0,0,0,delete,
ego_swe_4.1Sal_d239_m153,e-government,Sweden,4.1,Knowledge Flows (social networks),Partial up to max annualised Google search frequency (index 100=monthly max.),Partial up to max Index 0-100,s2,0.22799,0.22793,4.2309,2056.1,19.275,1.7972e+05,0.14275,1994.5,-8496.8,0.87516,0.85175,10.207,6.5838,0.87516,0.86047,10.207,6.5839,0.71323,0.6795,15.469,12.635,20,12,0.00055642,1.2907e-05,0.00054351,12,0,11,0,0,1,0.70324,0,1,y,y,y,m,y,m,y,m,y,m,m,y,y,,,,,0,prefer,transformed-partial,1,1,0,0,1,1,,1,1,0,0,1,1,837,,,,,,,,1,1,0,0,1,1,,
ego_swe_4.5Inf_d005_m195,e-government,Sweden,4.5,Physical Infrastructure dependence,% households with broadband internet connection (fixed or mobile),%,s2,0.52334,0.0032804,0.025146,2005.4,8.3969,0.90233,1554.9,1.5751e+05,-49.818,0.97137,0.96421,0.025611,0.018752,-28.04,-32.508,0.81565,0.80148,0.70383,0.65827,0.082371,0.064283,16,16,1.0511,0.44529,0.60577,17,2,15,1,0,0,0.95087,1,1,y,y,y,y,y,y,y,y,y,y,y,,,,,,,,,,,,,,,,,,,,,,,,,,,,,,,,,,,,,,
ego_uki_1.1Ado_d034_m195,e-government,UK,1.1,Adoption over time,% people who interacted online with public authorities (in the past year),%,s2,0.032087,0.032084,0.015379,2300,136.95,4734.1,2.2815,2062,-30.479,0.67178,0.56237,0.040789,0.035589,0.67178,0.60613,0.040789,0.035589,0.65319,0.58383,0.041928,0.035775,13,13,0.00013305,8.3648e-05,4.9407e-05,13,1,12,0,0,0,0.91782,1,1,m,y,y,y,y,y,y,m,y,m,y,,,,,,,,,,,,,,,,,,,,,,,,,,,,,,,,,,,,,,
ego_uki_1.1Ado_d035_m195,e-government,UK,1.1,Adoption over time,% people who obtained information from public authorities' web sites (in the past year),%,s2,0.026365,0.026361,0.0096786,2345.5,166.67,2367.5,2.8086,2090,-19.112,0.44058,0.25411,0.041574,0.034796,0.44059,0.3287,0.041574,0.034796,0.42447,0.30937,0.042168,0.035709,13,13,0.0001978,0.00011751,8.0294e-05,13,2,9,1,1,0,0.90466,1,1,m,y,y,y,y,y,y,m,y,m,y,,,,,,,,,,,,,,,,,,,,,,,,,,,,,,,,,,,,,,
ego_uki_1.1Ado_d036_m195,e-government,UK,1.1,Adoption over time,% people who submitted completed public authorities' forms online (in the past year),%,s2,0.12404,0.074867,0.023235,2018.4,35.428,0.8322,0.87895,2028.4,-46.486,0.82361,0.76482,0.040372,0.031973,0.81775,0.7813,0.041037,0.031476,0.81797,0.78156,0.041012,0.032469,13,13,0.61163,0.19178,0.41985,13,1,12,0,0,0,0.91602,1,1,y,y,y,y,y,y,y,y,y,y,y,,,,,,,,,,,,,,,,,,,,,,,,,,,,,,,,,,,,,,
ego_uki_1.1Ado_d345_m185,e-government,UK,1.1,Adoption over time,share of people who interacted with public authorities (in the past year),market share,s2,0.062165,0.032084,0.015379,2014.5,70.69,1,2.2815,2062,-30.479,0.65414,0.53886,0.04187,0.035714,0.67178,0.60613,0.040789,0.035589,0.65319,0.58383,0.041928,0.035775,13,13,0.6299,0.396,0.2339,13,1,12,0,0,0,0.91782,1,1,m,y,y,y,y,y,y,y,y,m,y,m,y,,,,,0,prefer-relative,transformed-marketshare,1,1,0,1,0,0,,1,1,0,1,0,0,842,,,,,,,,1,1,0,1,0,0,,
ego_uki_1.1Adod_m_0,E-government,United Kingdom,1.1,Adoption over Time,Taking part in online consultations or voting to define civic or political issues (% of individuals in last 3 months),%,s2,0.30375,0.085964,0.6685,2010,14.467,10.953,7.9247,2013.4,-1338,1,1,3.3801e-14,3.3455e-14,0.98502,-inf,0.13395,0.12598,0.99467,-inf,0.079903,0.075333,3,3,0.82166,0.57752,0.24413,5,0,2,0,0,0,0.65824,0,1,y,n,y,y,y,y,m,y,y,n,n,,,,,,,,,,,,,,,,,,,,,,,,,,,,,,,,,,,,,,
ego_uki_2.2Rel_d110_m195,e-government,UK,2.2,Relative Advantge (profitability),"ICT service exports (% of service exports, BoP)",%,s2,0.06321,0.0011553,0.0017078,2003.5,69.521,0.11515,1555.1,1.5747e+05,-3.3643,0.94049,0.93434,0.0040947,0.0031405,-14.244,-15.261,0.065538,0.063352,0.93857,0.93448,0.0041603,0.0032075,33,33,0.81848,0.30973,0.50875,33,3,28,0,1,0,0.96466,1,1,y,y,y,y,y,y,y,y,y,y,y,,,,,,,,,,,,,,,,,,,,,,,,,,,,,,,,,,,,,,
ego_uki_2.4Eas_d003_m195,e-government,UK,2.4,Ease of Use / Acccessibility,% households who can not afford a computer,%,s2,-0.05141,-0.051384,-0.0020396,1860.9,-85.478,88.51,0.00011925,2123.9,4.1419,0.32044,0.11657,0.011874,0.01082,0.32044,0.19688,0.011874,0.010819,0.32578,0.2032,0.011828,0.01086,14,14,0.00073438,9.0385e-05,0.00064399,14,13,1,0,0,1,0.86354,1,1,m,y,y,y,m,m,y,m,y,m,m,,,,,,,,,,,,,,,,,,,,,,,,,,,,,,,,,,,,,,
ego_uki_2.5Var_d085_m099,e-government,UK,2.5,Variety: Choice Availability,"E-Participation Index (three components of citizen involvement: e-information, e-consultation and e-decision-making; indexed 0-1)",Index 0-1,s2,37.667,0.016288,0.01456,2003.1,0.11667,0.85558,0.11492,1894.8,-28.515,0.60691,0.43844,0.19397,0.15493,0.076463,-0.15442,0.29731,0.24482,0.087382,-0.14077,0.29555,0.24255,11,11,1.1688,0.020103,1.1487,20,9,10,0,0,1,0.87667,1,1,m,y,y,y,y,y,y,y,m,m,m,m,m,,,,,0,,,,,,,,,,0,1,0,0,0,1,845,,,,,,,,0,1,0,0,0,1,,
ego_uki_2.5Var_d147_m099,e-government,UK,2.5,Variety: Choice Availability,Online Service Index (# services available online /180 total),Index 0-1,s2,20.401,0.01689,0.015458,2003.1,0.21541,0.8992,0.1239,1899.8,-30.274,0.8212,0.74458,0.10539,0.088322,0.13764,-0.077944,0.23145,0.1671,0.15177,-0.060293,0.22955,0.16489,11,11,1.1121,0.12626,0.98584,20,3,10,1,0,1,0.90814,1,1,y,y,y,y,y,y,y,y,m,y,m,y,m,,,,,0,,,1,,,,,,,0,1,0,0,0,0,846,check,,,,,,,1,1,0,0,0,0,delete,
ego_uki_2.9Int_d004_m195,e-government,UK,2.9,Inter-dependence with hardware,% households with a computer,%,s2,0.18895,0.0039121,0.031402,2000.2,23.258,0.95302,1554.6,1.5751e+05,-62.334,0.98443,0.9821,0.029819,0.020718,-7.0332,-7.7983,0.67743,0.63386,0.94217,0.93666,0.057479,0.049502,24,24,0.94244,0.22035,0.72209,27,2,23,0,0,0,0.96108,1,1,y,y,y,y,y,y,y,y,y,y,y,,,,,,,,,,,,,,,,,,,,,,,,,,,,,,,,,,,,,,
ego_uki_4.1Sal_d213_m100,e-government,UK,4.1,Knowledge Flows (social networks),annualised Google search frequency (index 100=monthly max.),Index 0-100,s2,0.14057,0.14056,4.0917,2092.9,31.263,1.4774e+06,0.17709,1979.5,-8209.2,0.78976,0.75266,13.26,10.407,0.78976,0.7664,13.26,10.407,0.73406,0.70451,14.913,12.172,21,16,6.7685e-05,3.0689e-06,6.4616e-05,21,1,20,0,0,1,0.79648,0,1,y,y,y,m,y,m,y,m,y,m,m,m,m,,,,,0,hide,original,1,1,0,0,0,0,,1,1,0,0,0,0,848,,,,,,,,1,1,0,0,0,0,delete,
ego_uki_4.1Sal_d239_m153,e-government,UK,4.1,Knowledge Flows (social networks),Partial up to max annualised Google search frequency (index 100=monthly max.),Partial up to max Index 0-100,s2,0.14325,0.14324,3.8085,2094.5,30.677,2.2786e+06,0.21934,1981.7,-7639.7,0.73539,0.68577,13.573,10.837,0.73539,0.70426,13.573,10.837,0.6927,0.65654,14.627,11.56,20,15,4.3887e-05,1.9898e-06,4.1897e-05,20,0,19,0,0,1,0.71303,0,1,y,y,y,m,y,m,y,m,y,m,m,m,m,,,,,0,prefer,transformed-partial,1,1,0,0,0,1,,1,1,0,0,0,1,849,,,,,,,,1,1,0,0,0,1,,
ego_uki_4.5Inf_d005_m195,e-government,UK,4.5,Physical Infrastructure dependence,% households with broadband internet connection (fixed or mobile),%,s2,0.49183,0.0058054,0.051837,2006.5,8.9349,0.9249,1554.1,1.5758e+05,-103.56,0.99049,0.98812,0.027262,0.02363,-6.012,-7.0908,0.74039,0.68556,0.8742,0.85484,0.099171,0.087243,16,16,1.0362,0.11558,0.92064,17,0,15,0,0,0,0.9422,1,1,y,y,y,y,y,y,y,y,y,y,y,,,,,,,,,,,,,,,,,,,,,,,,,,,,,,,,,,,,,,
ema_bra_1.1Adod_m_0,Email,Brazil,1.1,Adoption over Time,Individuals who sent e-mails with attached files in the last 3 months,%,ema,0.020839,0.020836,0.47078,2441.7,210.87,1.6654e+05,4.508,1937,-925.58,0.2389,-0.046517,3.0328,2.6506,0.2389,0.069766,3.0328,2.6506,0.21855,0.044889,3.0731,2.6998,12,12,0.00018814,0.00012293,6.521e-05,12,1,6,0,1,0,0.89097,0,1,n,y,y,y,y,y,y,m,m,n,m,,,,,,,,,,,,,,,,,,,,,,,,,,,,,,,,,,,,,,
ema_ger_1.1Adod_m_0,Email,Germany,1.1,Adoption over Time,Individuals who sent e-mails with attached files in the last 3 months,%,ema,0.025836,0.014764,1.091,2026.5,170.09,172.8,5.8747,1843.8,-2124.8,0.94586,0.90526,0.9586,0.72955,0.94553,0.92375,0.96153,0.73481,0.94563,0.92389,0.96063,0.73007,8,8,0.46046,0.39691,0.063543,12,0,7,0,0,0,0.87501,0,1,y,y,y,y,y,y,y,m,y,m,y,,,,,,,,,,,,,,,,,,,,,,,,,,,,,,,,,,,,,,
ema_ita_1.1Adod_m_0,Email,Italy,1.1,Adoption over Time,Individuals who sent e-mails with attached files in the last 3 months,%,ema,0.48021,0.043953,2.2908,2006.7,9.1511,57.6,1.1086,1924.1,-4556.2,1,1,9.7522e-12,9.1518e-12,0.97263,-inf,0.47806,0.43979,0.97765,-inf,0.43196,0.39991,3,3,0.95418,0.8314,0.12278,4,0,2,0,0,0,0.6635,0,1,y,n,y,y,y,y,m,m,y,n,n,,,,,,,,,,,,,,,,,,,,,,,,,,,,,,,,,,,,,,
ema_jap_1.1Adod_m_0,Email,Japan,1.1,Adoption over Time,Individuals who sent e-mails with attached files in the last 3 months,%,ema,15.429,0.0050808,0.36401,2017.8,0.28482,71.245,15.912,1727.1,-664.84,0.80712,0.5178,0.58874,0.45985,0.28347,-0.19422,1.1347,0.96192,0.28675,-0.18876,1.1321,0.9598,6,6,1.0165,0.95464,0.061817,7,1,5,1,0,0,0.83919,0,1,y,y,y,y,y,y,y,m,m,m,m,,,,,,,,,,,,,,,,,,,,,,,,,,,,,,,,,,,,,,
ema_net_1.1Adod_m_0,Email,Netherlands,1.1,Adoption over Time,Individuals who sent e-mails with attached files in the last 3 months,%,ema,0.0076273,0.007623,0.64676,2996.1,576.15,1.5079e+05,12.601,1764.9,-1218.4,0.68015,0.20037,1.992,1.4327,0.68015,0.46692,1.992,1.4327,0.67436,0.45727,2.0099,1.448,6,6,0.00059398,0.00052961,6.4366e-05,13,0,2,0,1,0,0.82571,0,1,m,y,y,y,y,y,y,m,y,m,y,,,,,,,,,,,,,,,,,,,,,,,,,,,,,,,,,,,,,,
ema_nig_1.1Adod_m_0,Email,Nigeria,1.1,Adoption over Time,Individuals who sent e-mails with attached files in the last 3 months,%,ema,,,0.37323,,,,,,-746.64,,,,,,,,,1,1,4.0273e-14,3.0198e-14,2,2,,,,6,0,1,0,0,0,0.48303,0,1,n,n,y,y,y,y,m,m,y,n,n,,,,,,,,,,,,,,,,,,,,,,,,,,,,,,,,,,,,,,
ema_por_1.1Adod_m_0,Email,Portugal,1.1,Adoption over Time,Individuals who sent e-mails with attached files in the last 3 months,%,ema,1.0774,0.049608,2.5172,2008.5,4.0788,53.522,0.73196,1926.4,-5013.4,1,1,3.993e-13,3.2211e-13,0.86253,-inf,1.2445,1.1439,0.87485,-inf,1.1874,1.0993,3,3,0.99261,0.84124,0.15136,4,0,2,0,0,0,0.66896,0,1,y,n,y,y,y,y,m,m,y,n,n,,,,,,,,,,,,,,,,,,,,,,,,,,,,,,,,,,,,,,
ema_sou_1.1Adod_m_0,Email,South Korea,1.1,Adoption over Time,Individuals who sent e-mails with attached files in the last 3 months,%,ema,0.083552,0.061207,4.7183,2032.1,52.595,296.54,0.25013,1926,-9451.1,0.90029,0.85044,4.5247,3.6569,0.89945,0.87072,4.5437,3.671,0.8945,0.86435,4.6543,3.7618,10,10,0.32819,0.1937,0.13449,10,0,7,0,1,0,0.8892,0,1,y,y,y,y,y,y,y,m,y,m,y,,,,,,,,,,,,,,,,,,,,,,,,,,,,,,,,,,,,,,
ema_swe_1.1Adod_m_0,Email,Sweden,1.1,Adoption over Time,Individuals who sent e-mails with attached files in the last 3 months,%,ema,0.0064073,0.0064021,0.52241,3126.9,685.85,1.0114e+05,9.2741,1675.7,-971.19,0.53029,0.24846,2.4909,2.2524,0.53029,0.37372,2.4909,2.2524,0.52543,0.36725,2.5037,2.2767,9,9,0.00086823,0.00076111,0.00010712,15,1,8,0,0,0,0.88983,0,1,m,y,y,y,y,y,y,m,y,m,y,,,,,,,,,,,,,,,,,,,,,,,,,,,,,,,,,,,,,,
ema_uki_1.1Adod_m_0,Email,United Kingdom,1.1,Adoption over Time,Individuals who sent e-mails with attached files in the last 3 months,%,ema,2.0064,0.021458,1.6508,2008.7,2.1903,77.885,2.7056,1856.1,-3244.5,1,1,6.7073e-13,4.4054e-13,0.68963,-inf,1.3739,1.2681,0.69695,-inf,1.3576,1.2569,3,3,0.99981,0.92816,0.071654,4,0,2,0,0,0,0.67173,0,1,y,n,y,y,y,y,m,m,y,n,n,,,,,,,,,,,,,,,,,,,,,,,,,,,,,,,,,,,,,,
ene_glo_3.3Sci_d235_m020,energy communities,Global,3.3,Risk & Uncertainty (Shared Expectations),scientific publications,# publications,ene,0.22255,0.091752,195.47,2014.2,19.746,13134,0.00070226,1841,-3.8765e+05,0.98274,0.98173,486.83,327.67,0.95029,0.94838,826.24,584.27,0.70108,0.68958,2026.1,1678.5,55,55,0.89918,0.00022841,0.89895,55,1,54,0,0,1,0.9497,0,0,y,y,y,y,y,y,y,y,y,y,y,y,y,,,,"good; only available global, apply to all EA regions",0,,,1,1,0,0,1,1,,1,1,0,0,1,1,851,,,,,,,,1,1,0,0,1,1,,
ene_net_1.1Ado_d093_m013,energy communities,The Netherlands,1.1,Adoption over time,Energy community members,# members,ene,0.27763,0.12664,11742,2019.4,15.828,1.7933e+05,2.4443e-06,1827.6,-2.3622e+07,0.99324,0.98818,2220.7,1726.3,0.97498,0.96497,4273.6,3741.4,0.99174,0.98844,2455,1866.4,8,8,0.73152,0.2844,0.44712,8,0,7,0,0,0,0.85561,0,0,y,y,y,y,y,y,y,y,y,y,y,y,y,,,,,0,,,1,1,0,0,0,0,,1,1,0,0,0,0,852,,,,,,,,1,1,0,0,0,0,delete,
ene_net_1.1Ado_d093_m066,energy communities,The Netherlands,1.1,Adoption over time,Energy community members,% of households,ene,0.28641,,0.0013669,2018.7,15.343,0.02055,,,-2.7491,0.99151,0.98514,0.00029025,0.00022929,,,,,0.98879,0.98431,0.00033348,0.00024501,8,8,0.77186,0.32144,0.45042,8,0,7,0,0,0,0.86086,1,1,y,y,y,y,y,y,y,y,y,y,y,y,y,,,,,0,original,duplicated in market share,1,1,0,0,0,0,,1,1,0,0,0,0,853,,,,,,,,1,1,0,0,0,0,delete,
ene_net_1.1Ado_d094_m018,energy communities,The Netherlands,1.1,Adoption over time,Energy community projects,# projects,ene,0.49977,0.23193,22.417,2019.4,8.7929,1525.4,5.822e-05,1949.5,-44757,0.99863,0.99851,13.044,9.8336,0.97573,0.97434,54.871,33.714,0.48711,0.45781,252.24,200.85,38,36,0.86993,0.00065556,0.86927,36,0,35,0,0,0,0.83468,0,0,y,y,y,y,y,y,y,y,y,y,y,y,y,,,,,0,,,1,1,0,0,0,0,,1,1,0,0,0,0,854,,,,,,,,1,1,0,0,0,0,delete,
ene_net_1.1Ado_d197_m007,energy communities,The Netherlands,1.1,Adoption over time,Total energy communities,# communities,ene,0.43106,0.15918,13.009,2016.8,10.195,622.28,0.00040587,1932.9,-25961,0.99702,0.99676,9.9699,8.9774,0.95233,0.9496,39.907,27.979,0.60923,0.5869,114.25,97.142,38,38,0.92403,0.001607,0.92242,38,0,37,0,0,1,0.89962,0,0,y,y,y,y,y,y,y,y,y,y,y,y,y,,,,,0,,,1,1,0,0,0,0,,1,1,0,0,0,0,855,,,,,,,,1,1,0,0,0,0,delete,
ene_net_1.1Ado_d347_m185,energy communities,The Netherlands,1.1,Adoption over time,share of population in energy communities,market share,ene,0.43877,0.0010139,0.00014686,2016.6,10.015,0.0068554,1555.1,1.5746e+05,-0.29305,0.99629,0.99596,0.00012527,0.00011336,-0.42377,-0.50513,0.0024532,0.0013384,0.61357,0.59149,0.0012781,0.0010895,38,38,0.92719,0.0019984,0.92519,38,0,37,0,0,1,0.90394,1,1,y,y,y,y,y,y,y,y,y,y,y,m,y,,,,* check fit as original is already market share,0,prefer-relative,transformed-marketshare,1,1,1,1,0,0,,1,1,1,1,0,0,856,,,,,,,,1,1,1,1,0,0,,
ene_net_2.5Var_d185_m029,energy communities,The Netherlands,2.5,Variety (Choice Availability),Share of PV in new projects,% PV in new projects,ene,0.42413,0.0027437,0.018496,2012.2,10.361,0.59048,1554.7,1.575e+05,-36.904,0.65405,0.62353,0.1678,0.084547,-0.36125,-0.43904,0.33285,0.17147,0.50546,0.4772,0.20062,0.15484,38,13,1.6935,0.052118,1.6414,13,12,10,0,1,1,0.60324,1,1,m,y,y,y,y,y,m,y,y,m,m,m,m,,,,,0,,,,,,,,,,1,1,0,0,1,1,860,,,,,,,,1,1,0,0,1,1,,
ene_net_2.5Var_d193_m093,energy communities,The Netherlands,2.5,Variety (Choice Availability),Share of wind in new projects,% wind in new projects,ene,0.83909,0.0046013,0.0031692,1987.9,5.2371,0.60678,4.3941,2450.4,-5.7873,0.076283,-0.0052214,0.41344,0.37569,0.0053589,-0.051478,0.42902,0.40026,0.0065268,-0.050243,0.42876,0.40032,38,27,1.648,0.37209,1.276,36,35,6,0,1,1,0.63454,1,1,n,y,y,m,m,m,m,y,m,n,m,n,m,,,,,0,,,,,,,,,,0,0,0,0,0,0,861,,,,,,,,0,0,0,0,0,0,delete,
ene_net_2.95Uni_d214_m133,energy communities,The Netherlands,2.95,Interdependence with Hardware (Unit Size),avg size of new project in year,kW,ene,1.5147,0.013855,17.342,1999.8,2.9011,1188.9,7.6251,1668.4,-33956,0.096327,0.016592,1388.5,803.03,0.010996,-0.045518,1452.5,839.34,0.016953,-0.039221,1448.2,830.37,38,28,6.0661,0.012541,6.0536,36,20,12,1,1,1,0.25856,0,0,n,y,y,m,m,m,m,y,m,n,m,,,,,,,,,,,,,,,,,,,,,,,,,,,,,,,,,,,,,,
ene_net_2.95Uni_d219_m133,energy communities,The Netherlands,2.95,Interdependence with Hardware (Unit Size),max size of new project in year,kW,ene,1.5601,0.10981,400.62,2015.8,2.8167,15855,0.00026738,1859.1,-7.9893e+05,0.59111,0.55504,4518.1,2230,0.47491,0.4449,5120,2811,0.38657,0.35152,5534,3640.4,38,28,2.2194,0.00095362,2.2185,36,5,12,1,1,1,0.58444,0,0,m,y,y,m,m,m,m,y,y,m,m,,,,,,,,,,,,,,,,,,,,,,,,,,,,,,,,,,,,,,
ene_net_2.95Uni_d220_m133,energy communities,The Netherlands,2.95,Interdependence with Hardware (Unit Size),min size of new project in year,kW,ene,0.46146,0.00054112,0.51406,1994.9,9.5229,703.69,242.49,534.07,-493.08,0.040304,-0.044375,1152.9,726.98,1.2995e-05,-0.057129,1176.9,742.39,2.2943e-05,-0.057119,1176.9,742.48,38,28,6.537,0.0032514,6.5337,36,13,11,1,1,1,0.24232,0,0,n,y,y,m,m,m,m,y,m,n,m,,,,,,,,,,,,,,,,,,,,,,,,,,,,,,,,,,,,,,
ene_net_2.9Int_d092_m194,energy communities,The Netherlands,2.9,Interdependence with Hardware,Energy community installed capacity,MW,ene,0.34125,0.22424,11.727,2021.9,12.877,1196.5,0.00069131,1961,-23409,0.99405,0.99352,13.683,9.6689,0.98836,0.9877,19.135,10.605,0.52567,0.49857,122.15,95.08,38,36,0.57487,0.0002591,0.57461,36,0,35,0,0,1,0.83066,0,0,y,y,y,y,y,y,y,y,y,y,y,,,,,,,,,,,,,,,,,,,,,,,,,,,,,,,,,,,,,,
ene_net_4.1Sal_d213_m100,energy communities,The Netherlands,4.1,Knowledge Flows (social networks),annualised Google search frequency (index 100=monthly max.),Index 0-100,ene,17.486,0.076623,0.82857,2014.8,0.25131,25.667,1.8419,1985.6,-1649.9,-0.062201,-0.24965,27.423,13.556,0.057705,-0.046994,25.828,17.593,0.035557,-0.071604,26.13,18.629,21,10,3.8961,0.62338,3.2727,19,18,1,0,0,1,0.1768,0,1,n,y,y,m,m,m,m,y,m,n,m,n,m,,,,noisy,0,prefer,original,0,0,0,0,1,1,,0,0,0,0,1,1,863,,,,,,,,0,0,0,0,1,1,,
ene_net_4.1Sal_d239_m153,energy communities,The Netherlands,4.1,Knowledge Flows (social networks),Partial up to max annualised Google search frequency (index 100=monthly max.),Partial up to max Index 0-100,ene,18.917,,50,2006,0.2323,249.64,,,-1.0022e+05,1,1,5.8764e-07,3.6034e-07,,,,,0.75,-inf,23.57,22.222,3,1,0.40057,0.40057,0,1,0,0,0,0,,,0,1,y,n,y,m,m,m,m,m,y,n,n,n,n,,,,too few,0,hide,transformed-partial,0,0,0,0,0,0,,0,0,0,0,0,0,864,,,,,,,,0,0,0,0,0,0,delete,
fir_afr_1.1Ado_d212_m016,firm ESG reporting,Africa,1.1,Adoption over time,Voluntary adoption of GRI reporting,# of companies,m13,0.81409,0.13422,14.679,2009.1,5.398,164.42,0.021619,1948.3,-29408,0.92688,0.90495,17.643,13.627,0.69932,0.64465,35.777,29.806,0.82252,0.79025,27.487,21.531,14,14,1.1678,0.030411,1.1374,14,4,13,1,0,0,0.91919,0,0,y,y,y,y,y,y,y,y,y,y,y,y,y,4,,"ok, use logfit",,0,,,1,1,0,2,0,0,,1,1,0,1,0,0,865,,,,,,,,1,1,0,0,0,0,delete,
fir_ame_1.1Ado_d343_m185,firm ESG reporting,Americas,1.1,Adoption over time,share of firms voluntarily adopting gri reporting,market share,m13,0.34955,0.24008,0.040062,2014.2,12.572,1,6.3668,2025,-80.25,0.9137,0.89378,0.064677,0.042576,0.9332,0.92365,0.056904,0.045749,0.79467,0.76533,0.099764,0.071061,17,17,0.83,0.0018847,0.82812,17,0,16,0,0,1,0.70614,1,1,y,y,y,y,y,y,y,y,y,y,y,,,,,,,,,,,,,,,,,,,,,,,,,,,,,,,,,,,,,,
fir_asi_1.1Ado_d212_m016,firm ESG reporting,Asia,1.1,Adoption over time,Voluntary adoption of GRI reporting,# of companies,m13,0.31003,0.22678,88.777,2016,14.174,3119.2,6.183e-07,1920.4,-1.7782e+05,0.98924,0.98676,49.341,33.306,0.98343,0.98106,61.239,49.608,0.83573,0.81227,192.82,165.17,17,17,0.48666,0.0032059,0.48346,17,0,16,0,0,1,0.8157,0,0,y,y,y,y,y,y,y,y,y,y,y,y,y,1,,,,0,,,1,1,0,2,0,0,,1,1,0,1,0,0,866,,,,,,,,1,1,0,0,0,0,delete,
fir_asp_1.1Ado_d343_m185,firm ESG reporting,Asia-Pacific,1.1,Adoption over time,share of firms voluntarily adopting gri reporting,market share,m13,0.41926,0.0058992,0.052095,2012.5,10.481,1,1553.8,1.5759e+05,-104.34,0.98549,0.98214,0.033187,0.022426,-0.92401,-1.1989,0.38216,0.26484,0.85808,0.8378,0.10379,0.089131,17,17,0.85605,0.0051383,0.85091,17,0,16,0,0,1,0.82941,1,1,y,y,y,y,y,y,y,y,y,y,y,,,,,,,,,,,,,,,,,,,,,,,,,,,,,,,,,,,,,,
fir_eur_1.1Ado_d212_m016,firm ESG reporting,Europe,1.1,Adoption over time,Voluntary adoption of GRI reporting,# of companies,m13,0.39011,0.14435,96.989,2009.4,11.265,1559.2,0.00035982,1909.5,-1.9408e+05,0.99302,0.99152,43.072,31.086,0.92397,0.91383,142.13,124.28,0.953,0.94673,111.75,95.481,18,18,0.94727,0.0070548,0.94021,18,1,17,0,0,1,0.90342,0,0,y,y,y,y,y,y,y,y,y,y,y,y,y,1,,,,0,,,1,1,2,2,0,0,,1,1,0,0,0,0,867,,,,,,,,1,1,0,0,0,0,delete,
fir_eur_1.1Ado_d343_m185,firm ESG reporting,Europe,1.1,Adoption over time,share of firms voluntarily adopting gri reporting,market share,m13,0.39011,0.0059264,0.052482,2009.4,11.265,0.84371,1553.9,1.5759e+05,-105.02,0.99302,0.99152,0.023307,0.016821,-1.464,-1.7925,0.43781,0.33747,0.953,0.94673,0.060469,0.051666,18,18,0.94727,0.0070548,0.94021,18,1,17,0,0,1,0.90342,1,1,y,y,y,y,y,y,y,y,y,y,y,y,y,,,,* mktshr only available for 1 region,0,prefer-relative,transformed-marketshare,1,1,1,1,0,0,,1,1,1,1,0,0,868,,,,,,,,1,1,1,1,0,0,,
fir_glo_1.1Ado_d010_m063,firm ESG reporting,global,1.1,Adoption over time,% of S&P 500 companies with sustainability reporting (all standards),% of companies,m13,1.4836,0.099929,0.078333,2011.7,2.962,0.82645,6.1064,2036.5,-157.11,0.98518,0.97407,0.025678,0.021026,0.63994,0.49592,0.12657,0.096799,0.72402,0.61363,0.11081,0.090833,8,8,1.0406,0.242,0.79859,8,0,7,0,0,1,0.88906,1,1,y,y,y,y,y,y,y,y,y,y,y,y,y,1,,,,0,,,1,1,0,1,0,0,,1,1,0,1,0,0,869,,,,,,,,1,1,0,1,0,0,,
fir_glo_1.1Ado_d182_m016,firm ESG reporting,global,1.1,Adoption over time,S&P 500 companies with sustainability reporting (all standards),# of companies,m13,0.0375,0.037478,14.167,2213.2,117.18,6.595e+05,0.67081,1845.2,-28155,0.42833,-0.00043123,37.793,22.688,0.42833,0.19966,37.793,22.688,0.42172,0.19041,38.01,22.708,8,8,0.00065201,0.00040182,0.00025019,8,0,6,0,1,0,0.84411,0,0,m,y,y,y,y,y,y,m,y,m,y,n,y,1,,,,0,,,0,1,0,0,0,0,,0,1,0,0,0,0,870,,,,,,,,0,1,0,0,0,0,delete,
fir_glo_1.1Ado_d195_m063,firm ESG reporting,global,1.1,Adoption over time,"Sustainability reporting by world's 250 largest companies by revenue (all standards, GRI, SASB, etc.)",% of companies,m13,0.26388,0.0034447,0.026831,2001.9,16.653,0.9715,1554.8,1.5751e+05,-53.17,0.97945,0.96918,0.031167,0.026025,-13.268,-17.345,0.8213,0.792,0.80341,0.74724,0.096406,0.083465,10,10,0.98816,0.36027,0.62789,24,1,9,0,0,0,0.91533,1,1,y,y,y,y,y,y,y,y,y,y,y,y,y,1,,,,0,,,1,1,0,0,0,0,,1,1,0,0,0,0,871,,,,,,,,1,1,0,0,0,0,delete,
fir_glo_1.1Ado_d212_m016,firm ESG reporting,global,1.1,Adoption over time,Voluntary adoption of GRI reporting,# of companies,m13,0.41225,0.17582,281.79,2010.9,10.66,4910.3,8.3455e-06,1901,-5.6411e+05,0.99478,0.99366,110.77,64.357,0.94854,0.94168,347.69,306.87,0.90984,0.89782,460.21,397.87,18,18,0.89852,0.0022402,0.89628,18,1,17,0,0,1,0.87899,0,0,y,y,y,y,y,y,y,y,y,y,y,y,y,1,,,,0,,,1,1,0,2,0,0,,1,1,0,0,0,0,872,,,,,,,,1,1,0,0,0,0,delete,
fir_glo_3.3Sci_d235_m020,firm ESG reporting,Global,3.3,Risk & Uncertainty (Shared Expectations),scientific publications,# publications,m13,0.42761,0.36336,5.5069,2026.3,10.277,3385.5,9.3197e-06,1973.3,-10939,0.99389,0.99353,12.871,7.4911,0.99328,0.99302,13.496,7.4888,0.28193,0.25431,139.52,85.548,55,37,0.26702,0.00029537,0.26672,44,0,43,0,0,1,0.71084,0,0,y,y,y,y,y,y,y,y,m,y,m,y,m,,,,"good; only available global, apply to all EA regions",0,,,1,1,0,0,1,1,,1,1,0,0,1,1,873,,,,,,,,1,1,0,0,1,1,,
fir_glo_4.1Sal_d213_m100,firm ESG reporting,Global,4.1,Knowledge Flows (social networks),annualised Google search frequency (index 100=monthly max.),Index 0-100,m13,2.5405,0.08765,4.6841,2010,1.7297,68.08,0.20425,1953.1,-9386,0.8087,0.77494,14.036,9.9967,0.70368,0.67075,17.469,15.15,0.78122,0.75691,15.01,12.291,21,16,1.4689,0.29344,1.1754,17,1,16,0,0,1,0.90415,0,1,y,y,y,y,y,y,y,y,y,y,y,y,y,,,,,0,hide,original,1,1,0,0,0,0,,1,1,0,0,0,0,874,,,,,,,,1,1,0,0,0,0,delete,
fir_glo_4.1Sal_d239_m153,firm ESG reporting,Global,4.1,Knowledge Flows (social networks),Partial up to max annualised Google search frequency (index 100=monthly max.),Partial up to max Index 0-100,m13,3.1144,0.091416,4.6918,2010,1.411,65.849,0.20396,1955.6,-9401.4,0.82447,0.79156,13.038,8.4008,0.67393,0.63557,17.77,15.345,0.75574,0.72701,15.38,12.879,20,15,1.5186,0.30338,1.2152,16,0,15,0,0,1,0.88106,0,1,y,y,y,y,y,y,y,y,y,y,y,y,y,,,,,0,prefer,transformed-partial,1,1,0,0,0,1,,1,1,0,0,0,1,875,,,,,,,,1,1,0,0,0,1,,
fir_glo_4.2Kme_d103_m098,firm ESG reporting,global,4.2,Knowledge flows,"Frequency of the word ""GRI"" in a corpus (books, internet)",Frequency index to max=1,m13,-0.3441,-0.002909,-0.041241,2004.3,-12.771,1.1094,-1543.8,-1.527e+05,83.241,0.97137,0.96746,0.058392,0.048674,-1.129,-1.3141,0.5035,0.36666,0.80343,0.78634,0.15299,0.13686,26,26,0.90136,0.062206,0.83915,26,23,7,0,1,0,0.92647,1,1,y,y,y,y,y,y,y,y,y,y,y,y,y,1,,,,0,,,1,1,,,,,,1,1,0,0,0,1,876,,,,,,,,1,1,0,0,0,1,,
fir_glo_4.2Kme_d284_m172,firm ESG reporting,global,4.2,Knowledge flows,"Partial up to max Frequency of the word ""GRI"" in a corpus (books, internet)",Partial up to max Frequency index to max=1,m13,3.1801,0.037943,0.037389,1996.2,1.3819,1.0001,1.7507,2013.5,-73.729,1,1,1.3604e-14,8.2157e-15,0.77306,-inf,0.016443,0.015501,0.7822,-inf,0.016109,0.015188,3,3,0.99986,0.92509,0.074767,3,0,2,0,0,0,0.67344,1,1,y,n,y,y,y,y,m,m,y,n,n,n,n,,,,,0,,,,,,,,,,0,1,0,0,0,0,877,,,,,,,,0,1,0,0,0,0,delete,
fir_lam_1.1Ado_d212_m016,firm ESG reporting,LatinAmericaCarib,1.1,Adoption over time,Voluntary adoption of GRI reporting,# of companies,m13,0.50711,0.19578,57.404,2011.1,8.6657,758.76,0.0001328,1936.1,-1.1505e+05,0.97079,0.96282,44.328,33.603,0.90923,0.8941,78.14,71.529,0.91445,0.90019,75.857,60.382,15,15,0.99109,0.0065897,0.9845,15,1,14,0,0,1,0.86461,0,0,y,y,y,y,y,y,y,y,y,y,y,y,y,1,,,,0,,,1,1,0,2,0,0,,1,1,0,1,0,0,878,,,,,,,,1,1,0,0,0,0,delete,
fir_mea_1.1Ado_d343_m185,firm ESG reporting,Middle East & Africa,1.1,Adoption over time,share of firms voluntarily adopting gri reporting,market share,m13,0.81409,0.0062153,0.055716,2009.1,5.398,0.62406,1553.8,1.5761e+05,-111.62,0.92688,0.90495,0.066965,0.051725,-1.8697,-2.3914,0.41952,0.33862,0.82252,0.79025,0.10433,0.081722,14,14,1.1678,0.030411,1.1374,14,4,13,1,0,0,0.91919,1,1,y,y,y,y,y,y,y,y,y,y,y,,,,,,,,,,,,,,,,,,,,,,,,,,,,,,,,,,,,,,
fir_nam_1.1Ado_d212_m016,firm ESG reporting,North America,1.1,Adoption over time,Voluntary adoption of GRI reporting,# of companies,m13,0.32091,0.32089,56.752,2053,13.694,1.7266e+08,1.3825e-06,1951.9,-1.1369e+05,0.81114,0.76756,155.24,96.139,0.81114,0.78416,155.24,96.139,0.60579,0.54947,224.28,144.51,17,17,8.792e-06,2.8959e-08,8.763e-06,17,0,16,0,0,1,0.48871,0,0,y,y,y,y,y,y,m,m,y,m,m,m,m,2,1 high pt,,* error in fit,0,,,0,1,0,2,0,0,,1,1,0,1,0,0,879,check,,,,,,,1,1,0,0,0,0,delete,
fir_oce_1.1Ado_d212_m016,firm ESG reporting,Oceania,1.1,Adoption over time,Voluntary adoption of GRI reporting,# of companies,m13,0.98282,0.14987,15.769,2009.6,4.4713,159.33,0.013625,1952.3,-31609,0.94495,0.9266,15.013,11.487,0.73485,0.68182,32.947,28.093,0.85037,0.82044,24.75,19.621,13,13,1.0168,0.031382,0.9854,13,5,12,1,0,1,0.89396,0,0,y,y,y,y,y,y,y,y,y,y,y,y,y,3,,"ok, use",,0,,,1,1,0,2,0,0,,1,1,0,1,0,0,880,,,,,,,,1,1,0,0,0,0,delete,
foo_glo_1.1Ado_d106_m136,reducing food waste,Global,1.1,Adoption over time,"Global edible food waste per capita, total",kg/capita,foo,0.059404,0.059402,5.2424,2197,73.976,4.2936e+06,0.16018,1909.1,-10474,0.79884,0.64798,10.484,8.6769,0.79884,0.71838,10.484,8.6768,0.74183,0.63856,11.878,10.233,8,8,3.0743e-05,1.6e-05,1.4743e-05,13,0,2,0,1,0,0.79469,0,0,y,y,y,y,y,y,y,m,y,m,y,m,y,2,,,*needs sign reversal * negative slope = LED innovation,0,,,0,1,0,2,0,0,,0,1,0,1,0,0,881,,,,,,,,0,1,0,0,0,0,delete,
foo_glo_3.3Sci_d235_m020,reducing food waste,Global,3.3,Risk & Uncertainty (Shared Expectations),scientific publications,# publications,foo,0.29887,0.14324,46.62,2018.9,14.703,4657.5,0.00010383,1901.7,-92540,0.98472,0.98382,125.45,81.826,0.96497,0.96362,189.92,90.726,0.53188,0.51388,694.29,549.17,55,55,0.80774,0.00021471,0.80752,55,2,54,0,0,1,0.91207,0,0,y,y,y,y,y,y,y,y,y,y,y,y,y,,,,"good; only available global, apply to all EA regions",0,,,1,1,0,0,1,1,,1,1,0,0,1,1,882,,,,,,,,1,1,0,0,1,1,,
foo_glo_4.1Sal_d213_m100,reducing food waste,Global,4.1,Knowledge Flows (social networks),annualised Google search frequency (index 100=monthly max.),Index 0-100,foo,0.2805,0.14295,5.2934,2018.9,15.667,125.05,0.10006,1974.8,-10624,0.98617,0.98372,3.9339,2.8166,0.9555,0.95056,7.0553,5.944,0.91846,0.9094,9.5505,7.7633,21,20,0.79965,0.0058726,0.79378,21,2,19,0,0,1,0.89369,0,1,y,y,y,y,y,y,y,y,y,y,y,y,y,,,,,0,hide,original,1,1,0,0,0,0,,1,1,0,0,0,0,883,,,,,,,,1,1,0,0,0,0,delete,
foo_glo_4.1Sal_d239_m153,reducing food waste,Global,4.1,Knowledge Flows (social networks),Partial up to max annualised Google search frequency (index 100=monthly max.),Partial up to max Index 0-100,foo,0.25015,0.17114,4.9569,2020.7,17.567,158.2,0.10618,1982.1,-9947.6,0.98117,0.97741,3.9405,2.9986,0.97305,0.96968,4.7147,3.5923,0.89376,0.88048,9.3609,7.0591,19,18,0.6321,0.0046421,0.62746,19,0,17,0,0,1,0.83125,0,1,y,y,y,y,y,y,y,y,y,y,y,y,y,,,,,0,prefer,transformed-partial,1,1,0,0,0,1,,1,1,0,0,0,1,884,,,,,,,,1,1,0,0,0,1,,
foo_usa_1.1Ado_d101_m135,reducing food waste,US,1.1,Adoption over time,Food waste generated in the US,kg per capita,foo,-0.0025847,-0.0025644,-0.39307,148.29,-1700.2,20371,276.21,1807.5,954.21,0.0045519,-0.42207,21.891,16.433,0.0045539,-0.24431,21.891,16.433,0.0043233,-0.2446,21.894,16.421,11,11,0.0097539,0.0053708,0.0043831,14,10,9,0,1,0,0.87405,0,0,n,y,y,y,y,y,y,m,m,n,m,n,m,,,,*needs sign reversal * negative slope = LED innovation,0,original,duplicated in market share,1,1,2,2,0,0,,0,1,0,0,0,0,885,check,,,,,,,1,1,0,0,0,0,delete,
foo_usa_1.1Ado_d337_m185,reducing food waste,US,1.1,Adoption over time,share of food that is wasted,market share,foo,2.6528,-0.0016594,-0.00099599,2003.2,1.6565,0.65738,3.1116,1079.8,2.6659,-3.5398e-08,-0.6,0.090852,0.064003,0.0013478,-0.33154,0.090791,0.064726,0.0012285,-0.3317,0.090796,0.064667,9,9,1.2169,0.68365,0.53324,12,8,7,0,1,0,0.84132,1,1,n,y,y,y,y,y,y,y,m,n,m,n,m,,,,* is this market share? identical to kg/cap *needs sign reversal * negative slope = LED innovation,0,prefer-relative,transformed-marketshare,1,1,1,1,0,0,,0,1,1,1,0,0,886,check,,,,,,,1,1,1,1,0,0,,
foo_usa_4.1Sal_d213_m100,reducing food waste,US,4.1,Knowledge Flows (social networks),annualised Google search frequency (index 100=monthly max.),Index 0-100,foo,0.19165,0.13909,4.673,2023.6,22.93,183.77,0.14587,1976.9,-9377,0.95333,0.9451,6.4203,4.5703,0.94746,0.94162,6.8123,5.4841,0.90653,0.89614,9.0863,6.96,21,20,0.54416,0.0056264,0.53853,21,0,18,0,0,1,0.86375,0,1,y,y,y,y,y,y,y,y,y,y,y,y,y,,,,,0,hide,original,1,1,0,0,0,0,,1,1,0,0,0,0,887,,,,,,,,1,1,0,0,0,0,delete,
foo_usa_4.1Sal_d239_m153,reducing food waste,US,4.1,Knowledge Flows (social networks),Partial up to max annualised Google search frequency (index 100=monthly max.),Partial up to max Index 0-100,foo,0.19165,0.13909,4.673,2023.6,22.93,183.77,0.14587,1976.9,-9377,0.95333,0.9451,6.4203,4.5703,0.94746,0.94162,6.8123,5.4841,0.90653,0.89614,9.0863,6.96,21,20,0.54416,0.0056264,0.53853,21,0,18,0,0,1,0.86375,0,1,y,y,y,y,y,y,y,y,y,y,y,y,y,,,,,0,prefer,transformed-partial,1,1,0,0,1,1,,1,1,0,0,1,1,888,,,,,,,,1,1,0,0,1,1,,
hea_aus_1.1Adod_m_0,Heat Pumps,Austria,1.1,Adoption over Time,Annual production of air-source heat pumps,Units (number of heat pumps),hea,0.095142,0.095141,1649,2142.8,46.189,4.4539e+09,0.00023688,1821.5,-3.2966e+06,0.87536,0.85568,4330.6,2893.1,0.87536,0.8629,4330.6,2893.1,0.79515,0.77467,5551.8,3457.7,23,23,1.3548e-05,1.0597e-06,1.2488e-05,23,0,22,0,0,0,0.82584,0,0,y,y,y,y,y,y,y,m,y,m,y,,,,,,,,,,,,,,,,,,,,,,,,,,,,,,,,,,,,,,
hea_ger_1.1Adod_m_0,Heat Pumps,Germany,1.1,Adoption over Time,Annual production of air-source heat pumps,Units (number of heat pumps),hea,0.25467,0.25466,19738,2071.2,17.255,8.2578e+10,1.3613e-11,1874.3,-3.9673e+07,0.872,0.8336,36943,33220,0.872,0.84872,36942,33219,0.59381,0.51995,65809,52385,14,14,5.3101e-06,7.2659e-07,4.5835e-06,14,0,13,0,0,0,0.69527,0,0,y,y,y,y,y,y,m,m,y,m,m,,,,,,,,,,,,,,,,,,,,,,,,,,,,,,,,,,,,,,
hea_net_1.1Adod_m_0,Heat Pumps,Netherlands,1.1,Adoption over Time,Annual production of air-source heat pumps,Units (number of heat pumps),hea,0.35839,0.32966,32018,2026.1,12.262,2.8868e+06,4.3903e-14,1888.6,-6.4419e+07,0.91243,0.8749,35804,26427,0.91217,0.89021,35857,26169,0.70033,0.62542,66231,59018,11,11,0.13156,0.014029,0.11754,11,1,8,0,1,1,0.72839,0,0,y,y,y,y,y,y,y,m,y,m,y,,,,,,,,,,,,,,,,,,,,,,,,,,,,,,,,,,,,,,
hea_nor_1.1Adod_m_0,Heat Pumps,Norway,1.1,Adoption over Time,Annual production of air-source heat pumps,Units (number of heat pumps),hea,0.080526,0.080524,5180.3,2149.6,54.572,3.827e+09,0.00056042,1782.6,-1.0355e+07,0.80607,0.77545,17203,14211,0.80607,0.78668,17203,14211,0.77372,0.75109,18583,15278,23,23,3.9524e-05,3.6582e-06,3.5866e-05,23,0,21,0,0,1,0.87598,0,0,y,y,y,y,y,y,y,m,y,m,y,,,,,,,,,,,,,,,,,,,,,,,,,,,,,,,,,,,,,,
hea_pol_1.1Adod_m_0,Heat Pumps,Poland,1.1,Adoption over Time,Annual production of air-source heat pumps,Units (number of heat pumps),hea,0.64149,0.64149,2690.5,2040.8,6.8503,3.3022e+10,2.5852e-19,1936.3,-5.3838e+06,0.96941,0.96559,6751.5,5298.3,0.96941,0.96696,6751.5,5298.3,0.35147,0.29958,31087,18335,28,27,5.9384e-06,3.0283e-09,5.9354e-06,28,0,26,0,0,1,0.48979,0,0,y,y,y,y,y,y,m,m,y,m,m,,,,,,,,,,,,,,,,,,,,,,,,,,,,,,,,,,,,,,
hea_swi_1.1Adod_m_0,Heat Pumps,Switzerland,1.1,Adoption over Time,Annual production of air-source heat pumps,Units (number of heat pumps),hea,0.21202,0.21201,4685.5,2079.5,20.726,1.3909e+10,3.4902e-09,1877.5,-9.4151e+06,0.74464,0.66804,12810,10499,0.74465,0.69822,12810,10499,0.55514,0.47425,16908,11727,14,14,8.3639e-06,2.5596e-07,8.108e-06,14,0,13,0,0,1,0.62954,0,0,y,y,y,y,y,y,m,m,y,m,m,,,,,,,,,,,,,,,,,,,,,,,,,,,,,,,,,,,,,,
hea_usa_1.1Adod_m_0,Heat Pumps,United States,1.1,Adoption over Time,Annual production of air-source heat pumps,Units (number of heat pumps),hea,0.05323,0.05323,1.0999e+05,2234.7,82.555,3.0971e+11,0.01314,1656.2,-2.1897e+08,0.7992,0.76155,3.4054e+05,2.9768e+05,0.7992,0.77558,3.4054e+05,2.9768e+05,0.6965,0.66079,4.1867e+05,3.5749e+05,20,20,1.3995e-05,5.2512e-06,8.744e-06,20,0,19,0,0,0,0.90987,0,0,y,y,y,y,y,y,y,m,y,m,y,,,,,,,,,,,,,,,,,,,,,,,,,,,,,,,,,,,,,,
int_bra_1.1Adod_m_0,Household internet access,Brazil,1.1,Adoption over Time,Fixed broadband subscriptions (per 100 people),%,h12,0.21641,0.10276,0.93701,2014.7,20.307,24.294,9.3603,2013.7,-1875.3,0.98269,0.98032,0.93874,0.85828,0.94613,0.94144,1.6559,1.4523,0.97034,0.96777,1.2286,0.96087,26,26,0.92282,2.4066e-05,0.9228,26,0,25,0,0,1,0.91789,0,1,y,y,y,y,y,y,y,y,y,y,y,,,,,,,,,,,,,,,,,,,,,,,,,,,,,,,,,,,,,,
int_chi_1.1Ado_d362_m195,household internet access,China,1.1,Adoption over Time,Share of Households,%,h12,0.26105,0.10097,2.592,2011.7,16.834,75.475,0.72117,1974.6,-5174.7,0.9895,0.98841,2.665,2.226,0.93483,0.93049,6.6389,5.9959,0.90064,0.89401,8.1978,6.8004,33,30,1.0018,2.2349e-06,1.0018,30,0,29,0,0,1,0.92916,0,1,y,y,y,y,y,y,y,y,y,y,y,,,,,,,,,,,,,,,,,,,,,,,,,,,,,,,,,,,,,,
int_den_1.1Ado_d362_m195,household internet access,Denmark,1.1,Adoption over Time,Share of Households,%,h12,0.48388,0.048521,3.7567,2000.8,9.0817,94.573,0.69247,1914.9,-7474,0.99268,0.99192,3.3099,2.7781,0.70191,0.68204,21.115,18.935,0.85556,0.84593,14.698,12.455,33,33,1.0454,0.0010286,1.0444,33,1,32,0,0,1,0.97003,0,1,y,y,y,y,y,y,y,y,y,y,y,,,,,,,,,,,,,,,,,,,,,,,,,,,,,,,,,,,,,,
int_fin_1.1Ado_d362_m195,household internet access,Finland,1.1,Adoption over Time,Share of Households,%,h12,0.37902,0.045567,3.339,2000.5,11.594,89.622,0.79756,1912.9,-6638.5,0.99437,0.99379,2.5692,2.0967,0.71437,0.69533,18.302,16.431,0.86202,0.85282,12.72,11.365,33,33,1.0376,0.0044753,1.0331,33,0,32,0,0,1,0.96975,0,1,y,y,y,y,y,y,y,y,y,y,y,,,,,,,,,,,,,,,,,,,,,,,,,,,,,,,,,,,,,,
int_ger_1.1Adod_m_0,Household internet access,Germany,1.1,Adoption over Time,Fixed broadband subscriptions (per 100 people),%,h12,0.39603,0.060468,2.0264,2006.9,11.096,41.778,1.348,1962.2,-4047.7,0.97992,0.97691,2.0878,1.8454,0.78032,0.7594,6.9057,5.9951,0.90642,0.89751,4.507,3.9717,24,24,1.0862,0.0077546,1.0785,24,0,23,0,0,1,0.95548,0,1,y,y,y,y,y,y,y,y,y,y,y,,,,,,,,,,,,,,,,,,,,,,,,,,,,,,,,,,,,,,
int_ita_1.1Adod_m_0,Household internet access,Italy,1.1,Adoption over Time,Fixed broadband subscriptions (per 100 people),%,h12,0.33202,0.061272,1.3903,2007,13.236,29.231,9.5477,2001,-2776.9,0.95892,0.95276,2.0335,1.8034,0.80302,0.78426,4.4526,3.6544,0.92014,0.91254,2.8351,2.3543,24,24,1.0893,0.0068693,1.0824,24,0,23,0,0,1,0.95342,0,1,y,y,y,y,y,y,y,y,y,y,y,,,,,,,,,,,,,,,,,,,,,,,,,,,,,,,,,,,,,,
int_jap_1.1Adod_m_0,Household internet access,Japan,1.1,Adoption over Time,Fixed broadband subscriptions (per 100 people),%,h12,0.33957,0.056879,1.5219,2005.5,12.941,33.836,2.2266,1970.8,-3036.9,0.96424,0.95937,2.2593,1.9423,0.79018,0.77193,5.473,4.5569,0.91266,0.90507,3.531,3.1282,26,26,1.1417,0.00074876,1.141,26,0,25,0,0,1,0.95435,0,1,y,y,y,y,y,y,y,y,y,y,y,,,,,,,,,,,,,,,,,,,,,,,,,,,,,,,,,,,,,,
int_lka_1.1Ado_d362_m195,household internet access,Sri Lanka,1.1,Adoption over Time,Share of Households,%,h12,0.95329,0.15971,1.4333,2015.8,4.6098,45.543,4.1875,2005.2,-2862.3,0.96867,0.9644,2.9242,1.7931,0.91199,0.90434,4.9012,3.1562,0.73117,0.7078,8.566,7.1999,26,22,1.1129,6.0721e-05,1.1129,28,2,21,0,0,1,0.86436,0,1,y,y,y,y,y,y,y,y,y,y,y,,,,,,,,,,,,,,,,,,,,,,,,,,,,,,,,,,,,,,
int_net_1.1Adod_m_0,Household internet access,Netherlands,1.1,Adoption over Time,Fixed broadband subscriptions (per 100 people),%,h12,0.57579,0.04672,1.7664,2004.5,7.6321,41.498,1.7749,1950.5,-3520.8,0.99063,0.98929,1.4051,1.2725,0.65401,0.62255,8.5362,7.3357,0.78522,0.76569,6.7256,5.9552,25,25,1.0498,0.011572,1.0382,26,1,24,0,0,1,0.9655,0,1,y,y,y,y,y,y,y,y,y,y,y,,,,,,,,,,,,,,,,,,,,,,,,,,,,,,,,,,,,,,
int_nig_1.1Adod_m_0,Household internet access,Nigeria,1.1,Adoption over Time,Fixed broadband subscriptions (per 100 people),%,h12,21.867,0.0010823,0.00090887,2015.1,0.20096,0.042725,1555.3,1.5748e+05,-1.7979,-0.65129,-1.0324,0.024401,0.016583,-3.0447,-3.6225,0.03819,0.033134,0.066014,-0.067413,0.018352,0.015952,17,17,1.392,0.0080698,1.3839,19,12,16,1,0,1,0.8067,1,1,n,y,y,m,y,m,y,y,m,n,m,,,,,,,,,,,,,,,,,,,,,,,,,,,,,,,,,,,,,,
int_por_1.1Adod_m_0,Household internet access,Portugal,1.1,Adoption over Time,Fixed broadband subscriptions (per 100 people),%,h12,0.20957,0.081838,1.9718,2012,20.968,47.534,1.3656,1978.9,-3943.4,0.9858,0.98377,1.6982,1.348,0.9228,0.91578,3.9595,3.3091,0.9956,0.99519,0.94576,0.79829,25,25,0.92799,6.1057e-05,0.92793,25,0,24,0,0,1,0.94005,0,1,y,y,y,y,y,y,y,y,y,y,y,,,,,,,,,,,,,,,,,,,,,,,,,,,,,,,,,,,,,,
int_sou_1.1Ado_d362_m195,household internet access,South Korea,1.1,Adoption over Time,Share of Households,%,h12,0.5155,0.05176,3.7106,2000.8,8.5246,89.315,0.28532,1905,-7385.4,0.97848,0.97625,5.5513,4.7401,0.72367,0.70525,19.892,17.913,0.87179,0.86325,13.549,11.61,33,33,1.0924,0.00026048,1.0922,33,1,32,0,0,1,0.96688,0,1,y,y,y,y,y,y,y,y,y,y,y,,,,,,,,,,,,,,,,,,,,,,,,,,,,,,,,,,,,,,
int_sou_1.1Adod_m_0,Household internet access,South Korea,1.1,Adoption over Time,Fixed broadband subscriptions (per 100 people),%,h12,0.30279,0.044219,1.576,2003.5,14.513,42.095,2.0135,1949.5,-3137.2,0.94048,0.93236,3.1163,2.4209,0.75497,0.73366,6.323,4.771,0.85625,0.84375,4.843,3.9088,26,26,1.1063,0.00071909,1.1055,26,0,25,0,0,1,0.9602,0,1,y,y,y,y,y,y,y,y,y,y,y,,,,,,,,,,,,,,,,,,,,,,,,,,,,,,,,,,,,,,
int_swe_1.1Adod_m_0,Household internet access,Sweden,1.1,Adoption over Time,Fixed broadband subscriptions (per 100 people),%,h12,0.43194,0.04365,1.4695,2004.3,10.174,37.6,2.1034,1951.8,-2926.4,0.9447,0.93641,2.6497,2.2698,0.7186,0.6918,5.9773,4.9347,0.815,0.79738,4.8465,3.9805,24,24,1.0861,0.074643,1.0114,24,2,23,0,0,1,0.96093,0,1,y,y,y,y,y,y,y,y,y,y,y,,,,,,,,,,,,,,,,,,,,,,,,,,,,,,,,,,,,,,
int_uki_1.1Adod_m_0,Household internet access,United Kingdom,1.1,Adoption over Time,Fixed broadband subscriptions (per 100 people),%,h12,0.43184,0.056651,1.8877,2006.4,10.176,39.516,1.5623,1961.7,-3769.4,0.98097,0.97812,1.9341,1.7171,0.73266,0.7072,7.2499,6.2641,0.8685,0.85597,5.0848,4.6096,24,24,1.0486,0.0022664,1.0463,24,0,23,0,0,1,0.96006,0,1,y,y,y,y,y,y,y,y,y,y,y,,,,,,,,,,,,,,,,,,,,,,,,,,,,,,,,,,,,,,
int_usa_1.1Ado_d362_m195,household internet access,United States,1.1,Adoption over Time,Share of Households,%,h12,0.34627,0.049395,3.1551,1999.9,12.691,80.868,0.64128,1917.4,-6273.5,0.96989,0.96891,5.321,4.3275,0.77385,0.76899,14.583,12.262,0.90246,0.90036,9.5772,8.2809,96,96,1.1346,0.0097038,1.1249,32,2,95,0,0,1,0.98775,0,1,y,y,y,y,y,y,y,y,y,y,y,,,,,,,,,,,,,,,,,,,,,,,,,,,,,,,,,,,,,,
int_usa_1.1Adod_m_0,Household internet access,United States,1.1,Adoption over Time,Fixed broadband subscriptions (per 100 people),%,h12,0.34749,0.05666,1.5436,2005.6,12.646,34.472,2.1309,1969.6,-3080,0.97678,0.97362,1.843,1.6326,0.79291,0.7749,5.5044,4.7483,0.91605,0.90875,3.5045,3.1521,26,26,1.1066,0.0074238,1.0992,26,0,25,0,0,1,0.95698,0,1,y,y,y,y,y,y,y,y,y,y,y,,,,,,,,,,,,,,,,,,,,,,,,,,,,,,,,,,,,,,
mic_ban_1.1Ado_d107_m122,microfinance,Bangladesh,1.1,Adoption over time,Gross lender loan portfolio,USD,m10,0.26178,,3.4508e+08,2012.2,16.787,7.3744e+09,,,-6.9056e+11,0.8967,0.87733,6.8711e+08,4.3353e+08,,,,,0.86634,0.85062,7.8156e+08,5.7358e+08,20,20,1.0308,0.022226,1.0086,20,2,18,1,0,1,0.9402,0,0,y,y,y,y,y,y,y,y,y,y,y,m,y,1,,,* error in logfit,0,original,,0,1,0,0,0,0,,1,1,0,0,0,0,894,check,,,,,,,1,1,0,0,0,0,delete,
mic_ban_1.1Ado_d132_m111,microfinance,Bangladesh,1.1,Adoption over time,Number of active borrowers,No.,m10,0.72066,0.029125,6.2647e+05,2002.6,6.0978,2.0684e+07,3.8578,1483.9,-1.2415e+09,0.70161,0.64566,3.5448e+06,2.4469e+06,0.25099,0.16287,5.6161e+06,4.6396e+06,0.30989,0.2287,5.3908e+06,4.2558e+06,20,20,1.3108,0.14903,1.1618,20,2,18,1,0,1,0.964,0,0,y,y,y,y,y,y,y,y,y,y,y,y,y,2,,,,0,original,,1,1,0,0,0,0,,1,1,0,0,0,0,895,,,,,,,,1,1,0,0,0,0,delete,
mic_ban_1.1Ado_d285_m173,microfinance,Bangladesh,1.1,Adoption over time,Partial up to max Gross lender loan portfolio,Partial up to max USD,m10,0.16012,,3.6889e+08,2090.9,27.444,1.0043e+15,,,-7.3834e+11,0.98606,0.98307,2.396e+08,1.9985e+08,,,,,0.88972,0.87501,6.7381e+08,5.2894e+08,18,18,7.5686e-06,1.6319e-07,7.4054e-06,18,0,16,0,0,1,0.83645,0,0,y,y,y,y,y,y,y,m,y,m,y,m,y,,,,* error in logfit,0,hide,transformed-partial,0,1,0,0,0,0,,1,1,0,0,0,0,896,check,,,,,,,1,1,0,0,0,0,delete,
mic_ban_1.1Ado_d286_m174,microfinance,Bangladesh,1.1,Adoption over time,Partial up to max Number of active borrowers,Partial up to max No.,m10,0.60207,0.053603,1.084e+06,2003,7.2989,2.2521e+07,0.012714,1616.1,-2.1591e+09,0.91263,0.89391,1.9419e+06,1.6723e+06,0.65175,0.60532,3.8769e+06,3.0367e+06,0.73275,0.69712,3.3962e+06,2.6898e+06,18,18,1.2039,0.13688,1.067,18,0,16,0,0,1,0.93382,0,0,y,y,y,y,y,y,y,y,y,y,y,y,y,,,,,0,prefer-absolute,transformed-partial,1,1,0,2,0,0,,1,1,0,0,0,0,897,,,,,,,,1,1,0,0,0,0,delete,
mic_ban_1.1Ado_d341_m185,microfinance,Bangladesh,1.1,Adoption over time,active borrowers as a share of population,market share,m10,0.7726,0.0012956,0.0032778,2002.3,5.6879,0.13265,1555.1,1.5747e+05,-6.473,0.65644,0.59202,0.02372,0.016711,-7.9089,-8.957,0.12079,0.11381,0.21814,0.12616,0.035783,0.028199,20,20,1.2602,0.16986,1.0904,20,2,18,1,0,1,0.96569,1,1,m,y,y,y,y,y,y,y,m,m,m,n,m,,,,weird data,0,prefer-relative,transformed-marketshare,0,1,0,1,0,0,,0,1,0,1,0,0,898,,,,,,,,0,1,0,1,0,0,,
mic_ban_2.1Lea_d154_m195,microfinance,Bangladesh,2.1,Learning,Operating expense / loan portfolio,%,m10,-0.14799,-0.046804,-0.009463,2012.8,-29.694,0.31275,1.0114,1973,19.205,0.18682,0.034348,0.11664,0.064462,0.16832,0.070479,0.11796,0.06125,0.17795,0.081242,0.11728,0.062689,20,20,2.2608,0.38108,1.8797,20,16,0,1,0,1,0.73408,1,1,n,y,y,y,y,y,y,y,m,n,m,,,,,,,,,,,,,,,,,,,,,,,,,,,,,,,,,,,,,,
mic_ban_2.7Gra_d054_m195,microfinance,Bangladesh,2.7,Granularity (Unit Size),Average loan balance per borrower / GNI per capita,%,m10,-0.00073644,0.00096837,-0.00013323,-859.43,-5967.2,2.1665,1555.3,1.5745e+05,0.50142,0.0001188,-0.19986,0.071299,0.062078,-10.748,-12.216,0.24439,0.23376,0.00010474,-0.12488,0.0713,0.062084,19,19,0.16832,0.058,0.11032,19,16,18,1,0,1,0.90149,1,1,n,y,y,y,y,y,y,m,m,n,m,,,,,,,,,,,,,,,,,,,,,,,,,,,,,,,,,,,,,,
mic_ban_3.2Adc_d068_m195,microfinance,Bangladesh,3.2,Adopter Characteristics,Clients below poverty line,%,m10,29.562,0.06563,963.61,2014.2,0.14865,18329,0.011579,1809.3,-1.9325e+06,0.13154,-0.19413,23124,11981,0.0096755,-0.2104,24693,13766,0.017971,-0.20026,24590,13473,12,12,4.9083,0.00073653,4.9076,12,4,0,1,0,1,0.018315,0,0,n,y,y,m,m,m,m,y,m,n,m,,,,,,,,,,,,,,,,,,,,,,,,,,,,,,,,,,,,,,
mic_ban_3.2Adc_d097_m195,microfinance,Bangladesh,3.2,Adopter characteristics,Female borrowers,%,m10,0.60371,0.0022069,0.0020528,1996.9,7.2791,0.92033,0.5724,1801.6,-3.2194,0.534,0.44662,0.028784,0.021874,0.076736,-0.031883,0.040516,0.031104,0.078808,-0.029567,0.040471,0.031075,20,20,1.0335,0.85317,0.18035,20,12,18,1,0,0,0.95514,1,1,m,y,y,y,y,y,y,m,m,m,m,,,,,,,,,,,,,,,,,,,,,,,,,,,,,,,,,,,,,,
mic_ban_4.1Sal_d213_m100,microfinance,Bangladesh,4.1,Knowledge Flows (social networks),annualised Google search frequency (index 100=monthly max.),Index 0-100,m10,-0.02702,-0.027012,-0.40779,1720.4,-162.63,50604,35.622,1989,839.72,0.017276,-0.15615,20.562,12.637,0.017277,-0.091914,20.562,12.637,0.014172,-0.095364,20.595,12.635,21,17,0.0019761,0.00023713,0.001739,20,19,9,0,1,1,0.31113,0,1,n,y,y,y,y,y,m,m,m,n,m,n,m,,,,downward,0,prefer,original,1,1,0,0,0,1,,0,1,0,0,0,1,903,check,,,,,,,1,1,0,0,0,1,,
mic_ban_4.1Sal_d239_m153,microfinance,Bangladesh,4.1,Knowledge Flows (social networks),Partial up to max annualised Google search frequency (index 100=monthly max.),Partial up to max Index 0-100,m10,,,100,,,,,,-2.004e+05,,,,,,,,,1,1,0,0,2,1,,,,1,0,0,0,0,,,0,1,n,n,y,m,m,m,m,m,y,n,n,n,n,,,,too few,0,hide,transformed-partial,0,0,0,0,0,0,,0,0,0,0,0,0,904,,,,,,,,0,0,0,0,0,0,delete,
mic_glo_3.3Sci_d235_m020,microfinance,Global,3.3,Risk & Uncertainty (Shared Expectations),scientific publications,# publications,m10,0.26566,0.10864,82.995,2014.7,16.542,5561.9,0.0032413,1890.8,-1.6474e+05,0.99121,0.9907,154.95,93.435,0.94981,0.94787,370.38,291.48,0.63512,0.62109,998.62,836.32,55,39,0.96927,0.00017979,0.96909,46,0,45,0,0,1,0.92392,0,0,y,y,y,y,y,y,y,y,y,y,y,y,y,,,,"good; only available global, apply to all EA regions",0,,,1,1,0,0,1,1,,1,1,0,0,1,1,905,,,,,,,,1,1,0,0,1,1,,
mic_glo_3.5Mar_d074_m128,microfinance,Global,3.5,Market Formation,CumulativeStartups,cum. # companies,m10,0.13604,0.059444,9.0875,2009.1,32.302,408.04,0.29989,1902.1,-18047,0.99781,0.99765,5.6538,4.54,0.94789,0.94541,27.58,23.369,0.95416,0.95198,25.868,22.681,45,45,0.85042,0.0073523,0.84306,45,1,44,0,0,0,0.96143,0,0,y,y,y,y,y,y,y,y,y,y,y,y,y,,,,,0,prefer,original,1,1,0,0,0,1,,1,1,0,0,0,1,906,,,,,,,,1,1,0,0,0,1,,
mic_glo_3.5Mar_d126_m008,microfinance,Global,3.5,Market Formation,NewStartups,# companies,m10,0.22597,0.017572,0.18748,1991.7,19.447,10.564,9.6138,2015.4,-367.63,0.36966,0.32354,4.3118,3.1176,0.14743,0.10683,5.0146,4.1,0.20101,0.16296,4.8544,3.7169,45,44,1.7985,0.094659,1.7039,44,17,42,1,0,1,0.88234,0,1,m,y,y,y,m,m,y,y,m,m,m,m,m,,,,,0,hide,original,1,1,0,0,0,0,,1,1,0,0,0,0,907,,,,,,,,1,1,0,0,0,0,delete,
mic_glo_3.5Mar_d171_m011,microfinance,Global,3.5,Market Formation,PrivateEquityDeals,# deals,m10,0.47423,0.067823,0.59578,2008.3,9.2665,20.53,8.4953,2007.9,-1185.4,0.85301,0.84226,3.6562,2.0178,0.63236,0.61486,5.7823,4.4451,0.6583,0.64203,5.5746,4.5517,45,24,1.4126,0.04871,1.3639,36,7,35,1,0,1,0.95796,0,1,y,y,y,y,y,y,y,y,y,y,y,y,y,,,,,0,hide,original,1,1,0,0,0,0,,1,1,0,0,0,0,908,,,,,,,,1,1,0,0,0,0,delete,
mic_glo_3.5Mar_d175_m027,microfinance,Global,3.5,Market Formation,PrivateEquityInvestment,$ million,m10,0.48663,0.099826,7.2327,2015,9.0303,334.88,0.085611,1940.1,-14403,0.54293,0.50948,103.27,42.17,0.46943,0.44417,111.26,57.983,0.37815,0.34854,120.46,78.694,45,20,2.4593,0.0085106,2.4508,21,3,20,1,0,1,0.6676,0,0,m,y,y,m,y,m,m,y,y,m,m,m,m,,,,,0,hide,original,1,1,0,0,0,0,,1,1,0,0,0,0,909,,,,,,,,1,1,0,0,0,0,delete,
mic_glo_3.5Mar_d200_m027,microfinance,Global,3.5,Market Formation,TotalFundraisingAmount,$ million,m10,21.408,0.073223,52.1,2012.1,0.20527,1967.9,0.042985,1875.5,-1.0369e+05,0.45737,0.41767,884.13,468.58,0.31822,0.28576,991.03,591.44,0.31782,0.28533,991.32,632.56,45,24,2.8543,0.00037379,2.8539,25,11,23,1,0,1,0.37656,0,0,m,y,y,m,m,m,m,y,y,m,m,m,m,,,,,0,hide,original,1,1,0,0,0,0,,0,1,0,0,0,0,910,check,,,,,,,1,1,0,0,0,0,delete,
mic_glo_3.5Mar_d204_m011,microfinance,Global,3.5,Market Formation,TotalFundraisingDeals,# deals,m10,0.4463,0.070187,1.7814,2008.4,9.8465,61.531,1.9019,1971.1,-3544.2,0.91971,0.91383,7.658,3.4251,0.72611,0.71307,14.144,10.979,0.73282,0.7201,13.97,11.526,45,34,1.2026,0.016252,1.1864,40,7,39,1,0,1,0.97386,0,1,y,y,y,y,y,y,y,y,y,y,y,y,y,,,,,0,hide,original,1,1,0,0,0,0,,1,1,0,0,0,0,911,,,,,,,,1,1,0,0,0,0,delete,
mic_glo_3.5Mar_d242_m156,microfinance,Global,3.5,Market Formation,cumulative CumulativeStartups,cumulative cum. # companies,m10,0.12918,0.085128,140.36,2019.7,34.017,10231,0.0056273,1859,-2.7919e+05,0.99943,0.99938,47.14,41.753,0.9885,0.98795,211.07,188.88,0.85808,0.85132,741.37,642.48,45,45,0.641,0.00029323,0.64071,45,0,44,0,0,1,0.93097,0,0,y,y,y,y,y,y,y,y,y,y,y,y,y,,,,not needed as transformed-cumulative twice (error),1,delete,transformed-cumx2error,0,0,0,0,0,0,,1,1,0,0,0,0,912,check,check,,,,,,1,1,0,0,0,0,delete,
mic_glo_3.5Mar_d243_m157,microfinance,Global,3.5,Market Formation,Partial up to max CumulativeStartups,Partial up to max cum. # companies,m10,0.13364,0.062143,9.0832,2009.5,32.882,416.92,0.27388,1905.2,-18039,0.99804,0.99789,5.2378,4.2232,0.95579,0.95363,24.868,20.873,0.95108,0.94869,26.16,23.174,44,44,0.8323,0.0071956,0.8251,44,0,43,0,0,0,0.95831,0,0,y,y,y,y,y,y,y,y,y,y,y,y,y,,,,not needed as transformed-cumulative preferred,1,delete,transformed-partial,0,0,0,0,0,0,,1,1,0,0,0,0,913,check,check,,,,,,1,1,0,0,0,0,delete,
mic_glo_3.5Mar_d244_m158,microfinance,Global,3.5,Market Formation,cumulative NewStartups,cumulative # companies,m10,0.13604,0.059444,9.0875,2009.1,32.302,408.04,0.29989,1902.1,-18047,0.99781,0.99765,5.6538,4.54,0.94789,0.94541,27.58,23.369,0.95416,0.95198,25.868,22.681,45,45,0.85042,0.0073523,0.84306,45,1,44,0,0,0,0.96143,0,0,y,y,y,y,y,y,y,y,y,y,y,y,y,,,,not needed as cumulative in original data,1,delete,transformed-cumulative,0,0,0,0,0,0,,1,1,0,0,0,0,914,check,check,,,,,,1,1,0,0,0,0,delete,
mic_glo_3.5Mar_d245_m159,microfinance,Global,3.5,Market Formation,Partial up to max NewStartups,Partial up to max # companies,m10,0.070891,0.070887,0.39255,2132.3,61.988,96186,11.321,2004.6,-776.62,0.53389,0.47309,2.9001,2.0391,0.53389,0.49505,2.9001,2.0391,0.5181,0.47794,2.9488,2.0444,27,27,0.00019753,1.0397e-05,0.00018714,27,0,25,0,0,1,0.68918,0,1,m,y,y,m,y,m,m,m,y,m,m,m,m,,,,not needed as transformed-cumulative preferred,1,delete,transformed-partial,0,0,0,0,0,0,,1,1,0,0,0,0,915,check,check,,,,,,1,1,0,0,0,0,delete,
mic_glo_3.5Mar_d246_m160,microfinance,Global,3.5,Market Formation,cumulative PrivateEquityDeals,cumulative # deals,m10,0.2691,0.12365,6.7095,2016.8,16.33,385.3,0.013384,1940.8,-13363,0.99893,0.99885,3.4561,2.4299,0.96683,0.96525,19.225,14.812,0.6815,0.66633,59.57,51.437,45,36,0.86167,0.0025954,0.85907,36,0,35,0,0,0,0.91856,0,0,y,y,y,y,y,y,y,y,y,y,y,y,y,,,,,0,prefer,transformed-cumulative,1,1,0,0,0,0,,1,1,0,0,0,0,916,,,,,,,,1,1,0,0,0,0,delete,
mic_glo_3.5Mar_d247_m161,microfinance,Global,3.5,Market Formation,Partial up to max PrivateEquityDeals,Partial up to max # deals,m10,0.26085,0.15181,0.59711,2012.5,16.847,34.435,6.2195,2006.7,-1188.1,0.93192,0.92592,2.1448,1.2743,0.91854,0.91388,2.3462,1.572,0.6345,0.61362,4.9696,4.1375,38,17,0.84217,0.02904,0.81313,29,0,28,0,0,1,0.83867,0,1,y,y,y,m,y,m,y,y,y,m,m,m,m,,,,not needed as transformed-cumulative preferred,1,delete,transformed-partial,0,0,0,0,0,0,,1,1,0,0,0,0,917,check,check,,,,,,1,1,0,0,0,0,delete,
mic_glo_3.5Mar_d248_m162,microfinance,Global,3.5,Market Formation,cumulative PrivateEquityInvestment,cumulative $ million,m10,0.25907,0.16528,56.581,2021.7,16.962,5677.3,3.8551e-05,1912.4,-1.1273e+05,0.99096,0.9903,92.503,58.153,0.98119,0.9803,133.41,74.032,0.57051,0.55005,637.57,510.97,45,21,0.60795,0.000502,0.60745,21,0,20,0,0,1,0.88172,0,0,y,y,y,y,y,y,y,y,y,y,y,y,y,,,,,0,prefer,transformed-cumulative,1,1,0,0,0,0,,1,1,0,0,0,0,918,,,,,,,,1,1,0,0,0,0,delete,
mic_glo_3.5Mar_d249_m163,microfinance,Global,3.5,Market Formation,Partial up to max PrivateEquityInvestment,Partial up to max $ million,m10,0.30431,0.30429,7.5372,2058.7,14.441,6.306e+07,1.6362,2001.3,-15011,0.7699,0.75173,72.098,30.227,0.7699,0.7581,72.098,30.228,0.36946,0.33712,119.35,76.88,42,17,1.306e-05,4.5195e-08,1.3015e-05,18,0,17,0,0,1,0.43255,0,0,y,y,y,m,y,m,m,m,y,m,m,m,m,,,,not needed as transformed-cumulative preferred,1,delete,transformed-partial,0,0,0,0,0,0,,1,1,0,0,0,0,919,check,check,,,,,,1,1,0,0,0,0,delete,
mic_glo_3.5Mar_d250_m162,microfinance,Global,3.5,Market Formation,cumulative TotalFundraisingAmount,cumulative $ million,m10,0.28607,0.13242,538.21,2017.3,15.361,32180,3.5088e-05,1868.1,-1.0721e+06,0.99426,0.99384,657.35,393.95,0.96314,0.96138,1666.5,1323.4,0.64855,0.63182,5145.5,4356.7,45,25,0.86112,3.729e-05,0.86108,25,0,24,0,0,1,0.90941,0,0,y,y,y,y,y,y,y,y,y,y,y,y,y,,,,,0,prefer,transformed-cumulative,1,1,0,0,0,0,,1,1,0,0,0,0,920,,,,,,,,1,1,0,0,0,0,delete,
mic_glo_3.5Mar_d251_m163,microfinance,Global,3.5,Market Formation,Partial up to max TotalFundraisingAmount,Partial up to max $ million,m10,2.301,2.3005,43.013,2016.7,1.9098,2.7322e+07,1.91e-24,1985.5,-85591,0.9152,0.90672,281.37,106.38,0.9152,0.90973,281.37,106.38,0.19073,0.13852,869.23,443.53,34,13,0.00020558,2.6923e-08,0.00020556,14,0,12,0,0,1,0.14014,0,0,y,y,y,m,y,m,m,m,m,m,m,m,m,,,,not needed as transformed-cumulative preferred,1,delete,transformed-partial,0,0,0,0,0,0,,0,1,0,0,0,0,921,,check,,,,,,0,1,0,0,0,0,delete,
mic_glo_3.5Mar_d252_m160,microfinance,Global,3.5,Market Formation,cumulative TotalFundraisingDeals,cumulative # deals,m10,0.23978,0.1205,20.002,2017.3,18.327,1212.5,0.0077865,1925.2,-39833,0.99916,0.99909,9.0292,6.7502,0.97436,0.97314,49.754,39.499,0.69879,0.68445,170.55,146.26,45,40,0.82554,0.00082471,0.82471,40,0,39,0,0,0,0.91679,0,0,y,y,y,y,y,y,y,y,y,y,y,y,y,,,,,0,prefer,transformed-cumulative,1,1,0,0,0,0,,1,1,0,0,0,0,922,,,,,,,,1,1,0,0,0,0,delete,
mic_glo_3.5Mar_d253_m161,microfinance,Global,3.5,Market Formation,Partial up to max TotalFundraisingDeals,Partial up to max # deals,m10,0.36369,0.13505,1.6828,2009.2,12.083,68.354,1.5908,1988.1,-3347.8,0.98387,0.98245,2.8108,1.8808,0.94123,0.93787,5.366,4.2633,0.69506,0.67763,12.223,10.398,38,27,1.0826,0.01463,1.068,33,0,32,0,0,1,0.88728,0,1,y,y,y,y,y,y,y,y,y,y,y,y,y,,,,not needed as transformed-cumulative preferred,1,delete,transformed-partial,0,0,0,0,0,0,,1,1,0,0,0,0,923,check,check,,,,,,1,1,0,0,0,0,delete,
mic_ind_1.1Ado_d107_m122,microfinance,India,1.1,Adoption over time,Gross lender loan portfolio,USD,m10,0.28138,,1.0772e+09,2060.2,15.617,2.9432e+15,,,-2.1591e+12,0.97872,0.97473,1.0838e+09,7.3852e+08,,,,,0.69892,0.6635,4.0768e+09,3.1407e+09,20,20,9.1667e-06,2.0226e-09,9.1647e-06,20,0,19,0,0,1,0.75087,0,0,y,y,y,y,y,y,y,m,y,m,y,n,y,1,,,* error in logfit,0,original,,0,1,0,0,0,0,,0,1,0,0,0,0,924,,,,,,,,0,1,0,0,0,0,delete,
mic_ind_1.1Ado_d132_m111,microfinance,India,1.1,Adoption over time,Number of active borrowers,No.,m10,0.76611,0.10385,2.3949e+06,2008.8,5.7361,3.4205e+07,1.1069e-06,1717.6,-4.7942e+09,0.95106,0.94188,3.3116e+06,2.3574e+06,0.71504,0.68151,7.9908e+06,6.9024e+06,0.85107,0.83355,5.7769e+06,4.4211e+06,20,20,1.1552,0.0017274,1.1535,20,4,19,1,0,1,0.94917,0,0,y,y,y,y,y,y,y,y,y,y,y,y,y,2,,,,0,original,,1,1,0,0,0,0,,1,1,0,0,0,0,925,,,,,,,,1,1,0,0,0,0,delete,
mic_ind_1.1Ado_d285_m173,microfinance,India,1.1,Adoption over time,Partial up to max Gross lender loan portfolio,Partial up to max USD,m10,0.28138,,1.0772e+09,2060.2,15.617,2.9432e+15,,,-2.1591e+12,0.97872,0.97473,1.0838e+09,7.3852e+08,,,,,0.69892,0.6635,4.0768e+09,3.1407e+09,20,20,9.1667e-06,2.0226e-09,9.1647e-06,20,0,19,0,0,1,0.75087,0,0,y,y,y,y,y,y,y,m,y,m,y,n,y,,,,* error in logfit,0,hide,transformed-partial,0,1,0,0,0,0,,0,1,0,0,0,0,926,,,,,,,,0,1,0,0,0,0,delete,
mic_ind_1.1Ado_d286_m174,microfinance,India,1.1,Adoption over time,Partial up to max Number of active borrowers,Partial up to max No.,m10,0.77164,0.18182,2.8528e+06,2008.8,5.6949,3.3948e+07,6.8864e-11,1789.7,-5.7127e+09,0.96306,0.95383,2.6742e+06,1.8241e+06,0.86898,0.84882,5.0364e+06,4.1747e+06,0.89335,0.87694,4.5439e+06,3.8937e+06,16,16,1.164,0.0017404,1.1622,16,0,15,0,0,1,0.85292,0,0,y,y,y,y,y,y,y,y,y,y,y,y,y,,,,,0,prefer-absolute,transformed-partial,1,1,2,2,0,0,,1,1,0,0,0,0,927,,,,,,,,1,1,0,0,0,0,delete,
mic_ind_1.1Ado_d341_m185,microfinance,India,1.1,Adoption over time,active borrowers as a share of population,market share,m10,0.85225,0.0011652,0.0017687,2008.5,5.1563,0.025404,1555.1,1.5747e+05,-3.5401,0.94871,0.93909,0.0025376,0.0018336,-1.5754,-1.8784,0.017982,0.014064,0.82846,0.80827,0.0046409,0.0035774,20,20,1.1713,0.0022005,1.1691,20,4,19,1,0,1,0.95177,1,1,y,y,y,y,y,y,y,y,y,y,y,y,y,,,,,0,prefer-relative,transformed-marketshare,1,1,1,1,0,0,,1,1,1,1,0,0,928,,,,,,,,1,1,1,1,0,0,,
mic_ind_2.1Lea_d154_m195,microfinance,India,2.1,Learning,Operating expense / loan portfolio,%,m10,-0.097127,-0.00066289,-0.017487,1899.2,-45.244,8371.3,-1544.6,-1.5263e+05,35.354,0.70764,0.64917,0.06543,0.046892,-2.8549,-3.3368,0.23759,0.20446,0.62651,0.57982,0.073954,0.061483,19,19,5.512e-05,1.2895e-05,4.2225e-05,19,18,1,0,0,1,0.78088,1,1,y,y,y,y,y,y,y,m,y,m,y,,,,,,,,,,,,,,,,,,,,,,,,,,,,,,,,,,,,,,
mic_ind_2.7Gra_d054_m195,microfinance,India,2.7,Granularity (Unit Size),Average loan balance per borrower / GNI per capita,%,m10,-0.037251,0.00046574,-0.0055212,1737.9,-117.97,3834.8,1555.4,1.5744e+05,11.253,0.58088,0.49706,0.026787,0.022851,-15.145,-17.163,0.16625,0.16102,0.53415,0.47592,0.028241,0.024435,19,19,6.546e-05,2.9567e-05,3.5893e-05,19,16,5,1,1,0,0.92516,1,1,m,y,y,y,y,y,y,m,y,m,y,,,,,,,,,,,,,,,,,,,,,,,,,,,,,,,,,,,,,,
mic_ind_3.2Adc_d068_m195,microfinance,India,3.2,Adopter Characteristics,Clients below poverty line,%,m10,-0.25144,-0.00099745,-0.020676,2021.4,-17.477,0.70753,-1544.3,-1.5267e+05,42.233,0.31513,0.0583,0.106,0.073694,-22.081,-27.21,0.61538,0.6019,0.31049,0.15726,0.10636,0.078444,12,12,1.3144,0.65014,0.66428,12,11,10,0,0,1,0.85051,1,1,m,y,y,y,y,y,y,y,y,m,y,,,,,,,,,,,,,,,,,,,,,,,,,,,,,,,,,,,,,,
mic_ind_3.2Adc_d097_m195,microfinance,India,3.2,Adopter Characteristics,Female borrowers,%,m10,0.047256,0.0064388,0.0060352,1970.3,92.992,1.0844,1.2818,2058.8,-11.194,0.8591,0.83268,0.014153,0.011371,0.84905,0.83129,0.014649,0.011502,0.85194,0.83452,0.014508,0.011491,20,20,0.91502,0.79004,0.12497,20,1,16,0,1,0,0.95029,1,1,y,y,y,y,y,y,y,m,y,m,y,,,,,,,,,,,,,,,,,,,,,,,,,,,,,,,,,,,,,,
mic_ind_3.5Mar_d074_m128,microfinance,India,3.5,Market Formation,CumulativeStartups,cum. # companies,m10,0.12138,0.048101,1.0947,2004.9,36.204,47.06,3.5682,1968.8,-2171,0.98118,0.9798,1.9671,1.5816,0.9173,0.91336,4.1235,3.6565,0.98315,0.98235,1.8612,1.5942,45,42,0.89247,0.021249,0.87122,42,3,41,0,0,0,0.96716,0,1,y,y,y,y,y,y,y,y,y,y,y,y,y,,,,,0,prefer,original,1,1,0,0,1,1,,1,1,0,0,1,1,933,,,,,,,,1,1,0,0,1,1,,
mic_ind_3.5Mar_d126_m008,microfinance,India,3.5,Market Formation,NewStartups,# companies,m10,0.44149,0.0037839,0.0047431,1984.2,9.9536,1.0529,5.0347,2447.6,-8.5623,0.044498,-0.025416,1.191,0.84485,0.0019044,-0.045624,1.2172,0.8713,0.0025562,-0.044941,1.2168,0.87256,45,24,4.7488,0.94976,3.799,39,12,38,1,0,1,0.42453,0,1,n,y,y,m,m,m,m,y,m,n,m,n,m,,,,,0,hide,original,1,1,0,0,0,0,,0,1,0,0,0,0,934,check,,,,,,,1,1,0,0,0,0,delete,
mic_ind_3.5Mar_d171_m011,microfinance,India,3.5,Market Formation,PrivateEquityDeals,# deals,m10,0.49149,0.018102,0.18195,2007.5,8.9411,6.1206,1551.7,1.578e+05,-362,0.72257,0.70227,1.6745,0.98055,-0.50836,-0.58018,3.9044,2.2667,0.55249,0.53118,2.1267,1.6506,45,19,1.7972,0.32676,1.4704,19,7,13,1,1,1,0.90233,0,1,y,y,y,y,y,y,y,y,y,y,y,y,y,,,,,0,hide,original,1,1,0,0,0,0,,1,1,0,0,0,0,935,,,,,,,,1,1,0,0,0,0,delete,
mic_ind_3.5Mar_d175_m027,microfinance,India,3.5,Market Formation,PrivateEquityInvestment,$ million,m10,0.22863,0.093585,3.0823,2015.1,19.221,156.55,0.45052,1961.7,-6136.3,0.37287,0.32698,58.66,29.198,0.34564,0.31448,59.92,34.465,0.29205,0.25833,62.326,41.899,45,18,2.0843,0.026754,2.0575,19,2,12,1,1,1,0.49129,0,0,m,y,y,m,m,m,m,y,m,m,m,m,m,,,,,0,hide,original,1,1,0,0,0,0,,1,1,0,0,0,0,936,,,,,,,,1,1,0,0,0,0,delete,
mic_ind_3.5Mar_d200_m027,microfinance,India,3.5,Market Formation,TotalFundraisingAmount,$ million,m10,1.8753,0.099877,16.263,2016.6,2.3433,772.06,0.02776,1920.8,-32388,0.4505,0.4103,287.91,111.31,0.36635,0.33617,309.17,128.53,0.29574,0.2622,325.94,163.33,45,21,3.1293,0.00069372,3.1286,24,5,23,1,0,1,0.43298,0,0,m,y,y,m,m,m,m,y,m,m,m,m,m,,,,,0,hide,original,1,1,0,0,0,0,,1,1,0,0,0,0,937,,,,,,,,1,1,0,0,0,0,delete,
mic_ind_3.5Mar_d204_m011,microfinance,India,3.5,Market Formation,TotalFundraisingDeals,# deals,m10,0.53514,0.038195,0.39539,2009.4,8.2117,14.262,1547.7,1.5819e+05,-786.63,0.79068,0.77536,3.0629,1.6352,-0.54304,-0.61652,8.316,4.9333,0.58834,0.56874,4.2953,3.2512,45,24,1.8931,0.070115,1.823,40,7,39,1,0,1,0.91195,0,1,y,y,y,m,y,m,y,y,y,m,m,m,m,,,,,0,hide,original,1,1,0,0,0,0,,1,1,0,0,0,0,938,,,,,,,,1,1,0,0,0,0,delete,
mic_ind_3.5Mar_d242_m156,microfinance,India,3.5,Market Formation,cumulative CumulativeStartups,cumulative cum. # companies,m10,0.12315,0.074681,21.023,2016.7,35.683,1279.8,0.028977,1883.9,-41796,0.99748,0.99729,14.382,12.905,0.98053,0.9796,39.941,35.651,0.90975,0.90546,85.991,74.898,45,42,0.7267,0.0007814,0.72592,42,0,41,0,0,0,0.94036,0,0,y,y,y,y,y,y,y,y,y,y,y,y,y,,,,not needed as transformed-cumulative twice (error),1,delete,transformed-cumx2error,0,0,0,0,0,0,,1,1,0,0,0,0,939,check,check,,,,,,1,1,0,0,0,0,delete,
mic_ind_3.5Mar_d243_m157,microfinance,India,3.5,Market Formation,Partial up to max CumulativeStartups,Partial up to max cum. # companies,m10,0.11954,0.053867,1.1132,2005.2,36.762,47.835,3.3841,1971.6,-2207.8,0.97781,0.97606,2.0287,1.6448,0.93249,0.92903,3.5383,3.1169,0.9817,0.98076,1.8424,1.5303,42,39,0.87802,0.020905,0.85712,39,0,38,0,0,0,0.95966,0,1,y,y,y,y,y,y,y,y,y,y,y,y,y,,,,not needed as transformed-cumulative preferred,1,delete,transformed-partial,0,0,0,0,0,0,,1,1,0,0,0,0,940,check,check,,,,,,1,1,0,0,0,0,delete,
mic_ind_3.5Mar_d244_m158,microfinance,India,3.5,Market Formation,cumulative NewStartups,cumulative # companies,m10,0.12138,0.048101,1.0947,2004.9,36.204,47.06,3.5682,1968.8,-2171,0.98118,0.9798,1.9671,1.5816,0.9173,0.91336,4.1235,3.6565,0.98315,0.98235,1.8612,1.5942,45,42,0.89247,0.021249,0.87122,42,3,41,0,0,0,0.96716,0,1,y,y,y,y,y,y,y,y,y,y,y,y,y,,,,not needed as cumulative in original data,1,delete,transformed-cumulative,0,0,0,0,0,0,,1,1,0,0,0,0,941,check,check,,,,,,1,1,0,0,0,0,delete,
mic_ind_3.5Mar_d245_m159,microfinance,India,3.5,Market Formation,Partial up to max NewStartups,Partial up to max # companies,m10,14.209,0.049029,0.045384,1984.9,0.30927,1.1667,3.5408,2022.2,-89.518,0.067901,-0.039649,1.2953,0.90002,0.089321,0.021863,1.2803,0.99072,0.085725,0.018001,1.2828,0.97872,30,16,4.2857,0.85714,3.4286,27,0,26,0,0,1,0.36905,0,1,n,y,y,m,m,m,m,y,m,n,m,n,m,,,,not needed as transformed-cumulative preferred,1,delete,transformed-partial,0,0,0,0,0,0,,0,1,0,0,0,0,942,,check,,,,,,0,1,0,0,0,0,delete,
mic_ind_3.5Mar_d246_m160,microfinance,India,3.5,Market Formation,cumulative PrivateEquityDeals,cumulative # deals,m10,0.2848,0.12345,2.11,2016.4,15.43,116.19,0.72149,1982.4,-4202.8,0.99705,0.99683,1.8091,1.2291,0.9584,0.95642,6.7902,5.0952,0.6775,0.66215,18.906,16.428,45,19,0.8779,0.025821,0.85208,19,0,18,0,0,0,0.92143,0,0,y,y,y,y,y,y,y,y,y,y,y,y,y,,,,,0,prefer,transformed-cumulative,1,1,0,0,0,0,,1,1,0,0,0,0,943,,,,,,,,1,1,0,0,0,0,delete,
mic_ind_3.5Mar_d247_m161,microfinance,India,3.5,Market Formation,Partial up to max PrivateEquityDeals,Partial up to max # deals,m10,0.16521,0.019204,0.19149,2032.7,26.599,140.3,1551.4,1.5781e+05,-381.06,0.84781,0.83438,1.0793,0.74059,-0.34781,-0.42483,3.2118,1.6316,0.57609,0.55187,1.8012,1.4005,38,12,0.078403,0.014255,0.064148,12,0,6,0,1,1,0.7551,0,1,y,y,y,y,y,y,y,m,y,m,y,y,y,,,,not needed as transformed-cumulative preferred,1,delete,transformed-partial,0,0,0,0,0,0,,1,1,0,0,0,0,944,check,check,,,,,,1,1,0,0,0,0,delete,
mic_ind_3.5Mar_d248_m162,microfinance,India,3.5,Market Formation,cumulative PrivateEquityInvestment,cumulative $ million,m10,0.19175,0.14309,27.158,2024.2,22.917,3319.3,0.0011499,1924.6,-54098,0.98175,0.98041,59.828,41.234,0.97691,0.97581,67.292,48.742,0.63434,0.61692,267.79,217.67,45,19,0.46709,0.001331,0.46576,19,0,18,0,0,1,0.88888,0,0,y,y,y,y,y,y,y,y,y,y,y,y,y,,,,,0,prefer,transformed-cumulative,1,1,0,0,0,0,,1,1,0,0,0,0,945,,,,,,,,1,1,0,0,0,0,delete,
mic_ind_3.5Mar_d249_m163,microfinance,India,3.5,Market Formation,Partial up to max PrivateEquityInvestment,Partial up to max $ million,m10,0.22187,0.22187,3.511,2070.1,19.806,1.1344e+07,0.019626,1979.2,-6991.3,0.58074,0.54849,49.042,17.45,0.58074,0.55978,49.041,17.45,0.33093,0.29748,61.952,43.111,43,16,2.8762e-05,3.692e-07,2.8393e-05,17,0,10,0,1,1,0.43887,0,0,m,y,y,m,m,m,m,m,y,m,m,m,m,,,,not needed as transformed-cumulative preferred,1,delete,transformed-partial,0,0,0,0,0,0,,1,1,0,0,0,0,946,check,check,,,,,,1,1,0,0,0,0,delete,
mic_ind_3.5Mar_d250_m162,microfinance,India,3.5,Market Formation,cumulative TotalFundraisingAmount,cumulative $ million,m10,0.33201,0.16576,125.6,2019.5,13.236,9619,3.0722e-05,1906.5,-2.5026e+05,0.98728,0.98635,247.01,131.67,0.96668,0.96509,399.87,251.79,0.55456,0.53334,1462,1217.8,45,24,0.80085,5.568e-05,0.8008,24,0,23,0,0,1,0.8796,0,0,y,y,y,y,y,y,y,y,y,y,y,y,y,,,,,0,prefer,transformed-cumulative,1,1,0,0,0,0,,1,1,0,0,0,0,947,,,,,,,,1,1,0,0,0,0,delete,
mic_ind_3.5Mar_d251_m163,microfinance,India,3.5,Market Formation,Partial up to max TotalFundraisingAmount,Partial up to max $ million,m10,1.2183,1.2182,16.345,2028,3.6069,1.3944e+08,1.0075e-13,1988.1,-32550,0.90118,0.89295,122.99,57.467,0.90118,0.89584,122.99,57.467,0.23253,0.19104,342.77,170.23,40,16,1.7327e-05,3.8411e-09,1.7323e-05,19,0,18,0,0,1,0.25665,0,0,y,y,y,m,y,m,m,m,m,m,m,m,m,,,,not needed as transformed-cumulative preferred,1,delete,transformed-partial,0,0,0,0,0,0,,1,1,0,0,0,0,948,check,check,,,,,,1,1,0,0,0,0,delete,
mic_ind_3.5Mar_d252_m160,microfinance,India,3.5,Market Formation,cumulative TotalFundraisingDeals,cumulative # deals,m10,0.27766,0.12323,4.4314,2016.8,15.826,254.96,0.088363,1959.2,-8824.8,0.9987,0.99861,2.5147,1.8419,0.96749,0.96594,12.593,9.1885,0.6791,0.66382,39.561,34.223,45,40,0.87073,0.0039222,0.86681,40,0,39,0,0,1,0.9176,0,0,y,y,y,y,y,y,y,y,y,y,y,y,y,,,,,0,prefer,transformed-cumulative,1,1,0,0,0,0,,1,1,0,0,0,0,949,,,,,,,,1,1,0,0,0,0,delete,
mic_ind_3.5Mar_d253_m161,microfinance,India,3.5,Market Formation,Partial up to max TotalFundraisingDeals,Partial up to max # deals,m10,0.19185,0.039914,0.40913,2069.8,22.906,6.002e+05,1547.2,1.5823e+05,-814.09,0.91503,0.90753,1.774,1.0163,-0.34078,-0.41739,7.0468,3.5526,0.54346,0.51737,4.112,3.0706,38,17,4.4985e-05,1.6661e-06,4.3319e-05,33,0,32,0,0,1,0.73026,0,1,y,y,y,m,m,m,y,m,y,m,m,m,m,,,,not needed as transformed-cumulative preferred,1,delete,transformed-partial,0,0,0,0,0,0,,1,1,0,0,0,0,950,check,check,,,,,,1,1,0,0,0,0,delete,
mic_ind_4.1Sal_d213_m100,microfinance,India,4.1,Knowledge Flows (social networks),annualised Google search frequency (index 100=monthly max.),Index 0-100,m10,-2.5685,-0.086078,-2.8249,2011.9,-1.7109,51.811,44.446,2006,5713.6,0.62038,0.55339,16.271,11.003,0.33185,0.25761,21.586,15.764,0.41956,0.35507,20.12,14.236,21,20,1.9301,0.022153,1.908,21,14,5,1,1,1,0.89392,0,1,m,y,y,m,m,m,y,y,y,m,m,n,m,,,,,0,hide,original,1,1,0,0,0,0,,0,1,0,0,0,0,951,check,,,,,,,1,1,0,0,0,0,delete,
mic_ind_4.1Sal_d239_m153,microfinance,India,4.1,Knowledge Flows (social networks),Partial up to max annualised Google search frequency (index 100=monthly max.),Partial up to max Index 0-100,m10,0.25313,0.25313,12.605,2052.2,17.36,4.2501e+06,0.0044181,1970.4,-25246,0.9913,0.9826,2.4108,2.1846,0.9913,0.98695,2.4108,2.1846,0.95126,0.92689,5.7066,4.7434,7,7,2.3529e-05,4.9623e-06,1.8566e-05,7,0,6,0,0,0,0.75233,0,1,y,y,y,y,y,y,y,m,y,m,y,m,y,,,,,0,prefer,transformed-partial,1,1,0,0,1,1,,1,1,0,0,1,1,952,,,,,,,,1,1,0,0,1,1,,
mic_nig_1.1Ado_d107_m122,microfinance,Nigeria,1.1,Adoption over time,Gross lender loan portfolio,USD,m10,20.264,0.16435,1.7289e+08,2013.1,0.21686,2.9952e+09,1.2993e-33,1424.7,-3.4649e+11,0.7588,0.71056,7.209e+08,3.3826e+08,0.40055,0.32562,1.1365e+09,8.2123e+08,0.41621,0.34324,1.1215e+09,8.913e+08,19,19,1.445,0.00074491,1.4443,19,4,18,1,0,1,0.79033,0,0,y,y,y,m,m,m,y,y,y,m,m,n,m,4,,"reversal, use partial pre-peak",weird data,0,original,,0,1,0,0,0,0,,0,1,0,0,0,0,953,,,,,,,,0,1,0,0,0,0,delete,
mic_nig_1.1Ado_d132_m111,microfinance,Nigeria,1.1,Adoption over time,Number of active borrowers,No.,m10,20.422,0.10728,1.1353e+05,2008.1,0.21518,1.5619e+06,6.9811e-06,1771.7,-2.2717e+08,0.65409,0.58491,4.9684e+05,3.2114e+05,0.48151,0.4167,6.0829e+05,3.4363e+05,0.5418,0.48453,5.7183e+05,3.2818e+05,19,19,2.0296,0.011823,2.0178,19,9,15,1,1,1,0.71053,0,0,m,y,y,y,y,y,y,y,y,m,y,n,y,2,1 high pt,,* error in logfit,0,original,,0,1,0,0,0,0,,0,1,0,0,0,0,954,,,,,,,,0,1,0,0,0,0,delete,
mic_nig_1.1Ado_d285_m173,microfinance,Nigeria,1.1,Adoption over time,Partial up to max Gross lender loan portfolio,Partial up to max USD,m10,2.354,0.0028213,1.2661e+08,2018.3,1.8668,1.13e+14,15.154,1651.4,-2.5373e+11,0.99024,0.98757,1.0501e+08,6.3536e+07,-0.12397,-0.3113,1.1267e+09,3.742e+08,0.26492,0.1424,9.112e+08,5.8339e+08,15,15,3.8304e-05,1.9745e-08,3.8284e-05,15,0,14,0,0,1,0.092314,0,0,y,y,y,m,y,m,m,m,m,m,m,n,m,,,,,0,hide,transformed-partial,0,1,0,0,0,0,,0,1,0,0,0,0,955,,,,,,,,0,1,0,0,0,0,delete,
mic_nig_1.1Ado_d286_m174,microfinance,Nigeria,1.1,Adoption over time,Partial up to max Number of active borrowers,Partial up to max No.,m10,1.7822,,1.9174e+05,2015.1,2.4658,1.7482e+11,,,-3.8385e+08,0.96506,0.94759,1.696e+05,1.3001e+05,,,,,0.36841,0.18796,7.2108e+05,5.4965e+05,10,10,1.8132e-05,1.0563e-07,1.8027e-05,10,0,6,0,1,1,0.15119,0,0,y,y,y,m,y,m,m,m,y,m,m,m,m,,,,,0,,transformed-marketshare,0,1,0,2,0,0,,1,1,0,0,0,0,956,check,,,,,,,1,1,0,0,0,0,delete,
mic_nig_1.1Ado_d341_m185,microfinance,Nigeria,1.1,Adoption over time,active borrowers as a share of population,market share,m10,20.694,0.0010528,0.0005662,2008,0.21235,0.0085662,1555.2,1.5747e+05,-1.1324,0.57812,0.49375,0.0030744,0.0018749,-1.1599,-1.4299,0.0069564,0.0050978,0.42926,0.35792,0.0035759,0.0018653,19,19,2.2836,0.015712,2.2679,19,9,15,1,1,1,0.66912,1,1,m,y,y,y,y,y,m,y,y,m,m,n,m,,,,weird data,0,prefer-relative,transformed-marketshare,0,1,0,1,0,0,,1,1,0,1,0,0,957,check,,,,,,,1,1,0,1,0,0,,
mic_nig_2.1Lea_d154_m195,microfinance,Nigeria,2.1,Learning,Operating expense / loan portfolio,%,m10,-0.070794,-0.070791,-2.8565,1851.7,-62.074,2.9819e+06,84.597,1999.6,5786,0.47256,0.36707,17.75,12.407,0.47256,0.40663,17.75,12.407,0.40976,0.33598,18.777,12.753,19,19,4.5276e-05,8.5905e-06,3.6686e-05,19,18,2,0,1,1,0.69964,0,0,m,y,y,y,y,y,m,m,y,m,m,,,,,,,,,,,,,,,,,,,,,,,,,,,,,,,,,,,,,,
mic_nig_2.7Gra_d054_m195,microfinance,Nigeria,2.7,Granularity (Unit Size),Average loan balance per borrower / GNI per capita,%,m10,0.403,0.050106,2.6136,2005,10.904,58.122,1.1702,1938.5,-5209.7,0.16541,-0.001503,37.599,20.421,0.096723,-0.016187,39.116,22.719,0.12098,0.011104,38.587,21.682,19,19,3.4728,0.15547,3.3173,19,3,14,1,1,1,0.49919,0,0,n,y,y,m,m,m,m,y,m,n,m,,,,,,,,,,,,,,,,,,,,,,,,,,,,,,,,,,,,,,
mic_nig_3.2Adc_d068_m195,microfinance,Nigeria,3.2,Adopter Characteristics,Clients below poverty line,%,m10,-0.45951,-0.020618,-0.0092266,2019.7,-9.5634,0.46733,1.6006,1948.7,18.999,0.15412,-0.69176,0.086057,0.071052,0.10624,-0.34065,0.088459,0.077713,0.11033,-0.3345,0.088256,0.077549,7,7,1.1341,0.53496,0.59915,10,4,2,1,1,1,0.82717,1,1,n,y,y,y,y,y,y,y,m,n,m,,,,,,,,,,,,,,,,,,,,,,,,,,,,,,,,,,,,,,
mic_nig_3.2Adc_d097_m195,microfinance,Nigeria,3.2,Adopter Characteristics,Female borrowers,%,m10,-0.018645,-0.018638,-0.012788,1584.6,-235.69,1895.3,0.037361,2165.7,26.389,0.45519,0.34623,0.077193,0.059172,0.45519,0.38709,0.077193,0.059172,0.44858,0.37966,0.07766,0.059295,19,19,0.00047959,0.00027022,0.00020937,19,18,7,0,1,0,0.92972,1,1,m,y,y,y,y,y,y,m,y,m,y,,,,,,,,,,,,,,,,,,,,,,,,,,,,,,,,,,,,,,
mic_nig_3.5Mar_d074_m128,microfinance,Nigeria,3.5,Market Formation,CumulativeStartups,cum. # companies,m10,0.17177,0.065345,0.39592,2009.4,25.583,16.746,10.448,2015.3,-786.76,0.96677,0.96434,0.99222,0.73319,0.91051,0.90625,1.6283,1.3792,0.89238,0.88726,1.7856,1.4514,45,38,0.89574,0.059716,0.83602,38,3,37,0,0,0,0.95593,0,1,y,y,y,y,y,y,y,y,y,y,y,y,y,,,,,0,prefer,original,1,1,0,0,0,1,,1,1,0,0,0,1,962,,,,,,,,1,1,0,0,0,1,,
mic_nig_3.5Mar_d126_m008,microfinance,Nigeria,3.5,Market Formation,NewStartups,# companies,m10,26.644,0.0019704,0.010672,2006.3,0.16493,0.66667,1555,1.5747e+05,-21.032,0.125,0.060976,0.68313,0.36297,-0.20833,-0.26587,0.80277,0.33333,0.036018,-0.0098861,0.71702,0.47619,45,11,6,1.5,4.5,35,13,34,1,0,1,0.44828,0,1,n,y,y,m,m,m,m,y,m,n,m,n,m,,,,,0,hide,original,0,1,0,0,0,0,,0,1,0,0,0,0,963,,,,,,,,0,1,0,0,0,0,delete,
mic_nig_3.5Mar_d171_m011,microfinance,Nigeria,3.5,Market Formation,PrivateEquityDeals,# deals,m10,68.008,0.0016885,0.0073781,2008.1,0.064617,0.3125,1554.9,1.5747e+05,-14.66,0.11924,0.054798,0.40654,0.18056,-0.065789,-0.11654,0.44721,0.11111,0.048929,0.0036395,0.42246,0.20399,45,3,6.4,3.2,3.2,14,13,0,0,0,1,0,0,1,n,m,m,m,m,m,m,y,m,n,m,n,m,,,,,0,hide,original,0,1,0,0,0,0,,0,0,0,0,0,0,964,,check,,,,,,0,1,0,0,0,0,delete,
mic_nig_3.5Mar_d175_m027,microfinance,Nigeria,3.5,Market Formation,PrivateEquityInvestment,$ million,m10,44.612,0.0010606,0.00063653,2021.2,0.098504,0.08,1555.1,1.5746e+05,-1.2689,0.31749,0.26755,0.029219,0.0072106,-0.023594,-0.072336,0.035783,0.0054327,0.054631,0.0096134,0.034389,0.012618,45,2,3,0.055875,2.9441,14,0,13,0,0,1,0,1,1,m,m,m,m,m,m,m,y,m,m,m,n,m,,,,,0,hide,original,0,1,0,0,0,0,,0,0,0,0,0,0,965,,check,,,,,,0,1,0,0,0,0,delete,
mic_nig_3.5Mar_d200_m027,microfinance,Nigeria,3.5,Market Formation,TotalFundraisingAmount,$ million,m10,25.435,0.017596,0.17717,2011.1,0.17277,8.0227,1551.9,1.5778e+05,-352.33,0.18266,0.12285,7.6381,2.4324,-0.078137,-0.12948,8.7724,2.3616,0.07417,0.030083,8.1292,3.4177,45,11,6.8436,0.00055717,6.8431,15,10,13,1,0,1,0.072787,0,1,n,y,y,m,m,m,m,y,m,n,m,n,m,,,,,0,hide,original,0,1,0,0,0,0,,0,0,0,0,0,0,966,,check,,,,,,0,1,0,0,0,0,delete,
mic_nig_3.5Mar_d204_m011,microfinance,Nigeria,3.5,Market Formation,TotalFundraisingDeals,# deals,m10,21.549,0.0046111,0.038472,2007.9,0.20392,1.3125,1554.4,1.5753e+05,-76.487,0.47477,0.43634,0.62249,0.34722,-0.38554,-0.45152,1.0111,0.53333,0.33837,0.30686,0.69867,0.52425,45,15,2.2857,0.7619,1.5238,34,5,33,1,0,1,0.54348,0,1,m,y,y,m,m,m,m,y,y,m,m,m,m,,,,,0,hide,original,1,1,0,0,0,0,,0,1,0,0,0,0,967,check,,,,,,,1,1,0,0,0,0,delete,
mic_nig_3.5Mar_d242_m156,microfinance,Nigeria,3.5,Market Formation,cumulative CumulativeStartups,cumulative cum. # companies,m10,0.1384,0.092409,5.4951,2020.5,31.752,425.44,0.034946,1926.5,-10933,0.99901,0.99893,2.4774,2.0581,0.98938,0.98887,8.0954,7.1917,0.82556,0.81725,32.805,28.145,45,38,0.62053,0.0023505,0.61818,38,0,37,0,0,0,0.92543,0,0,y,y,y,y,y,y,y,y,y,y,y,y,y,,,,not needed as transformed-cumulative twice (error),1,delete,transformed-cumx2error,0,0,0,0,0,0,,1,1,0,0,0,0,968,check,check,,,,,,1,1,0,0,0,0,delete,
mic_nig_3.5Mar_d243_m157,microfinance,Nigeria,3.5,Market Formation,Partial up to max CumulativeStartups,Partial up to max cum. # companies,m10,0.16437,0.075305,0.38708,2010,26.735,17.48,7.4924,2009.9,-769.15,0.95898,0.95574,1.0199,0.76876,0.92312,0.91917,1.3963,1.1614,0.86806,0.8613,1.8291,1.5201,42,35,0.8581,0.057207,0.8009,35,0,34,0,0,0,0.94246,0,1,y,y,y,y,y,y,y,y,y,y,y,y,y,,,,not needed as transformed-cumulative preferred,1,delete,transformed-partial,0,0,0,0,0,0,,1,1,0,0,0,0,969,check,check,,,,,,1,1,0,0,0,0,delete,
mic_nig_3.5Mar_d244_m158,microfinance,Nigeria,3.5,Market Formation,cumulative NewStartups,cumulative # companies,m10,0.17177,0.065345,0.39592,2009.4,25.583,16.746,10.448,2015.3,-786.76,0.96677,0.96434,0.99222,0.73319,0.91051,0.90625,1.6283,1.3792,0.89238,0.88726,1.7856,1.4514,45,38,0.89574,0.059716,0.83602,38,3,37,0,0,0,0.95593,0,1,y,y,y,y,y,y,y,y,y,y,y,y,y,,,,not needed as cumulative in original data,1,delete,transformed-cumulative,0,0,0,0,0,0,,1,1,0,0,0,0,970,check,check,,,,,,1,1,0,0,0,0,delete,
mic_nig_3.5Mar_d245_m159,microfinance,Nigeria,3.5,Market Formation,Partial up to max NewStartups,Partial up to max # companies,m10,11.305,0.0045314,0.036946,2007,0.38872,4,1554.3,1.5751e+05,-73.36,0.85154,0.83372,0.32163,0.10345,-0.13823,-0.22578,0.89056,0.31034,0.13713,0.070753,0.7754,0.51011,29,5,1,0.25,0.75,22,0,21,0,0,1,0.34783,0,1,y,m,y,m,m,m,m,y,m,m,m,m,m,,,,not needed as transformed-cumulative preferred,1,delete,transformed-partial,0,0,0,0,0,0,,0,1,0,0,0,0,971,,check,,,,,,0,1,0,0,0,0,delete,
mic_nig_3.5Mar_d246_m160,microfinance,Nigeria,3.5,Market Formation,cumulative PrivateEquityDeals,cumulative # deals,m10,0.57514,0.012489,0.12161,2011,7.6407,4.4254,1552.7,1.5769e+05,-242.15,0.97042,0.96826,0.32191,0.19271,-0.4907,-0.56168,2.2852,1.3111,0.712,0.69829,1.0044,0.86815,45,16,1.1298,0.45194,0.67791,16,2,15,1,0,0,0.92766,0,1,y,y,y,y,y,y,y,y,y,y,y,y,y,,,,,0,prefer,transformed-cumulative,1,1,0,0,0,0,,1,1,0,0,0,0,972,,,,,,,,1,1,0,0,0,0,delete,
mic_nig_3.5Mar_d247_m161,microfinance,Nigeria,3.5,Market Formation,Partial up to max PrivateEquityDeals,Partial up to max # deals,m10,21.122,0.0022393,0.012903,2009.1,0.20805,15.707,1554.7,1.5747e+05,-25.669,1,1,1.9505e-08,3.6121e-09,-0.034483,-0.11111,0.36515,0.066667,0.096774,0.029869,0.3412,0.15799,30,1,0.12734,0.12734,0,1,0,0,0,0,,,0,1,y,n,m,m,m,m,m,m,m,n,n,n,n,,,,not needed as transformed-cumulative preferred,1,delete,transformed-partial,0,0,0,0,0,0,,0,0,0,0,0,0,973,,,,,,,,0,0,0,0,0,0,delete,
mic_nig_3.5Mar_d248_m162,microfinance,Nigeria,3.5,Market Formation,cumulative PrivateEquityInvestment,cumulative $ million,m10,15.546,0.010591,0.0021287,2021.3,0.28268,0.24447,-1.2831,5592.7,-4.2441,0.99855,0.99845,0.0023083,0.0011921,-0.084055,-0.13568,0.063168,0.017589,0.20765,0.16992,0.054004,0.033876,45,16,1,0.018284,0.98171,16,2,15,1,0,1,0.67312,1,1,y,y,y,m,y,m,m,y,m,m,m,m,m,,,,,0,prefer,transformed-cumulative,1,1,0,0,0,0,,0,1,0,0,0,0,974,check,,,,,,,1,1,0,0,0,0,delete,
mic_nig_3.5Mar_d249_m163,microfinance,Nigeria,3.5,Market Formation,Partial up to max PrivateEquityInvestment,Partial up to max $ million,m10,12.713,0.0010733,0.0007665,2022,0.34568,0.39771,1555,1.5746e+05,-1.5281,0.99964,0.99962,0.00068167,0.000104,-0.024718,-0.075954,0.036606,0.0056853,0.06919,0.02265,0.034888,0.013685,43,2,0.60346,0.011239,0.59222,14,0,13,0,0,1,0,1,1,y,m,m,m,m,m,m,y,m,m,m,n,m,,,,not needed as transformed-cumulative preferred,1,delete,transformed-partial,0,0,0,0,0,0,,0,0,0,0,0,0,975,,,,,,,,0,0,0,0,0,0,delete,
mic_nig_3.5Mar_d250_m162,microfinance,Nigeria,3.5,Market Formation,cumulative TotalFundraisingAmount,cumulative $ million,m10,0.54793,0.11645,2.428,2013.3,8.0201,100.67,0.61769,1977.7,-4836.5,0.97307,0.9711,6.4589,3.3487,0.87815,0.87235,13.738,10.715,0.64192,0.62487,23.551,20.42,45,17,1.0557,0.0099338,1.0458,17,2,16,1,0,1,0.9236,0,0,y,y,y,y,y,y,y,y,y,y,y,y,y,,,,,0,prefer,transformed-cumulative,1,1,0,0,0,0,,1,1,0,0,0,0,976,,,,,,,,1,1,0,0,0,0,delete,
mic_nig_3.5Mar_d251_m163,microfinance,Nigeria,3.5,Market Formation,Partial up to max TotalFundraisingAmount,Partial up to max $ million,m10,7.3719,0.030022,0.30252,2011.5,0.59611,56.887,1549.1,1.5803e+05,-602.1,0.99966,0.99962,0.17408,0.030461,-0.033597,-0.1025,9.5608,1.7237,0.093825,0.033413,8.9521,3.9991,33,4,0.96515,7.8577e-05,0.96508,5,0,3,0,1,1,0.017723,0,1,y,n,y,m,y,m,m,y,m,n,n,n,n,,,,not needed as transformed-cumulative preferred,1,delete,transformed-partial,0,0,0,0,0,0,,0,0,0,0,0,0,977,,,,,,,,0,0,0,0,0,0,delete,
mic_nig_3.5Mar_d252_m160,microfinance,Nigeria,3.5,Market Formation,cumulative TotalFundraisingDeals,cumulative # deals,m10,0.20223,0.10511,0.5,2016.8,21.73,29.7,10.033,2014.4,-995.22,0.99046,0.98976,0.73269,0.55727,0.97022,0.96881,1.2943,0.97876,0.74947,0.73754,3.7543,3.1481,45,35,0.80809,0.03367,0.77442,35,1,34,0,0,0,0.92291,0,1,y,y,y,y,y,y,y,y,y,y,y,y,y,,,,,0,prefer,transformed-cumulative,1,1,0,0,0,0,,1,1,0,0,0,0,978,,,,,,,,1,1,0,0,0,0,delete,
mic_nig_3.5Mar_d253_m161,microfinance,Nigeria,3.5,Market Formation,Partial up to max TotalFundraisingDeals,Partial up to max # deals,m10,21.242,0.0049498,0.0417,2008,0.20688,1.4,1554.2,1.5753e+05,-82.923,0.55913,0.52134,0.5164,0.25641,-0.31413,-0.38714,0.89156,0.4359,0.36415,0.32883,0.62016,0.4748,39,11,2.1429,0.71429,1.4286,29,0,28,0,0,1,0.45161,0,1,m,y,y,m,m,m,m,y,y,m,m,m,m,,,,not needed as transformed-cumulative preferred,1,delete,transformed-partial,0,0,0,0,0,0,,0,1,0,0,0,0,979,,check,,,,,,0,1,0,0,0,0,delete,
mic_nig_4.1Sal_d213_m100,microfinance,Nigeria,4.1,Knowledge Flows (social networks),annualised Google search frequency (index 100=monthly max.),Index 0-100,m10,-0.11295,0.0012486,0.046713,2055,-38.905,34.261,33.126,1996.7,-60.231,0.00011541,-0.17633,24.262,18.43,0.00012293,-0.11097,24.262,18.378,0.00013591,-0.11096,24.262,18.376,21,19,2.9187,0.14892,2.7698,19,16,18,1,0,1,0.89171,0,1,n,y,y,y,y,y,y,y,m,n,m,n,m,,,,noisy,0,hide,original,0,0,0,0,0,0,,0,1,0,0,0,0,980,,check,,,,,,0,1,0,0,0,0,delete,
mic_nig_4.1Sal_d239_m153,microfinance,Nigeria,4.1,Knowledge Flows (social networks),Partial up to max annualised Google search frequency (index 100=monthly max.),Partial up to max Index 0-100,m10,2.8287,0.96969,24.885,2007.1,1.5535,107.04,2.3982e-05,1992.3,-49889,0.99999,0.99995,0.14145,0.075682,0.96945,0.93891,6.8462,5.9013,0.80717,0.61433,17.201,15.367,5,3,0.93427,0.047667,0.8866,3,0,2,0,0,1,0.41365,0,1,y,n,y,y,y,y,m,y,y,n,n,n,n,,,,too few,0,prefer,transformed-partial,0,0,0,0,0,1,,0,1,0,0,0,1,981,,check,,,,,,0,1,0,0,0,1,,
mig_usa_1.1Adod_m_0,Microgrids,United States,1.1,Adoption over Time,Cumulative installed capacity of microgrids in the United States,Cumulative installed capacity (MW),mig,0.082283,0.069291,170.62,2034.5,53.406,20382,0.016717,1838.8,-3.4018e+05,0.99044,0.9893,144.43,123.04,0.98899,0.98815,155,120.21,0.93352,0.9284,380.96,342.8,29,29,0.26582,0.043562,0.22226,29,0,28,0,0,0,0.93962,0,0,y,y,y,y,y,y,y,y,y,y,y,,,,,,,,,,,,,,,,,,,,,,,,,,,,,,,,,,,,,,
mob_bra_1.1Adod_m_0,Mobile/cellphone,Brazil,1.1,Adoption over Time,Individuals using a mobile cellular telephone,%,mob,0.17327,0.012414,1.095,2001,25.362,94.418,6.09,1802.6,-2121.4,0.96709,0.95612,0.97226,0.77838,0.87519,0.85023,1.8934,1.5927,0.8897,0.86764,1.78,1.4983,13,13,0.98764,0.79477,0.19287,16,4,12,1,0,0,0.92904,0,1,y,y,y,y,y,y,y,m,y,m,y,,,,,,,,,,,,,,,,,,,,,,,,,,,,,,,,,,,,,,
mob_bra_1.1Adod_m_0,Mobile/cellphone,Brazil,1.1,Adoption over Time,Individuals who own a mobile cellular telephone,%,mob,0.0069649,0.0069043,0.59135,2699.1,630.95,9863.4,13.208,1748.1,-1108.2,0.60923,0.44175,1.4985,1.3076,0.60923,0.51154,1.4985,1.3075,0.60854,0.51068,1.4998,1.3116,11,11,0.0090225,0.0084041,0.00061839,11,4,8,1,1,0,0.90872,0,1,m,y,y,y,y,y,y,m,y,m,y,,,,,,,,,,,,,,,,,,,,,,,,,,,,,,,,,,,,,,
mob_bra_1.1Adod_m_0,Mobile/cellphone,Brazil,1.1,Adoption over Time,"Refers to the number of subscriptions to a public mobile-telephone service that provide access to the public switched telephone network (PSTN) using cellular technology. It includes the number of postpaid subscriptions and the number of active prepaid accounts, divided by population and multiplied by 100",subscriptions per 100 people,mob,0.49818,0.055394,4.4105,2005.8,8.821,113.4,0.30036,1912.8,-8790.5,0.95601,0.95175,10.458,7.558,0.64831,0.62633,29.567,25.783,0.79819,0.78558,22.398,18.426,35,35,1.2372,3.9437e-06,1.2372,35,10,34,1,0,1,0.97184,0,0,y,y,y,y,y,y,y,y,y,y,y,,,,,,,,,,,,,,,,,,,,,,,,,,,,,,,,,,,,,,
mob_ger_1.1Adod_m_0,Mobile/cellphone,Germany,1.1,Adoption over Time,Individuals using a mobile cellular telephone,%,mob,-0.7526,-0.0049135,-0.41515,2023.9,-5.839,85.944,149.65,1894.2,919.19,0.81298,0.53246,1.5853,1.0831,0.4659,0.10983,2.679,2.1978,0.47312,0.12187,2.6608,2.1903,6,6,1.0312,0.89952,0.13168,16,2,0,1,0,0,0.84614,0,1,y,y,y,y,y,y,y,m,y,m,y,,,,,,,,,,,,,,,,,,,,,,,,,,,,,,,,,,,,,,
mob_ger_1.1Adod_m_0,Mobile/cellphone,Germany,1.1,Adoption over Time,Individuals who own a mobile cellular telephone,%,mob,0.00040152,0.0002022,0.018326,2039.8,10944,182.6,76.998,1197.1,53.919,0.00047339,-1.4988,1.4381,0.97733,0.00047513,-0.66587,1.4381,0.97725,0.00047338,-0.66588,1.4381,0.97732,6,6,0.50938,0.48278,0.026594,6,4,3,1,1,0,0.83266,0,1,n,y,y,y,y,y,y,m,m,n,m,,,,,,,,,,,,,,,,,,,,,,,,,,,,,,,,,,,,,,
mob_ger_1.1Adod_m_0,Mobile/cellphone,Germany,1.1,Adoption over Time,"Refers to the number of subscriptions to a public mobile-telephone service that provide access to the public switched telephone network (PSTN) using cellular technology. It includes the number of postpaid subscriptions and the number of active prepaid accounts, divided by population and multiplied by 100",subscriptions per 100 people,mob,0.4305,0.04482,4.5954,2001.4,10.208,124.61,0.39957,1889.9,-9141.1,0.98446,0.98295,6.3164,4.9915,0.68589,0.66626,28.396,25.133,0.8391,0.82905,20.323,17.383,35,35,1.0593,0.0027446,1.0566,35,7,34,1,0,1,0.97045,0,0,y,y,y,y,y,y,y,y,y,y,y,,,,,,,,,,,,,,,,,,,,,,,,,,,,,,,,,,,,,,
mob_ita_1.1Adod_m_0,Mobile/cellphone,Italy,1.1,Adoption over Time,Individuals using a mobile cellular telephone,%,mob,0.0057677,0.0057648,0.5159,3325.1,761.9,1.7406e+05,13.372,1682.4,-948.54,0.52421,0.048414,3.2708,2.303,0.52421,0.28632,3.2707,2.303,0.51698,0.27547,3.2955,2.3319,7,7,0.00055423,0.00047011,8.4125e-05,18,1,3,0,1,0,0.85207,0,1,m,y,y,y,y,y,y,m,y,m,y,,,,,,,,,,,,,,,,,,,,,,,,,,,,,,,,,,,,,,
mob_ita_1.1Adod_m_0,Mobile/cellphone,Italy,1.1,Adoption over Time,Individuals who own a mobile cellular telephone,%,mob,0.0069252,0.0069193,0.63668,3038.2,634.56,1.0767e+05,10.324,1702.1,-1192.9,0.76008,0.61612,1.219,0.96837,0.76008,0.68011,1.2189,0.96836,0.75637,0.67516,1.2283,0.98288,9,9,0.00089597,0.00083441,6.156e-05,11,2,8,1,0,0,0.88838,0,1,y,y,y,y,y,y,y,m,y,m,y,,,,,,,,,,,,,,,,,,,,,,,,,,,,,,,,,,,,,,
mob_ita_1.1Adod_m_0,Mobile/cellphone,Italy,1.1,Adoption over Time,"Refers to the number of subscriptions to a public mobile-telephone service that provide access to the public switched telephone network (PSTN) using cellular technology. It includes the number of postpaid subscriptions and the number of active prepaid accounts, divided by population and multiplied by 100",subscriptions per 100 people,mob,0.47578,0.037523,4.8281,2000.4,9.2362,143.62,0.62521,1873.4,-9591.5,0.97381,0.97127,9.3519,7.6894,0.55575,0.52798,38.515,34.461,0.71206,0.69406,31.008,27.981,35,35,1.118,0.0032476,1.1147,35,12,34,1,0,1,0.97818,0,0,y,y,y,y,y,y,y,y,y,y,y,,,,,,,,,,,,,,,,,,,,,,,,,,,,,,,,,,,,,,
mob_jap_1.1Adod_m_0,Mobile/cellphone,Japan,1.1,Adoption over Time,Individuals using a mobile cellular telephone,%,mob,0.013086,0.013084,0.995,2697.7,335.82,5.942e+05,6.0207,1818.8,-1926.3,0.5783,0.4633,4.4393,3.8194,0.57831,0.50803,4.4393,3.8194,0.55889,0.48537,4.5404,3.8601,15,15,0.00015787,0.00012023,3.7643e-05,18,1,10,1,1,0,0.92197,0,1,m,y,y,y,y,y,y,m,y,m,y,,,,,,,,,,,,,,,,,,,,,,,,,,,,,,,,,,,,,,
mob_jap_1.1Adod_m_0,Mobile/cellphone,Japan,1.1,Adoption over Time,Individuals who own a mobile cellular telephone,%,mob,0.39516,0.015147,1.3897,2010.6,11.121,94.716,5.5425,1835.4,-2716.3,0.98235,0.97353,0.58586,0.49966,0.80488,0.74914,1.948,1.7172,0.81918,0.76752,1.8753,1.6513,10,10,0.99284,0.85411,0.13872,10,1,9,1,0,0,0.90558,0,1,y,y,y,y,y,y,y,m,y,m,y,,,,,,,,,,,,,,,,,,,,,,,,,,,,,,,,,,,,,,
mob_jap_1.1Adod_m_0,Mobile/cellphone,Japan,1.1,Adoption over Time,Individuals who own a smartphone,%,mob,0.36755,0.041983,3.3898,2014.7,11.956,90.131,0.50125,1900.3,-6770.6,0.95255,0.90509,1.7619,1.2724,0.84827,0.77241,3.1505,3.027,0.87465,0.81197,2.8636,2.6813,7,7,0.96186,0.72082,0.24104,8,0,6,0,0,0,0.85925,0,1,y,y,y,y,y,y,y,y,y,y,y,,,,,,,,,,,,,,,,,,,,,,,,,,,,,,,,,,,,,,
mob_jap_1.1Adod_m_0,Mobile/cellphone,Japan,1.1,Adoption over Time,"Refers to the number of subscriptions to a public mobile-telephone service that provide access to the public switched telephone network (PSTN) using cellular technology. It includes the number of postpaid subscriptions and the number of active prepaid accounts, divided by population and multiplied by 100",subscriptions per 100 people,mob,0.14223,0.061035,5.4248,2008.8,30.896,185.94,0.20022,1910.5,-10803,0.9742,0.97162,8.579,7.177,0.92778,0.92313,14.353,12.028,0.99287,0.99242,4.5085,3.59,34,34,0.95962,0.0037833,0.95584,34,0,33,0,0,1,0.94888,0,0,y,y,y,y,y,y,y,y,y,y,y,,,,,,,,,,,,,,,,,,,,,,,,,,,,,,,,,,,,,,
mob_net_1.1Adod_m_0,Mobile/cellphone,Netherlands,1.1,Adoption over Time,Individuals using a mobile cellular telephone,%,mob,-3.9916,-0.0045266,-0.40866,2012.8,-1.1009,90.349,149.75,1894.6,910.21,0.50704,-inf,1.423,1.0366,0.20822,-1.3753,1.8035,1.57,0.21089,-1.3673,1.8004,1.5634,4,4,1.0215,0.96311,0.058424,7,1,0,1,0,0,0.75988,0,1,m,n,y,y,y,y,y,m,m,n,n,,,,,,,,,,,,,,,,,,,,,,,,,,,,,,,,,,,,,,
mob_net_1.1Adod_m_0,Mobile/cellphone,Netherlands,1.1,Adoption over Time,Individuals who own a mobile cellular telephone,%,mob,0.23915,0.018256,1.565,2007.9,18.375,93.038,3.2948,1840.9,-3074.6,0.93305,0.89287,1.4523,1.2195,0.89049,0.85399,1.8573,1.3742,0.89844,0.86459,1.7887,1.323,9,9,0.98494,0.79866,0.18628,11,0,8,0,0,0,0.89467,0,1,y,y,y,y,y,y,y,m,y,m,y,,,,,,,,,,,,,,,,,,,,,,,,,,,,,,,,,,,,,,
mob_net_1.1Adod_m_0,Mobile/cellphone,Netherlands,1.1,Adoption over Time,"Refers to the number of subscriptions to a public mobile-telephone service that provide access to the public switched telephone network (PSTN) using cellular technology. It includes the number of postpaid subscriptions and the number of active prepaid accounts, divided by population and multiplied by 100",subscriptions per 100 people,mob,0.44303,0.042836,4.3541,2000.7,9.9192,120.33,0.46006,1887.8,-8657.5,0.9859,0.98453,5.7604,4.6765,0.66938,0.64872,27.889,24.743,0.82196,0.81083,20.466,18.17,35,35,1.0683,0.004368,1.0639,35,0,34,0,0,0,0.97037,0,0,y,y,y,y,y,y,y,y,y,y,y,,,,,,,,,,,,,,,,,,,,,,,,,,,,,,,,,,,,,,
mob_nig_1.1Adod_m_0,Mobile/cellphone,Nigeria,1.1,Adoption over Time,Individuals who own a mobile cellular telephone,%,mob,0.94758,0.052066,3.5973,2016.7,4.6375,70.182,0.51914,1928.4,-7205.2,0.98984,0.97969,1.0051,0.70293,0.59389,0.39084,6.3562,5.5341,0.64772,0.47158,5.92,5.2953,7,7,1.0173,0.5799,0.4374,8,3,6,1,0,0,0.88186,0,1,y,y,y,y,y,y,y,y,y,y,y,,,,,,,,,,,,,,,,,,,,,,,,,,,,,,,,,,,,,,
mob_nig_1.1Adod_m_0,Mobile/cellphone,Nigeria,1.1,Adoption over Time,"Refers to the number of subscriptions to a public mobile-telephone service that provide access to the public switched telephone network (PSTN) using cellular technology. It includes the number of postpaid subscriptions and the number of active prepaid accounts, divided by population and multiplied by 100",subscriptions per 100 people,mob,0.38275,0.078969,3.5033,2009.3,11.481,88.467,14.513,1997.7,-6993.2,0.98099,0.97915,5.1727,3.286,0.82687,0.81605,15.612,13.573,0.88928,0.88236,12.485,10.48,35,32,1.1257,9.7303e-05,1.1256,32,2,31,0,0,1,0.96616,0,1,y,y,y,y,y,y,y,y,y,y,y,,,,,,,,,,,,,,,,,,,,,,,,,,,,,,,,,,,,,,
mob_por_1.1Adod_m_0,Mobile/cellphone,Portugal,1.1,Adoption over Time,Individuals using a mobile cellular telephone,%,mob,0.22444,0.027754,2.4215,2000.3,19.58,100.06,1.82,1870,-4778.4,0.99275,-inf,0.47472,0.39819,0.97283,0.91849,0.91932,0.8343,0.9779,0.9337,0.82909,0.74735,4,4,0.93298,0.77936,0.15362,7,0,3,0,0,0,0.74089,0,1,y,n,y,y,y,y,y,m,y,n,n,,,,,,,,,,,,,,,,,,,,,,,,,,,,,,,,,,,,,,
mob_por_1.1Adod_m_0,Mobile/cellphone,Portugal,1.1,Adoption over Time,Individuals who own a mobile cellular telephone,%,mob,1.2336,0.0070366,0.68233,2016.4,3.5624,97.308,13.564,1742.9,-1283,0.995,0.98751,0.099681,0.091276,0.67864,0.4644,0.79941,0.68467,0.68286,0.47143,0.79415,0.68202,6,6,1.0007,0.95924,0.041477,6,1,5,1,0,0,0.83671,0,1,y,y,y,y,y,y,y,m,y,m,y,,,,,,,,,,,,,,,,,,,,,,,,,,,,,,,,,,,,,,
mob_por_1.1Adod_m_0,Mobile/cellphone,Portugal,1.1,Adoption over Time,Individuals who own a smartphone,%,mob,,,0.1378,,,,,,-181.54,,,,,,,,,1,1,3.6231e-14,3.5527e-14,2,2,,,,3,0,1,0,0,0,0.5,0,1,n,n,y,y,y,y,m,m,y,n,n,,,,,,,,,,,,,,,,,,,,,,,,,,,,,,,,,,,,,,
mob_por_1.1Adod_m_0,Mobile/cellphone,Portugal,1.1,Adoption over Time,"Refers to the number of subscriptions to a public mobile-telephone service that provide access to the public switched telephone network (PSTN) using cellular technology. It includes the number of postpaid subscriptions and the number of active prepaid accounts, divided by population and multiplied by 100",subscriptions per 100 people,mob,0.56943,0.039735,4.1187,2000,7.7172,117.53,0.75536,1890.5,-8184.2,0.98894,0.98787,5.0217,3.8979,0.61008,0.58571,29.821,25.957,0.75865,0.74357,23.462,20.769,35,35,1.1315,0.00055363,1.131,35,16,34,1,0,1,0.97221,0,0,y,y,y,y,y,y,y,y,y,y,y,,,,,,,,,,,,,,,,,,,,,,,,,,,,,,,,,,,,,,
mob_sou_1.1Adod_m_0,Mobile/cellphone,South Korea,1.1,Adoption over Time,Individuals using a mobile cellular telephone,%,mob,0.2537,0.011563,1.1375,2002.9,17.321,101.46,8.1873,1803.9,-2197.9,0.91906,0.89882,1.8492,1.3892,0.6862,0.63793,3.641,3.2697,0.70775,0.66279,3.5138,3.1519,16,16,0.98508,0.80053,0.18455,17,2,15,1,0,0,0.94333,0,1,y,y,y,y,y,y,y,m,y,m,y,,,,,,,,,,,,,,,,,,,,,,,,,,,,,,,,,,,,,,
mob_sou_1.1Adod_m_0,Mobile/cellphone,South Korea,1.1,Adoption over Time,Individuals who own a mobile cellular telephone,%,mob,0.5728,0.0095388,0.91624,2010.4,7.6718,97.198,10.03,1783.5,-1755,0.74423,0.63461,1.9357,1.2206,0.56579,0.45723,2.5221,1.9577,0.57306,0.46632,2.5009,1.9397,11,11,1.0071,0.87115,0.13597,11,0,10,0,0,0,0.91457,0,1,y,y,y,y,y,y,y,m,y,m,y,,,,,,,,,,,,,,,,,,,,,,,,,,,,,,,,,,,,,,
mob_sou_1.1Adod_m_0,Mobile/cellphone,South Korea,1.1,Adoption over Time,Individuals who own a smartphone,%,mob,0.21436,0.0041293,0.40016,2002.4,20.5,98.752,29.526,1733.5,-711.95,0.88671,0.77342,0.29098,0.22549,0.85582,0.78373,0.32827,0.22581,0.85701,0.78552,0.3269,0.22487,7,7,0.99069,0.96677,0.023923,7,0,6,0,0,0,0.85747,0,1,y,y,y,y,y,y,y,m,y,m,y,,,,,,,,,,,,,,,,,,,,,,,,,,,,,,,,,,,,,,
mob_sou_1.1Adod_m_0,Mobile/cellphone,South Korea,1.1,Adoption over Time,"Refers to the number of subscriptions to a public mobile-telephone service that provide access to the public switched telephone network (PSTN) using cellular technology. It includes the number of postpaid subscriptions and the number of active prepaid accounts, divided by population and multiplied by 100",subscriptions per 100 people,mob,0.18243,0.05504,5.0091,2005,24.089,148.47,0.31781,1908.7,-9972.8,0.95085,0.94609,11.405,9.6791,0.8705,0.86241,18.512,15.95,0.96719,0.96514,9.3178,8.3083,35,35,1.162,0.0012224,1.1608,35,0,34,0,0,1,0.95101,0,0,y,y,y,y,y,y,y,y,y,y,y,,,,,,,,,,,,,,,,,,,,,,,,,,,,,,,,,,,,,,
mob_swe_1.1Adod_m_0,Mobile/cellphone,Sweden,1.1,Adoption over Time,Individuals using a mobile cellular telephone,%,mob,-0.0093789,-0.0093452,-0.83097,1413.4,-468.55,24850,160.03,1950.7,1762.3,0.42942,-0.42646,5.2978,4.141,0.42942,0.049034,5.2977,4.141,0.42777,0.046279,5.3054,4.1235,6,6,0.0038858,0.0030641,0.00082175,16,2,1,1,1,0,0.82881,0,1,m,y,y,y,y,y,y,m,y,m,y,,,,,,,,,,,,,,,,,,,,,,,,,,,,,,,,,,,,,,
mob_swe_1.1Adod_m_0,Mobile/cellphone,Sweden,1.1,Adoption over Time,Individuals who own a mobile cellular telephone,%,mob,0.33825,0.020607,1.9065,2013.2,12.992,98.247,2.9185,1854.2,-3762.2,0.93795,0.84487,0.85956,0.68699,0.88347,0.80579,1.1779,1.0183,0.89036,0.81726,1.1426,0.9897,6,6,0.96904,0.87711,0.091933,6,1,5,1,0,0,0.83707,0,1,y,y,y,y,y,y,y,m,y,m,y,,,,,,,,,,,,,,,,,,,,,,,,,,,,,,,,,,,,,,
mob_swe_1.1Adod_m_0,Mobile/cellphone,Sweden,1.1,Adoption over Time,"Refers to the number of subscriptions to a public mobile-telephone service that provide access to the public switched telephone network (PSTN) using cellular technology. It includes the number of postpaid subscriptions and the number of active prepaid accounts, divided by population and multiplied by 100",subscriptions per 100 people,mob,0.29694,0.039407,4.1827,1999.9,14.799,128.21,0.54387,1879.1,-8305.4,0.98607,0.98472,5.3292,4.1725,0.74516,0.72923,22.794,20.525,0.87529,0.8675,15.945,14.821,35,35,1.098,0.04203,1.056,35,2,34,0,0,0,0.96992,0,0,y,y,y,y,y,y,y,y,y,y,y,,,,,,,,,,,,,,,,,,,,,,,,,,,,,,,,,,,,,,
mob_uki_1.1Adod_m_0,Mobile/cellphone,United Kingdom,1.1,Adoption over Time,Individuals using a mobile cellular telephone,%,mob,0.4867,0.0076617,0.71294,2000.1,9.0291,94.582,11.257,1734.2,-1339.8,0.92782,-inf,0.49219,0.42013,0.78169,0.34506,0.85597,0.73521,0.78566,0.35697,0.84815,0.72934,4,4,0.99564,0.94801,0.047634,7,0,3,0,0,0,0.74983,0,1,y,n,y,y,y,y,y,m,y,n,n,,,,,,,,,,,,,,,,,,,,,,,,,,,,,,,,,,,,,,
mob_uki_1.1Adod_m_0,Mobile/cellphone,United Kingdom,1.1,Adoption over Time,Individuals who own a mobile cellular telephone,%,mob,0.32409,0.0092839,0.88099,2010.4,13.559,97.507,8.1911,1758.1,-1686.4,0.87057,0.67643,0.59949,0.49332,0.81187,0.68646,0.72276,0.6075,0.81525,0.69208,0.71625,0.59749,6,6,0.98482,0.94588,0.038931,6,2,4,1,1,0,0.83473,0,1,y,y,y,y,y,y,y,m,y,m,y,,,,,,,,,,,,,,,,,,,,,,,,,,,,,,,,,,,,,,
mob_uki_1.1Adod_m_0,Mobile/cellphone,United Kingdom,1.1,Adoption over Time,"Refers to the number of subscriptions to a public mobile-telephone service that provide access to the public switched telephone network (PSTN) using cellular technology. It includes the number of postpaid subscriptions and the number of active prepaid accounts, divided by population and multiplied by 100",subscriptions per 100 people,mob,0.48928,0.038951,4.1329,2000.1,8.9815,120.64,0.61185,1882,-8210.6,0.99356,0.99294,3.8051,2.6332,0.62442,0.60094,29.062,26.32,0.77473,0.76066,22.507,20.662,35,35,1.0177,0.016096,1.0016,35,1,34,0,0,0,0.97473,0,0,y,y,y,y,y,y,y,y,y,y,y,,,,,,,,,,,,,,,,,,,,,,,,,,,,,,,,,,,,,,
mob_usa_1.1Adod_m_0,Mobile/cellphone,United States,1.1,Adoption over Time,Individuals who own a mobile cellular telephone,%,mob,,0.0039386,0.37754,,,,11.26,1477.6,-667.26,,,,,0.91998,0.86663,0.19025,0.15072,0.91917,0.86528,0.19121,0.15165,6,6,,,,6,0,5,0,0,0,0.83284,0,1,n,y,y,y,y,y,y,m,y,n,y,,,,,,,,,,,,,,,,,,,,,,,,,,,,,,,,,,,,,,
mob_usa_1.1Adod_m_0,Mobile/cellphone,United States,1.1,Adoption over Time,"Refers to the number of subscriptions to a public mobile-telephone service that provide access to the public switched telephone network (PSTN) using cellular technology. It includes the number of postpaid subscriptions and the number of active prepaid accounts, divided by population and multiplied by 100",subscriptions per 100 people,mob,0.25407,0.047224,3.7177,2002.6,17.296,107.36,0.83704,1916.2,-7395,0.997,0.99671,2.1247,1.6103,0.80768,0.79566,17.004,15.146,0.93767,0.93378,9.6803,8.4679,35,35,1.0543,0.019422,1.0349,35,0,34,0,0,0,0.96773,0,0,y,y,y,y,y,y,y,y,y,y,y,,,,,,,,,,,,,,,,,,,,,,,,,,,,,,,,,,,,,,
net_usa_1.1Adod_m_0,Net Metering,United States,1.1,Adoption over Time,Total net metering customers as share of total U.S. households,Total net metering customers / total households,net,0.22087,-0.035986,0.0033772,2025,19.896,0.091412,1.1687,812.68,-6.7973,0.99516,0.99309,0.00075079,0.00065187,-3.8757,-5.0946,0.023838,0.021253,0.97859,0.97324,0.0015795,0.0014124,11,11,0.44657,0.065027,0.38154,11,0,10,0,0,0,0.8532,1,1,y,y,y,y,y,y,y,y,y,y,y,,,,,,,,,,,,,,,,,,,,,,,,,,,,,,,,,,,,,,
non_bra_1.1Adod_m_0,Digital (non-cash) payments,Brazil,1.1,Adoption over Time,Individuals using internet banking (within last 3 months),%,non,0.20555,0.13788,2.9578,2023.4,21.379,92.75,0.41618,1989.1,-5942.3,0.97823,0.97097,2.1045,1.8572,0.96991,0.96389,2.4741,2.0421,0.91661,0.89993,4.1188,3.6585,13,13,0.5095,0.057898,0.4516,16,0,12,0,0,0,0.88172,0,1,y,y,y,y,y,y,y,y,y,y,y,,,,,,,,,,,,,,,,,,,,,,,,,,,,,,,,,,,,,,
non_ger_1.1Adod_m_0,Digital (non-cash) payments,Germany,1.1,Adoption over Time,Individuals using internet banking (within last 3 months),%,non,0.1805,0.032501,1.5288,2004.9,24.346,57.633,2.1144,1920.3,-3033.6,0.87686,0.85377,3.6809,2.4951,0.80395,0.78088,4.6445,3.9039,0.84138,0.82272,4.1776,3.551,20,20,1.1612,0.35834,0.80287,22,0,19,0,0,0,0.93755,0,1,y,y,y,y,y,y,y,y,y,y,y,,,,,,,,,,,,,,,,,,,,,,,,,,,,,,,,,,,,,,
non_glo_1.1Ado_d119_m119,digital (non-cash) payments,Global,1.1,Adoption over time,Market size of payments worldwide (also by world region),Total payments revenue (trillion $),non,0.05318,0.053179,0.078638,2221.6,82.633,89475,5.4428,2039,-156.88,0.93429,0.92021,0.11009,0.079114,0.93429,0.92553,0.11009,0.079114,0.90244,0.88943,0.13414,0.10636,18,18,2.7941e-05,1.0059e-05,1.7882e-05,18,0,17,0,0,0,0.91718,0,1,y,y,y,y,y,y,y,m,y,m,y,m,y,1,,,,0,,,1,1,0,0,0,0,,,,,,,,982,,,,,,,,1,1,0,0,0,0,delete,
non_glo_1.1Ado_d135_m113,digital (non-cash) payments,Global,1.1,Adoption over time,Number of digital payments worldwide (also by world region),Number (billion) of cashless transactions,non,0.14478,0.14478,97.965,2106.8,30.353,2.4764e+08,0.00013096,1911.6,-1.9698e+05,0.9971,0.99586,17.136,14.294,0.9971,0.99638,17.136,14.294,0.94764,0.93455,72.819,64.157,11,11,5.391e-06,1.2563e-06,4.1347e-06,11,0,10,0,0,0,0.85072,0,0,y,y,y,y,y,y,y,m,y,m,y,m,y,1,,,,0,,,1,1,0,2,0,0,,,,,,,,983,,,,,,,,1,1,0,0,0,0,delete,
non_glo_3.3Sci_d235_m020,digital (non-cash) payments,Global,3.3,Risk & Uncertainty (Shared Expectations),scientific publications,# publications,non,0.35566,0.17967,6.3224,2020.4,12.356,778.51,5.1726e-05,1932.9,-12553,0.98307,0.98207,19.238,11.267,0.96929,0.96811,25.907,13.039,0.46088,0.44015,108.55,81.417,55,31,0.75144,0.0012845,0.75015,32,1,31,0,0,1,0.88134,0,0,y,y,y,y,y,y,y,y,y,y,y,y,y,,,,"good; only available global, apply to all EA regions",0,,,1,1,0,0,1,1,,,,,,,,984,,,,,,,,1,1,0,0,1,1,,
non_glo_4.1Sal_d213_m100,digital (non-cash) payments,Global,4.1,Knowledge Flows (social networks),annualised Google search frequency (index 100=monthly max.),Index 0-100,non,0.84874,0.14057,5.4872,2015.8,5.1776,85.098,0.11506,1975,-11015,0.94031,0.92978,8.9366,5.4053,0.82703,0.80781,15.213,12.91,0.82511,0.80568,15.297,13.368,21,20,1.1751,0.0041671,1.1709,21,1,17,0,1,1,0.88713,0,1,y,y,y,y,y,y,y,y,y,y,y,y,y,,,,,0,hide,original,1,1,0,0,0,0,,,,,,,,985,,,,,,,,1,1,0,0,0,0,delete,
non_glo_4.1Sal_d239_m153,digital (non-cash) payments,Global,4.1,Knowledge Flows (social networks),Partial up to max annualised Google search frequency (index 100=monthly max.),Partial up to max Index 0-100,non,0.93445,0.15473,5.4349,2015.7,4.7027,82.381,0.11373,1978.8,-10909,0.9366,0.92472,8.8204,5.3787,0.8232,0.8024,14.729,12.561,0.80032,0.77683,15.654,13.902,20,19,1.2139,0.0043045,1.2096,20,0,16,0,1,1,0.85507,0,1,y,y,y,y,y,y,y,y,y,y,y,y,y,,,,,0,prefer,transformed-partial,1,1,0,0,0,1,,,,,,,,986,,,,,,,,1,1,0,0,0,1,,
non_glo_4.2Kme_d144_m101,digital (non-cash) payments,Global,4.2,Knowledge flows,"Number of times ""cashless society"" appears in the Google Ngram corpus between 2005 and 2022","Indexed to ""digital payments"" (100=2022)",non,0.056973,0.0037254,0.029582,2217.1,77.132,56702,1554.7,1.5754e+05,-59.017,0.83929,0.80485,0.070611,0.06118,-10.687,-12.245,0.60215,0.57581,0.75925,0.72715,0.086424,0.078725,18,18,1.6313e-05,6.8618e-06,9.451e-06,18,0,17,0,0,0,0.91725,1,1,y,y,y,y,y,y,y,m,y,m,y,m,y,1,,,,0,,,1,1,0,0,0,0,,,,,,,,987,,,,,,,,1,1,0,0,0,0,delete,
non_glo_4.2Kme_d145_m101,digital (non-cash) payments,Global,4.2,Knowledge flows,"Number of times ""cashless"" appears in the Google Ngram corpus between 2005 and 2022","Indexed to ""digital payments"" (100=2022)",non,0.065415,0.065414,1.0684,2193.4,67.178,2.3351e+06,1.0022,1969.3,-2131.7,0.64641,0.57064,4.5872,3.9974,0.64641,0.59926,4.5872,3.9974,0.51632,0.45183,5.365,4.7798,18,18,1.5692e-05,5.2664e-06,1.0426e-05,18,0,9,0,1,0,0.89519,0,1,m,y,y,y,y,y,y,m,y,m,y,m,y,4,,"reversal, use partial post-minimum",,0,,,1,1,0,0,0,0,,,,,,,,988,,,,,,,,1,1,0,0,0,0,delete,
non_glo_4.2Kme_d146_m101,digital (non-cash) payments,Global,4.2,Knowledge flows,"Number of times ""digital payments"" appears in the Google Ngram corpus between 2005 and 2022","Indexed to ""digital payments"" (100=2022)",non,0.6012,0.24541,5.8245,2019.3,7.3094,109.42,0.059124,1992.2,-11707,0.99866,0.99837,1.2518,0.92611,0.95587,0.94999,7.1787,5.7978,0.78189,0.75281,15.96,14.427,18,18,0.91388,0.0040198,0.90986,18,0,15,0,1,1,0.8335,0,1,y,y,y,y,y,y,y,y,y,y,y,y,y,1,,,,0,prefer,,1,1,0,0,1,1,,,,,,,,989,,,,,,,,1,1,0,0,1,1,,
non_glo_4.2Kme_d287_m175,digital (non-cash) payments,Global,4.2,Knowledge flows,"Partial up to max Number of times ""cashless society"" appears in the Google Ngram corpus between 2005 and 2022","Partial up to max Indexed to ""digital payments"" (100=2022)",non,0.056973,0.0037254,0.029582,2217.1,77.132,56702,1554.7,1.5754e+05,-59.017,0.83929,0.80485,0.070611,0.06118,-10.687,-12.245,0.60215,0.57581,0.75925,0.72715,0.086424,0.078725,18,18,1.6313e-05,6.8618e-06,9.451e-06,18,0,17,0,0,0,0.91725,1,1,y,y,y,y,y,y,y,m,y,m,y,m,y,,,,,0,hide,transformed-partial,1,1,0,0,0,0,,,,,,,,990,,,,,,,,1,1,0,0,0,0,delete,
non_glo_4.2Kme_d288_m175,digital (non-cash) payments,Global,4.2,Knowledge flows,"Partial up to max Number of times ""cashless"" appears in the Google Ngram corpus between 2005 and 2022","Partial up to max Indexed to ""digital payments"" (100=2022)",non,0.065415,0.065414,1.0684,2193.4,67.178,2.3351e+06,1.0022,1969.3,-2131.7,0.64641,0.57064,4.5872,3.9974,0.64641,0.59926,4.5872,3.9974,0.51632,0.45183,5.365,4.7798,18,18,1.5692e-05,5.2664e-06,1.0426e-05,18,0,9,0,1,0,0.89519,0,1,m,y,y,y,y,y,y,m,y,m,y,m,y,,,,,0,hide,transformed-partial,1,1,0,0,0,0,,,,,,,,991,,,,,,,,1,1,0,0,0,0,delete,
non_glo_4.2Kme_d289_m175,digital (non-cash) payments,Global,4.2,Knowledge flows,"Partial up to max Number of times ""digital payments"" appears in the Google Ngram corpus between 2005 and 2022","Partial up to max Indexed to ""digital payments"" (100=2022)",non,0.6012,0.24541,5.8245,2019.3,7.3094,109.42,0.059124,1992.2,-11707,0.99866,0.99837,1.2518,0.92611,0.95587,0.94999,7.1787,5.7978,0.78189,0.75281,15.96,14.427,18,18,0.91388,0.0040198,0.90986,18,0,15,0,1,1,0.8335,0,1,y,y,y,y,y,y,y,y,y,y,y,y,y,,,,,0,hide,transformed-partial,1,1,0,0,0,0,,,,,,,,992,,,,,,,,1,1,0,0,0,0,delete,
non_ita_1.1Adod_m_0,Digital (non-cash) payments,Italy,1.1,Adoption over Time,Individuals using internet banking (within last 3 months),%,non,0.08909,0.08909,2.1177,2147.7,49.326,3.2998e+06,1.0943,1980.2,-4240.1,0.95169,0.93962,2.6372,2.0844,0.95169,0.94426,2.6372,2.0844,0.90338,0.88851,3.7297,2.7974,16,16,1.5687e-05,2.3139e-06,1.3373e-05,19,0,15,0,0,0,0.85444,0,1,y,y,y,y,y,y,y,m,y,m,y,,,,,,,,,,,,,,,,,,,,,,,,,,,,,,,,,,,,,,
non_jap_1.1Adod_m_0,Digital (non-cash) payments,Japan,1.1,Adoption over Time,Individuals using internet banking (within last 3 months),%,non,0.087077,0.087075,0.88202,2156.9,50.467,2.4053e+06,6.1188,2008.9,-1765.8,0.88781,0.86192,1.6866,1.45,0.88781,0.87178,1.6866,1.45,0.767,0.73371,2.4305,2.0856,17,17,1.0134e-05,2.7855e-06,7.3482e-06,18,0,16,0,0,0,0.86463,0,1,y,y,y,y,y,y,y,m,y,m,y,,,,,,,,,,,,,,,,,,,,,,,,,,,,,,,,,,,,,,
non_net_1.1Adod_m_0,Digital (non-cash) payments,Netherlands,1.1,Adoption over Time,Individuals using internet banking (within last 3 months),%,non,0.38528,0.023326,1.9598,2004,11.406,84.21,3.0429,1874.6,-3867.6,0.99512,0.9935,0.7301,0.62946,0.65899,0.59079,6.1042,4.9016,0.71678,0.66014,5.5629,4.4896,13,13,1.013,0.58928,0.42369,18,0,12,0,0,0,0.93224,0,1,y,y,y,y,y,y,y,y,y,y,y,,,,,,,,,,,,,,,,,,,,,,,,,,,,,,,,,,,,,,
non_por_1.1Adod_m_0,Digital (non-cash) payments,Portugal,1.1,Adoption over Time,Individuals using internet banking (within last 3 months),%,non,0.1207,0.095847,2.6845,2028.5,36.409,176.14,0.52675,1973.5,-5376.2,0.98838,0.98644,1.884,1.5238,0.98557,0.98405,2.0992,1.8597,0.94987,0.94459,3.9127,3.0829,22,22,0.36046,0.034536,0.32592,22,0,21,0,0,0,0.91446,0,1,y,y,y,y,y,y,y,y,y,y,y,,,,,,,,,,,,,,,,,,,,,,,,,,,,,,,,,,,,,,
non_sou_1.1Adod_m_0,Digital (non-cash) payments,South Korea,1.1,Adoption over Time,Individuals using internet banking (within last 3 months),%,non,0.18769,0.072391,4.1087,2015.1,23.413,100.71,0.27303,1943.7,-8229.1,0.96555,0.95694,3.7559,3.1787,0.92345,0.91167,5.5993,4.8706,0.95256,0.94527,4.4076,3.8261,16,16,0.82733,0.26725,0.56008,17,0,15,0,0,0,0.92745,0,1,y,y,y,y,y,y,y,y,y,y,y,,,,,,,,,,,,,,,,,,,,,,,,,,,,,,,,,,,,,,
non_swe_1.1Ado_d170_m041,digital (non-cash) payments,Sweden,1.1,Adoption over time,Percentage of people who paid cash for their last in-store purchase,% most recent in-store purchase in cash,non,-0.1361,-0.0012093,-0.023454,1934.5,-32.288,11577,-1544.5,-1.5266e+05,47.492,0.97251,0.95189,0.018215,0.014168,-2.913,-4.4782,0.21731,0.1875,0.88242,0.83539,0.037669,0.034568,8,8,3.3687e-05,6.9101e-06,2.6777e-05,14,7,1,0,0,0,0.75569,1,1,y,y,y,y,y,y,y,m,y,m,y,m,y,1,,,,0,,,1,1,0,0,0,0,,,,,,,,993,,,,,,,,1,1,0,0,0,0,delete,
non_swe_1.1Ado_d348_m185,digital (non-cash) payments,Sweden,1.1,Adoption over time,share of payments that are non-cash,market share,non,0.24738,0.0031158,0.023454,2007.8,17.764,0.94149,1555,1.5751e+05,-46.492,0.98153,0.96768,0.01493,0.012729,-54.7,-76.979,0.81989,0.8125,0.88242,0.83539,0.037669,0.034568,8,8,0.97717,0.64791,0.32926,14,1,7,0,0,0,0.888,1,1,y,y,y,y,y,y,y,y,y,y,y,y,y,,,,,0,prefer-relative,transformed-marketshare,1,1,1,1,0,0,,,,,,,,994,,,,,,,,1,1,1,1,0,0,,
non_swe_1.1Adod_m_0,Digital (non-cash) payments,Sweden,1.1,Adoption over Time,Individuals using internet banking (within last 3 months),%,non,0.34692,0.021009,1.6591,2003.8,12.667,81.795,2.8613,1860.9,-3269.3,0.97809,0.97422,2.058,1.7066,0.599,0.55445,8.8034,7.362,0.6559,0.61767,8.155,6.8766,21,21,1.007,0.46881,0.53818,23,2,20,0,0,0,0.96345,0,1,y,y,y,y,y,y,y,y,y,y,y,,,,,,,,,,,,,,,,,,,,,,,,,,,,,,,,,,,,,,
non_swe_4.5Inf_d116_m114,digital (non-cash) payments,Sweden,4.5,Physical Infrastructure Dependence,"Locations for deposit of daily takings, number per type of service",Number of locations for depositing daily cash takings,non,-0.13897,-0.13897,-160.76,1932.8,-31.622,2.0495e+08,2148.9,2015.3,3.2592e+05,0.93911,0.89344,97.554,81.21,0.93911,0.91475,97.554,81.209,0.86814,0.81539,143.56,116.1,8,8,9.8365e-06,4.1766e-06,5.6599e-06,8,7,1,0,1,0,0.81401,0,0,y,y,y,y,y,y,y,m,y,m,y,m,y,1,,,,0,,,1,1,0,0,1,1,,,,,,,,995,,,,,,,,1,1,0,0,1,1,,
non_swe_4.5Inf_d139_m115,digital (non-cash) payments,Sweden,4.5,Physical Infrastructure Dependence,"Number of locations for cash withdrawals, deposits of daily takings and over-the-counter payments",Number of locations for withdrawing/using/depositing cash,non,-0.089892,-0.08989,-506.64,1894.7,-48.886,4.1775e+08,9622.1,2013.5,1.0289e+06,0.98933,0.98132,121.56,110.9,0.98933,0.98506,121.56,110.9,0.9732,0.96248,192.65,181.09,8,8,1.8478e-05,1.0138e-05,8.3399e-06,8,7,0,0,0,0,0.85469,0,0,y,y,y,y,y,y,y,m,y,m,y,n,y,1,,,* error in fit,0,,,0,1,0,0,0,0,,,,,,,,996,,,,,,,,0,1,0,0,0,0,delete,
non_uki_1.1Ado_d229_m032,digital (non-cash) payments,UK,1.1,Adoption over time,proportion of cash payment methods to all payment methods (point of sale),% cash payments as total number of PoS payments,non,-0.48594,-0.15568,-0.027,2020.9,-9.0432,0.27772,0.18212,2019,54.704,0.67932,0.19829,0.037385,0.031259,0.61894,0.36489,0.040753,0.030505,0.65048,0.41746,0.03903,0.032,6,6,0.97219,0.36007,0.61212,7,4,1,1,1,1,0.76218,1,1,m,y,y,y,y,y,y,y,y,m,y,m,y,,,,,0,,,1,1,0,0,0,0,,,,,,,,997,,,,,,,,1,1,0,0,0,0,delete,
non_uki_1.1Ado_d230_m033,digital (non-cash) payments,UK,1.1,Adoption over time,proportion of cash payments to all payment types (in store PoS),% cash payments as total number of in-store PoS payments,non,-0.12968,-0.056555,-0.017994,2010.8,-33.887,0.60499,0.48505,2001.4,36.484,0.99267,0.99145,0.0097935,0.0082165,0.96514,0.96148,0.02136,0.016616,0.99556,0.99509,0.0076239,0.0066159,22,22,0.83473,0.18017,0.65456,22,21,0,0,0,0,0.94182,1,1,y,y,y,y,y,y,y,y,y,y,y,y,y,,,,,0,,,1,1,0,0,0,0,,,,,,,,998,,,,,,,,1,1,0,0,0,0,delete,
non_uki_1.1Ado_d231_m034,digital (non-cash) payments,UK,1.1,Adoption over time,proportion of cash payments to all payment types (total numbers),% cash payments of total number of payments,non,-0.31988,-0.0024734,-0.036731,2017.7,-13.738,0.60898,-1544,-1.5271e+05,74.41,0.99245,0.99039,0.014025,0.011462,-5.0122,-6.0142,0.39573,0.36132,0.96684,0.96131,0.029391,0.025887,15,15,0.93895,0.20571,0.73324,15,14,0,0,0,0,0.92301,1,1,y,y,y,y,y,y,y,y,y,y,y,y,y,,,,,0,,,1,1,0,0,0,0,,,,,,,,999,,,,,,,,1,1,0,0,0,0,delete,
non_uki_1.1Ado_d348_m185,digital (non-cash) payments,UK,1.1,Adoption over time,share of payments that are non-cash,market share,non,0.16673,0.0043798,0.036731,2012.3,26.357,1,1554.5,1.5756e+05,-73.41,0.95036,0.93682,0.035959,0.031981,-15.66,-18.437,0.65875,0.63868,0.96684,0.96131,0.029391,0.025887,15,15,0.87473,0.4282,0.44653,15,0,14,0,0,0,0.92568,1,1,y,y,y,y,y,y,y,y,y,y,y,y,y,,,,,0,prefer-relative,transformed-marketshare,1,1,0,1,0,0,,,,,,,,1000,,,,,,,,1,1,0,1,0,0,,
non_uki_1.1Adod_m_0,Digital (non-cash) payments,United Kingdom,1.1,Adoption over Time,Individuals using internet banking (within last 3 months),%,non,0.15669,0.067113,3.3081,2010.6,28.045,91.957,0.3991,1940.7,-6605.4,0.98704,0.98315,1.8388,1.4361,0.94994,0.94083,3.6138,3.2187,0.98801,0.98583,1.7683,1.3722,14,14,0.82992,0.24283,0.58708,18,0,13,0,0,0,0.8929,0,1,y,y,y,y,y,y,y,y,y,y,y,,,,,,,,,,,,,,,,,,,,,,,,,,,,,,,,,,,,,,
non_uki_2.5Var_d221_m076,digital (non-cash) payments,UK,2.5,Variety,most used e-commerce payment methods,% online shopping payments by credit or debit card,non,-0.80553,-0.0093825,-0.0047464,2025.7,-5.4554,0.50476,0.014428,2395.7,10.078,0.61444,0.22889,0.013453,0.011348,0.26329,-0.10507,0.018596,0.017138,0.27034,-0.094494,0.018507,0.017081,7,7,1.0302,0.91132,0.11887,8,4,1,1,1,0,0.86563,1,1,m,y,y,y,y,y,y,m,m,m,m,m,m,,,,,0,,,0,1,0,0,0,0,,,,,,,,1001,,,,,,,,0,1,0,0,0,0,delete,
non_uki_2.5Var_d221_m077,digital (non-cash) payments,UK,2.5,Variety,most used e-commerce payment methods,% online shopping payments by e-wallet,non,0.067579,0.0028449,0.020072,2152.9,65.027,2451.4,1554.9,1.5754e+05,-40.235,0.94472,0.88943,0.011577,0.0093825,-38.549,-58.323,0.30965,0.30571,0.93604,0.90406,0.012453,0.010207,7,7,0.00015501,9.3822e-05,6.1188e-05,8,0,5,0,1,0,0.84088,1,1,y,y,y,y,y,y,y,m,y,m,y,m,y,,,,,0,prefer,,1,1,0,0,0,1,,,,,,,,1002,,,,,,,,1,1,0,0,0,1,,
non_uki_2.9Int_d048_m150,digital (non-cash) payments,UK,2.9,Interdependence (with hardware),Annual credit card and debit cards issued,total number of credit cards and debit cards in circulation,non,0.31696,0.0125,1.8815e+06,1997.9,13.864,1.5455e+08,5.4332,643.47,-3.639e+09,0.9495,0.94153,3.3372e+06,2.8323e+06,0.67878,0.64665,8.4171e+06,6.5732e+06,0.70622,0.67684,8.0495e+06,6.3206e+06,23,23,1.0276,0.65079,0.37677,23,0,22,0,0,0,0.96312,0,0,y,y,y,y,y,y,y,y,y,y,y,y,y,,,,,0,,,1,1,0,0,0,1,,,,,,,,1003,,,,,,,,1,1,0,0,0,1,,
non_uki_4.1Sal_d213_m100,digital (non-cash) payments,UK,4.1,Knowledge Flows (social networks),annualised Google search frequency (index 100=monthly max.),Index 0-100,non,0.1261,0.12095,4.2922,2043.1,34.848,1162.4,0.13415,1969.6,-8607.7,0.92449,0.91116,7.5772,5.6747,0.92441,0.91602,7.581,5.7302,0.88844,0.87605,9.2098,7.0683,21,20,0.086029,0.0022038,0.083825,20,0,19,0,0,1,0.86439,0,1,y,y,y,y,y,y,y,m,y,m,y,m,y,,,,,0,hide,original,1,1,0,0,0,0,,,,,,,,1004,,,,,,,,1,1,0,0,0,0,delete,
non_uki_4.1Sal_d239_m153,digital (non-cash) payments,UK,4.1,Knowledge Flows (social networks),Partial up to max annualised Google search frequency (index 100=monthly max.),Partial up to max Index 0-100,non,0.1261,0.12095,4.2922,2043.1,34.848,1162.4,0.13415,1969.6,-8607.7,0.92449,0.91116,7.5772,5.6747,0.92441,0.91602,7.581,5.7302,0.88844,0.87605,9.2098,7.0683,21,20,0.086029,0.0022038,0.083825,20,0,19,0,0,1,0.86439,0,1,y,y,y,y,y,y,y,m,y,m,y,m,y,,,,,0,prefer,transformed-partial,1,1,0,0,0,1,,,,,,,,1005,,,,,,,,1,1,0,0,0,1,,
non_uki_4.5Inf_d140_m118,digital (non-cash) payments,UK,4.5,Physical Infrastructure Dependence,Number of point of sale (PoS) terminals,Total number of POS terminals,non,0.38906,0.045008,1.0908e+05,2011.6,11.295,2.6805e+06,0.051216,1626.3,-2.1777e+08,0.78363,0.69091,2.003e+05,1.5623e+05,0.59382,0.49228,2.7444e+05,2.2142e+05,0.64165,0.55206,2.5778e+05,1.9873e+05,11,11,1.1141,0.59341,0.52065,11,3,10,1,0,0,0.92603,0,0,y,y,y,y,y,y,y,y,y,y,y,y,y,,,,,0,,,1,1,0,0,0,1,,,,,,,,1006,,,,,,,,1,1,0,0,0,1,,
non_usa_1.1Ado_d190_m031,digital (non-cash) payments,US,1.1,Adoption over time,Share of payment instrument use for all payments,% cash payments as % of all payments,non,-0.13854,-0.0012108,-0.023473,2011.5,-31.719,0.91406,-1544.5,-1.5268e+05,47.635,0.93706,0.88985,0.013997,0.010635,-17.214,-24.5,0.23812,0.23149,0.92925,0.90095,0.01484,0.011051,8,8,0.33977,0.17524,0.16453,8,7,0,0,0,0,0.85654,1,1,y,y,y,y,y,y,y,m,y,m,y,m,y,,,,,0,,,1,1,0,0,0,0,,,,,,,,1007,,,,,,,,1,1,0,0,0,0,delete,
non_usa_1.1Ado_d348_m185,digital (non-cash) payments,US,1.1,Adoption over time,share of payments that are non-cash,market share,non,0.14825,0.0031175,0.023473,2010.3,29.643,0.9731,1555,1.5753e+05,-46.635,0.93724,0.89017,0.013977,0.010518,-189.73,-266.02,0.77054,0.76851,0.92925,0.90095,0.01484,0.011051,8,8,0.86304,0.70849,0.15455,8,0,7,0,0,0,0.87487,1,1,y,y,y,y,y,y,y,m,y,m,y,m,y,,,,,0,prefer-relative,transformed-marketshare,1,1,0,1,0,0,,,,,,,,1008,,,,,,,,1,1,0,1,0,0,,
non_usa_1.1Adod_m_0,Digital (non-cash) payments,United States,1.1,Adoption over Time,Individuals using internet banking (within last 3 months),%,non,,,,,,,,,,,,,,,,,,,,,,1,1,,,,1,0,0,0,0,,,0,1,n,n,y,m,m,m,m,m,m,n,n,,,,,,,,,,,,,,,,,,,,,,,,,,,,,,,,,,,,,,
non_usa_3.2Adc_d188_m078,digital (non-cash) payments,US,3.2,Adopter characteristics,Share of cash and credit card payments by age group,% payments by cash (18-24 age group),non,-0.53514,-0.0023202,-0.035332,2021.1,-8.2117,0.37393,-1544.1,-1.5271e+05,71.601,0.8691,0.77092,0.032397,0.028477,-7.6366,-11.091,0.26315,0.24745,0.81741,0.74438,0.038262,0.03267,8,8,0.91892,0.35657,0.56235,8,5,1,1,1,0,0.87033,1,1,y,y,y,y,y,y,y,y,y,y,y,y,y,,,,,0,prefer as EA group,,1,1,0,0,0,1,,,,,,,,1009,,,,,,,,1,1,0,0,0,1,,
non_usa_3.2Adc_d188_m079,digital (non-cash) payments,US,3.2,Adopter characteristics,Share of cash and credit card payments by age group,% payments by cash (25-54 age group),non,-0.1386,-0.0014744,-0.026339,1943.1,-31.706,7401.7,-1544.4,-1.5268e+05,53.388,0.95517,0.92154,0.01329,0.010921,-9.8201,-14.148,0.20646,0.19668,0.92453,0.89434,0.017243,0.013716,8,8,4.0582e-05,1.6066e-05,2.4517e-05,8,7,0,0,0,0,0.83289,1,1,y,y,y,y,y,y,y,m,y,m,y,m,y,,,,,0,,,1,1,0,0,0,0,,,,,,,,1010,,,,,,,,1,1,0,0,0,0,delete,
non_usa_3.2Adc_d188_m080,digital (non-cash) payments,US,3.2,Adopter characteristics,Share of cash and credit card payments by age group,% payments by cash (55 and older age group),non,-0.19102,-0.00080375,-0.019052,2022.5,-23.006,0.44514,-1544.6,-1.5266e+05,38.758,0.86744,0.76803,0.017121,0.013619,-36.115,-50.961,0.28648,0.28259,0.86182,0.80655,0.01748,0.014009,8,8,0.76618,0.49926,0.26693,8,6,0,1,0,0,0.87299,1,1,y,y,y,y,y,y,y,y,y,y,y,y,y,,,,,0,,,1,1,0,0,0,0,,,,,,,,1011,,,,,,,,1,1,0,0,0,0,delete,
non_usa_3.2Adc_d189_m081,digital (non-cash) payments,US,3.2,Adopter characteristics,Share of cash and credit card payments by income bracket,"% payments by cash (income $100,000 – $149,999)",non,-0.15379,-0.00021056,-0.012896,1949.4,-28.575,4097,2840.2,-1.5263e+05,26.134,0.80614,0.66074,0.015036,0.011406,-7.034,-10.248,0.096798,0.090573,0.74862,0.64807,0.017122,0.013704,8,8,3.6612e-05,1.1228e-05,2.5384e-05,8,7,3,0,1,1,0.78503,1,1,y,y,y,y,y,y,y,m,y,m,y,m,y,,,,,0,,,1,1,0,0,0,0,,,,,,,,1012,,,,,,,,1,1,0,0,0,0,delete,
non_usa_3.2Adc_d189_m082,digital (non-cash) payments,US,3.2,Adopter characteristics,Share of cash and credit card payments by income bracket,"% payments by cash (income $25,000 – $49,999)",non,-0.098356,-0.098348,-0.0099516,1916.8,-44.679,2531.8,1.1014,1995.5,20.204,0.76807,0.59412,0.012864,0.010657,0.76807,0.6753,0.012864,0.010657,0.72865,0.62011,0.013915,0.012058,8,8,5.7667e-05,2.9892e-05,2.7775e-05,8,7,1,0,1,0,0.82727,1,1,y,y,y,y,y,y,y,m,y,m,y,m,y,,,,,0,,,1,1,0,0,0,0,,,,,,,,1013,,,,,,,,1,1,0,0,0,0,delete,
non_usa_3.2Adc_d189_m083,digital (non-cash) payments,US,3.2,Adopter characteristics,Share of cash and credit card payments by income bracket,"% payments by cash (income $50,000 – $74,999)",non,-0.11108,-0.11008,-0.0099508,1976.6,-39.559,10.595,11.065,1975.7,20.188,0.82128,0.68723,0.010754,0.0089179,0.82128,0.74979,0.010754,0.0089184,0.80335,0.72469,0.011281,0.0096973,8,8,0.012364,0.0061351,0.0062294,8,7,3,0,1,0,0.83432,1,1,y,y,y,y,y,y,y,m,y,m,y,m,y,,,,,0,,,1,1,0,0,0,0,,,,,,,,1014,,,,,,,,1,1,0,0,0,0,delete,
non_usa_3.2Adc_d189_m084,digital (non-cash) payments,US,3.2,Adopter characteristics,Share of cash and credit card payments by income bracket,"% payments by cash (income $75,000 – $99,999)",non,-0.14726,-0.020994,-0.011879,1944.6,-29.842,5208.6,-1458.7,-5.9106e+05,24.08,0.79193,0.63588,0.014663,0.011956,-7.7183,-11.206,0.094917,0.089308,0.71697,0.60376,0.017102,0.014085,8,8,2.6878e-05,9.4074e-06,1.7471e-05,8,7,3,0,1,0,0.81025,1,1,y,y,y,y,y,y,y,m,y,m,y,m,y,,,,,0,,,1,1,0,0,0,0,,,,,,,,1015,,,,,,,,1,1,0,0,0,0,delete,
non_usa_3.2Adc_d189_m085,digital (non-cash) payments,US,3.2,Adopter characteristics,Share of cash and credit card payments by income bracket,"% payments by cash (income greater than $150,000)",non,-0.18077,-0.00038481,-0.014767,1955.5,-24.31,8697,-1544.9,-1.5264e+05,29.912,0.93022,0.87789,0.0097039,0.0080966,-5.9764,-8.7669,0.09703,0.089807,0.84833,0.78766,0.014307,0.012162,8,8,1.7592e-05,6.3882e-06,1.1204e-05,8,7,1,0,1,0,0.80408,1,1,y,y,y,y,y,y,y,m,y,m,y,m,y,,,,,0,,,1,1,0,0,0,0,,,,,,,,1016,,,,,,,,1,1,0,0,0,0,delete,
non_usa_3.2Adc_d189_m086,digital (non-cash) payments,US,3.2,Adopter characteristics,Share of cash and credit card payments by income bracket,"% payments by cash (income less than $25,000)",non,-0.080577,0.049225,-0.0070349,1883.8,-54.537,5281.7,-0.63564,2632.9,14.303,0.74829,0.5595,0.0097818,0.0080449,-24.124,-34.173,0.097725,0.095761,0.6835,0.5569,0.010969,0.0091867,8,8,2.6317e-05,1.3987e-05,1.2331e-05,8,7,1,0,1,0,0.81157,1,1,y,y,y,y,y,y,y,m,y,m,y,m,y,,,,,0,,,1,1,0,0,0,0,,,,,,,,1017,,,,,,,,1,1,0,0,0,0,delete,
non_usa_4.1Sal_d213_m100,digital (non-cash) payments,US,4.1,Knowledge Flows (social networks),annualised Google search frequency (index 100=monthly max.),Index 0-100,non,0.50961,0.21191,4.1451,2019.8,8.6231,105.02,2.0232,2005.3,-8322.2,0.83028,0.80033,13.676,8.4326,0.80147,0.77941,14.791,9.8641,0.57168,0.52409,21.726,18.66,21,19,0.95224,0.016513,0.93573,21,1,13,0,1,1,0.73025,0,1,y,y,y,m,y,m,y,y,y,m,m,m,m,,,,,0,hide,original,1,1,0,0,0,0,,,,,,,,1018,,,,,,,,1,1,0,0,0,0,delete,
non_usa_4.1Sal_d239_m153,digital (non-cash) payments,US,4.1,Knowledge Flows (social networks),Partial up to max annualised Google search frequency (index 100=monthly max.),Partial up to max Index 0-100,non,0.435,0.25159,3.7755,2020.8,10.102,127,0.5523,2002.4,-7579.1,0.7918,0.75276,13.962,8.4784,0.78447,0.75912,14.205,8.4149,0.50622,0.44813,21.501,17.794,20,18,0.78741,0.013655,0.77376,20,0,12,0,1,1,0.62534,0,1,y,y,y,m,y,m,m,y,y,m,m,m,m,,,,,0,prefer,transformed-partial,1,1,0,0,0,1,,,,,,,,1019,,,,,,,,1,1,0,0,0,1,,
org_aus_1.1Ado_d163_m140,organic food,Austria,1.1,Adoption over time,Organic retail sales market size [million],million EUR,org,0.12714,0.093474,102.88,2023,34.564,5348.6,0.0033282,1876.7,-2.0577e+05,0.98853,0.98671,74.618,65.209,0.98343,0.98177,89.674,79.069,0.95972,0.95569,139.81,109.97,23,23,0.46666,0.042067,0.42459,23,0,22,0,0,0,0.91677,0,0,y,y,y,y,y,y,y,y,y,y,y,y,y,1,,,,0,,,1,1,0,2,0,0,,,,,,,,1021,,,,,,,,1,1,0,0,0,0,delete,
org_aus_1.1Ado_d164_m195,organic food,Austria,1.1,Adoption over time,Organic retail sales share [%],%,org,0.057689,0.057688,0.003994,2207,76.175,5023.5,8.9152e-29,939.64,-7.9666,0.98329,0.98015,0.0030454,0.0021624,0.98329,0.98132,0.0030454,0.0021624,0.95583,0.95064,0.0049506,0.0044213,20,20,2.2892e-05,7.5644e-06,1.5328e-05,20,0,19,0,0,0,0.93187,1,1,y,y,y,y,y,y,y,m,y,m,y,,,,,,,,,,,,,,,,,,,,,,,,,,,,,,,,,,,,,,
org_aus_1.1Ado_d327_m185,organic food,Austria,1.1,Adoption over time,organic as a share of retail sales,market share,org,0.063068,0.057688,0.003994,2051.4,69.678,0.85514,8.9152e-29,939.64,-7.9666,0.98231,0.979,0.0031329,0.0022831,0.98329,0.98132,0.0030454,0.0021624,0.95583,0.95064,0.0049506,0.0044213,20,20,0.13448,0.044437,0.090043,20,0,19,0,0,0,0.93187,1,1,y,y,y,y,y,y,y,m,y,m,y,m,y,,,,,0,prefer-relative,transformed-marketshare,1,1,0,1,0,0,,,,,,,,1023,,,,,,,,1,1,0,1,0,0,,
org_aus_2.2Rel_d046_m148,organic food,Austria,2.2,Relative Advantage (Profitability),All qualities MILK price,price (€c/kg),org,0.018599,0.018598,0.61495,2552.2,236.28,8.2693e+05,5.0474,1906.6,-1201.1,0.71103,0.67769,3.471,2.8001,0.71103,0.68963,3.471,2.8001,0.67952,0.65579,3.6553,2.9007,30,30,6.2388e-05,3.302e-05,2.9368e-05,30,1,29,0,0,0,0.95211,0,1,y,y,y,y,y,y,y,m,y,m,y,m,y,2,,,,0,,,1,1,0,0,0,0,,,,,,,,1024,,,,,,,,1,1,0,0,0,0,delete,
org_aus_2.2Rel_d069_m149,organic food,Austria,2.2,Relative Advantage (Profitability),Conventional EGGS price,sales price (€/100 pieces),org,0.029166,0.029165,0.30308,2370,150.67,3.7586e+05,8.4516,2003.1,-598.59,0.85113,0.83083,0.96597,0.73058,0.85113,0.83818,0.96596,0.73058,0.82439,0.80912,1.0491,0.75998,26,26,4.6879e-05,1.9103e-05,2.7776e-05,26,0,24,0,0,0,0.93638,0,1,y,y,y,y,y,y,y,m,y,m,y,m,y,2,,,* need to create new variable = Conventional:Organic price ratio,0,,,1,1,0,0,0,0,,,,,,,,1025,,,,,,,,1,1,0,0,0,0,delete,
org_aus_2.2Rel_d070_m148,organic food,Austria,2.2,Relative Advantage (Profitability),Conventional MILK price,price (€c/kg),org,0.016061,0.01606,0.51388,2614.4,273.61,5.4983e+05,5.6793,1899.6,-999.13,0.60623,0.56079,3.6663,2.9236,0.60623,0.57706,3.6663,2.9236,0.57955,0.5484,3.7885,2.9783,30,30,9.0118e-05,4.9661e-05,4.0457e-05,30,1,29,0,0,0,0.95129,0,1,m,y,y,y,y,y,y,m,y,m,y,m,y,2,,,* need to create new variable = Conventional:Organic price ratio,0,,,1,1,0,0,0,0,,,,,,,,1026,,,,,,,,1,1,0,0,0,0,delete,
org_aus_2.2Rel_d102_m149,organic food,Austria,2.2,Relative Advantage (Profitability),Free range EGGS price,sales price (€/100 pieces),org,0.026066,0.026065,0.38252,2400.5,168.59,3.5292e+05,5.616,1976.6,-755.37,0.70079,0.63174,1.254,1.0469,0.70079,0.65804,1.254,1.0469,0.66818,0.62078,1.3206,1.0531,17,17,6.0609e-05,3.3775e-05,2.6833e-05,17,0,16,0,0,0,0.92474,0,1,y,y,y,y,y,y,y,m,y,m,y,m,y,2,,,* need to create new variable = Conventional:Organic price ratio,0,,,1,1,0,0,0,0,,,,,,,,1027,,,,,,,,1,1,0,0,0,0,delete,
org_aus_2.2Rel_d155_m149,organic food,Austria,2.2,Relative Advantage (Profitability),Organic EGGS price,sales price (€/100 pieces),org,0.039026,0.039026,0.82724,2298,112.6,1.3912e+06,2.6121,1960.1,-1644.2,0.79243,0.74054,2.0336,1.7064,0.79243,0.7605,2.0336,1.7064,0.72985,0.68829,2.32,1.9297,16,16,2.3987e-05,1.4153e-05,9.8333e-06,16,0,15,0,0,0,0.91298,0,1,y,y,y,y,y,y,y,m,y,m,y,m,y,2,,,* need to create new variable = Conventional:Organic price ratio,0,,,1,1,0,0,0,0,,,,,,,,1028,,,,,,,,1,1,0,0,0,0,delete,
org_aus_2.2Rel_d156_m148,organic food,Austria,2.2,Relative Advantage (Profitability),Organic MILK price,price (€c/kg),org,0.020901,0.0209,0.82144,2471.5,210.25,6.1552e+05,4.8729,1909.5,-1610.7,0.84929,0.83191,3.0208,2.4916,0.8493,0.83813,3.0208,2.4916,0.83484,0.82261,3.1623,2.5815,30,30,9.362e-05,4.4361e-05,4.9259e-05,30,2,29,0,0,0,0.95845,0,1,y,y,y,y,y,y,y,m,y,m,y,m,y,2,,,* need to create new variable = Conventional:Organic price ratio,0,,,1,1,0,0,0,0,,,,,,,,1029,,,,,,,,1,1,0,0,0,0,delete,
org_aus_2.2Rel_d160_m152,organic food,Austria,2.2,Relative Advantage (Profitability),Organic per capita consumption [€/person],€/person,org,0.1287,0.087699,11.328,2020.5,34.145,503.74,0.061968,1925.6,-22651,0.98645,0.98431,8.8864,7.7509,0.97869,0.97656,11.145,9.8434,0.96857,0.96543,13.535,10.624,23,23,0.54421,0.055684,0.48853,23,0,21,0,0,0,0.92257,0,0,y,y,y,y,y,y,y,y,y,y,y,y,y,1,,,,0,,,1,1,0,0,0,0,,,,,,,,1020,,,,,,,,1,1,0,0,0,0,delete,
org_aus_2.5Var_d159_m001,organic food,Austria,2.5,Variety (Choice Availability),Organic importers,#,org,-0.19641,-0.0086034,-0.89328,2023.7,-22.374,97.07,156.5,1939.8,1881.3,0.057408,-0.091422,43.687,39.227,0.014223,-0.084355,44.677,40.305,0.01734,-0.080926,44.606,40.184,23,23,1.4217,0.14423,1.2774,23,17,9,1,1,1,0.92785,0,0,n,y,y,y,m,m,y,y,m,n,m,n,m,3,,"volatile, don't use",weird data,0,,,0,1,0,0,0,0,,,,,,,,1030,,,,,,,,0,1,0,0,0,0,delete,
org_aus_2.5Var_d161_m001,organic food,Austria,2.5,Variety (Choice Availability),Organic processors,#,org,0.13595,0.050098,69.541,2008.4,32.323,2331,0.018866,1789.1,-1.3851e+05,0.74082,0.6999,273.26,189.05,0.71153,0.68268,288.29,190.59,0.73854,0.71239,274.46,181.54,23,23,1.0266,0.24582,0.78079,23,9,22,1,0,1,0.91124,0,0,y,y,y,y,y,y,y,y,y,y,y,y,y,2,,,,0,,,1,1,0,0,0,0,,,,,,,,1031,,,,,,,,1,1,0,0,0,0,delete,
org_aus_2.5Var_d162_m001,organic food,Austria,2.5,Variety (Choice Availability),Organic producers,#,org,0.014318,0.014314,307.49,2598,306.93,9.6126e+07,27.802,1546.3,-5.9674e+05,0.87163,0.85136,785.38,599.13,0.87163,0.85879,785.38,599.13,0.86585,0.85244,802.84,604.68,23,23,0.00027309,0.00019027,8.2818e-05,23,0,21,0,0,0,0.95053,0,0,y,y,y,y,y,y,y,m,y,m,y,m,y,1,,,,0,,,1,1,0,0,0,1,,,,,,,,1032,,,,,,,,1,1,0,0,0,1,,
org_aus_3.5Mar_d074_m128,organic food,Austria,3.5,Market Formation,CumulativeStartups,cum. # companies,org,0.096694,0.082698,0.20527,2033.3,45.447,35.1,5.052,2015.2,-408.15,0.91964,0.91376,0.84434,0.65675,0.91793,0.91402,0.85326,0.66137,0.80113,0.79166,1.3282,1.0765,45,32,0.25641,0.02849,0.22792,32,6,31,1,0,0,0.93218,0,1,y,y,y,y,y,y,y,y,y,y,y,y,y,,,,,0,prefer,original,1,1,0,0,0,1,,,,,,,,1033,,,,,,,,1,1,0,0,0,1,,
org_aus_3.5Mar_d126_m008,organic food,Austria,3.5,Market Formation,NewStartups,# companies,org,0.13539,0.001994,0.010672,2007.9,32.457,0.50542,1554.9,1.5747e+05,-21.165,0.047745,-0.021933,0.63741,0.32564,-0.09375,-0.14583,0.68313,0.2,0.045022,-0.0004529,0.63832,0.33435,45,6,7.9142,1.9785,5.9356,26,0,25,0,0,1,0.19048,0,1,n,y,y,m,m,m,m,y,m,n,m,n,m,,,,,0,hide,original,0,1,0,0,0,0,,,,,,,,1034,,,,,,,,0,1,0,0,0,0,delete,
org_aus_3.5Mar_d171_m011,organic food,Austria,3.5,Market Formation,PrivateEquityDeals,# deals,org,17.427,0.0024279,0.01502,2020.9,0.25217,1.3333,1554.8,1.5749e+05,-29.936,0.49405,0.45703,0.35486,0.096301,-0.071429,-0.12245,0.5164,0.13333,0.15288,0.11254,0.45917,0.25546,45,4,2.25,0.75,1.5,8,1,7,1,0,1,0.5,0,1,m,n,m,m,m,m,m,y,m,n,n,n,n,,,,,0,hide,original,0,1,0,0,0,0,,,,,,,,1035,,,,,,,,0,1,0,0,0,0,delete,
org_aus_3.5Mar_d175_m027,organic food,Austria,3.5,Market Formation,PrivateEquityInvestment,$ million,org,46.602,0.0010312,0.00033209,2015.2,0.094298,0.020004,1555.1,1.5746e+05,-0.66084,0.090909,0.02439,0.025304,0.0071128,-0.022727,-0.071429,0.026839,0.0040009,0.02641,-0.019951,0.026186,0.0084221,45,1,9,9,0,1,0,0,0,0,,,1,1,n,n,m,m,m,m,m,m,m,n,n,n,n,,,,,0,hide,original,0,1,0,0,0,0,,,,,,,,1036,,,,,,,,0,1,0,0,0,0,delete,
org_aus_3.5Mar_d200_m027,organic food,Austria,3.5,Market Formation,TotalFundraisingAmount,$ million,org,36.134,0.062332,0.00091314,2015.2,0.12162,0.052672,3.8286,2099.2,-1.8176,0.17543,0.1151,0.045677,0.016387,0.048752,0.0034542,0.04906,0.02074,0.055582,0.01061,0.048884,0.021395,45,2,5.5819,3.4181,2.1638,2,0,1,0,0,0,0.44536,1,1,n,n,m,y,y,y,m,y,m,n,n,n,n,,,,,0,hide,original,0,1,0,0,0,0,,,,,,,,1037,,,,,,,,0,1,0,0,0,0,delete,
org_aus_3.5Mar_d204_m011,organic food,Austria,3.5,Market Formation,TotalFundraisingDeals,# deals,org,0.29135,0.0034226,0.025692,2014.8,15.083,1.3394,1554.6,1.575e+05,-51.101,0.34401,0.29601,0.53996,0.30485,-0.25,-0.30952,0.74536,0.33333,0.25049,0.2148,0.57716,0.41604,45,11,2.2398,0.7466,1.4932,35,1,34,0,0,1,0.6,0,1,m,y,y,m,m,m,m,y,m,m,m,m,m,,,,,0,hide,original,0,1,0,0,0,0,,,,,,,,1038,,,,,,,,0,1,0,0,0,0,delete,
org_aus_3.5Mar_d242_m156,organic food,Austria,3.5,Market Formation,cumulative CumulativeStartups,cumulative cum. # companies,org,0.11685,0.097069,2.4684,2029.3,37.609,355.76,0.44706,1965.5,-4911.9,0.99357,0.9931,2.8449,2.4815,0.99139,0.99098,3.2939,2.8886,0.81596,0.80719,15.225,12.909,45,32,0.35417,0.0028109,0.35136,32,0,31,0,0,0,0.91391,0,0,y,y,y,y,y,y,y,y,y,y,y,y,y,,,,not needed as transformed-cumulative twice (error),1,delete,transformed-cumx2error,0,0,0,0,0,0,,,,,,,,1039,,,,,,,,0,0,0,0,0,0,delete,
org_aus_3.5Mar_d243_m157,organic food,Austria,3.5,Market Formation,Partial up to max CumulativeStartups,Partial up to max cum. # companies,org,0.082499,0.082498,0.14595,2140.6,53.267,1.508e+05,1.8826,2003.8,-289.91,0.83101,0.81652,0.75937,0.57959,0.83101,0.82162,0.75936,0.57959,0.79075,0.77913,0.84498,0.4952,39,26,5.9682e-05,6.6313e-06,5.305e-05,26,0,25,0,0,0,0.80827,0,1,y,y,y,y,y,y,y,m,y,m,y,m,y,,,,not needed as transformed-cumulative preferred,1,delete,transformed-partial,0,0,0,0,0,0,,,,,,,,1040,,,,,,,,0,0,0,0,0,0,delete,
org_aus_3.5Mar_d244_m158,organic food,Austria,3.5,Market Formation,cumulative NewStartups,cumulative # companies,org,0.096694,0.082698,0.20527,2033.3,45.447,35.1,5.052,2015.2,-408.15,0.91964,0.91376,0.84434,0.65675,0.91793,0.91402,0.85326,0.66137,0.80113,0.79166,1.3282,1.0765,45,32,0.25641,0.02849,0.22792,32,6,31,1,0,0,0.93218,0,1,y,y,y,y,y,y,y,y,y,y,y,y,y,,,,not needed as cumulative in original data,1,delete,transformed-cumulative,0,0,0,0,0,0,,,,,,,,1041,,,,,,,,0,0,0,0,0,0,delete,
org_aus_3.5Mar_d245_m159,organic food,Austria,3.5,Market Formation,Partial up to max NewStartups,Partial up to max # companies,org,1.3377,0.0030779,0.021862,2024.9,3.2852,39587,1554.6,1.5749e+05,-43.472,0.79183,0.77399,0.31781,0.10997,-0.10976,-0.17141,0.7338,0.23077,0.12478,0.076152,0.65166,0.3782,39,6,0.00010104,2.5261e-05,7.5783e-05,26,0,25,0,0,1,0.19048,0,1,y,y,y,m,m,m,m,m,m,m,m,m,m,,,,not needed as transformed-cumulative preferred,1,delete,transformed-partial,0,0,0,0,0,0,,,,,,,,1042,,,,,,,,0,0,0,0,0,0,delete,
org_aus_3.5Mar_d246_m160,organic food,Austria,3.5,Market Formation,cumulative PrivateEquityDeals,cumulative # deals,org,0.98809,0.319,0.062714,2021.4,4.4474,6.8896,6.2067,2023.7,-125.02,0.95898,0.95598,0.29146,0.12193,0.93928,0.93639,0.35461,0.16378,0.3203,0.28793,1.1865,0.79406,45,9,0.87088,0.14515,0.72573,9,1,8,1,0,1,0.77358,0,1,y,y,y,y,y,y,y,y,y,y,y,y,y,,,,,0,prefer,transformed-cumulative,1,1,0,0,0,0,,,,,,,,1043,,,,,,,,1,1,0,0,0,0,delete,
org_aus_3.5Mar_d247_m161,organic food,Austria,3.5,Market Formation,Partial up to max PrivateEquityDeals,Partial up to max # deals,org,8.7348,1.2617,0.014799,2021.1,0.5031,3.001,1.4711e-08,2006.8,-29.497,0.90402,0.89663,0.1525,0.023262,0.89615,0.89095,0.15863,0.03488,0.1392,0.096165,0.45669,0.2418,43,3,0.99968,0.33323,0.66645,7,0,6,0,0,1,0.27273,0,1,y,n,m,m,m,m,m,y,m,n,n,n,n,,,,not needed as transformed-cumulative preferred,1,delete,transformed-partial,0,0,0,0,0,0,,,,,,,,1044,,,,,,,,0,0,0,0,0,0,delete,
org_aus_3.5Mar_d248_m162,organic food,Austria,3.5,Market Formation,cumulative PrivateEquityInvestment,cumulative $ million,org,59.323,0.0013646,0.0038428,2015.5,0.074076,0.18004,1555,1.5746e+05,-7.6572,1,1,4.8433e-15,1.456e-15,-0.25,-0.30952,0.080516,0.036008,0.48024,0.45549,0.05192,0.044664,45,9,1,1,0,9,8,8,0,0,0,0.88889,1,1,y,y,y,y,y,y,y,m,y,m,y,m,y,,,,too few,0,prefer,transformed-cumulative,0,1,0,0,0,0,,,,,,,,1045,,,,,,,,0,1,0,0,0,0,delete,
org_aus_3.5Mar_d249_m163,organic food,Austria,3.5,Market Formation,Partial up to max PrivateEquityInvestment,Partial up to max $ million,org,17.959,0.0010736,0.00076831,2016,0.24469,0.31839,1555,1.5745e+05,-1.5302,1,1,1.0813e-09,1.8284e-10,-0.027778,-0.088235,0.029598,0.0048659,0.078947,0.024768,0.02802,0.011795,37,1,0.56547,0.56547,0,1,0,0,0,0,,,1,1,y,n,m,m,m,m,m,m,m,n,n,n,n,,,,not needed as transformed-cumulative preferred,1,delete,transformed-partial,0,0,0,0,0,0,,,,,,,,1046,,,,,,,,0,0,0,0,0,0,delete,
org_aus_3.5Mar_d250_m162,organic food,Austria,3.5,Market Formation,cumulative TotalFundraisingAmount,cumulative $ million,org,,0.0019091,0.0095758,,,,1554.9,1.5748e+05,-19.082,,,,,-0.23702,-0.29592,0.20167,0.088276,0.4704,0.44518,0.13196,0.1117,45,9,,,,9,7,8,1,0,1,0.90614,1,1,n,y,y,y,y,y,y,m,y,n,y,y,y,,,,too few,0,prefer,transformed-cumulative,0,1,0,0,0,0,,,,,,,,1047,,,,,,,,0,1,0,0,0,0,delete,
org_aus_3.5Mar_d251_m163,organic food,Austria,3.5,Market Formation,Partial up to max TotalFundraisingAmount,Partial up to max $ million,org,,,0.0018798,,,,,,-3.7444,,,,,,,,,0.14297,0.093998,0.05047,0.027631,38,2,,,,2,0,1,0,0,0,0.44536,1,1,n,n,m,y,y,y,m,m,m,n,n,n,n,,,,not needed as transformed-cumulative preferred,1,delete,transformed-partial,0,0,0,0,0,0,,,,,,,,1048,,,,,,,,0,0,0,0,0,0,delete,
org_aus_3.5Mar_d252_m160,organic food,Austria,3.5,Market Formation,cumulative TotalFundraisingDeals,cumulative # deals,org,0.11197,0.11197,0.26469,2126.1,39.248,1.4431e+06,6.7892,2016.5,-526.58,0.98183,0.9805,0.5467,0.43561,0.98183,0.98096,0.54669,0.43561,0.7186,0.7052,2.1512,1.6858,45,36,1.0394e-05,6.9294e-07,9.7011e-06,36,1,35,0,0,0,0.89919,0,1,y,y,y,y,y,y,y,m,y,m,y,m,y,,,,,0,prefer,transformed-cumulative,1,1,0,0,0,0,,,,,,,,1049,,,,,,,,1,1,0,0,0,0,delete,
org_aus_3.5Mar_d253_m161,organic food,Austria,3.5,Market Formation,Partial up to max TotalFundraisingDeals,Partial up to max # deals,org,0.2622,0.26193,0.02839,2063.9,16.76,1.4785e+05,0.099031,2009.7,-56.483,0.53949,0.50407,0.4563,0.24038,0.53949,0.51646,0.4563,0.24044,0.27453,0.23826,0.57272,0.4189,43,10,2.0291e-05,6.7635e-06,1.3527e-05,34,0,33,0,0,1,0.5,0,1,m,y,y,m,m,m,m,m,m,m,m,m,m,,,,not needed as transformed-cumulative preferred,1,delete,transformed-partial,0,0,0,0,0,0,,,,,,,,1050,,,,,,,,0,0,0,0,0,0,delete,
org_aus_4.1Sal_d213_m100,organic food,Austria,4.1,Knowledge Flows (social networks),annualised Google search frequency (index 100=monthly max.),Index 0-100,org,2.0768,0.061342,2.702,2011.5,2.116,49.475,1.0479,1959.7,-5411.4,0.66924,0.61088,16.1,9.5053,0.24319,0.1591,24.354,20.168,0.34158,0.26843,22.716,17.416,21,14,2.0212,0.22996,1.7913,14,9,3,1,1,1,0.86178,0,1,m,y,y,m,y,m,y,y,y,m,m,n,m,,,,,0,hide,original,1,1,0,0,,0,,,,,,,,1051,,,,,,,,1,1,0,0,0,0,delete,
org_aus_4.1Sal_d239_m153,organic food,Austria,4.1,Knowledge Flows (social networks),Partial up to max annualised Google search frequency (index 100=monthly max.),Partial up to max Index 0-100,org,0.59157,0.46065,7.515,2015.5,7.4284,222.12,0.021757,1996.7,-15080,0.96324,0.94945,5.9284,4.3638,0.96027,0.95144,6.1633,4.6898,0.70394,0.63815,16.824,13.338,12,5,0.45021,0.068295,0.38191,5,0,4,0,0,1,0.61071,0,1,y,n,y,y,y,y,m,y,y,n,n,y,y,,,,,0,prefer,transformed-partial,1,1,0,0,,0,,,,,,,,1052,,,,,,,,1,1,0,0,0,0,delete,
org_aus_4.5Inf_d157_m130,organic food,Austria,4.5,Physical Infrastructure dependence,Organic area (farmland) [ha],ha,org,0.018602,0.018601,10340,2525.6,236.23,8.0117e+09,24.456,1471.5,-2.0232e+07,0.91715,0.90407,20725,16204,0.91715,0.90886,20725,16204,0.90745,0.89819,21905,16740,23,23,8.81e-05,5.3567e-05,3.4533e-05,23,0,22,0,0,0,0.95328,0,0,y,y,y,y,y,y,y,m,y,m,y,m,y,1,,,,0,,,1,1,0,0,0,1,,,,,,,,1053,,,,,,,,1,1,0,0,0,1,,
org_aus_4.5Inf_d158_m195,organic food,Austria,4.5,Physical Infrastructure dependence,Organic area share of total farmland [%],%,org,0.025966,0.0014793,0.0052981,2390.4,169.24,3855.8,1555.2,1.5748e+05,-10.448,0.95604,0.9491,0.0075711,0.0057796,-32.577,-35.935,0.20925,0.20611,0.94715,0.94186,0.008302,0.0067295,23,23,7.1373e-05,3.5712e-05,3.566e-05,23,0,22,0,0,0,0.9521,1,1,y,y,y,y,y,y,y,m,y,m,y,,,,,,,,,,,,,,,,,,,,,,,,,,,,,,,,,,,,,,
org_can_1.1Ado_d163_m140,organic food,Canada,1.1,Adoption over time,Organic retail sales market size [million],million EUR,org,0.10347,0.10347,222.79,2132.5,42.471,5.0615e+08,0.00089652,1871,-4.4589e+05,0.96967,0.96431,248.6,204.83,0.96967,0.9663,248.6,204.83,0.89326,0.8814,466.33,363.89,21,21,1.1459e-05,1.3886e-06,1.007e-05,21,0,16,0,1,0,0.88273,0,0,y,y,y,y,y,y,y,m,y,m,y,m,y,1,,,,0,,,1,1,0,2,0,0,,,,,,,,1056,,,,,,,,1,1,0,0,0,0,delete,
org_can_1.1Ado_d164_m195,organic food,Canada,1.1,Adoption over time,Organic retail sales share [%],%,org,0.023678,0.0010582,0.00064835,2401.6,185.59,261.3,1555.3,1.5748e+05,-1.2787,0.70542,0.61705,0.0017098,0.0013895,-79.408,-94.028,0.028248,0.028071,0.68835,0.63169,0.0017586,0.0014411,14,14,0.00012629,9.5676e-05,3.0616e-05,14,2,13,1,0,0,0.92105,1,1,y,y,y,y,y,y,y,m,y,m,y,,,,,,,,,,,,,,,,,,,,,,,,,,,,,,,,,,,,,,
org_can_1.1Ado_d327_m185,organic food,Canada,1.1,Adoption over time,organic as a share of retail sales,market share,org,0.024841,0.0010582,0.00064835,2136.3,176.9,0.58914,1555.3,1.5748e+05,-1.2787,0.70458,0.61596,0.0017122,0.0013933,-79.408,-94.028,0.028248,0.028071,0.68835,0.63169,0.0017586,0.0014411,14,14,0.056014,0.042435,0.013579,14,2,13,1,0,0,0.92105,1,1,y,y,y,y,y,y,y,m,y,m,y,m,y,,,,,0,prefer-relative,transformed-marketshare,1,1,0,1,0,0,,,,,,,,1058,,,,,,,,1,1,0,1,0,0,,
org_can_2.2Rel_d160_m152,organic food,Canada,2.2,Relative Advantage (Profitability),Organic per capita consumption [€/person],€/person,org,0.087828,0.087827,6.7076,2149.3,50.035,9.9743e+06,0.067594,1935.2,-13435,0.9389,0.92223,7.575,6.4423,0.9389,0.92871,7.575,6.4423,0.89435,0.87674,9.9608,7.8839,15,15,1.4696e-05,3.8138e-06,1.0882e-05,15,0,14,0,0,0,0.88955,0,0,y,y,y,y,y,y,y,m,y,m,y,m,y,1,,,,0,,,1,1,0,0,0,0,,,,,,,,1055,,,,,,,,1,1,0,0,0,0,delete,
org_can_2.5Var_d161_m001,organic food,Canada,2.5,Variety (Choice Availability),Organic processors,#,org,0.18004,0.055529,72.986,2007.9,24.408,2017.3,0.0028298,1778.5,-1.4556e+05,0.95804,0.95141,101.96,78.05,0.88158,0.86973,171.29,143.02,0.94606,0.94066,115.61,94.574,23,23,0.92448,0.16011,0.76437,23,5,22,1,0,0,0.95015,0,0,y,y,y,y,y,y,y,y,y,y,y,y,y,1,,,,0,,,1,1,0,0,0,0,,,,,,,,1059,,,,,,,,1,1,0,0,0,0,delete,
org_can_2.5Var_d162_m001,organic food,Canada,2.5,Variety (Choice Availability),Organic producers,#,org,0.037343,0.037343,144.68,2314.8,117.68,3.4624e+08,0.42377,1765.3,-2.8673e+05,0.81734,0.7885,473.41,402.09,0.81734,0.79908,473.4,402.09,0.75071,0.72578,553.05,458.94,23,23,1.9975e-05,8.6097e-06,1.1365e-05,23,1,22,0,0,0,0.93828,0,0,y,y,y,y,y,y,y,m,y,m,y,m,y,2,,,,0,,,1,1,0,0,0,1,,,,,,,,1060,,,,,,,,1,1,0,0,0,1,,
org_can_3.5Mar_d074_m128,organic food,Canada,3.5,Market Formation,CumulativeStartups,cum. # companies,org,0.14846,0.067154,1.6145,2010.9,29.6,73.35,1.7049,1967.6,-3208.8,0.99564,0.99532,1.438,1.127,0.9502,0.94782,4.8601,4.1,0.92697,0.9235,5.8852,5.3753,45,44,0.84526,0.013633,0.83163,44,1,43,0,0,0,0.95629,0,1,y,y,y,y,y,y,y,y,y,y,y,y,y,,,,,0,prefer,original,1,1,0,0,0,1,,,,,,,,1061,,,,,,,,1,1,0,0,0,1,,
org_can_3.5Mar_d126_m008,organic food,Canada,3.5,Market Formation,NewStartups,# companies,org,0.28602,0.005506,0.049275,1994.5,15.364,2.0617,1554.5,1.5751e+05,-97.271,0.31608,0.26603,1.1471,0.72885,-0.98665,-1.0813,1.9551,1.3778,0.21286,0.17538,1.2306,0.83281,45,32,3.3953,0.48504,2.9103,43,10,42,1,0,1,0.69186,0,1,m,y,y,m,m,m,m,y,m,m,m,n,m,,,,,0,hide,original,0,1,0,0,0,0,,,,,,,,1062,,,,,,,,0,1,0,0,0,0,delete,
org_can_3.5Mar_d171_m011,organic food,Canada,3.5,Market Formation,PrivateEquityDeals,# deals,org,0.31955,0.0074152,0.067984,2013.4,13.752,3.0101,1553.8,1.5759e+05,-135.33,0.59805,0.56864,0.83351,0.47006,-0.35,-0.41429,1.5275,0.77778,0.45103,0.42488,0.97409,0.72921,45,17,1.9933,0.33222,1.6611,29,4,28,1,0,1,0.73333,0,1,m,y,y,m,m,m,y,y,y,m,m,m,m,,,,,0,hide,original,1,1,0,0,0,0,,,,,,,,1063,,,,,,,,1,1,0,0,0,0,delete,
org_can_3.5Mar_d175_m027,organic food,Canada,3.5,Market Formation,PrivateEquityInvestment,$ million,org,35.853,0.10643,2.1367,2019.1,0.12257,170.14,1.0957,1980.5,-4257.1,0.18255,0.12274,111.8,31.389,0.067291,0.022877,119.42,38.466,0.050365,0.0051441,120.5,42.58,45,14,4.9348,0.0007745,4.934,28,3,16,1,1,1,0.0060509,0,0,n,y,y,m,m,m,m,y,m,n,m,n,m,,,,,0,hide,original,0,1,0,0,0,0,,,,,,,,1064,,,,,,,,0,1,0,0,0,0,delete,
org_can_3.5Mar_d200_m027,organic food,Canada,3.5,Market Formation,TotalFundraisingAmount,$ million,org,0.51988,0.070862,4.8534,2010.3,8.4528,179.99,0.42159,1936.7,-9660.1,0.21788,0.16065,142.51,61.908,0.14916,0.10865,148.64,76.939,0.15299,0.11266,148.31,80.415,45,20,5.354,0.0013889,5.3526,28,3,27,1,0,1,0.28271,0,0,n,y,y,m,m,m,m,y,m,n,m,n,m,,,,,0,hide,original,1,1,0,0,0,0,,,,,,,,1065,,,,,,,,1,1,0,0,0,0,delete,
org_can_3.5Mar_d204_m011,organic food,Canada,3.5,Market Formation,TotalFundraisingDeals,# deals,org,0.28528,0.027572,0.28155,2013.7,15.404,12.777,1549.7,1.58e+05,-560.47,0.7537,0.73567,2.3827,1.209,-0.44427,-0.51305,5.7697,3.2,0.5801,0.56011,3.111,2.3228,45,22,1.4871,0.078266,1.4088,29,4,28,1,0,1,0.90387,0,1,y,y,y,y,m,m,y,y,y,m,m,m,m,,,,,0,hide,original,1,1,0,0,0,0,,,,,,,,1066,,,,,,,,1,1,0,0,0,0,delete,
org_can_3.5Mar_d242_m156,organic food,Canada,3.5,Market Formation,cumulative CumulativeStartups,cumulative cum. # companies,org,0.14183,0.094193,21.786,2020.3,30.985,1658.9,0.018388,1906.9,-43351,0.99938,0.99934,7.7601,6.8727,0.98926,0.98875,32.376,28.937,0.82006,0.8115,132.54,114.98,45,44,0.63416,0.00060281,0.63355,44,0,43,0,0,0,0.92379,0,0,y,y,y,y,y,y,y,y,y,y,y,y,y,,,,not needed as transformed-cumulative twice (error),1,delete,transformed-cumx2error,0,0,0,0,0,0,,,,,,,,1067,,,,,,,,0,0,0,0,0,0,delete,
org_can_3.5Mar_d243_m157,organic food,Canada,3.5,Market Formation,Partial up to max CumulativeStartups,Partial up to max cum. # companies,org,0.14581,0.070405,1.6047,2011.2,30.138,75.08,1.7792,1970.1,-3189.2,0.99564,0.99531,1.4017,1.1051,0.95769,0.95562,4.3655,3.6888,0.92188,0.91807,5.9315,5.4313,44,43,0.82578,0.013319,0.81246,43,0,42,0,0,0,0.95229,0,1,y,y,y,y,y,y,y,y,y,y,y,y,y,,,,not needed as transformed-cumulative preferred,1,delete,transformed-partial,0,0,0,0,0,0,,,,,,,,1068,,,,,,,,0,0,0,0,0,0,delete,
org_can_3.5Mar_d244_m158,organic food,Canada,3.5,Market Formation,cumulative NewStartups,cumulative # companies,org,0.14846,0.067154,1.6145,2010.9,29.6,73.35,1.7049,1967.6,-3208.8,0.99564,0.99532,1.438,1.127,0.9502,0.94782,4.8601,4.1,0.92697,0.9235,5.8852,5.3753,45,44,0.84526,0.013633,0.83163,44,1,43,0,0,0,0.95629,0,1,y,y,y,y,y,y,y,y,y,y,y,y,y,,,,not needed as cumulative in original data,1,delete,transformed-cumulative,0,0,0,0,0,0,,,,,,,,1069,,,,,,,,0,0,0,0,0,0,delete,
org_can_3.5Mar_d245_m159,organic food,Canada,3.5,Market Formation,Partial up to max NewStartups,Partial up to max # companies,org,0.086712,0.08671,0.097632,2130.5,50.679,1.0031e+05,6.2628,2018.9,-193.66,0.51204,0.46325,0.97779,0.75449,0.51204,0.48056,0.97779,0.75449,0.46824,0.43394,1.0207,0.70178,34,23,6.9782e-05,9.9688e-06,5.9813e-05,33,0,32,0,0,1,0.55372,0,1,m,y,y,m,m,m,m,m,y,m,m,m,m,,,,not needed as transformed-cumulative preferred,1,delete,transformed-partial,0,0,0,0,0,0,,,,,,,,1070,,,,,,,,0,0,0,0,0,0,delete,
org_can_3.5Mar_d246_m160,organic food,Canada,3.5,Market Formation,cumulative PrivateEquityDeals,cumulative # deals,org,0.21507,0.14152,0.62292,2021.8,20.432,60.069,9.0899,2013.6,-1240.7,0.99254,0.99199,0.87485,0.58649,0.98405,0.98329,1.2791,0.79786,0.6379,0.62066,6.0952,4.9986,45,29,0.58267,0.016648,0.56602,29,0,28,0,0,0,0.89727,0,1,y,y,y,y,y,y,y,y,y,y,y,y,y,,,,,0,prefer,transformed-cumulative,1,1,0,0,0,0,,,,,,,,1071,,,,,,,,1,1,0,0,0,0,delete,
org_can_3.5Mar_d247_m161,organic food,Canada,3.5,Market Formation,Partial up to max PrivateEquityDeals,Partial up to max # deals,org,0.23786,0.0074183,0.067596,2067.5,18.475,4.0288e+05,1553.7,1.5758e+05,-134.56,0.78146,0.76374,0.5726,0.32283,-0.26804,-0.33478,1.3793,0.63415,0.42637,0.39618,0.92769,0.6694,41,13,1.4893e-05,2.4821e-06,1.2411e-05,25,0,24,0,0,1,0.53846,0,1,y,y,y,m,m,m,m,m,y,m,m,m,m,,,,not needed as transformed-cumulative preferred,1,delete,transformed-partial,0,0,0,0,0,0,,,,,,,,1072,,,,,,,,0,0,0,0,0,0,delete,
org_can_3.5Mar_d248_m162,organic food,Canada,3.5,Market Formation,cumulative PrivateEquityInvestment,cumulative $ million,org,7.1922,0.23237,13.076,2019.3,0.611,923.9,8.9372e-06,1943.6,-26064,0.99325,0.99276,23.556,10.168,0.83672,0.82894,115.88,54.829,0.35067,0.31975,231.08,176.73,45,29,1.0046,0.00027059,1.0043,29,1,28,0,0,1,0.81697,0,0,y,y,y,m,y,m,y,y,y,m,m,m,m,,,,too few,0,prefer,transformed-cumulative,0,1,0,0,0,0,,,,,,,,1073,,,,,,,,0,1,0,0,0,0,delete,
org_can_3.5Mar_d249_m163,organic food,Canada,3.5,Market Formation,Partial up to max PrivateEquityInvestment,Partial up to max $ million,org,5.4791,5.3797,3.1051,2020.4,0.80203,9013.4,4.0669e-11,2014.3,-6187.9,0.99679,0.99653,7.3354,1.7959,0.99679,0.99662,7.3354,1.796,0.080606,0.032217,124.08,50.219,41,11,0.093148,1.4619e-05,0.093134,25,0,13,0,1,1,0.0046853,0,0,y,y,y,m,m,m,m,m,m,m,m,n,m,,,,not needed as transformed-cumulative preferred,1,delete,transformed-partial,0,0,0,0,0,0,,,,,,,,1074,,,,,,,,0,0,0,0,0,0,delete,
org_can_3.5Mar_d250_m162,organic food,Canada,3.5,Market Formation,cumulative TotalFundraisingAmount,cumulative $ million,org,0.33496,0.14255,49.111,2017.5,13.119,2979.6,0.00020153,1907.9,-97844,0.98281,0.98156,107.98,57.113,0.94461,0.94197,193.86,130.42,0.59964,0.58058,521.16,433.39,45,29,0.85081,8.3904e-05,0.85073,29,1,28,0,0,1,0.90511,0,0,y,y,y,y,y,y,y,y,y,y,y,y,y,,,,,0,prefer,transformed-cumulative,1,1,0,0,0,0,,,,,,,,1075,,,,,,,,1,1,0,0,0,0,delete,
org_can_3.5Mar_d251_m163,organic food,Canada,3.5,Market Formation,Partial up to max TotalFundraisingAmount,Partial up to max $ million,org,2.7528,2.7464,6.8007,2021.9,1.5964,1.8125e+05,1.2558e-19,2001.7,-13543,0.68169,0.65589,94.955,33.556,0.68169,0.66494,94.955,33.557,0.22858,0.18798,147.82,87.615,41,17,0.0053169,1.3793e-06,0.0053155,25,0,24,0,0,1,0.21526,0,0,m,y,y,m,m,m,m,m,m,m,m,n,m,,,,not needed as transformed-cumulative preferred,1,delete,transformed-partial,0,0,0,0,0,0,,,,,,,,1076,,,,,,,,0,0,0,0,0,0,delete,
org_can_3.5Mar_d252_m160,organic food,Canada,3.5,Market Formation,cumulative TotalFundraisingDeals,cumulative # deals,org,0.20218,0.14051,2.5501,2022.7,21.735,266.3,0.31121,1979.5,-5079.1,0.99633,0.99606,2.4933,1.716,0.98958,0.98908,4.2007,2.7988,0.6477,0.63093,24.425,20.117,45,29,0.54074,0.0037551,0.53698,29,0,28,0,0,0,0.89599,0,0,y,y,y,y,y,y,y,y,y,y,y,y,y,,,,,0,prefer,transformed-cumulative,1,1,0,0,0,0,,,,,,,,1077,,,,,,,,1,1,0,0,0,0,delete,
org_can_3.5Mar_d253_m161,organic food,Canada,3.5,Market Formation,Partial up to max TotalFundraisingDeals,Partial up to max # deals,org,0.16981,0.025061,0.25366,2086.1,25.878,1.1547e+06,1550.2,1.5794e+05,-504.88,0.87835,0.86849,1.3952,0.8694,-0.37175,-0.44394,4.6852,2.439,0.56291,0.53991,2.6447,1.871,41,18,1.6455e-05,8.6603e-07,1.5589e-05,25,0,24,0,0,1,0.71111,0,1,y,y,y,y,y,y,y,m,y,m,y,m,y,,,,not needed as transformed-cumulative preferred,1,delete,transformed-partial,0,0,0,0,0,0,,,,,,,,1078,,,,,,,,0,0,0,0,0,0,delete,
org_can_4.1Sal_d213_m100,organic food,Canada,4.1,Knowledge Flows (social networks),annualised Google search frequency (index 100=monthly max.),Index 0-100,org,-0.33183,-0.072259,-4.9021,2017,-13.243,92.554,105.04,2004.8,9931,0.92053,0.90651,8.8955,7.2174,0.7708,0.74533,15.107,13.191,0.88485,0.87205,10.708,10.037,21,19,1.0805,0.073448,1.007,19,15,0,1,0,1,0.9403,0,1,y,y,y,y,y,y,y,y,y,y,y,y,y,,,,downward,0,prefer,original,1,1,0,0,0,0,,,,,,,,1079,,,,,,,,1,1,0,0,0,0,delete,
org_can_4.1Sal_d239_m153,organic food,Canada,4.1,Knowledge Flows (social networks),Partial up to max annualised Google search frequency (index 100=monthly max.),Partial up to max Index 0-100,org,0.02851,0.028498,2.5581,2275.6,154.14,2.0339e+05,1.7091,1865.6,-5038.2,0.38022,-inf,3.6999,2.9862,0.38023,-0.85932,3.6999,2.9862,0.37035,-0.88894,3.7292,2.9964,4,4,0.00049167,0.0004301,6.1568e-05,4,0,1,0,1,0,0.73101,0,1,m,n,y,y,y,y,y,m,y,n,n,n,n,,,,too few,0,hide,transformed-partial,0,1,0,0,0,1,,,,,,,,1080,,,,,,,,0,1,0,0,0,1,,
org_can_4.5Inf_d157_m130,organic food,Canada,4.5,Physical Infrastructure dependence,Organic area (farmland) [ha],ha,org,0.073557,0.060574,50381,2034.7,59.742,5.3422e+06,0.0046469,1698.2,-1.0047e+08,0.96566,0.96024,63775,49116,0.96452,0.96097,64823,46962,0.94303,0.93733,82143,70675,23,23,0.29334,0.063682,0.22966,23,0,22,0,0,0,0.92631,0,0,y,y,y,y,y,y,y,y,y,y,y,y,y,1,,,,0,,,1,1,0,0,0,1,,,,,,,,1081,,,,,,,,1,1,0,0,0,1,,
org_can_4.5Inf_d158_m195,organic food,Canada,4.5,Physical Infrastructure dependence,Organic area share of total farmland [%],%,org,0.080498,0.0010876,0.00094328,2041.2,54.591,0.15186,1555.2,1.5747e+05,-1.8833,0.96489,0.95935,0.0012218,0.0009506,-4.4031,-4.9434,0.015157,0.013683,0.92077,0.91285,0.0018354,0.0016457,23,23,0.18109,0.032925,0.14816,23,0,22,0,0,0,0.91819,1,1,y,y,y,y,y,y,y,m,y,m,y,,,,,,,,,,,,,,,,,,,,,,,,,,,,,,,,,,,,,,
org_den_1.1Ado_d163_m140,organic food,Denmark,1.1,Adoption over time,Organic retail sales market size [million],million EUR,org,0.13135,0.099363,95.527,2024.1,33.456,5535.9,0.0024557,1882.9,-1.9109e+05,0.97288,0.96859,109.39,87.67,0.96824,0.96507,118.37,96.497,0.91003,0.90103,199.24,159.42,23,23,0.40464,0.048773,0.35586,23,2,21,0,0,0,0.92297,0,0,y,y,y,y,y,y,y,y,y,y,y,y,y,1,,,,0,,,1,1,2,2,0,0,,,,,,,,1084,,,,,,,,1,1,0,0,0,0,delete,
org_den_1.1Ado_d164_m195,organic food,Denmark,1.1,Adoption over time,Organic retail sales share [%],%,org,0.13792,0.0015237,0.0056579,2014.6,31.861,0.17905,1555.1,1.5749e+05,-11.309,0.95885,0.95062,0.006422,0.0057774,-6.5209,-7.461,0.08682,0.080842,0.95821,0.95298,0.0064719,0.0055014,19,19,0.72607,0.16755,0.55852,19,2,18,1,0,0,0.94228,1,1,y,y,y,y,y,y,y,y,y,y,y,,,,,,,,,,,,,,,,,,,,,,,,,,,,,,,,,,,,,,
org_den_1.1Ado_d327_m185,organic food,Denmark,1.1,Adoption over time,organic as a share of retail sales,market share,org,0.13792,0.0015237,0.0056579,2014.6,31.861,0.17905,1555.1,1.5749e+05,-11.309,0.95885,0.95062,0.006422,0.0057774,-6.5209,-7.461,0.08682,0.080842,0.95821,0.95298,0.0064719,0.0055014,19,19,0.72607,0.16755,0.55852,19,2,18,1,0,0,0.94228,1,1,y,y,y,y,y,y,y,y,y,y,y,y,y,,,,,0,prefer-relative,transformed-marketshare,1,1,1,1,0,0,,,,,,,,1086,,,,,,,,1,1,1,1,0,0,,
org_den_2.2Rel_d160_m152,organic food,Denmark,2.2,Relative Advantage (Profitability),Organic per capita consumption [€/person],€/person,org,0.12476,0.094851,16.074,2024.6,35.224,963.45,0.029455,1921.2,-32147,0.96738,0.96223,20.178,16.297,0.96305,0.95935,21.477,17.864,0.91072,0.9018,33.384,26.28,23,23,0.39813,0.052198,0.34593,23,2,20,0,0,0,0.92631,0,0,y,y,y,y,y,y,y,y,y,y,y,y,y,1,,,,0,,,1,1,0,0,0,0,,,,,,,,1083,,,,,,,,1,1,0,0,0,0,delete,
org_den_2.5Var_d159_m001,organic food,Denmark,2.5,Variety (Choice Availability),Organic importers,#,org,1.0772,0.0099172,1.6107,2003.8,4.0794,144.4,5.9207,1707.6,-3118.9,0.36155,0.26074,55.149,48.959,0.017717,-0.080511,68.406,60.459,0.023962,-0.073642,68.188,60.72,23,23,1.5997,0.18697,1.4127,23,11,22,1,0,1,0.93737,0,0,m,y,y,y,y,y,y,y,m,m,m,m,m,4,,"volatile, use lin fit",weird data,0,,,0,1,0,0,0,0,,,,,,,,1087,,,,,,,,0,1,0,0,0,0,delete,
org_den_2.5Var_d161_m001,organic food,Denmark,2.5,Variety (Choice Availability),Organic processors,#,org,,,0,,,,,,1162,,,,,,,,,,,0,0,2,2,,,,2,1,1,0,0,0,0.5,0,0,n,n,y,y,y,y,m,m,m,n,n,n,n,3,,,too few,0,,,0,0,0,0,0,0,,,,,,,,1088,,,,,,,,0,0,0,0,0,0,delete,
org_den_2.5Var_d162_m001,organic food,Denmark,2.5,Variety (Choice Availability),Organic producers,#,org,0.012109,0.012107,34.546,2763.6,362.92,2.9558e+07,18.762,1585.1,-66203,0.18783,0.059587,510,464.22,0.18783,0.10661,510,464.22,0.16397,0.080368,517.44,474.22,23,23,0.00014162,8.6777e-05,5.484e-05,23,2,8,0,1,0,0.94008,0,0,n,y,y,y,y,y,y,m,m,n,m,n,m,4,,"reversal, use partial pre-minimum",,0,,,1,1,0,0,1,1,,,,,,,,1089,,,,,,,,1,1,0,0,1,1,,
org_den_3.5Mar_d074_m128,organic food,Denmark,3.5,Market Formation,CumulativeStartups,cum. # companies,org,0.089739,0.055917,0.29236,2016.1,48.969,18.831,9.9309,2018,-580.21,0.96078,0.95792,0.77073,0.65397,0.94481,0.94219,0.9143,0.72392,0.95173,0.94943,0.85507,0.68784,45,37,0.63725,0.053104,0.58415,37,5,36,1,0,0,0.95723,0,1,y,y,y,y,y,y,y,y,y,y,y,y,y,,,,,0,prefer,original,1,1,0,0,1,1,,,,,,,,1090,,,,,,,,1,1,0,0,1,1,,
org_den_3.5Mar_d126_m008,organic food,Denmark,3.5,Market Formation,NewStartups,# companies,org,,0.0015582,0.0061924,,,,1555,1.5746e+05,-12.13,,,,,-0.2963,-0.35802,0.55777,0.26667,0.026948,-0.019388,0.48325,0.39443,45,11,,,,32,1,31,0,0,1,0.42857,0,1,n,y,y,m,m,m,m,m,m,n,m,n,m,,,,,0,hide,original,0,1,0,0,0,0,,,,,,,,1091,,,,,,,,0,1,0,0,0,0,delete,
org_den_3.5Mar_d171_m011,organic food,Denmark,3.5,Market Formation,PrivateEquityDeals,# deals,org,80.616,0.17685,0.024638,2018.1,0.054511,1.5,0.0096266,1994.4,-49.102,0.63437,0.60762,0.38006,0.13333,0.50211,0.4784,0.44351,0.2313,0.25916,0.22388,0.541,0.36301,45,6,2,0.66667,1.3333,11,2,10,1,0,1,0.5,0,1,m,y,y,m,m,m,m,y,m,m,m,m,m,,,,,0,hide,original,1,1,0,0,0,0,,,,,,,,1092,,,,,,,,1,1,0,0,0,0,delete,
org_den_3.5Mar_d175_m027,organic food,Denmark,3.5,Market Formation,PrivateEquityInvestment,$ million,org,50.697,0.0020104,0.010724,2013.2,0.086681,0.50486,1554.9,1.5748e+05,-21.347,0.15157,0.089486,0.51333,0.16038,-0.049036,-0.09899,0.5708,0.12341,0.06246,0.017815,0.53962,0.21508,45,5,7.2414,0.19067,7.0507,10,9,4,0,1,1,0.055067,0,1,n,n,y,m,m,m,m,y,m,n,n,n,n,,,,,0,hide,original,0,1,0,0,0,0,,,,,,,,1093,,,,,,,,0,1,0,0,0,0,delete,
org_den_3.5Mar_d200_m027,organic food,Denmark,3.5,Market Formation,TotalFundraisingAmount,$ million,org,41.554,0.0074618,0.068921,2013.2,0.10575,3.5439,1553.8,1.5758e+05,-137.1,0.094395,0.028131,4.6894,1.3456,-0.032034,-0.081178,5.0061,0.88197,0.032994,-0.013054,4.8458,1.634,45,8,9.412,0.020982,9.391,12,8,7,1,1,1,0.11104,0,1,n,y,y,m,m,m,m,y,m,n,m,n,m,,,,,0,hide,original,0,1,0,0,0,0,,,,,,,,1094,,,,,,,,0,1,0,0,0,0,delete,
org_den_3.5Mar_d204_m011,organic food,Denmark,3.5,Market Formation,TotalFundraisingDeals,# deals,org,0.87995,0.0053842,0.046377,2012.7,4.994,1.8086,1554.2,1.5755e+05,-92.357,0.64889,0.6232,0.53907,0.24401,-0.28878,-0.35015,1.0328,0.48889,0.43831,0.41156,0.68182,0.49211,45,13,2.2116,0.5529,1.6587,17,2,16,1,0,1,0.64583,0,1,m,y,y,m,m,m,m,y,y,m,m,m,m,,,,,0,hide,original,1,1,0,0,0,0,,,,,,,,1095,,,,,,,,1,1,0,0,0,0,delete,
org_den_3.5Mar_d242_m156,organic food,Denmark,3.5,Market Formation,cumulative CumulativeStartups,cumulative cum. # companies,org,0.11518,0.077695,4.9957,2019.9,38.154,362.54,0.041762,1912.4,-9933.6,0.99537,0.99504,4.6534,4.1412,0.98494,0.98422,8.3978,7.5522,0.89908,0.89427,21.737,18.519,45,37,0.63165,0.0027583,0.62889,37,0,36,0,0,1,0.93493,0,0,y,y,y,y,y,y,y,y,y,y,y,y,y,,,,not needed as transformed-cumulative twice (error),1,delete,transformed-cumx2error,0,0,0,0,0,0,,,,,,,,1096,,,,,,,,0,0,0,0,0,0,delete,
org_den_3.5Mar_d243_m157,organic food,Denmark,3.5,Market Formation,Partial up to max CumulativeStartups,Partial up to max cum. # companies,org,0.088622,0.062469,0.27045,2016.3,49.586,18.88,7.5739,2012.5,-536.54,0.93939,0.93434,0.79104,0.66933,0.93281,0.92918,0.83287,0.67405,0.94401,0.94099,0.76028,0.56386,40,32,0.63558,0.052965,0.58261,32,0,31,0,0,0,0.9299,0,1,y,y,y,y,y,y,y,y,y,y,y,y,y,,,,not needed as transformed-cumulative preferred,1,delete,transformed-partial,0,0,0,0,0,0,,,,,,,,1097,,,,,,,,0,0,0,0,0,0,delete,
org_den_3.5Mar_d244_m158,organic food,Denmark,3.5,Market Formation,cumulative NewStartups,cumulative # companies,org,0.089739,0.055917,0.29236,2016.1,48.969,18.831,9.9309,2018,-580.21,0.96078,0.95792,0.77073,0.65397,0.94481,0.94219,0.9143,0.72392,0.95173,0.94943,0.85507,0.68784,45,37,0.63725,0.053104,0.58415,37,5,36,1,0,0,0.95723,0,1,y,y,y,y,y,y,y,y,y,y,y,y,y,,,,not needed as cumulative in original data,1,delete,transformed-cumulative,0,0,0,0,0,0,,,,,,,,1098,,,,,,,,0,0,0,0,0,0,delete,
org_den_3.5Mar_d245_m159,organic food,Denmark,3.5,Market Formation,Partial up to max NewStartups,Partial up to max # companies,org,0.06792,0.0021928,0.012753,2164.5,64.7,15290,1554.8,1.5747e+05,-25.211,0.10546,0.028784,0.47646,0.37072,-0.31347,-0.38644,0.57735,0.28205,0.081177,0.030131,0.48289,0.39068,39,10,0.00013081,6.5404e-05,6.5404e-05,31,0,30,0,0,1,0.30769,0,1,n,y,y,m,m,m,m,m,m,n,m,n,m,,,,not needed as transformed-cumulative preferred,1,delete,transformed-partial,0,0,0,0,0,0,,,,,,,,1099,,,,,,,,0,0,0,0,0,0,delete,
org_den_3.5Mar_d246_m160,organic food,Denmark,3.5,Market Formation,cumulative PrivateEquityDeals,cumulative # deals,org,0.54722,0.28087,0.11054,2021.7,8.0305,13.19,6.6575,2022.2,-220.35,0.98648,0.98549,0.2751,0.12673,0.97201,0.97068,0.39582,0.19532,0.36816,0.33807,1.8807,1.3308,45,11,0.75817,0.075817,0.68235,11,0,10,0,0,1,0.79522,0,1,y,y,y,y,y,y,y,y,y,y,y,y,y,,,,,0,prefer,transformed-cumulative,1,1,0,0,0,0,,,,,,,,1100,,,,,,,,1,1,0,0,0,0,delete,
org_den_3.5Mar_d247_m161,organic food,Denmark,3.5,Market Formation,Partial up to max PrivateEquityDeals,Partial up to max # deals,org,0.50649,0.50638,0.022954,2041.3,8.6762,51170,0.022948,2012.4,-45.744,0.74754,0.72812,0.31136,0.1059,0.74754,0.73491,0.31136,0.10591,0.2113,0.17187,0.55032,0.3563,43,4,5.8628e-05,1.9543e-05,3.9086e-05,9,0,8,0,0,1,0.33333,0,1,y,n,m,m,m,m,m,m,m,n,n,n,n,,,,not needed as transformed-cumulative preferred,1,delete,transformed-partial,0,0,0,0,0,0,,,,,,,,1101,,,,,,,,0,0,0,0,0,0,delete,
org_den_3.5Mar_d248_m162,organic food,Denmark,3.5,Market Formation,cumulative PrivateEquityInvestment,cumulative $ million,org,7.2865,0.13628,0.1068,2013.8,0.6031,4.2676,8.1766,2025.6,-212.78,0.95969,0.95674,0.37139,0.15622,0.86265,0.85611,0.68555,0.45397,0.5622,0.54135,1.224,1.0606,45,11,1.3013,0.85666,0.44465,11,1,10,0,0,0,0.88719,0,1,y,y,y,y,y,y,y,y,y,y,y,y,y,,,,too few,0,prefer,transformed-cumulative,0,1,0,0,0,0,,,,,,,,1102,,,,,,,,0,1,0,0,0,0,delete,
org_den_3.5Mar_d249_m163,organic food,Denmark,3.5,Market Formation,Partial up to max PrivateEquityInvestment,Partial up to max $ million,org,18.116,0.0026692,0.017409,2014,0.24257,6.0877,1554.6,1.5748e+05,-34.661,1,1,2.0982e-08,3.6546e-09,-0.029412,-0.09375,0.61795,0.10445,0.083333,0.026042,0.58313,0.25168,35,1,0.60053,0.60053,0,1,0,0,0,0,,,0,1,y,n,m,m,m,m,m,m,m,n,n,n,n,,,,not needed as transformed-cumulative preferred,1,delete,transformed-partial,0,0,0,0,0,0,,,,,,,,1103,,,,,,,,0,0,0,0,0,0,delete,
org_den_3.5Mar_d250_m162,organic food,Denmark,3.5,Market Formation,cumulative TotalFundraisingAmount,cumulative $ million,org,5.9448,0.12644,0.89678,2014.3,0.73921,38.472,8.8036,2009.9,-1786.7,0.99941,0.99936,0.38778,0.17836,0.7881,0.77801,7.3244,5.0229,0.53577,0.51366,10.841,9.5268,45,13,1.0316,0.01834,1.0133,13,1,12,0,0,1,0.90849,0,1,y,y,y,y,y,y,y,y,y,y,y,y,y,,,,,0,prefer,transformed-cumulative,1,1,0,0,0,0,,,,,,,,1104,,,,,,,,1,1,0,0,0,0,delete,
org_den_3.5Mar_d251_m163,organic food,Denmark,3.5,Market Formation,Partial up to max TotalFundraisingAmount,Partial up to max $ million,org,9.5877,0.017138,0.16841,2014.2,0.45834,33.374,1551.6,1.5778e+05,-335.35,0.99954,0.9995,0.1176,0.019608,-0.036355,-0.099165,5.5937,1.0477,0.10137,0.046911,5.2088,2.2799,36,3,0.99944,0.021142,0.9783,4,0,3,0,0,1,0.10825,0,1,y,n,m,m,y,m,m,y,m,n,n,n,n,,,,not needed as transformed-cumulative preferred,1,delete,transformed-partial,0,0,0,0,0,0,,,,,,,,1105,,,,,,,,0,0,0,0,0,0,delete,
org_den_3.5Mar_d252_m160,organic food,Denmark,3.5,Market Formation,cumulative TotalFundraisingDeals,cumulative # deals,org,0.33139,,0.36245,2019,13.261,26.151,,,-722.2,0.99585,0.99555,0.40517,0.22258,,,,,0.55986,0.5389,4.1737,3.4169,45,17,0.84128,0.03824,0.80304,17,0,16,0,0,0,0.88475,0,1,y,y,y,y,y,y,y,y,y,y,y,y,y,,,,,0,prefer,transformed-cumulative,1,1,0,0,0,0,,,,,,,,1106,,,,,,,,1,1,0,0,0,0,delete,
org_den_3.5Mar_d253_m161,organic food,Denmark,3.5,Market Formation,Partial up to max TotalFundraisingDeals,Partial up to max # deals,org,0.22782,0.15377,0.049683,2019.1,19.289,4.1123,5.9118,2026.3,-98.95,0.70255,0.67967,0.50384,0.25822,0.70086,0.6859,0.50527,0.28594,0.44541,0.41768,0.68797,0.50415,43,11,0.97269,0.24317,0.72952,15,0,14,0,0,1,0.56522,0,1,y,y,y,m,m,m,m,y,y,m,m,m,m,,,,not needed as transformed-cumulative preferred,1,delete,transformed-partial,0,0,0,0,0,0,,,,,,,,1107,,,,,,,,0,0,0,0,0,0,delete,
org_den_4.1Sal_d213_m100,organic food,Denmark,4.1,Knowledge Flows (social networks),annualised Google search frequency (index 100=monthly max.),Index 0-100,org,1.2857,0.051747,3.3221,2010.4,3.418,65.793,0.90539,1939.5,-6646.9,0.72199,0.67293,17.757,13.4,0.24868,0.1652,29.192,25.927,0.35679,0.28532,27.01,23.266,21,15,1.5199,0.33618,1.1837,15,7,3,1,1,1,0.92853,0,1,y,y,y,y,y,y,y,y,y,y,y,y,y,,,,,0,hide,original,1,1,0,0,0,0,,,,,,,,1108,,,,,,,,1,1,0,0,0,0,delete,
org_den_4.1Sal_d239_m153,organic food,Denmark,4.1,Knowledge Flows (social networks),Partial up to max annualised Google search frequency (index 100=monthly max.),Partial up to max Index 0-100,org,0.82724,0.20107,8.9223,2011.4,5.3122,91.275,0.019201,1973.8,-17899,0.95215,0.93779,8.3467,6.45,0.83865,0.80932,15.326,12.546,0.88859,0.86833,12.736,9.9303,14,8,1.0956,0.37373,0.72186,8,0,6,0,1,0,0.83817,0,1,y,y,y,y,y,y,y,y,y,y,y,y,y,,,,,0,prefer,transformed-partial,1,1,0,0,1,1,,,,,,,,1109,,,,,,,,1,1,0,0,1,1,,
org_den_4.5Inf_d157_m130,organic food,Denmark,4.5,Physical Infrastructure dependence,Organic area (farmland) [ha],ha,org,0.040098,0.040097,6709.1,2296,109.59,1.6916e+10,0.19991,1668.4,-1.33e+07,0.74277,0.70216,27994,25008,0.74277,0.71705,27994,25008,0.65009,0.6151,32650,30206,23,23,1.7917e-05,7.9291e-06,9.9884e-06,23,1,17,0,1,0,0.93458,0,0,y,y,y,y,y,y,y,m,y,m,y,m,y,2,,,,0,,,1,1,0,0,1,1,,,,,,,,1110,,,,,,,,1,1,0,0,1,1,,
org_den_4.5Inf_d158_m195,organic food,Denmark,4.5,Physical Infrastructure dependence,Organic area share of total farmland [%],%,org,0.040606,0.0012363,0.0025748,2293.2,108.22,6634.5,1555.2,1.5747e+05,-5.1051,0.74797,0.70818,0.010603,0.0094423,-11.877,-13.165,0.075789,0.072787,0.65397,0.61936,0.012424,0.011464,23,23,1.7394e-05,7.8076e-06,9.5862e-06,23,1,17,0,1,0,0.93439,1,1,y,y,y,y,y,y,y,m,y,m,y,,,,,,,,,,,,,,,,,,,,,,,,,,,,,,,,,,,,,,
org_glo_3.3Sci_d235_m020,organic food,Global,3.3,Risk & Uncertainty (Shared Expectations),scientific publications,# publications,org,0.15436,0.093645,232.51,2018.8,28.469,21918,0.0010576,1847.1,-4.6109e+05,0.9869,0.98613,500.34,276.14,0.97386,0.97286,706.79,403.7,0.7128,0.70175,2342.8,1959.7,55,55,0.67957,0.00068436,0.67889,55,2,54,0,0,1,0.94425,0,0,y,y,y,y,y,y,y,y,y,y,y,y,y,,,,"good; only available global, apply to all EA regions",0,,,1,1,0,0,1,1,,,,,,,,1112,,,,,,,,1,1,0,0,1,1,,
org_glo_3.5Mar_d074_m128,organic food,Global,3.5,Market Formation,CumulativeStartups,cum. # companies,org,0.10511,0.069646,26.913,2019.8,41.807,2032.4,0.073745,1883.2,-53466,0.99182,0.99122,33.436,27.368,0.98034,0.9794,51.828,36.726,0.89424,0.8892,120.2,105.71,45,45,0.56435,0.0044282,0.55992,45,0,44,0,0,0,0.95066,0,0,y,y,y,y,y,y,y,y,y,y,y,y,y,1,,good as cum.!,,0,prefer,original,1,1,0,0,0,1,,,,,,,,1113,,,,,,,,1,1,0,0,0,1,,
org_glo_3.5Mar_d126_m008,organic food,Global,3.5,Market Formation,NewStartups,# companies,org,0.15702,0.033403,1.027,2001.2,27.986,47.238,2.7757,1937.7,-2030.6,0.47676,0.43847,15,10.86,0.35639,0.32575,16.636,11.526,0.4137,0.38578,15.879,10.694,45,45,1.6089,0.021169,1.5877,45,6,0,1,0,1,0.96756,0,1,m,y,y,y,m,m,y,y,y,m,m,m,m,4,,cum.,,0,hide,original,1,1,0,0,0,0,,,,,,,,1114,,,,,,,,1,1,0,0,0,0,delete,
org_glo_3.5Mar_d171_m011,organic food,Global,3.5,Market Formation,PrivateEquityDeals,# deals,org,0.4908,0.098431,2.2888,2013.7,8.9536,98.586,1.0745,1976.4,-4557.6,0.89292,0.88508,12.426,5.3323,0.75704,0.74547,18.716,11.906,0.61282,0.59438,23.627,19.775,45,31,1.3592,0.010143,1.3491,37,3,36,0,0,1,0.9573,0,0,y,y,y,y,y,y,y,y,y,y,y,y,y,2,drop at end,cum.,,0,hide,original,1,1,0,0,0,0,,,,,,,,1115,,,,,,,,1,1,0,0,0,0,delete,
org_glo_3.5Mar_d175_m027,organic food,Global,3.5,Market Formation,PrivateEquityInvestment,$ million,org,21.04,0.0838,12.29,2011,0.20886,439.44,0.094406,1920.1,-24466,0.53777,0.50395,178.54,85.285,0.40541,0.37709,202.49,121.37,0.36942,0.3394,208.53,139.27,45,30,2.895,0.0016498,2.8934,37,4,31,1,1,1,0.59248,0,0,m,y,y,m,m,m,m,y,y,m,m,m,m,3,,cum.,,0,hide,original,1,1,0,0,0,0,,,,,,,,1116,,,,,,,,1,1,0,0,0,0,delete,
org_glo_3.5Mar_d200_m027,organic food,Global,3.5,Market Formation,TotalFundraisingAmount,$ million,org,0.4022,0.060436,99.713,2008.1,10.926,3526.3,0.069193,1842.5,-1.9834e+05,0.34796,0.30025,2027.4,922.16,0.23685,0.20051,2193.4,1181.4,0.26602,0.23107,2151,1185.8,45,32,4.0325,0.0002056,4.0323,37,7,31,1,1,1,0.51695,0,0,m,y,y,m,m,m,m,y,m,m,m,m,m,3,,cum.,,0,hide,original,1,1,0,0,0,0,,,,,,,,1117,,,,,,,,1,1,0,0,0,0,delete,
org_glo_3.5Mar_d204_m011,organic food,Global,3.5,Market Formation,TotalFundraisingDeals,# deals,org,0.38625,0.087722,4.1345,2012.7,11.377,172.84,0.29209,1949.4,-8229.2,0.88237,0.87376,22.599,10.414,0.76781,0.75675,31.751,19.81,0.66408,0.64809,38.19,32.04,45,42,1.3422,0.0057855,1.3365,45,3,44,0,0,1,0.9598,0,0,y,y,y,y,y,y,y,y,y,y,y,y,y,2,drop at end,cum.,,0,hide,original,1,1,0,0,0,0,,,,,,,,1118,,,,,,,,1,1,0,0,0,0,delete,
org_glo_3.5Mar_d242_m156,organic food,Global,3.5,Market Formation,cumulative CumulativeStartups,cumulative cum. # companies,org,0.10897,0.087026,376.14,2027.6,40.326,46180,0.0011836,1833.1,-7.4807e+05,0.99894,0.99886,173.09,148.58,0.99581,0.99561,343.74,292.09,0.84564,0.83829,2087.1,1771.7,45,45,0.40247,0.00019489,0.40228,45,0,44,0,0,1,0.92443,0,0,y,y,y,y,y,y,y,y,y,y,y,y,y,,,,not needed as transformed-cumulative twice (error),1,delete,transformed-cumx2error,0,0,0,0,0,0,,,,,,,,1119,,,,,,,,0,0,0,0,0,0,delete,
org_glo_3.5Mar_d243_m157,organic food,Global,3.5,Market Formation,Partial up to max CumulativeStartups,Partial up to max cum. # companies,org,0.10511,0.069646,26.913,2019.8,41.807,2032.4,0.073745,1883.2,-53466,0.99182,0.99122,33.436,27.368,0.98034,0.9794,51.828,36.726,0.89424,0.8892,120.2,105.71,45,45,0.56435,0.0044282,0.55992,45,0,44,0,0,0,0.95066,0,0,y,y,y,y,y,y,y,y,y,y,y,y,y,,,,not needed as transformed-cumulative preferred,1,delete,transformed-partial,0,0,0,0,0,0,,,,,,,,1120,,,,,,,,0,0,0,0,0,0,delete,
org_glo_3.5Mar_d244_m158,organic food,Global,3.5,Market Formation,cumulative NewStartups,cumulative # companies,org,0.10511,0.069646,26.913,2019.8,41.807,2032.4,0.073745,1883.2,-53466,0.99182,0.99122,33.436,27.368,0.98034,0.9794,51.828,36.726,0.89424,0.8892,120.2,105.71,45,45,0.56435,0.0044282,0.55992,45,0,44,0,0,0,0.95066,0,0,y,y,y,y,y,y,y,y,y,y,y,y,y,,,,not needed as cumulative in original data,1,delete,transformed-cumulative,0,0,0,0,0,0,,,,,,,,1121,,,,,,,,0,0,0,0,0,0,delete,
org_glo_3.5Mar_d245_m159,organic food,Global,3.5,Market Formation,Partial up to max NewStartups,Partial up to max # companies,org,0.080547,0.080546,1.5789,2153.6,54.558,4.3044e+06,1.1921,1966.2,-3131.1,0.92295,0.91635,5.7502,4.5149,0.92296,0.91867,5.7502,4.5149,0.73582,0.72115,10.648,8.7418,39,39,1.7656e-05,1.3939e-06,1.6262e-05,39,0,37,0,0,0,0.90696,0,1,y,y,y,y,y,y,y,m,y,m,y,m,y,,,,not needed as transformed-cumulative preferred,1,delete,transformed-partial,0,0,0,0,0,0,,,,,,,,1122,,,,,,,,0,0,0,0,0,0,delete,
org_glo_3.5Mar_d246_m160,organic food,Global,3.5,Market Formation,cumulative PrivateEquityDeals,cumulative # deals,org,0.28232,0.1598,18.324,2020.2,15.566,1538,0.0013225,1937.9,-36505,0.999,0.99893,9.8603,6.6066,0.98477,0.98404,38.488,24.921,0.58239,0.5625,201.52,164.13,45,37,0.72044,0.00065021,0.71979,37,0,36,0,0,1,0.88697,0,0,y,y,y,y,y,y,y,y,y,y,y,n,y,,,,,0,prefer,transformed-cumulative,1,1,0,0,0,0,,,,,,,,1123,,,,,,,,1,1,0,0,0,0,delete,
org_glo_3.5Mar_d247_m161,organic food,Global,3.5,Market Formation,Partial up to max PrivateEquityDeals,Partial up to max # deals,org,0.26825,0.16684,2.2298,2018.2,16.382,188.37,0.4905,1987.1,-4440,0.99262,0.99204,3.0154,1.9707,0.98303,0.98216,4.5723,2.9316,0.59298,0.57211,22.392,18.459,42,28,0.71135,0.0053086,0.70605,34,0,33,0,0,1,0.85558,0,0,y,y,y,y,y,y,y,y,y,y,y,y,y,,,,not needed as transformed-cumulative preferred,1,delete,transformed-partial,0,0,0,0,0,0,,,,,,,,1124,,,,,,,,0,0,0,0,0,0,delete,
org_glo_3.5Mar_d248_m162,organic food,Global,3.5,Market Formation,cumulative PrivateEquityInvestment,cumulative $ million,org,0.2773,0.14428,112.28,2018.7,15.847,7803.3,0.0001687,1902.2,-2.2369e+05,0.99114,0.99049,175.19,100.11,0.96879,0.9673,328.83,237.38,0.61379,0.5954,1156.7,942.47,45,37,0.79669,0.00057668,0.79611,37,0,36,0,0,1,0.89894,0,0,y,y,y,y,y,y,y,y,y,y,y,y,y,,,,,0,prefer,transformed-cumulative,1,1,0,0,0,0,,,,,,,,1125,,,,,,,,1,1,0,0,0,0,delete,
org_glo_3.5Mar_d249_m163,organic food,Global,3.5,Market Formation,Partial up to max PrivateEquityInvestment,Partial up to max $ million,org,0.17715,0.17714,12.52,2079.4,24.806,2.8416e+07,7.275e-05,1928.7,-24926,0.54542,0.50856,171.22,78.072,0.54542,0.52149,171.22,78.071,0.3403,0.30557,206.26,134.63,41,26,4.477e-05,2.5513e-08,4.4744e-05,33,0,27,0,1,1,0.32244,0,0,m,y,y,m,m,m,m,m,y,m,m,m,m,,,,not needed as transformed-cumulative preferred,1,delete,transformed-partial,0,0,0,0,0,0,,,,,,,,1126,,,,,,,,0,0,0,0,0,0,delete,
org_glo_3.5Mar_d250_m162,organic food,Global,3.5,Market Formation,cumulative TotalFundraisingAmount,cumulative $ million,org,0.30512,0.11856,1234.7,2015.8,14.403,64050,6.9303e-05,1849.1,-2.4591e+06,0.99175,0.99114,1758.6,1008.3,0.94619,0.94363,4490,3206.5,0.68634,0.67141,10840,9645.5,45,37,0.90418,7.0258e-05,0.90411,37,0,36,0,0,1,0.92334,0,0,y,y,y,m,y,m,y,y,y,m,m,m,m,,,,,0,prefer,transformed-cumulative,1,1,0,0,0,0,,,,,,,,1127,,,,,,,,1,1,0,0,0,0,delete,
org_glo_3.5Mar_d251_m163,organic food,Global,3.5,Market Formation,Partial up to max TotalFundraisingAmount,Partial up to max $ million,org,0.59062,0.58969,132.08,2036.4,7.4404,1.126e+09,4.8609e-15,1945.2,-2.6287e+05,0.64555,0.61428,1568.4,677.5,0.64555,0.6253,1568.4,677.43,0.30227,0.2624,2200.5,1350.2,38,25,1.2628e-05,6.4385e-10,1.2628e-05,30,0,24,0,1,1,0.2701,0,0,m,y,y,m,m,m,m,m,y,m,m,m,m,,,,not needed as transformed-cumulative preferred,1,delete,transformed-partial,0,0,0,0,0,0,,,,,,,,1128,,,,,,,,0,0,0,0,0,0,delete,
org_glo_3.5Mar_d252_m160,organic food,Global,3.5,Market Formation,cumulative TotalFundraisingDeals,cumulative # deals,org,0.20856,0.1358,38.75,2021.5,21.07,3588.7,0.00016384,1902.4,-77168,0.99855,0.99844,23.675,16.668,0.99009,0.98962,61.832,41.764,0.65619,0.63982,364.27,302.99,45,45,0.60356,0.00027865,0.60328,45,0,44,0,0,0,0.89986,0,0,y,y,y,y,y,y,y,y,y,y,y,y,y,,,,,0,prefer,transformed-cumulative,1,1,0,0,0,0,,,,,,,,1129,,,,,,,,1,1,0,0,0,0,delete,
org_glo_3.5Mar_d253_m161,organic food,Global,3.5,Market Formation,Partial up to max TotalFundraisingDeals,Partial up to max # deals,org,0.2062,0.13924,4.1196,2019.1,21.311,365.61,0.085656,1964.1,-8199.6,0.99097,0.99026,5.7996,4.0325,0.98451,0.98372,7.5967,4.9716,0.66918,0.65222,35.108,29.702,42,39,0.63456,0.0027352,0.63182,42,0,41,0,0,1,0.87075,0,0,y,y,y,y,y,y,y,y,y,y,y,y,y,,,,not needed as transformed-cumulative preferred,1,delete,transformed-partial,0,0,0,0,0,0,,,,,,,,1130,,,,,,,,0,0,0,0,0,0,delete,
org_jap_1.1Ado_d163_m140,organic food,Japan,1.1,Adoption over time,Organic retail sales market size [million],million EUR,org,0.09667,0.053216,58.507,2017.1,45.458,2537.7,0.082009,1836.2,-1.1674e+05,0.8646,0.83335,113.23,98.056,0.85833,0.83809,115.82,100.24,0.8676,0.84869,111.97,95.543,17,17,0.63949,0.23556,0.40393,17,0,16,0,0,0,0.92267,0,0,y,y,y,y,y,y,y,y,y,y,y,y,y,2,,,,0,,,1,1,0,2,0,0,,,,,,,,1132,,,,,,,,1,1,0,0,0,0,delete,
org_jap_1.1Ado_d164_m195,organic food,Japan,1.1,Adoption over time,Organic retail sales share [%],%,org,2.418,0.021425,0.00026198,2009.2,1.8174,0.011088,2.739,2275.3,-0.51752,0.26285,0.041709,0.0029231,0.0021172,0.082762,-0.084008,0.0032607,0.0021664,0.096216,-0.068109,0.0032367,0.0021581,14,14,1.2626,0.2435,1.0191,14,5,0,1,0,1,0.9408,1,1,n,y,y,y,m,m,y,y,m,n,m,,,,,,,,,,,,,,,,,,,,,,,,,,,,,,,,,,,,,,
org_jap_1.1Ado_d327_m185,organic food,Japan,1.1,Adoption over time,organic as a share of retail sales,market share,org,2.418,0.021425,0.00026198,2009.2,1.8174,0.011088,2.739,2275.3,-0.51752,0.26285,0.041709,0.0029231,0.0021172,0.082762,-0.084008,0.0032607,0.0021664,0.096216,-0.068109,0.0032367,0.0021581,14,14,1.2626,0.2435,1.0191,14,5,0,1,0,1,0.9408,1,1,n,y,y,y,m,m,y,y,m,n,m,n,m,,,,too few,0,prefer-relative,transformed-marketshare,0,1,0,1,0,0,,,,,,,,1134,,,,,,,,0,1,0,1,0,0,,
org_jap_2.2Rel_d160_m152,organic food,Japan,2.2,Relative Advantage (Profitability),Organic per capita consumption [€/person],€/person,org,0.11909,0.04534,0.45738,2012.1,36.9,16.703,8.5442,2012.5,-911.91,0.36215,0.17079,2.4583,1.4302,0.35449,0.23712,2.473,1.3466,0.35882,0.24224,2.4647,1.3999,14,14,1.1346,0.46879,0.66577,14,5,13,1,0,1,0.8613,0,1,m,y,y,y,y,y,y,y,y,m,y,m,y,2,,,,0,,,1,1,0,0,0,0,,,,,,,,1131,,,,,,,,1,1,0,0,0,0,delete,
org_jap_2.5Var_d159_m001,organic food,Japan,2.5,Variety (Choice Availability),Organic importers,#,org,0.063175,0.061828,12.831,2076.6,69.56,10485,0.14481,1897.3,-25636,0.87536,0.8442,22.568,17.195,0.87536,0.85618,22.568,17.2,0.85613,0.834,24.246,19.168,16,16,0.028803,0.012971,0.015832,16,4,15,1,0,0,0.92128,0,0,y,y,y,y,y,y,y,m,y,m,y,m,y,2,,,,0,,,1,1,0,0,0,0,,,,,,,,1135,,,,,,,,1,1,0,0,0,0,delete,
org_jap_2.5Var_d161_m001,organic food,Japan,2.5,Variety (Choice Availability),Organic processors,#,org,0.077208,0.076676,162.52,2080.7,56.917,3.4182e+05,0.0022963,1835.8,-3.2521e+05,0.80931,0.76164,368.57,313.09,0.80931,0.77998,368.57,313.16,0.78781,0.75517,388.8,316.55,16,16,0.0098327,0.0027237,0.0071091,16,4,15,1,0,0,0.91232,0,0,y,y,y,y,y,y,y,m,y,m,y,m,y,2,,,,0,,,1,1,0,0,0,0,,,,,,,,1136,,,,,,,,1,1,0,0,0,0,delete,
org_jap_2.5Var_d162_m001,organic food,Japan,2.5,Variety (Choice Availability),Organic producers,#,org,0.010487,0.010481,28.755,2721.9,419.03,5.2334e+06,28.809,1566.9,-54785,0.031392,-0.19213,835,785.57,0.031395,-0.10698,835,785.58,0.027568,-0.11135,836.65,789.57,17,17,0.00085356,0.000407,0.00044656,17,0,10,0,1,0,0.90768,0,0,n,y,y,y,y,y,y,m,m,n,m,n,m,4,,use lin fit,noisy,0,,,0,1,0,0,0,1,,,,,,,,1137,,,,,,,,0,1,0,0,0,1,,
org_jap_3.5Mar_d074_m128,organic food,Japan,3.5,Market Formation,CumulativeStartups,cum. # companies,org,0.062542,0.026784,0.27563,2201,70.264,9.5666e+05,1550.8,1.5788e+05,-546.63,0.96109,0.95825,0.77493,0.67288,-1.7369,-1.8672,6.4996,5.1778,0.83016,0.82207,1.6191,1.4282,45,42,1.4634e-05,1.0453e-06,1.3589e-05,42,2,41,0,0,0,0.94319,0,1,y,y,y,y,y,y,y,m,y,m,y,m,y,,,,,0,prefer,original,1,1,0,0,0,1,,,,,,,,1138,,,,,,,,1,1,0,0,0,1,,
org_jap_3.5Mar_d126_m008,organic food,Japan,3.5,Market Formation,NewStartups,# companies,org,53.226,0.042812,0.011726,2004.2,0.082562,0.55,0.36994,2009.6,-23.164,0.10831,0.043064,0.55678,0.33556,0.078378,0.034492,0.56604,0.418,0.066708,0.022266,0.56962,0.42555,45,12,5.4545,1.8182,3.6364,40,5,39,1,0,1,0.2,0,1,n,y,y,m,m,m,m,y,m,n,m,n,m,,,,,0,hide,original,0,1,0,0,0,0,,,,,,,,1139,,,,,,,,0,1,0,0,0,0,delete,
org_jap_3.5Mar_d171_m011,organic food,Japan,3.5,Market Formation,PrivateEquityDeals,# deals,org,1.0435,0.17232,0.040053,2018.2,4.2114,2.5479,7.2762,2029.3,-79.83,0.8035,0.78913,0.39819,0.14385,0.65225,0.63569,0.52972,0.25982,0.33532,0.30367,0.73235,0.50021,45,8,1.5699,0.39248,1.1774,8,3,7,1,0,1,0.78571,0,1,y,y,y,m,y,m,y,y,y,m,m,m,m,,,,,0,hide,original,1,1,0,0,0,0,,,,,,,,1140,,,,,,,,1,1,0,0,0,0,delete,
org_jap_3.5Mar_d175_m027,organic food,Japan,3.5,Market Formation,PrivateEquityInvestment,$ million,org,1.0919,0.24061,0.060858,2019.8,4.0245,5.0081,6.4404,2024.5,-121.32,0.66259,0.6379,0.96719,0.36239,0.57843,0.55836,1.0811,0.48885,0.22532,0.18843,1.4655,0.90088,45,6,1.7452,0.069109,1.6761,6,1,4,1,1,1,0.41316,0,1,m,y,y,m,y,m,m,y,m,m,m,m,m,,,,,0,hide,original,1,1,0,0,0,0,,,,,,,,1141,,,,,,,,1,1,0,0,0,0,delete,
org_jap_3.5Mar_d200_m027,organic food,Japan,3.5,Market Formation,TotalFundraisingAmount,$ million,org,48.385,0.016149,0.16144,2011.2,0.090823,7.2329,1552.1,1.5775e+05,-321.11,0.12696,0.063083,8.5965,2.5693,-0.051579,-0.10165,9.4346,2.0895,0.051931,0.0067846,8.9583,3.2903,45,8,8.5036,0.047852,8.4557,13,12,4,0,1,1,0.021903,0,1,n,y,y,m,m,m,m,y,m,n,m,n,m,,,,,0,hide,original,0,1,0,0,0,0,,,,,,,,1142,,,,,,,,0,1,0,0,0,0,delete,
org_jap_3.5Mar_d204_m011,organic food,Japan,3.5,Market Formation,TotalFundraisingDeals,# deals,org,0.65433,0.1368,0.055072,2017.4,6.7159,3.1263,6.4879,2028.6,-109.7,0.72018,0.69971,0.59593,0.24833,0.63997,0.62283,0.67596,0.36291,0.40308,0.37465,0.87039,0.64266,45,12,1.5993,0.31987,1.2795,29,3,28,1,0,1,0.73239,0,1,y,y,y,m,m,m,y,y,y,m,m,m,m,,,,,0,hide,original,1,1,0,0,0,0,,,,,,,,1143,,,,,,,,1,1,0,0,0,0,delete,
org_jap_3.5Mar_d242_m156,organic food,Japan,3.5,Market Formation,cumulative CumulativeStartups,cumulative cum. # companies,org,0.080692,0.070764,4.7236,2037.5,54.459,912.5,0.064802,1908.1,-9384,0.99478,0.99439,4.6627,3.6883,0.9937,0.9934,5.1215,3.6769,0.9041,0.89954,19.979,16.275,45,42,0.25534,0.0010959,0.25425,42,0,41,0,0,1,0.93382,0,0,y,y,y,y,y,y,y,y,y,y,y,y,y,,,,not needed as transformed-cumulative twice (error),1,delete,transformed-cumx2error,0,0,0,0,0,0,,,,,,,,1144,,,,,,,,0,0,0,0,0,0,delete,
org_jap_3.5Mar_d243_m157,organic food,Japan,3.5,Market Formation,Partial up to max CumulativeStartups,Partial up to max cum. # companies,org,0.064144,0.024968,0.25596,2204.3,68.509,1.6075e+06,1551.2,1.5784e+05,-507.42,0.95115,0.9474,0.77715,0.67187,-1.8382,-1.9801,5.9239,4.7674,0.81603,0.80683,1.5082,1.2662,43,40,8.7093e-06,6.2209e-07,8.0872e-06,40,0,39,0,0,0,0.92843,0,1,y,y,y,y,y,y,y,m,y,m,y,m,y,,,,not needed as transformed-cumulative preferred,1,delete,transformed-partial,0,0,0,0,0,0,,,,,,,,1145,,,,,,,,0,0,0,0,0,0,delete,
org_jap_3.5Mar_d244_m158,organic food,Japan,3.5,Market Formation,cumulative NewStartups,cumulative # companies,org,0.062542,0.026784,0.27563,2201,70.264,9.5666e+05,1550.8,1.5788e+05,-546.63,0.96109,0.95825,0.77493,0.67288,-1.7369,-1.8672,6.4996,5.1778,0.83016,0.82207,1.6191,1.4282,45,42,1.4634e-05,1.0453e-06,1.3589e-05,42,2,41,0,0,0,0.94319,0,1,y,y,y,y,y,y,y,m,y,m,y,m,y,,,,not needed as cumulative in original data,1,delete,transformed-cumulative,0,0,0,0,0,0,,,,,,,,1146,,,,,,,,0,0,0,0,0,0,delete,
org_jap_3.5Mar_d245_m159,organic food,Japan,3.5,Market Formation,Partial up to max NewStartups,Partial up to max # companies,org,7.2255,5.5972,0.015428,2017.6,0.60818,299.75,4.0736,2017.1,-30.544,0.42095,0.36986,0.45883,0.21059,0.42095,0.38786,0.45883,0.21082,0.078729,0.026085,0.57875,0.41463,38,9,0.010009,0.0033362,0.0066723,35,0,34,0,0,1,0.11765,0,1,m,y,y,m,m,m,m,m,m,m,m,n,m,,,,not needed as transformed-cumulative preferred,1,delete,transformed-partial,0,0,0,0,0,0,,,,,,,,1147,,,,,,,,0,0,0,0,0,0,delete,
org_jap_3.5Mar_d246_m160,organic food,Japan,3.5,Market Formation,cumulative PrivateEquityDeals,cumulative # deals,org,0.72521,0.3023,0.16904,2021.1,6.0595,18.187,1.732,2016.2,-336.99,0.99761,0.99743,0.18752,0.076776,0.96591,0.96429,0.70763,0.36163,0.32811,0.29612,3.1415,2.2113,45,8,0.87975,0.054985,0.82477,8,0,7,0,0,0,0.80186,0,1,y,y,y,y,y,y,y,y,y,y,y,y,y,,,,,0,prefer,transformed-cumulative,1,1,0,0,0,0,,,,,,,,1148,,,,,,,,1,1,0,0,0,0,delete,
org_jap_3.5Mar_d247_m161,organic food,Japan,3.5,Market Formation,Partial up to max PrivateEquityDeals,Partial up to max # deals,org,0.50635,0.50628,0.027956,2043.1,8.6788,2.636e+05,0.0047583,2007.9,-55.711,0.88343,0.87423,0.24183,0.088194,0.88343,0.87745,0.24183,0.088197,0.22886,0.18931,0.622,0.37269,42,5,1.5175e-05,3.7937e-06,1.1381e-05,5,0,4,0,0,1,0.3913,0,1,y,n,y,m,y,m,m,m,m,n,n,m,m,,,,not needed as transformed-cumulative preferred,1,delete,transformed-partial,0,0,0,0,0,0,,,,,,,,1149,,,,,,,,0,0,0,0,0,0,delete,
org_jap_3.5Mar_d248_m162,organic food,Japan,3.5,Market Formation,cumulative PrivateEquityInvestment,cumulative $ million,org,0.80971,0.39151,0.19732,2022.1,5.4272,28.65,4.7928,2019.7,-393.41,0.99033,0.98962,0.49001,0.19622,0.9689,0.96742,0.87877,0.38654,0.26449,0.22946,4.2734,2.8128,45,6,0.81159,0.1176,0.69399,6,0,5,0,0,1,0.72581,0,1,y,y,y,y,y,y,y,y,m,y,m,y,m,,,,,0,prefer,transformed-cumulative,1,1,0,0,0,0,,,,,,,,1150,,,,,,,,1,1,0,0,0,0,delete,
org_jap_3.5Mar_d249_m163,organic food,Japan,3.5,Market Formation,Partial up to max PrivateEquityInvestment,Partial up to max $ million,org,0.465,0.46498,0.058658,2044.9,9.4505,2.0658e+05,6.4986,2022.6,-116.93,0.7797,0.76318,0.77685,0.28646,0.7797,0.76896,0.77685,0.28646,0.20253,0.16363,1.4781,0.88963,44,5,4.2308e-05,1.6754e-06,4.0633e-05,5,0,3,0,1,1,0.26276,0,1,y,n,y,m,y,m,m,m,m,n,n,m,m,,,,not needed as transformed-cumulative preferred,1,delete,transformed-partial,0,0,0,0,0,0,,,,,,,,1151,,,,,,,,0,0,0,0,0,0,delete,
org_jap_3.5Mar_d250_m162,organic food,Japan,3.5,Market Formation,cumulative TotalFundraisingAmount,cumulative $ million,org,6.8555,0.11299,2.0452,2011.8,0.64101,72.988,0.70315,1979.1,-4073.7,0.96774,0.96538,5.9742,2.6591,0.85111,0.84402,12.835,9.5865,0.63768,0.62043,20.021,17.606,45,13,1.2882,0.84267,0.44558,13,0,12,0,0,0,0.90733,0,1,y,y,y,y,y,y,y,y,y,y,y,y,y,,,,,0,prefer,transformed-cumulative,1,1,0,0,0,0,,,,,,,,1152,,,,,,,,1,1,0,0,0,0,delete,
org_jap_3.5Mar_d251_m163,organic food,Japan,3.5,Market Formation,Partial up to max TotalFundraisingAmount,Partial up to max $ million,org,,0.032558,0.32891,,,,1548.6,1.5808e+05,-654.63,,,,,-0.03125,-0.1,10.707,1.8638,0.088235,0.027451,10.067,4.4651,33,1,,,,1,0,0,0,0,,,0,1,n,n,m,m,m,m,m,m,m,n,n,n,n,,,,not needed as transformed-cumulative preferred,1,delete,transformed-partial,0,0,0,0,0,0,,,,,,,,1153,,,,,,,,0,0,0,0,0,0,delete,
org_jap_3.5Mar_d252_m160,organic food,Japan,3.5,Market Formation,cumulative TotalFundraisingDeals,cumulative # deals,org,0.26039,,0.34756,2024.8,16.877,58.963,,,-692.33,0.98962,0.98886,0.64018,0.47315,,,,,0.51589,0.49284,4.3726,3.2601,45,29,0.424,0.01696,0.40704,29,0,28,0,0,1,0.85032,0,1,y,y,y,y,y,y,y,y,y,y,y,y,y,,,,,0,prefer,transformed-cumulative,1,1,0,0,0,0,,,,,,,,1154,,,,,,,,1,1,0,0,0,0,delete,
org_jap_3.5Mar_d253_m161,organic food,Japan,3.5,Market Formation,Partial up to max TotalFundraisingDeals,Partial up to max # deals,org,0.33764,0.33763,0.044972,2054.1,13.015,3.1114e+05,6.2342,2022.1,-89.562,0.81814,0.80378,0.40627,0.17793,0.81814,0.80881,0.40627,0.17793,0.32739,0.2929,0.78132,0.52746,42,9,1.607e-05,3.214e-06,1.2856e-05,26,0,25,0,0,1,0.46667,0,1,y,y,y,m,m,m,m,m,y,m,m,m,m,,,,not needed as transformed-cumulative preferred,1,delete,transformed-partial,0,0,0,0,0,0,,,,,,,,1155,,,,,,,,0,0,0,0,0,0,delete,
org_jap_4.1Sal_d213_m100,organic food,Japan,4.1,Knowledge Flows (social networks),annualised Google search frequency (index 100=monthly max.),Index 0-100,org,1.3765,0.035014,2.6932,2007.7,3.1926,72.986,1.4437,1908.8,-5365.8,0.75301,0.70943,14.949,12.156,0.22361,0.13734,26.504,22.046,0.29394,0.21549,25.275,21.254,21,18,1.3701,0.45346,0.91666,18,14,17,1,0,1,0.92638,0,1,y,y,y,y,y,y,y,y,m,y,m,y,m,,,,,0,hide,original,1,1,0,0,0,0,,,,,,,,1156,,,,,,,,1,1,0,0,0,0,delete,
org_jap_4.1Sal_d239_m153,organic food,Japan,4.1,Knowledge Flows (social networks),Partial up to max annualised Google search frequency (index 100=monthly max.),Partial up to max Index 0-100,org,0.7407,0.54289,16.281,2010.1,5.9328,204.37,0.00066554,1988,-32644,0.96151,0.92302,6.8567,5.1618,0.95602,0.93404,7.3292,5.719,0.86803,0.80205,12.696,10.146,7,4,0.48931,0.16194,0.32737,4,0,3,0,0,0,0.58115,0,1,y,n,y,y,y,y,m,y,y,n,n,n,n,,,,,0,prefer,transformed-partial,1,1,0,0,0,1,,,,,,,,1157,,,,,,,,1,1,0,0,0,1,,
org_jap_4.5Inf_d157_m130,organic food,Japan,4.5,Physical Infrastructure dependence,Organic area (farmland) [ha],ha,org,0.0019944,0.0019019,19.805,3536.3,2203.4,2.4091e+05,459.9,342.91,-28851,0.0004876,-0.15733,6097.8,3687,0.0004889,-0.099462,6097.8,3687.1,0.00046392,-0.09949,6097.9,3688.8,23,23,0.12101,0.0211,0.099906,23,19,22,1,0,1,0.81969,0,0,n,y,y,y,y,y,y,m,m,n,m,n,m,2,1 hi pt,,noisy,0,,,0,1,0,0,0,1,,,,,,,,1158,,,,,,,,0,1,0,0,0,1,,
org_jap_4.5Inf_d158_m195,organic food,Japan,4.5,Physical Infrastructure dependence,Organic area share of total farmland [%],%,org,-0.0084815,0.00077126,-0.0021739,1452.9,-518.12,30.422,1555.4,1.5745e+05,4.6374,0.0086925,-0.14783,0.15618,0.093249,-2.8679,-3.2547,0.30851,0.26565,0.0084504,-0.090705,0.1562,0.09327,23,23,0.024653,0.0042732,0.02038,23,19,22,1,0,1,0.81358,1,1,n,y,y,y,y,y,y,m,m,n,m,,,,,,,,,,,,,,,,,,,,,,,,,,,,,,,,,,,,,,
org_net_1.1Ado_d163_m140,organic food,The Netherlands,1.1,Adoption over time,Organic retail sales market size [million],million EUR,org,0.095004,0.069114,55.401,2025.1,46.256,3490.2,0.02371,1861.9,-1.1062e+05,0.99313,0.9921,32.339,28.227,0.98906,0.98802,40.803,32.635,0.96611,0.96288,71.826,59.29,24,24,0.46261,0.093119,0.3695,24,0,23,0,0,0,0.92808,0,0,y,y,y,y,y,y,y,y,y,y,y,,,,,,,,,,,,,,,,,,,,,,,,,,,,,,,,,,,,,,
org_net_1.1Ado_d164_m195,organic food,The Netherlands,1.1,Adoption over time,Organic retail sales share [%],%,org,0.13931,0.059837,0.17913,2012.7,31.545,5.8629,4.0879,2019.4,-357.59,0.84208,0.81421,0.5042,0.40471,0.81028,0.7892,0.55264,0.42222,0.8283,0.80922,0.52575,0.40895,21,21,0.83577,0.23879,0.59698,22,4,20,1,0,0,0.92719,0,1,y,y,y,y,y,y,y,y,y,y,y,,,,,,,,,,,,,,,,,,,,,,,,,,,,,,,,,,,,,,
org_net_2.2Rel_d160_m152,organic food,The Netherlands,2.2,Relative Advantage (Profitability),Organic per capita consumption [€/person],€/person,org,0.099748,0.064111,3.0806,2020.4,44.056,155.64,0.50989,1942,-6148.2,0.99107,0.98973,2.0437,1.7856,0.98312,0.98152,2.809,2.2993,0.97253,0.96991,3.5839,2.8646,24,24,0.58243,0.13158,0.45085,24,0,23,0,0,0,0.93337,0,1,y,y,y,y,y,y,y,y,y,y,y,,,,,,,,,,,,,,,,,,,,,,,,,,,,,,,,,,,,,,
org_swi_1.1Ado_d163_m140,organic food,Switzerland,1.1,Adoption over time,Organic retail sales market size [million],million EUR,org,0.098236,0.097071,149.82,2060.6,44.734,1.8136e+05,0.00045144,1857.1,-2.9959e+05,0.98943,0.98776,107.51,86.828,0.98942,0.98836,107.54,86.366,0.9036,0.89396,324.59,285.78,23,23,0.021256,0.0028067,0.018449,23,0,22,0,0,0,0.91141,0,0,y,y,y,y,y,y,y,m,y,m,y,m,y,1,,,,0,,,1,1,0,2,0,0,,,,,,,,1161,,,,,,,,1,1,0,0,0,0,delete,
org_swi_1.1Ado_d164_m195,organic food,Switzerland,1.1,Adoption over time,Organic retail sales share [%],%,org,0.098497,0.062113,0.0045535,2020.5,44.615,0.21576,6.505,2086.4,-9.0944,0.99091,0.98896,0.0023151,0.0018249,0.98448,0.98241,0.0030244,0.0022639,0.98192,0.97951,0.0032646,0.0027478,18,18,0.5191,0.16222,0.35688,19,0,17,0,0,0,0.93468,1,1,y,y,y,y,y,y,y,y,y,y,y,,,,,,,,,,,,,,,,,,,,,,,,,,,,,,,,,,,,,,
org_swi_1.1Ado_d327_m185,organic food,Switzerland,1.1,Adoption over time,organic as a share of retail sales,market share,org,0.098497,0.062113,0.0045535,2020.5,44.615,0.21576,6.505,2086.4,-9.0944,0.99091,0.98896,0.0023151,0.0018249,0.98448,0.98241,0.0030244,0.0022639,0.98192,0.97951,0.0032646,0.0027478,18,18,0.5191,0.16222,0.35688,19,0,17,0,0,0,0.93468,1,1,y,y,y,y,y,y,y,y,y,y,y,y,y,,,,,0,prefer-relative,transformed-marketshare,1,1,0,1,0,0,,,,,,,,1163,,,,,,,,1,1,0,1,0,0,,
org_swi_2.2Rel_d160_m152,organic food,Switzerland,2.2,Relative Advantage (Profitability),Organic per capita consumption [€/person],€/person,org,0.086049,0.086046,16.496,2133.6,51.069,6.7555e+06,0.04196,1914,-32966,0.98626,0.98409,13.416,10.758,0.98626,0.98489,13.416,10.757,0.91397,0.90537,33.57,29.478,23,23,6.4681e-05,1.0577e-05,5.4104e-05,23,0,22,0,0,0,0.91894,0,0,y,y,y,y,y,y,y,m,y,m,y,m,y,1,,,,0,,,1,1,0,0,0,0,,,,,,,,1160,,,,,,,,1,1,0,0,0,0,delete,
org_swi_2.5Var_d159_m001,organic food,Switzerland,2.5,Variety (Choice Availability),Organic importers,#,org,0.047315,0.047311,22.679,2215.7,92.876,5.7412e+06,0.2331,1856,-45265,0.33302,-0.33397,67.023,60.112,0.33302,-0.0004719,67.023,60.112,0.30547,-0.041801,68.393,60.673,7,7,0.00011966,6.7407e-05,5.2253e-05,7,0,4,0,1,0,0.7982,0,0,m,y,y,y,y,y,y,m,y,m,y,n,y,2,,,,0,,,0,1,0,0,0,0,,,,,,,,1164,,,,,,,,0,1,0,0,0,0,delete,
org_swi_2.5Var_d161_m001,organic food,Switzerland,2.5,Variety (Choice Availability),Organic processors,#,org,0.025154,0.025144,33.107,2332.9,174.7,3.5618e+06,0.12501,1650.3,-65514,0.72173,0.44346,41.302,34.259,0.72173,0.5826,41.302,34.259,0.71521,0.57282,41.783,34.673,7,7,0.00040569,0.00034364,6.2047e-05,7,0,6,0,0,0,0.85409,0,0,y,y,y,y,y,y,y,m,y,m,y,m,y,1,,,,0,,,1,1,0,0,0,0,,,,,,,,1165,,,,,,,,1,1,0,0,0,0,delete,
org_swi_2.5Var_d162_m001,organic food,Switzerland,2.5,Variety (Choice Availability),Organic producers,#,org,0.013922,0.013921,85.318,2678.5,315.64,6.8472e+07,7.5706,1528,-1.6525e+05,0.6555,0.60111,416.81,382.27,0.6555,0.62105,416.81,382.27,0.6351,0.59861,428.98,394.78,23,23,0.00011419,7.1591e-05,4.2601e-05,23,0,22,0,0,0,0.9537,0,0,m,y,y,y,y,y,y,m,y,m,y,m,y,2,,,,0,,,1,1,0,0,0,1,,,,,,,,1166,,,,,,,,1,1,0,0,0,1,,
org_swi_3.5Mar_d074_m128,organic food,Switzerland,3.5,Market Formation,CumulativeStartups,cum. # companies,org,0.14194,0.030276,0.31133,2015.8,30.96,17.969,1549.4,1.5802e+05,-619.08,0.9773,0.97563,0.65687,0.50534,-0.9282,-1.02,6.0535,4.2,0.86024,0.85358,1.6298,1.4084,45,34,0.72348,0.055653,0.66783,34,1,33,0,0,0,0.94239,0,1,y,y,y,y,y,y,y,y,y,y,y,y,y,,,,,0,prefer,original,1,1,0,0,0,1,,,,,,,,1167,,,,,,,,1,1,0,0,0,1,,
org_swi_3.5Mar_d126_m008,organic food,Switzerland,3.5,Market Formation,NewStartups,# companies,org,36.916,0.0023453,0.014493,2003.2,0.11904,0.52381,1554.9,1.5748e+05,-28.726,0.11635,0.05169,0.58191,0.34709,-0.21778,-0.27577,0.68313,0.28889,0.092447,0.049231,0.58973,0.40636,45,10,5.7273,1.9091,3.8182,33,7,32,1,0,1,0.14286,0,1,n,y,y,m,m,m,m,y,m,n,m,n,m,,,,,0,hide,original,0,1,0,0,0,0,,,,,,,,1168,,,,,,,,0,1,0,0,0,0,delete,
org_swi_3.5Mar_d171_m011,organic food,Switzerland,3.5,Market Formation,PrivateEquityDeals,# deals,org,49.948,0.0058385,0.051252,2013.2,0.08798,2.1818,1554.1,1.5756e+05,-102.05,0.67368,0.64981,0.64354,0.25657,-0.24319,-0.30239,1.2561,0.55556,0.34909,0.31809,0.9089,0.64265,45,11,2.2917,0.45833,1.8333,14,7,13,1,0,1,0.74648,0,1,m,y,y,y,y,y,y,y,y,m,y,m,y,,,,,0,hide,original,0,1,0,0,0,0,,,,,,,,1169,,,,,,,,0,1,0,0,0,0,delete,
org_swi_3.5Mar_d175_m027,organic food,Switzerland,3.5,Market Formation,PrivateEquityInvestment,$ million,org,0.77736,0.024079,0.24323,2017.2,5.6531,13.568,1550.1,1.5795e+05,-484.66,0.49897,0.46231,4.4352,1.6896,-0.13235,-0.18627,6.6676,2.2795,0.25415,0.21864,5.4113,3.396,45,10,2.0781,0.050693,2.0274,14,1,13,0,0,1,0.4308,0,1,m,y,y,m,m,m,m,y,m,m,m,m,m,,,,,0,hide,original,1,1,0,0,0,0,,,,,,,,1170,,,,,,,,1,1,0,0,0,0,delete,
org_swi_3.5Mar_d200_m027,organic food,Switzerland,3.5,Market Formation,TotalFundraisingAmount,$ million,org,0.78217,0.025271,0.25582,2016.8,5.6183,13.875,1549.9,1.5798e+05,-509.76,0.54843,0.51539,4.2173,1.5588,-0.14694,-0.20155,6.7211,2.4057,0.28026,0.24599,5.3243,3.3727,45,11,2.0321,0.04957,1.9825,14,1,13,0,0,1,0.5024,0,1,m,y,y,m,m,m,m,y,m,m,m,m,m,,,,,0,hide,original,0,1,0,0,0,0,,,,,,,,1171,,,,,,,,0,1,0,0,0,0,delete,
org_swi_3.5Mar_d204_m011,organic food,Switzerland,3.5,Market Formation,TotalFundraisingDeals,# deals,org,0.85246,0.0083385,0.077734,2012.4,5.155,3.0794,1553.6,1.5761e+05,-154.78,0.67876,0.65525,0.86953,0.40617,-0.30298,-0.36503,1.7512,0.84444,0.43303,0.40603,1.1552,0.89272,45,13,1.9484,0.32474,1.6237,14,7,13,1,0,1,0.82609,0,1,m,y,y,m,y,m,y,y,y,m,m,m,m,,,,,0,hide,original,1,1,0,0,0,0,,,,,,,,1172,,,,,,,,1,1,0,0,0,0,delete,
org_swi_3.5Mar_d242_m156,organic food,Switzerland,3.5,Market Formation,cumulative CumulativeStartups,cumulative cum. # companies,org,0.13316,0.10142,3.7103,2025,33.002,404.97,0.21654,1956.7,-7383.9,0.99884,0.99876,1.8386,1.5899,0.99449,0.99422,4.0162,3.3317,0.79354,0.78371,24.578,20.934,45,34,0.4667,0.0024693,0.46423,34,0,33,0,0,0,0.91474,0,0,y,y,y,y,y,y,y,y,y,y,y,y,y,,,,not needed as transformed-cumulative twice (error),1,delete,transformed-cumx2error,0,0,0,0,0,0,,,,,,,,1173,,,,,,,,0,0,0,0,0,0,delete,
org_swi_3.5Mar_d243_m157,organic food,Switzerland,3.5,Market Formation,Partial up to max CumulativeStartups,Partial up to max cum. # companies,org,0.13707,0.029722,0.30514,2016.8,32.06,19.258,1549.5,1.5801e+05,-606.75,0.97591,0.9741,0.65187,0.50585,-0.90722,-1.0003,5.7997,4,0.85134,0.84409,1.6192,1.3868,44,33,0.67505,0.051927,0.62312,33,0,32,0,0,0,0.93581,0,1,y,y,y,y,y,y,y,y,y,y,y,y,y,,,,not needed as transformed-cumulative preferred,1,delete,transformed-partial,0,0,0,0,0,0,,,,,,,,1174,,,,,,,,0,0,0,0,0,0,delete,
org_swi_3.5Mar_d244_m158,organic food,Switzerland,3.5,Market Formation,cumulative NewStartups,cumulative # companies,org,0.14194,0.030276,0.31133,2015.8,30.96,17.969,1549.4,1.5802e+05,-619.08,0.9773,0.97563,0.65687,0.50534,-0.9282,-1.02,6.0535,4.2,0.86024,0.85358,1.6298,1.4084,45,34,0.72348,0.055653,0.66783,34,1,33,0,0,0,0.94239,0,1,y,y,y,y,y,y,y,y,y,y,y,y,y,,,,not needed as cumulative in original data,1,delete,transformed-cumulative,0,0,0,0,0,0,,,,,,,,1175,,,,,,,,0,0,0,0,0,0,delete,
org_swi_3.5Mar_d245_m159,organic food,Switzerland,3.5,Market Formation,Partial up to max NewStartups,Partial up to max # companies,org,0.44435,0.44405,0.027501,2039.7,9.8897,91417,2.9257,2016.4,-54.65,0.43303,0.38149,0.49095,0.25344,0.43303,0.39968,0.49095,0.25346,0.20281,0.15592,0.58216,0.41477,37,8,3.2817e-05,1.0939e-05,2.1878e-05,26,0,25,0,0,1,0.15789,0,1,m,y,y,m,m,m,m,m,m,m,m,n,m,,,,not needed as transformed-cumulative preferred,1,delete,transformed-partial,0,0,0,0,0,0,,,,,,,,1176,,,,,,,,0,0,0,0,0,0,delete,
org_swi_3.5Mar_d246_m160,organic food,Switzerland,3.5,Market Formation,cumulative PrivateEquityDeals,cumulative # deals,org,0.49904,0.026645,0.44229,2016.9,8.8058,24.681,0.392,2910.8,-881.34,0.99124,0.99059,0.72852,0.36977,-0.28211,-0.34316,8.8116,4.1333,0.54483,0.52316,5.2502,4.4628,45,15,1.0129,0.040518,0.97243,15,1,14,0,0,1,0.9004,0,1,y,y,y,y,y,y,y,y,y,y,y,y,y,,,,,0,prefer,transformed-cumulative,1,1,0,0,0,0,,,,,,,,1177,,,,,,,,1,1,0,0,0,0,delete,
org_swi_3.5Mar_d247_m161,organic food,Switzerland,3.5,Market Formation,Partial up to max PrivateEquityDeals,Partial up to max # deals,org,1.4514,0.53905,0.047653,2014.2,3.0278,4.9957,6.2165,2016.3,-94.886,0.92316,0.91618,0.28861,0.1078,0.90633,0.90082,0.31866,0.12036,0.23881,0.19403,0.90837,0.59225,37,4,1.0009,0.20017,0.80069,7,0,6,0,0,1,0.54545,0,1,y,n,y,m,y,m,m,y,m,n,n,n,n,,,,not needed as transformed-cumulative preferred,1,delete,transformed-partial,0,0,0,0,0,0,,,,,,,,1178,,,,,,,,0,0,0,0,0,0,delete,
org_swi_3.5Mar_d248_m162,organic food,Switzerland,3.5,Market Formation,cumulative PrivateEquityInvestment,cumulative $ million,org,0.53565,0.24286,1.3076,2020.6,8.2039,124.5,2.4213,2007.9,-2606.3,0.99122,0.99057,2.5117,1.1972,0.96506,0.9634,5.0097,2.7321,0.40146,0.37295,20.735,15.556,45,15,0.82394,0.0055246,0.81842,15,1,14,0,0,1,0.83599,0,0,y,y,y,y,y,y,y,y,y,y,y,y,y,,,,,0,prefer,transformed-cumulative,1,1,0,0,0,0,,,,,,,,1179,,,,,,,,1,1,0,0,0,0,delete,
org_swi_3.5Mar_d249_m163,organic food,Switzerland,3.5,Market Formation,Partial up to max PrivateEquityInvestment,Partial up to max $ million,org,0.29336,0.024616,0.24798,2051.1,14.979,1.1884e+05,1550,1.5796e+05,-494.15,0.64128,0.61369,3.6804,1.3182,-0.11255,-0.16817,6.4815,2.0615,0.2508,0.21334,5.3188,3.2565,43,9,0.00023725,5.7876e-06,0.00023147,13,0,12,0,0,1,0.25961,0,1,m,y,y,m,m,m,m,m,m,m,m,m,m,,,,not needed as transformed-cumulative preferred,1,delete,transformed-partial,0,0,0,0,0,0,,,,,,,,1180,,,,,,,,0,0,0,0,0,0,delete,
org_swi_3.5Mar_d250_m162,organic food,Switzerland,3.5,Market Formation,cumulative TotalFundraisingAmount,cumulative $ million,org,0.54445,0.23972,1.3962,2020.4,8.0713,128.87,1.2264,2004.7,-2783,0.99348,0.993,2.3022,1.0943,0.96491,0.96324,5.3411,2.968,0.40442,0.37606,22.005,16.545,45,15,0.84002,0.005337,0.83469,15,1,14,0,0,1,0.84106,0,0,y,y,y,y,y,y,y,y,y,y,y,y,y,,,,,0,prefer,transformed-cumulative,1,1,0,0,0,0,,,,,,,,1181,,,,,,,,1,1,0,0,0,0,delete,
org_swi_3.5Mar_d251_m163,organic food,Switzerland,3.5,Market Formation,Partial up to max TotalFundraisingAmount,Partial up to max $ million,org,0.31077,0.02607,0.26328,2025.7,14.141,97.765,1549.7,1.5799e+05,-524.62,0.69725,0.67397,3.3895,1.198,-0.12679,-0.18313,6.5391,2.1935,0.28129,0.24536,5.2224,3.251,43,10,0.2884,0.0070352,0.28136,13,0,12,0,0,1,0.34178,0,1,m,y,y,m,m,m,m,y,m,m,m,m,m,,,,not needed as transformed-cumulative preferred,1,delete,transformed-partial,0,0,0,0,0,0,,,,,,,,1182,,,,,,,,0,0,0,0,0,0,delete,
org_swi_3.5Mar_d252_m160,organic food,Switzerland,3.5,Market Formation,cumulative TotalFundraisingDeals,cumulative # deals,org,0.40886,0.15802,0.67181,2017.6,10.748,40.897,8.472,2013.4,-1338.6,0.99588,0.99558,0.75065,0.42831,0.95307,0.95084,2.5328,1.8072,0.55685,0.53575,7.7833,6.5359,45,15,0.92916,0.024452,0.90471,15,1,14,0,0,1,0.90043,0,1,y,y,y,y,y,y,y,y,y,y,y,y,y,,,,,0,prefer,transformed-cumulative,1,1,0,0,0,0,,,,,,,,1183,,,,,,,,1,1,0,0,0,0,delete,
org_swi_3.5Mar_d253_m161,organic food,Switzerland,3.5,Market Formation,Partial up to max TotalFundraisingDeals,Partial up to max # deals,org,0.45997,0.0068661,0.061404,2040,9.5537,3.5398e+05,1553.8,1.5757e+05,-122.25,0.8949,0.88535,0.3883,0.15745,-0.13035,-0.19684,1.2734,0.43243,0.29961,0.25841,1.0024,0.66835,37,6,1.695e-05,2.825e-06,1.4125e-05,7,0,6,0,0,1,0.51667,0,1,y,y,y,m,y,m,m,m,m,m,m,m,m,,,,not needed as transformed-cumulative preferred,1,delete,transformed-partial,0,0,0,0,0,0,,,,,,,,1184,,,,,,,,0,0,0,0,0,0,delete,
org_swi_4.1Sal_d213_m100,organic food,Switzerland,4.1,Knowledge Flows (social networks),annualised Google search frequency (index 100=monthly max.),Index 0-100,org,1.0637,0.054422,3.1224,2010.6,4.1313,60.596,0.92855,1945.4,-6248.4,0.73065,0.68312,15.533,12.032,0.28458,0.20509,25.315,21.639,0.39905,0.33228,23.202,19.629,21,16,1.6503,0.19861,1.4517,16,9,14,1,0,1,0.93697,0,1,y,y,y,y,y,y,y,y,y,y,y,y,y,,,,,0,hide,original,1,1,0,0,0,0,,,,,,,,1185,,,,,,,,1,1,0,0,0,0,delete,
org_swi_4.1Sal_d239_m153,organic food,Switzerland,4.1,Knowledge Flows (social networks),Partial up to max annualised Google search frequency (index 100=monthly max.),Partial up to max Index 0-100,org,0.41446,0.33122,8.4253,2016.1,10.603,249.73,0.01638,1988.7,-16902,0.95246,0.93463,6.9501,5.7941,0.94943,0.9382,7.1678,6.1599,0.83254,0.79533,13.044,10.54,12,7,0.40044,0.048193,0.35225,7,0,5,0,1,1,0.70098,0,1,y,y,y,y,y,y,y,y,y,y,y,y,y,,,,,0,prefer,transformed-partial,1,1,0,0,0,1,,,,,,,,1186,,,,,,,,1,1,0,0,0,1,,
org_swi_4.5Inf_d157_m130,organic food,Switzerland,4.5,Physical Infrastructure dependence,Organic area (farmland) [ha],ha,org,0.031766,0.031766,3984.3,2359.8,138.34,8.281e+09,0.93179,1638.7,-7.8819e+06,0.9203,0.90771,7928.3,7246.1,0.9203,0.91233,7928.3,7246.1,0.88568,0.87425,9495.2,8727.9,23,23,2.2501e-05,9.9912e-06,1.251e-05,23,0,22,0,0,0,0.94829,0,0,y,y,y,y,y,y,y,m,y,m,y,n,y,1,,,* error in fit,0,,,0,1,0,0,0,1,,,,,,,,1187,,,,,,,,0,1,0,0,0,1,,
org_swi_4.5Inf_d158_m195,organic food,Switzerland,4.5,Physical Infrastructure dependence,Organic area share of total farmland [%],%,org,0.03312,0.033119,0.0039447,2348.6,132.68,8663.6,6.7842,2132.6,-7.8088,0.9295,0.91837,0.0073444,0.0067033,0.9295,0.92245,0.0073444,0.0067033,0.89483,0.88431,0.0089704,0.0082371,23,23,2.0638e-05,8.8993e-06,1.1739e-05,23,0,22,0,0,0,0.94782,1,1,y,y,y,y,y,y,y,m,y,m,y,,,,,,,,,,,,,,,,,,,,,,,,,,,,,,,,,,,,,,
org_uki_1.1Ado_d163_m140,organic food,UK,1.1,Adoption over time,Organic retail sales market size [million],million EUR,org,0.033785,0.033779,75.903,2267.6,130.07,1.2815e+07,0.29829,1747.3,-1.5038e+05,0.61654,0.55599,397.29,316.04,0.61654,0.57819,397.29,316.04,0.61586,0.57744,397.64,326.51,23,23,0.00027011,7.5695e-05,0.00019441,23,1,22,0,0,0,0.94283,0,0,m,y,y,y,y,y,y,m,y,m,y,n,y,2,,,* error in logfit,0,,,0,1,0,2,0,0,,,,,,,,1190,,,,,,,,0,1,0,0,0,0,delete,
org_uki_1.1Ado_d164_m195,organic food,UK,1.1,Adoption over time,Organic retail sales share [%],%,org,0.31769,0.0010669,0.00073333,2012,13.832,0.019528,1555.3,1.5749e+05,-1.4634,0.92133,0.87413,0.00057345,0.00045081,-64.69,-86.587,0.016571,0.016444,0.85765,0.8102,0.0007714,0.00064198,9,9,0.93709,0.66569,0.2714,9,3,8,1,0,0,0.89601,1,1,y,y,y,y,y,y,y,y,y,y,y,,,,,,,,,,,,,,,,,,,,,,,,,,,,,,,,,,,,,,
org_uki_1.1Ado_d327_m185,organic food,UK,1.1,Adoption over time,organic as a share of retail sales,market share,org,0.31769,0.0010669,0.00073333,2012,13.832,0.019528,1555.3,1.5749e+05,-1.4634,0.92133,0.87413,0.00057345,0.00045081,-64.69,-86.587,0.016571,0.016444,0.85765,0.8102,0.0007714,0.00064198,9,9,0.93709,0.66569,0.2714,9,3,8,1,0,0,0.89601,1,1,y,y,y,y,y,y,y,y,y,y,y,y,y,,,,,0,prefer-relative,transformed-marketshare,1,1,0,1,0,0,,,,,,,,1192,,,,,,,,1,1,0,1,0,0,,
org_uki_2.2Rel_d160_m152,organic food,UK,2.2,Relative Advantage (Profitability),Organic per capita consumption [€/person],€/person,org,0.028413,0.028404,0.99396,2296.9,154.66,1.1612e+05,3.1578,1926.9,-1963.8,0.58117,0.51504,5.5932,4.6248,0.58117,0.53929,5.5932,4.6248,0.58199,0.54019,5.5877,4.6697,23,23,0.00044472,0.0001421,0.00030262,23,1,22,0,0,0,0.94554,0,1,m,y,y,y,y,y,y,m,y,m,y,m,y,2,,,,0,,,1,1,0,0,0,0,,,,,,,,1189,,,,,,,,1,1,0,0,0,0,delete,
org_uki_2.5Var_d159_m001,organic food,UK,2.5,Variety (Choice Availability),Organic importers,#,org,0.016097,0.01609,2.0504,2489.7,273,3.3075e+05,5.5912,1807.1,-3973.2,0.0181,-0.16601,95.286,75.842,0.018101,-0.097416,95.286,75.842,0.015117,-0.10075,95.431,77.052,20,20,0.0012033,3.3258e-05,0.0011701,20,15,19,1,0,1,0.84583,0,0,n,y,y,m,y,m,y,m,m,n,m,n,m,3,,,noisy,0,,,0,1,0,0,0,0,,,,,,,,1193,,,,,,,,0,1,0,0,0,0,delete,
org_uki_2.5Var_d161_m001,organic food,UK,2.5,Variety (Choice Availability),Organic processors,#,org,0.17004,0.018088,44.722,1998.8,25.843,2732.8,6.1705,1683.2,-87608,0.61965,0.55253,225.19,182.41,0.52807,0.47564,250.84,198.07,0.55005,0.50005,244.93,192.08,21,21,1.1457,0.56352,0.58219,21,5,18,1,0,0,0.95418,0,0,m,y,y,y,y,y,y,y,y,m,y,m,y,2,,,,0,,,1,1,0,0,0,0,,,,,,,,1194,,,,,,,,1,1,0,0,0,0,delete,
org_uki_2.5Var_d162_m001,organic food,UK,2.5,Variety (Choice Availability),Organic producers,#,org,-0.17482,-0.011216,-49.437,2026.5,-25.137,4536.4,7164,1960.8,1.0351e+05,0.3685,0.26879,525.3,426.69,0.22855,0.1514,580.59,466.47,0.2461,0.17071,573.95,459.08,23,23,1.2137,0.74972,0.46403,23,15,1,1,0,0,0.96524,0,0,m,y,y,y,y,y,y,y,m,m,m,m,m,4,,"reversal, use partial pre-peak",,0,,,1,1,0,0,0,1,,,,,,,,1195,,,,,,,,1,1,0,0,0,1,,
org_uki_3.5Mar_d074_m128,organic food,UK,3.5,Market Formation,CumulativeStartups,cum. # companies,org,0.11706,0.075264,1.1166,2019,37.54,80.617,5.7662,1993.8,-2219.2,0.99249,0.99194,1.3471,1.0083,0.98029,0.97935,2.1825,1.6866,0.87012,0.86393,5.6027,5.013,45,43,0.60781,0.012404,0.59541,43,1,42,0,0,0,0.9441,0,1,y,y,y,y,y,y,y,y,y,y,y,y,y,,,,,0,prefer,original,1,1,0,0,0,1,,,,,,,,1196,,,,,,,,1,1,0,0,0,1,,
org_uki_3.5Mar_d126_m008,organic food,UK,3.5,Market Formation,NewStartups,# companies,org,0.21589,0.0058611,0.052306,2003.3,20.355,2.1548,1554.3,1.5753e+05,-103.63,0.28047,0.22782,1.1702,0.83488,-0.62299,-0.70027,1.7575,1.0889,0.24246,0.20639,1.2007,0.87659,45,26,2.3204,0.46407,1.8563,42,11,41,1,0,1,0.51079,0,1,n,y,y,m,m,m,m,y,m,n,m,n,m,,,,,0,hide,original,0,1,0,0,0,0,,,,,,,,1197,,,,,,,,0,1,0,0,0,0,delete,
org_uki_3.5Mar_d171_m011,organic food,UK,3.5,Market Formation,PrivateEquityDeals,# deals,org,1.4489,0.015755,0.15599,2015,3.0329,7.0258,1552,1.5776e+05,-310.68,0.80984,0.79593,1.2847,0.58807,-0.3032,-0.36525,3.3632,1.6222,0.47288,0.44778,2.139,1.6424,45,17,1.5657,0.14233,1.4233,26,5,25,1,0,1,0.88998,0,1,y,y,y,m,m,m,y,y,y,m,m,m,m,,,,,0,hide,original,0,1,0,0,0,0,,,,,,,,1198,,,,,,,,0,1,0,0,0,0,delete,
org_uki_3.5Mar_d175_m027,organic food,UK,3.5,Market Formation,PrivateEquityInvestment,$ million,org,23.201,0.13294,0.86988,2020,0.18941,71.02,7.3823,2009.2,-1733.5,0.26605,0.21235,32.849,9.6964,0.13946,0.098481,35.569,11.449,0.086812,0.043327,36.641,13.926,45,14,3.6623,0.0034666,3.6588,16,2,15,1,0,1,0.13467,0,0,n,y,y,m,m,m,m,y,m,n,m,n,m,,,,,0,hide,original,1,1,0,0,0,0,,,,,,,,1199,,,,,,,,1,1,0,0,0,0,delete,
org_uki_3.5Mar_d200_m027,organic food,UK,3.5,Market Formation,TotalFundraisingAmount,$ million,org,1.0913,0.066424,4.041,2012.8,4.0269,168.68,0.51522,1936.9,-8040.8,0.27576,0.22277,107.38,48.54,0.16374,0.12392,115.39,62.052,0.17299,0.13361,114.75,64.665,45,22,4.2642,0.00044463,4.2637,24,8,0,1,0,1,0.2118,0,0,n,y,y,m,m,m,m,y,m,n,m,n,m,,,,,0,hide,original,0,1,0,0,0,0,,,,,,,,1200,,,,,,,,0,1,0,0,0,0,delete,
org_uki_3.5Mar_d204_m011,organic food,UK,3.5,Market Formation,TotalFundraisingDeals,# deals,org,0.93784,0.024361,0.24743,2014.2,4.6857,10.449,1550.3,1.5794e+05,-492.6,0.82247,0.80948,1.7902,0.92359,-0.42064,-0.48829,5.064,2.7556,0.57204,0.55166,2.7794,2.2801,45,24,1.3398,0.095703,1.2441,26,5,25,1,0,1,0.91854,0,1,y,y,y,m,m,m,y,y,y,m,m,m,m,,,,,0,hide,original,1,1,0,0,0,0,,,,,,,,1201,,,,,,,,1,1,0,0,0,0,delete,
org_uki_3.5Mar_d242_m156,organic food,UK,3.5,Market Formation,cumulative CumulativeStartups,cumulative cum. # companies,org,0.11371,0.092338,14.409,2028.4,38.647,1943.1,0.038385,1916.8,-28661,0.99947,0.99943,4.7668,3.7847,0.99691,0.99676,11.477,9.5736,0.82151,0.81301,87.224,73.696,45,43,0.37569,0.00051464,0.37517,43,0,42,0,0,0,0.91958,0,0,y,y,y,y,y,y,y,y,y,y,y,y,y,,,,not needed as transformed-cumulative twice (error),1,delete,transformed-cumx2error,0,0,0,0,0,0,,,,,,,,1202,,,,,,,,0,0,0,0,0,0,delete,
org_uki_3.5Mar_d243_m157,organic food,UK,3.5,Market Formation,Partial up to max CumulativeStartups,Partial up to max cum. # companies,org,0.11199,0.078492,1.0906,2021.1,39.24,91.415,2.3718,1983.1,-2167.3,0.99279,0.99224,1.2661,0.9707,0.98503,0.9843,1.824,1.3689,0.86307,0.85639,5.5161,4.8922,44,42,0.53602,0.010939,0.52508,42,0,41,0,0,0,0.93749,0,1,y,y,y,y,y,y,y,y,y,y,y,y,y,,,,not needed as transformed-cumulative preferred,1,delete,transformed-partial,0,0,0,0,0,0,,,,,,,,1203,,,,,,,,0,0,0,0,0,0,delete,
org_uki_3.5Mar_d244_m158,organic food,UK,3.5,Market Formation,cumulative NewStartups,cumulative # companies,org,0.11706,0.075264,1.1166,2019,37.54,80.617,5.7662,1993.8,-2219.2,0.99249,0.99194,1.3471,1.0083,0.98029,0.97935,2.1825,1.6866,0.87012,0.86393,5.6027,5.013,45,43,0.60781,0.012404,0.59541,43,1,42,0,0,0,0.9441,0,1,y,y,y,y,y,y,y,y,y,y,y,y,y,,,,not needed as cumulative in original data,1,delete,transformed-cumulative,0,0,0,0,0,0,,,,,,,,1204,,,,,,,,0,0,0,0,0,0,delete,
org_uki_3.5Mar_d245_m159,organic food,UK,3.5,Market Formation,Partial up to max NewStartups,Partial up to max # companies,org,0.1322,0.13216,0.051471,2094.5,33.24,1.4212e+05,3.823,2014.9,-102.01,0.33863,0.27022,0.83207,0.59257,0.33864,0.29454,0.83207,0.5926,0.22945,0.17808,0.89813,0.64807,33,16,3.5183e-05,7.0365e-06,2.8146e-05,31,0,30,0,0,1,0.36538,0,1,m,y,y,m,m,m,m,m,m,m,m,m,m,,,,not needed as transformed-cumulative preferred,1,delete,transformed-partial,0,0,0,0,0,0,,,,,,,,1205,,,,,,,,0,0,0,0,0,0,delete,
org_uki_3.5Mar_d246_m160,organic food,UK,3.5,Market Formation,cumulative PrivateEquityDeals,cumulative # deals,org,0.41662,0.1772,1.1642,2019,10.548,84.183,4.0975,2006.9,-2319.7,0.99739,0.99719,1.066,0.69662,0.96936,0.9679,3.6496,2.2362,0.52584,0.50326,14.357,11.703,45,26,0.86716,0.011879,0.85528,26,0,25,0,0,1,0.88327,0,1,y,y,y,y,y,y,y,y,y,y,y,y,y,,,,,0,prefer,transformed-cumulative,1,1,0,0,0,0,,,,,,,,1206,,,,,,,,1,1,0,0,0,0,delete,
org_uki_3.5Mar_d247_m161,organic food,UK,3.5,Market Formation,Partial up to max PrivateEquityDeals,Partial up to max # deals,org,0.63087,0.013979,0.13621,2016.7,6.9657,13.301,1552.3,1.5772e+05,-271.25,0.94748,0.94311,0.58381,0.28267,-0.18644,-0.25057,2.7749,1.1,0.38093,0.34746,2.0044,1.4132,40,12,0.82701,0.075182,0.75182,21,0,20,0,0,1,0.71753,0,1,y,y,y,m,m,m,y,y,y,m,m,m,m,,,,not needed as transformed-cumulative preferred,1,delete,transformed-partial,0,0,0,0,0,0,,,,,,,,1207,,,,,,,,0,0,0,0,0,0,delete,
org_uki_3.5Mar_d248_m162,organic food,UK,3.5,Market Formation,cumulative PrivateEquityInvestment,cumulative $ million,org,3.6757,0.27714,4.3423,2020.3,1.1955,358.51,0.0019157,1979.5,-8656.2,0.98647,0.98548,11.558,4.5222,0.88576,0.88032,33.586,15.26,0.32209,0.2898,81.815,58.878,45,17,1.0029,0.00068672,1.0022,17,1,16,0,0,1,0.80408,0,0,y,y,y,m,y,m,y,y,y,m,m,m,m,,,,,0,prefer,transformed-cumulative,1,1,0,0,0,0,,,,,,,,1208,,,,,,,,1,1,0,0,0,0,delete,
org_uki_3.5Mar_d249_m163,organic food,UK,3.5,Market Formation,Partial up to max PrivateEquityInvestment,Partial up to max $ million,org,2.5183,2.5182,1.0724,2024.9,1.745,5.299e+06,0.0033296,2016.5,-2137.4,0.98927,0.98842,4.108,1.4326,0.98927,0.98872,4.108,1.4326,0.10745,0.061682,37.463,15.641,42,12,4.9084e-05,4.6462e-08,4.9038e-05,14,0,13,0,0,1,0.075774,0,0,y,y,y,m,y,m,m,m,m,m,m,m,m,,,,not needed as transformed-cumulative preferred,1,delete,transformed-partial,0,0,0,0,0,0,,,,,,,,1209,,,,,,,,0,0,0,0,0,0,delete,
org_uki_3.5Mar_d250_m162,organic food,UK,3.5,Market Formation,cumulative TotalFundraisingAmount,cumulative $ million,org,0.37997,0.13383,44.527,2016.9,11.565,2489.3,0.00027875,1903.7,-88691,0.98462,0.98349,90.409,53.713,0.94454,0.9419,171.68,119.54,0.62925,0.61159,443.88,385.36,45,24,0.89102,0.029648,0.86137,24,0,23,0,0,1,0.91324,0,0,y,y,y,y,y,y,y,y,y,y,y,y,y,,,,,0,prefer,transformed-cumulative,1,1,0,0,0,0,,,,,,,,1210,,,,,,,,1,1,0,0,0,0,delete,
org_uki_3.5Mar_d251_m163,organic food,UK,3.5,Market Formation,Partial up to max TotalFundraisingAmount,Partial up to max $ million,org,4.388,4.3115,4.288,2016.6,1.0015,10111,1.091e-17,2005.4,-8534.6,0.90761,0.89921,36.248,13.142,0.90761,0.90217,36.248,13.142,0.1474,0.097243,110.11,53.856,37,14,0.071136,2.4349e-05,0.071112,16,0,8,0,1,1,0.038988,0,0,y,y,y,m,m,m,m,m,m,m,m,m,m,,,,not needed as transformed-cumulative preferred,1,delete,transformed-partial,0,0,0,0,0,0,,,,,,,,1211,,,,,,,,0,0,0,0,0,0,delete,
org_uki_3.5Mar_d252_m160,organic food,UK,3.5,Market Formation,cumulative TotalFundraisingDeals,cumulative # deals,org,0.26119,0.14906,2.1628,2020.1,16.825,176.47,0.46591,1985.6,-4308.4,0.99637,0.99611,2.1579,1.4134,0.98287,0.98205,4.6906,3.1581,0.6143,0.59593,22.258,18.593,45,26,0.70267,0.0056667,0.69701,26,0,25,0,0,0,0.89522,0,0,y,y,y,y,y,y,y,y,y,y,y,y,y,,,,,0,prefer,transformed-cumulative,1,1,0,0,0,0,,,,,,,,1212,,,,,,,,1,1,0,0,0,0,delete,
org_uki_3.5Mar_d253_m161,organic food,UK,3.5,Market Formation,Partial up to max TotalFundraisingDeals,Partial up to max # deals,org,0.26444,0.021901,0.21989,2021.4,16.618,41.183,1550.8,1.5788e+05,-437.71,0.91854,0.91176,1.021,0.56624,-0.29713,-0.36724,4.0743,1.95,0.50343,0.47659,2.5209,1.9316,40,19,0.33994,0.024282,0.31566,21,0,20,0,0,1,0.77259,0,1,y,y,y,m,y,m,y,y,y,m,m,m,m,,,,not needed as transformed-cumulative preferred,1,delete,transformed-partial,0,0,0,0,0,0,,,,,,,,1213,,,,,,,,0,0,0,0,0,0,delete,
org_uki_4.1Sal_d213_m100,organic food,UK,4.1,Knowledge Flows (social networks),annualised Google search frequency (index 100=monthly max.),Index 0-100,org,-0.65535,-0.22382,-4.0451,2007.5,-6.7055,109.13,48.241,2007.5,8172.5,0.92896,0.91643,8.0713,6.5095,0.91287,0.90319,8.939,7.2905,0.65422,0.6158,17.807,14.124,21,20,0.91637,0.010925,0.90544,21,19,3,0,1,1,0.85016,0,1,y,y,y,m,m,m,y,y,y,m,m,m,m,,,,downward,0,prefer,original,1,1,0,0,0,1,,,,,,,,1214,,,,,,,,1,1,0,0,0,1,,
org_uki_4.1Sal_d239_m153,organic food,UK,4.1,Knowledge Flows (social networks),Partial up to max annualised Google search frequency (index 100=monthly max.),Partial up to max Index 0-100,org,,,10.432,,,,,,-20817,,,,,,,,,1,1,1.7083e-12,1.2079e-12,2,2,,,,2,0,1,0,0,0,0.49698,0,1,n,n,y,y,y,y,m,m,y,n,n,n,n,,,,too few,0,hide,transformed-partial,0,0,0,0,0,0,,,,,,,,1215,,,,,,,,0,0,0,0,0,0,delete,
org_uki_4.5Inf_d157_m130,organic food,UK,4.5,Physical Infrastructure dependence,Organic area (farmland) [ha],ha,org,-0.11082,,-11603,2025.1,-39.654,7.3529e+05,,,2.3923e+07,0.69349,0.64509,52795,44213,,,,,0.65138,0.61652,56304,44747,23,23,1.008,0.62204,0.38597,23,20,4,0,1,0,0.96237,0,0,m,y,y,y,y,y,y,y,y,m,y,m,y,2,,,,0,,,1,1,0,0,0,1,,,,,,,,1216,,,,,,,,1,1,0,0,0,1,,
org_uki_4.5Inf_d158_m195,organic food,UK,4.5,Physical Infrastructure dependence,Organic area share of total farmland [%],%,org,-0.12357,0.00093692,-0.00063528,2025.3,-35.562,0.040853,1555.2,1.5747e+05,1.3113,0.67902,0.62833,0.0030259,0.0025096,-39.918,-44.01,0.034164,0.033743,0.62254,0.58479,0.0032813,0.0025761,23,23,1.0256,0.64132,0.3843,23,20,3,0,1,0,0.96263,1,1,m,y,y,y,y,y,y,y,y,m,y,,,,,,,,,,,,,,,,,,,,,,,,,,,,,,,,,,,,,,
pas_aus_1.1Ado_d339_m185,passive buildings,Austria,1.1,Adoption over time,share of building stock getting passive-bldg retrofits,market share,m5,1.0268,0.0010064,6.986e-05,2006.5,4.2799,0.0020654,1555.2,1.5747e+05,-0.13912,0.16244,0.053195,0.0020848,0.0011457,-0.32591,-0.4364,0.0026231,0.0013005,0.057054,-0.021525,0.0022121,0.0013401,27,20,5.3298,0.0074561,5.3223,27,9,26,1,0,1,0.34842,1,1,n,y,y,m,m,m,m,y,m,n,m,n,m,,,,noisy,0,prefer-relative,transformed-marketshare,0,1,0,1,0,0,,,,,,,,1226,,,,,,,,0,1,0,1,0,0,,
pas_aus_1.1Ado_d353_m186,passive buildings,Austria,1.1,Adoption over time,new passive buildings,# of new units,m5,0.90278,0.022943,19.65,2004.7,4.8677,762.85,1.0191,1738.1,-38967,0.373,0.29462,405.73,279.44,0.058853,-0.016439,497.09,406.07,0.095957,0.023634,487.19,390.6,28,27,2.7305,0.0013109,2.7292,27,10,26,1,0,1,0.89159,0,0,m,y,y,y,y,y,y,y,m,m,m,,,,,,,,,,,,,,,,,,,,,,,,,,,,,,,,,,,,,,
pas_aus_1.1Ado_d354_m187,passive buildings,Austria,1.1,Adoption over time,passive retrofits,# of retrofitted units,m5,0.9146,0.036212,9.4956,2007.1,4.8048,264.16,1.0655,1872.3,-18926,0.14146,0.034137,292.36,143.2,0.036219,-0.040883,309.76,173.66,0.059094,-0.016179,306.07,163.43,28,20,6.144,0.0075712,6.1364,27,9,26,1,0,1,0.29344,0,0,n,y,y,m,m,m,m,y,m,n,m,,,,,,,,,,,,,,,,,,,,,,,,,,,,,,,,,,,,,,
pas_aus_1.1Ado_d356_m192,passive buildings,Austria,1.1,Adoption over time,cumulative new passive buildings,cumulative # of new units,m5,0.38157,0.097069,686.03,2011.7,11.517,14762,0.00032475,1839.1,-1.3723e+06,0.99938,0.9993,143.12,106.16,0.8763,0.8664,2023,1834.7,0.92819,0.92244,1541.4,1342.1,28,28,0.98377,6.7743e-05,0.9837,28,1,27,0,0,1,0.944,0,0,y,y,y,y,y,y,y,y,y,y,y,,,,,,,,,,,,,,,,,,,,,,,,,,,,,,,,,,,,,,
pas_aus_1.1Ado_d357_m193,passive buildings,Austria,1.1,Adoption over time,cumulative passive retrofits,cumulative # of retrofitted units,m5,0.46963,0.11485,203.85,2013.3,9.3573,4457.7,0.000333,1878.2,-4.08e+05,0.98931,0.98797,182.94,111.53,0.87275,0.86257,631.08,558.48,0.86635,0.85566,646.76,581.58,28,27,0.97472,0.00044867,0.97428,27,0,26,0,0,1,0.93108,0,0,y,y,y,y,y,y,y,y,y,y,y,,,,,,,,,,,,,,,,,,,,,,,,,,,,,,,,,,,,,,
pas_aus_2.5Var_d353_m188,passive buildings,Austria,2.5,Choice availability,new passive buildings,# of new passive buildings,m5,-0.56521,-0.0096093,-0.52436,2017.6,-7.7748,43.418,59.577,1951.7,1087.9,0.27503,0.18441,22.686,17.174,0.015893,-0.062836,26.431,22.516,0.025272,-0.052706,26.305,22.19,28,27,1.9347,0.023032,1.9116,27,17,26,1,0,1,0.96995,0,1,n,y,y,y,y,y,y,y,m,n,m,,,,,,,,,,,,,,,,,,,,,,,,,,,,,,,,,,,,,,
pas_aus_2.5Var_d354_m189,passive buildings,Austria,2.5,Choice availability,passive retrofits,# of retrofitted buildings,m5,1.3709,0.016503,0.1705,2005.4,3.2054,5.8195,1552.4,1.5775e+05,-338.79,0.33138,0.2478,3.5846,2.2036,-0.75987,-0.90066,5.8156,3.8214,0.098698,0.026594,4.1619,3.1449,28,20,2.9212,0.17184,2.7494,27,14,26,1,0,1,0.75502,0,1,m,y,y,m,m,m,y,y,m,m,m,,,,,,,,,,,,,,,,,,,,,,,,,,,,,,,,,,,,,,
pas_aus_2.9Int_d353_m190,passive buildings,Austria,2.9,Inter-dependence (with hardware),new passive buildings,new floorspace (m2?),m5,0.91268,0.019534,1376.2,2004,4.8149,60860,10.278,1582.9,-2.7225e+06,0.36938,0.29055,31607,21654,0.047974,-0.028188,38835,32536,0.078009,0.0042498,38217,31657,28,27,2.6647,0.0029576,2.6618,27,10,26,1,0,1,0.90129,0,0,m,y,y,y,y,y,y,y,m,m,m,,,,,,,,,,,,,,,,,,,,,,,,,,,,,,,,,,,,,,
pas_aus_2.9Int_d354_m191,passive buildings,Austria,2.9,Inter-dependence (with hardware),passive retrofits,retrofitted floorspace (m2 ?),m5,1.2945,0.035091,502.86,2005.8,3.3947,14026,0.59499,1736.1,-1.0016e+06,0.33551,0.25245,8926.1,5687.6,0.087501,0.014501,10460,8323.7,0.13761,0.068617,10169,7630.5,28,20,2.6042,0.012834,2.5914,27,5,26,1,0,1,0.67559,0,0,m,y,y,m,m,m,m,y,m,m,m,,,,,,,,,,,,,,,,,,,,,,,,,,,,,,,,,,,,,,
pas_aus_4.1Sal_d213_m100,passive buildings,Austria,4.1,Knowledge Flows (social networks),annualised Google search frequency (index 100=monthly max.),Index 0-100,m5,28.266,0.064268,0.84805,2014.3,0.15547,17.9,7.8026,2013.1,-1699.5,0.11405,-0.042289,24.916,13.638,0.025457,-0.082825,26.132,15.338,0.037633,-0.069297,25.968,14.778,21,2,5.5866,4.4134,1.1732,7,6,0,0,0,1,0,0,1,n,n,m,m,m,m,m,y,m,n,n,n,n,,,,too few,0,hide,original,0,0,0,0,0,0,,,,,,,,1227,,,,,,,,0,0,0,0,0,0,delete,
pas_aus_4.1Sal_d239_m153,passive buildings,Austria,4.1,Knowledge Flows (social networks),Partial up to max annualised Google search frequency (index 100=monthly max.),Partial up to max Index 0-100,m5,17.685,,3.8462,2015,0.24848,328.08,,,-7720.5,1,1,8.6688e-07,2.5855e-07,,,,,0.23077,0.059829,24.241,16.453,12,1,0.3048,0.3048,0,1,0,0,0,0,,,0,1,y,n,m,m,m,m,m,m,m,n,n,n,n,,,,too few,0,prefer,transformed-partial,0,0,0,0,0,1,,,,,,,,1228,,,,,,,,0,0,0,0,0,1,,
pas_bel_1.1Ado_d339_m185,passive buildings,Belgium,1.1,Adoption over time,share of building stock getting passive-bldg retrofits,market share,m5,-49.357,-0.0026563,-1.6361e-08,2010.8,-0.089034,5.7357e-06,0.0015539,-346.17,3.5861e-05,0.050213,-0.073672,1.2464e-05,5.0985e-06,4.9827e-05,-0.083279,1.2789e-05,5.5067e-06,9.9287e-05,-0.083226,1.2789e-05,5.5051e-06,27,2,11.664,2.3362,9.3275,3,0,2,0,0,1,0,1,1,n,n,m,m,y,m,m,y,m,n,n,n,n,,,,,0,prefer-relative,transformed-marketshare,0,0,0,1,0,0,,,,,,,,1237,,,,,,,,0,0,0,1,0,0,,
pas_bel_1.1Ado_d353_m186,passive buildings,Belgium,1.1,Adoption over time,new passive buildings,# of new units,m5,10.245,-0.0098067,-0.059219,2024,0.42895,-0.0001195,3.2048,2010.5,122.25,-0.12069,-0.26687,9.8187,3.2222,0.0013223,-0.081901,9.2688,4.8415,0.0024731,-0.080654,9.2635,4.8263,27,9,-3.3474e+05,-8368.5,-3.2637e+05,12,5,4,1,1,1,0.14253,0,1,n,y,y,m,m,m,m,m,m,n,m,,,,,,,,,,,,,,,,,,,,,,,,,,,,,,,,,,,,,,
pas_bel_1.1Ado_d354_m187,passive buildings,Belgium,1.1,Adoption over time,passive retrofits,# of retrofitted units,m5,-46.977,-0.0027568,-0.002442,2010.9,-0.093545,0.85714,0.44332,2010.9,5.3529,0.050193,-0.073695,1.863,0.76193,4.976e-05,-0.083279,1.9116,0.82297,9.9e-05,-0.083226,1.9115,0.82268,27,2,11.667,2.3333,9.3333,3,0,2,0,0,1,0,0,1,n,n,m,m,y,m,m,y,m,n,n,,,,,,,,,,,,,,,,,,,,,,,,,,,,,,,,,,,,,,
pas_bel_1.1Ado_d356_m192,passive buildings,Belgium,1.1,Adoption over time,cumulative new passive buildings,cumulative # of new units,m5,0.55372,0.074773,4.5855,2008.5,7.9363,88.271,0.40499,1947.5,-9168.1,0.97096,0.96717,6.5513,4.1124,0.71887,0.69544,20.383,17.115,0.86312,0.85171,14.223,11.404,27,19,0.98561,0.033986,0.95162,19,7,18,1,0,1,0.95107,0,1,y,y,y,y,y,y,y,y,y,y,y,,,,,,,,,,,,,,,,,,,,,,,,,,,,,,,,,,,,,,
pas_bel_1.1Ado_d357_m193,passive buildings,Belgium,1.1,Adoption over time,cumulative passive retrofits,cumulative # of retrofitted units,m5,6.5142,0.081544,0.663,2009.2,0.67459,12.006,10.516,2017.8,-1326.3,0.9957,0.99514,0.38456,0.08026,0.64763,0.61827,3.4807,3.1621,0.77564,0.75694,2.7774,2.3567,27,16,0.99948,0.16658,0.8329,16,13,15,1,0,1,0.93874,0,1,y,y,y,y,y,y,y,y,y,y,y,,,,,,,,,,,,,,,,,,,,,,,,,,,,,,,,,,,,,,
pas_bel_2.5Var_d353_m188,passive buildings,Belgium,2.5,Choice availability,new passive buildings,# of new passive buildings,m5,70.021,-0.0081715,-0.01221,2004.1,0.062759,1.1579,6.9291,1748,25.357,0.16382,0.054751,1.1945,0.8694,0.0028953,-0.080197,1.3044,1.0848,0.0053002,-0.077591,1.3028,1.081,27,9,4.3182,0.86364,3.4545,12,5,4,1,1,1,0.65625,0,1,n,y,y,m,m,m,m,y,m,n,m,,,,,,,,,,,,,,,,,,,,,,,,,,,,,,,,,,,,,,
pas_bel_2.5Var_d354_m189,passive buildings,Belgium,2.5,Choice availability,passive retrofits,# of retrofitted buildings,m5,-47.448,-0.011158,-0.002442,2010.8,-0.092615,0.21429,6.2857,1648.3,5.0195,0.066327,-0.055457,0.40172,0.19048,0.0010653,-0.082179,0.41552,0.20599,0.0020931,-0.081066,0.4153,0.2054,27,2,9.3333,4.6667,4.6667,3,2,0,0,0,1,0,0,1,n,n,m,m,y,m,m,y,m,n,n,,,,,,,,,,,,,,,,,,,,,,,,,,,,,,,,,,,,,,
pas_bel_2.9Int_d353_m190,passive buildings,Belgium,2.9,Inter-dependence (with hardware),new passive buildings,new floorspace (m2?),m5,2.9487,-0.009073,-6.6007,2025.9,1.4903,0.022701,674.57,1947.5,13650,-0.16459,-0.31649,1017.7,382.59,0.0015673,-0.081635,942.32,552.01,0.0029721,-0.080114,941.65,548.86,27,9,1.8691e+05,5902.8,1.8101e+05,12,5,4,1,1,1,0.18633,0,0,n,y,y,m,m,m,m,y,m,n,m,,,,,,,,,,,,,,,,,,,,,,,,,,,,,,,,,,,,,,
pas_bel_2.9Int_d354_m191,passive buildings,Belgium,2.9,Inter-dependence (with hardware),passive retrofits,retrofitted floorspace (m2 ?),m5,-42.397,-0.0097915,-1.381,2010.8,-0.10365,138,139.12,1942.1,2847.3,0.072017,-0.049025,247.52,122.67,0.0008904,-0.082369,256.83,132.61,0.0017524,-0.081435,256.72,132.31,27,2,8.1957,5.8043,2.3913,3,2,0,0,0,1,0,0,0,n,n,m,m,y,m,m,y,m,n,n,,,,,,,,,,,,,,,,,,,,,,,,,,,,,,,,,,,,,,
pas_bel_4.1Sal_d213_m100,passive buildings,Belgium,4.1,Knowledge Flows (social networks),annualised Google search frequency (index 100=monthly max.),Index 0-100,m5,-43.397,-0.048426,-1.1688,2005.8,-0.10126,50,22.998,650.23,2358.8,0.475,0.38235,15.43,4.762,-0.05,-0.16667,21.822,4.7619,0.11045,0.011616,20.085,10.357,21,1,2,2,0,1,0,0,0,0,,,0,1,m,n,m,m,m,m,m,m,m,n,n,n,n,,,,too few,0,hide,original,0,0,0,0,0,0,,,,,,,,1238,,,,,,,,0,0,0,0,0,0,delete,
pas_bel_4.1Sal_d239_m153,passive buildings,Belgium,4.1,Knowledge Flows (social networks),Partial up to max annualised Google search frequency (index 100=monthly max.),Partial up to max Index 0-100,m5,,,100,,,,,,-2.004e+05,,,,,,,,,1,1,0,0,2,1,,,,1,0,0,0,0,,,0,1,n,n,y,m,m,m,m,m,y,n,n,n,n,,,,too few,0,prefer,transformed-partial,0,0,0,0,0,1,,,,,,,,1239,,,,,,,,0,0,0,0,0,1,,
pas_ger_1.1Ado_d339_m185,passive buildings,Germany,1.1,Adoption over time,share of building stock getting passive-bldg retrofits,market share,m5,4.3249,,-3.8791e-07,1992.5,1.0161,2.8612e-05,,,0.00080837,4.4409e-16,-0.17647,3.5831e-05,2.8422e-05,,,,,0.0046132,-0.10599,3.5749e-05,2.8163e-05,21,21,5.0787,0.057668,5.021,22,10,14,1,1,1,0.60866,1,1,n,y,y,m,m,m,m,y,m,n,m,n,m,,,,,0,prefer-relative,transformed-marketshare,0,1,1,1,0,0,,,,,,,,1248,,,,,,,,0,1,1,1,0,0,,
pas_ger_1.1Ado_d353_m186,passive buildings,Germany,1.1,Adoption over time,new passive buildings,# of new units,m5,9.9605,-0.0063729,-5.011,1993.9,0.44119,467.67,874.47,1911.7,10540,1.4433e-15,-0.13043,684.62,389.93,0.0019366,-0.081235,683.95,390.39,0.0032501,-0.079812,683.5,389.93,27,27,7.7534,0.010691,7.7427,27,13,0,1,0,1,0.53553,0,0,n,y,y,y,m,m,m,y,m,n,m,,,,,,,,,,,,,,,,,,,,,,,,,,,,,,,,,,,,,,
pas_ger_1.1Ado_d354_m187,passive buildings,Germany,1.1,Adoption over time,passive retrofits,# of retrofitted units,m5,27.721,-0.0080462,-0.40442,2004,0.15853,38.062,50.549,1947,843.38,0.12844,-0.025359,35.916,25.673,0.00263,-0.10819,38.421,29.961,0.0043497,-0.10628,38.388,29.826,21,21,4.2299,0.052545,4.1773,22,10,20,1,0,1,0.58104,0,0,n,y,y,m,m,m,m,y,m,n,m,,,,,,,,,,,,,,,,,,,,,,,,,,,,,,,,,,,,,,
pas_ger_1.1Ado_d356_m192,passive buildings,Germany,1.1,Adoption over time,cumulative new passive buildings,cumulative # of new units,m5,0.4145,0.076368,623.74,2009.2,10.602,12830,0.0020105,1814.8,-1.2469e+06,0.99179,0.99072,458.22,325.68,0.80743,0.79138,2219,2066.4,0.92306,0.91665,1402.6,1252.9,27,27,0.9842,0.0045987,0.9796,27,0,26,0,0,1,0.95454,0,0,y,y,y,y,y,y,y,y,y,y,y,,,,,,,,,,,,,,,,,,,,,,,,,,,,,,,,,,,,,,
pas_ger_1.1Ado_d357_m193,passive buildings,Germany,1.1,Adoption over time,cumulative passive retrofits,cumulative # of retrofitted units,m5,0.53262,0.087269,38.518,2008.9,8.2507,629.71,0.0166,1897.4,-77080,0.99453,0.99357,18.658,13.329,0.77229,0.74699,120.39,110.42,0.91745,0.90828,72.489,63.395,21,21,1.0147,0.0031761,1.0116,22,0,20,0,0,1,0.94077,0,0,y,y,y,y,y,y,y,y,y,y,y,,,,,,,,,,,,,,,,,,,,,,,,,,,,,,,,,,,,,,
pas_ger_2.5Var_d353_m188,passive buildings,Germany,2.5,Choice availability,new passive buildings,# of new passive buildings,m5,-0.971,-0.021968,-2.7973,2015.9,-4.5257,114.08,95.619,2003.4,5705.9,0.57043,0.5144,37.926,26.736,0.093422,0.017873,55.096,47.944,0.14177,0.070254,53.607,45.743,27,27,1.6656,0.017532,1.648,27,14,0,1,0,1,0.97237,0,0,m,y,y,y,y,y,y,y,m,m,m,,,,,,,,,,,,,,,,,,,,,,,,,,,,,,,,,,,,,,
pas_ger_2.5Var_d354_m189,passive buildings,Germany,2.5,Choice availability,passive retrofits,# of retrofitted buildings,m5,0.84633,-0.0009697,-0.006105,2002.1,5.1924,4.6522,3.8186,1978.5,15.975,0.16303,0.05386,3.5547,2.753,8.8202e-05,-0.083238,3.8854,3.1807,0.00014977,-0.083171,3.8852,3.1793,27,21,2.7944,0.21495,2.5794,22,10,18,1,1,1,0.8162,0,1,n,y,y,m,m,m,y,y,m,n,m,,,,,,,,,,,,,,,,,,,,,,,,,,,,,,,,,,,,,,
pas_ger_2.9Int_d353_m190,passive buildings,Germany,2.9,Inter-dependence (with hardware),new passive buildings,new floorspace (m2?),m5,0.54559,0.001096,80.544,2000.4,8.0545,58701,1840.6,-1002.2,-1.1193e+05,0.16338,0.054252,33640,26117,0.00019607,-0.083121,36775,31255,0.00029096,-0.083018,36773,31222,27,27,2.2159,0.063423,2.1525,27,10,0,1,0,1,0.91813,0,0,n,y,y,m,m,m,y,y,m,n,m,,,,,,,,,,,,,,,,,,,,,,,,,,,,,,,,,,,,,,
pas_ger_2.9Int_d354_m191,passive buildings,Germany,2.9,Inter-dependence (with hardware),passive retrofits,retrofitted floorspace (m2 ?),m5,0.92478,0.0056503,38.197,2004.6,4.7519,5223,92.291,1342.1,-72758,0.12832,-0.025507,4596.3,3607.2,0.0014129,-0.10954,4919.5,4046.2,0.0023695,-0.10848,4917.2,4048.7,21,21,2.9776,0.031783,2.9458,22,8,3,1,1,1,0.57636,0,0,n,y,y,m,m,m,m,y,m,n,m,,,,,,,,,,,,,,,,,,,,,,,,,,,,,,,,,,,,,,
pas_ger_4.1Sal_d213_m100,passive buildings,Germany,4.1,Knowledge Flows (social networks),annualised Google search frequency (index 100=monthly max.),Index 0-100,m5,-57.42,-0.013672,-0.12987,2013.9,-0.076532,10,6.6229,1989.9,266.32,0.055,-0.11176,20.702,8.5716,0.00068839,-0.11035,21.289,9.0804,0.0013636,-0.1096,21.281,9.0579,21,1,10,10,0,1,0,0,0,0,,,0,1,n,n,m,m,m,m,m,m,m,n,n,n,n,,,,too few,0,hide,original,0,0,0,0,0,0,,,,,,,,1249,,,,,,,,0,0,0,0,0,0,delete,
pas_ger_4.1Sal_d239_m153,passive buildings,Germany,4.1,Knowledge Flows (social networks),Partial up to max annualised Google search frequency (index 100=monthly max.),Partial up to max Index 0-100,m5,17.011,,5.4545,2013.1,0.25833,366.17,,,-10945,1,1,1.7822e-06,5.7589e-07,,,,,0.27273,0.064935,25.584,18.545,10,1,0.2731,0.2731,0,1,0,0,0,0,,,0,1,y,n,y,m,m,m,m,m,m,n,n,n,n,,,,too few,0,prefer,transformed-partial,0,0,0,0,1,1,,,,,,,,1250,,,,,,,,0,0,0,0,1,1,,
pas_glo_1.1Ado_d353_m186,passive buildings,Global,1.1,Adoption over time,new passive buildings,# of new units,m5,0.74336,0.037242,66.361,2005.2,5.9116,2006.5,0.58912,1804.4,-1.3205e+05,0.59968,0.55965,706.17,404.25,0.2329,0.18341,977.53,748.51,0.34027,0.29771,906.54,616.62,34,30,2.3265,0.00049839,2.326,34,14,28,1,1,1,0.89995,0,0,m,y,y,y,m,m,y,y,y,m,m,,,,,,,,,,,,,,,,,,,,,,,,,,,,,,,,,,,,,,
pas_glo_1.1Ado_d354_m187,passive buildings,Global,1.1,Adoption over time,passive retrofits,# of retrofitted units,m5,0.85233,0.042333,12.21,2006.8,5.1558,347.23,0.73253,1878,-24329,0.25334,0.17867,274.4,127.27,0.09533,0.036964,302.04,178.58,0.14229,0.086951,294.1,160.08,34,28,4.942,0.00288,4.9391,32,10,31,1,0,1,0.45113,0,0,n,y,y,m,m,m,m,y,m,n,m,,,,,,,,,,,,,,,,,,,,,,,,,,,,,,,,,,,,,,
pas_glo_1.1Ado_d356_m192,passive buildings,Global,1.1,Adoption over time,cumulative new passive buildings,cumulative # of new units,m5,0.29057,0.096431,1433.6,2012.9,15.123,41188,0.00036834,1830,-2.8639e+06,0.99856,0.99842,563.13,452.3,0.92173,0.91668,4158.5,3832.1,0.89542,0.88867,4806.8,4151.8,34,34,0.96804,9.7115e-05,0.96794,34,0,33,0,0,1,0.94132,0,0,y,y,y,y,y,y,y,y,y,y,y,,,,,,,,,,,,,,,,,,,,,,,,,,,,,,,,,,,,,,
pas_glo_1.1Ado_d357_m193,passive buildings,Global,1.1,Adoption over time,cumulative passive retrofits,cumulative # of retrofitted units,m5,0.39091,0.10799,222.81,2013.7,11.241,6301.6,0.00057753,1872,-4.4529e+05,0.99515,0.99466,166.96,97.848,0.90064,0.89423,755.39,653.73,0.83204,0.8212,982.14,893.7,34,32,0.98261,0.00015869,0.98245,32,0,31,0,0,1,0.93557,0,0,y,y,y,y,y,y,y,y,y,y,y,,,,,,,,,,,,,,,,,,,,,,,,,,,,,,,,,,,,,,
pas_glo_2.5Var_d353_m188,passive buildings,Global,2.5,Choice availability,new passive buildings,# of new passive buildings,m5,0.61934,0.028523,6.5106,2000.7,7.0954,222.77,2.0195,1855.9,-12914,0.74821,0.72303,52.492,32.854,0.25913,0.21133,90.042,77.175,0.37282,0.33236,82.845,67.608,34,30,1.4006,0.004489,1.3961,34,13,33,1,0,1,0.98379,0,0,y,y,y,y,y,y,y,y,y,y,y,,,,,,,,,,,,,,,,,,,,,,,,,,,,,,,,,,,,,,
pas_glo_2.5Var_d354_m189,passive buildings,Global,2.5,Choice availability,passive retrofits,# of retrofitted buildings,m5,0.70975,0.046556,0.86249,2006.4,6.1916,23.43,5.9759,1992.3,-1718.7,0.74894,0.72383,5.9619,4.0116,0.3689,0.32818,9.4524,8.1206,0.50573,0.47385,8.3652,6.4967,34,28,1.5365,0.042681,1.4938,32,6,31,1,0,1,0.94633,0,1,y,y,y,y,y,y,y,y,y,y,y,,,,,,,,,,,,,,,,,,,,,,,,,,,,,,,,,,,,,,
pas_glo_2.9Int_d353_m190,passive buildings,Global,2.9,Inter-dependence (with hardware),new passive buildings,new floorspace (m2?),m5,0.52926,0.042078,7206.4,2004.9,8.303,2.0231e+05,0.18048,1690.2,-1.4348e+07,0.72261,0.69487,52676,30501,0.36195,0.32078,79891,64552,0.49969,0.46741,70744,48703,34,30,1.5732,0.00077109,1.5724,34,12,33,1,0,1,0.95802,0,0,y,y,y,y,m,m,y,y,y,m,m,,,,,,,,,,,,,,,,,,,,,,,,,,,,,,,,,,,,,,
pas_glo_2.9Int_d354_m191,passive buildings,Global,2.9,Inter-dependence (with hardware),passive retrofits,retrofitted floorspace (m2 ?),m5,0.92237,0.040426,842.74,2006.1,4.7643,24295,0.25961,1740,-1.6785e+06,0.52528,0.47781,10544,6129.5,0.19684,0.14502,13715,11085,0.2919,0.24621,12877,9272.7,34,28,2.3769,0.0043631,2.3726,32,10,31,1,0,1,0.81255,0,0,m,y,y,m,m,m,y,y,m,m,m,,,,,,,,,,,,,,,,,,,,,,,,,,,,,,,,,,,,,,
pas_glo_3.3Sci_d235_m020,passive buildings,Global,3.3,Risk & Uncertainty (Shared Expectations),scientific publications,# publications,m5,0.37764,0.086632,3.5219,2011.6,11.637,188.52,0.31563,1947.8,-6987.2,0.97317,0.97159,11.215,6.679,0.86517,0.85998,25.141,18.009,0.66676,0.65395,39.524,34.142,55,43,1.0715,0.0053046,1.0662,47,6,46,1,0,1,0.95894,0,0,y,y,y,y,y,y,y,y,y,y,y,y,y,,,,"good; only available global, apply to all EA regions",0,,,1,1,0,0,1,1,,,,,,,,1251,,,,,,,,1,1,0,0,1,1,,
pas_glo_4.3Com_d355_m010,passive buildings,Global,4.3,Compatibility,countries with passive buildings,# countries,m5,0.2946,0.061785,1.5977,2007.3,14.917,42.886,1.9013,1970.1,-3185.3,0.98968,0.98865,1.6573,1.3611,0.8229,0.81147,6.8661,6.013,0.92298,0.91801,4.5281,3.7924,34,34,0.95602,0.023318,0.9327,34,11,33,1,0,0,0.9647,0,1,y,y,y,y,y,y,y,y,y,y,y,,,,,,,,,,,,,,,,,,,,,,,,,,,,,,,,,,,,,,
pas_ire_1.1Ado_d064_m145,passive buildings,Ireland,1.1,Adoption over time,Building Energy Rating issuances,number of A1 rated buildings certificates,m5,6.2895,0.49855,226.94,2022,0.6987,3610.3,5.2843e-11,1959.9,-4.5718e+05,0.99354,0.99161,101.47,62.09,0.88115,0.85954,435.41,259.44,0.52469,0.43828,870.71,716.44,14,13,1.0359,0.00027699,1.0357,14,1,13,0,0,1,0.6741,0,0,y,y,y,m,y,m,m,y,y,m,m,m,m,1,,,,0,,original,1,1,0,0,0,0,,,,,,,,1254,,,,,,,,1,1,0,0,0,0,delete,
pas_ire_1.1Ado_d292_m179,passive buildings,Ireland,1.1,Adoption over time,cumulative Building Energy Rating issuances,cumulative number of A1 rated buildings certificates,m5,1.4698,0.68525,467.05,2023,2.9899,11436,1.8793e-15,1961.1,-9.4093e+05,0.99932,0.99911,70.841,41.31,0.983,0.97991,353.56,207.35,0.48198,0.38779,1951.9,1573.8,14,14,0.81966,8.744e-05,0.81957,14,0,13,0,0,1,0.54456,0,0,y,y,y,m,y,m,m,y,y,m,m,m,m,,,,,0,,transformed-cumulative,1,1,0,2,0,0,,,,,,,,1255,,,,,,,,1,1,0,0,0,0,delete,
pas_ire_4.1Sal_d213_m100,passive buildings,Ireland,4.1,Knowledge Flows (social networks),annualised Google search frequency (index 100=monthly max.),Index 0-100,m5,16.215,0.12314,1.2987,2024,0.27102,322.94,1518.4,1.6116e+05,-2610.8,1,1,2.8707e-06,6.4305e-07,-0.05,-0.16667,21.822,4.7619,0.13636,0.040404,19.791,10.719,21,1,0.30965,0.30965,0,1,0,0,0,0,,,0,1,y,n,m,m,m,m,m,m,m,n,n,n,n,,,,too few,0,hide,original,0,0,0,0,0,0,,,,,,,,1256,,,,,,,,0,0,0,0,0,0,delete,
pas_ire_4.1Sal_d239_m153,passive buildings,Ireland,4.1,Knowledge Flows (social networks),Partial up to max annualised Google search frequency (index 100=monthly max.),Partial up to max Index 0-100,m5,16.215,0.12314,1.2987,2024,0.27102,322.94,1518.4,1.6116e+05,-2610.8,1,1,2.8707e-06,6.4305e-07,-0.05,-0.16667,21.822,4.7619,0.13636,0.040404,19.791,10.719,21,1,0.30965,0.30965,0,1,0,0,0,0,,,0,1,y,n,m,m,m,m,m,m,m,n,n,n,n,,,,too few,0,prefer,transformed-partial,0,0,0,0,0,1,,,,,,,,1257,,,,,,,,0,0,0,0,0,1,,
per_bra_1.1Adod_m_0,Personal computer,Brazil,1.1,Adoption over Time,Households with a computer,%,per,0.35413,0.036565,1.5019,2005.3,12.409,44.934,2.2844,1938.2,-2987,0.89524,0.8787,3.997,3.5468,0.5534,0.50874,8.2528,7.1791,0.65077,0.61585,7.2979,6.3358,23,23,1.1236,0.28041,0.84316,23,9,22,1,0,0,0.9668,0,1,y,y,y,y,y,y,y,y,y,y,y,,,,,,,,,,,,,,,,,,,,,,,,,,,,,,,,,,,,,,
per_ger_1.1Adod_m_0,Personal computer,Germany,1.1,Adoption over Time,Households with a computer,%,per,0.25054,0.029051,2.3857,1999.6,17.54,91.859,1.7438,1878.2,-4714.1,0.99209,0.9904,1.1802,0.86215,0.82234,0.79865,5.5936,4.4183,0.86989,0.85255,4.7868,3.772,18,18,0.99464,0.51492,0.47972,18,1,17,0,0,0,0.95422,0,1,y,y,y,y,y,y,y,y,y,y,y,,,,,,,,,,,,,,,,,,,,,,,,,,,,,,,,,,,,,,
per_ita_1.1Adod_m_0,Personal computer,Italy,1.1,Adoption over Time,Households with a computer,%,per,0.24035,0.022109,1.4009,2000.9,18.284,68.398,3.1365,1879.6,-2759.3,0.93189,0.92114,2.8314,2.4162,0.69842,0.66827,5.9582,4.471,0.75015,0.72516,5.4232,4.1505,23,23,1.0402,0.42984,0.61032,24,10,22,1,0,0,0.96497,0,1,y,y,y,y,y,y,y,y,y,y,y,,,,,,,,,,,,,,,,,,,,,,,,,,,,,,,,,,,,,,
per_jap_1.1Adod_m_0,Personal computer,Japan,1.1,Adoption over Time,Households with a computer,%,per,0.85215,0.003936,0.32249,1999.5,5.1569,79.516,17.596,1636.8,-571.76,0.781,0.74642,3.759,3.2279,0.066437,-0.026919,7.761,5.8095,0.070924,-0.021984,7.7423,5.8422,23,23,1.0966,0.63509,0.46153,23,13,22,1,0,0,0.96842,0,1,y,y,y,y,y,y,y,y,m,y,m,,,,,,,,,,,,,,,,,,,,,,,,,,,,,,,,,,,,,,
per_net_1.1Adod_m_0,Personal computer,Netherlands,1.1,Adoption over Time,Households with a computer,%,per,0.3182,0.013256,1.1968,1999.1,13.81,92.331,7.1756,1823.1,-2320,0.90161,0.88053,2.4976,2.2437,0.5806,0.52468,5.1566,4.677,0.60809,0.55583,4.9847,4.5634,18,18,1.0307,0.74731,0.28343,18,6,17,1,0,0,0.95109,0,1,y,y,y,y,y,y,y,y,y,y,y,,,,,,,,,,,,,,,,,,,,,,,,,,,,,,,,,,,,,,
per_nig_1.1Adod_m_0,Personal computer,Nigeria,1.1,Adoption over Time,Households with a computer,%,per,0.75876,0.024961,0.26158,2004.5,5.7916,6.598,1550.5,1.5793e+05,-520.35,0.68801,0.59441,1.3112,0.83894,-4.7995,-5.8539,5.653,5.1425,0.27934,0.14831,1.9927,1.612,14,14,1.2731,0.075781,1.1973,17,2,13,1,0,1,0.88628,0,1,m,y,y,y,y,y,y,y,m,m,m,,,,,,,,,,,,,,,,,,,,,,,,,,,,,,,,,,,,,,
per_por_1.1Adod_m_0,Personal computer,Portugal,1.1,Adoption over Time,Households with a computer,%,per,0.20661,0.055183,3.047,2004.2,21.27,77.554,0.67821,1930.6,-6068,0.98653,0.98365,1.8705,1.3623,0.90624,0.89374,4.9357,4.0447,0.96183,0.95674,3.149,2.6833,18,18,0.92182,0.29347,0.62835,18,0,17,0,0,0,0.94466,0,1,y,y,y,y,y,y,y,y,y,y,y,,,,,,,,,,,,,,,,,,,,,,,,,,,,,,,,,,,,,,
per_sou_1.1Adod_m_0,Personal computer,South Korea,1.1,Adoption over Time,Households with a computer,%,per,-0.12018,-0.0018267,-0.14481,2045.9,-36.567,79.531,129.35,1733.3,369.12,0.13378,0.0038493,3.289,2.6675,0.078997,-0.0087171,3.3914,2.7816,0.080468,-0.0071065,3.3887,2.7782,24,24,1.0349,0.89273,0.14215,24,11,23,1,0,0,0.96134,0,1,n,y,y,y,y,y,y,m,m,n,m,,,,,,,,,,,,,,,,,,,,,,,,,,,,,,,,,,,,,,
per_swe_1.1Adod_m_0,Personal computer,Sweden,1.1,Adoption over Time,Households with a computer,%,per,0.26655,0.018372,1.5861,1997.1,16.487,91.328,4.8573,1853.8,-3101.9,0.95364,0.94294,1.8892,1.6653,0.75291,0.71761,4.3614,3.4737,0.78425,0.75342,4.0755,3.2934,17,17,1.0105,0.65588,0.35466,17,4,16,1,0,0,0.95095,0,1,y,y,y,y,y,y,y,y,y,y,y,,,,,,,,,,,,,,,,,,,,,,,,,,,,,,,,,,,,,,
per_uki_1.1Adod_m_0,Personal computer,United Kingdom,1.1,Adoption over Time,Households with a computer,%,per,0.26386,0.033289,2.6544,2000.4,16.654,90.335,1.2594,1886.2,-5256.4,0.9828,0.97911,1.9358,1.5495,0.81766,0.79335,6.3023,4.9155,0.87059,0.85333,5.3095,4.2039,18,18,0.99426,0.42066,0.5736,18,2,17,1,0,0,0.95511,0,1,y,y,y,y,y,y,y,y,y,y,y,,,,,,,,,,,,,,,,,,,,,,,,,,,,,,,,,,,,,,
per_usa_1.1Adod_m_0,Personal computer,United States,1.1,Adoption over Time,Households with a computer,%,per,0.15602,0.02135,1.5939,1997.2,28.166,86.058,3.0882,1862.2,-3130.7,0.98124,0.97772,1.3136,0.88697,0.88952,0.87653,3.1876,2.5611,0.91846,0.90886,2.7386,2.226,20,20,0.97353,0.59262,0.38091,20,6,19,1,0,0,0.95467,0,1,y,y,y,y,y,y,y,y,y,y,y,,,,,,,,,,,,,,,,,,,,,,,,,,,,,,,,,,,,,,
pod_usa_1.1Ado_d367_m195,podcasting,United States,1.1,Adoption over Time,Share of Population,%,h20,0.38583,0.0031736,0.023333,2007.8,11.39,0.33263,1554.6,1.5752e+05,-46.681,0.96874,0.96513,0.012184,0.010312,-11.236,-12.143,0.24106,0.231,0.94581,0.9418,0.016042,0.014667,30,30,0.9921,0.3307,0.6614,10,2,29,0,0,0,0.96277,1,1,y,y,y,y,y,y,y,y,y,y,y,,,,,,,,,,,,,,,,,,,,,,,,,,,,,,,,,,,,,,
pos_glo_3.3Sci_d235_m020,postage stamps,Global,3.3,Risk & Uncertainty (Shared Expectations),scientific publications,# publications,s8,0.065903,0.041699,0.55722,2015.8,66.681,50.288,5.6565,1980.8,-1099.2,0.77679,0.76366,4.8472,3.5091,0.7655,0.75648,4.9683,3.6578,0.7433,0.73343,5.1982,3.81,55,54,0.99428,0.019886,0.97439,54,3,52,0,0,1,0.90709,0,1,y,y,y,y,y,y,y,y,y,y,y,y,y,,,,"good; only available global, apply to all EA regions",0,,,1,1,0,0,1,1,,,,,,,,1258,,,,,,,,1,1,0,0,1,1,,
pos_uki_1.1Ado_d130_m095,postage stamps,UK,1.1,Adoption over time,No. of letters posted via Royal Mail (excludes parcels),Billion letters,s8,0.016874,0.016265,0.13337,2161,260.43,325.65,11.335,1964.3,-249.73,0.92837,0.9259,1.3834,1.1026,0.92833,0.9267,1.3838,1.1041,0.85053,0.84713,1.9984,1.5536,91,91,0.062029,0.0002518,0.061778,163,5,90,0,0,1,0.98801,0,1,y,y,y,y,y,y,y,m,y,m,y,m,y,1,,,,0,,,1,1,2,2,0,0,,,,,,,,1259,,,,,,,,1,1,0,0,0,0,delete,
pos_uki_1.1Ado_d130_m105,postage stamps,UK,1.1,Adoption over time,No. of letters posted via Royal Mail (excludes parcels),Letters per capita,s8,0.063579,0.026981,1.4999,1889.8,69.118,139.27,3.8444,1788.4,-2762.3,0.99309,0.98964,3.4851,2.8704,0.93923,0.92187,10.337,9.3857,0.96112,0.95001,8.2688,6.639,10,10,0.84011,0.022259,0.81785,82,0,9,0,0,1,0.81936,0,0,y,y,y,y,y,y,y,y,y,y,y,y,y,1,,,,0,,,1,1,0,0,0,0,,,,,,,,1260,,,,,,,,1,1,0,0,0,0,delete,
pos_uki_2.1Lea_d071_m112,postage stamps,UK,2.1,Learning,Costs of a standard letter,Nominal cost (uninflated),s8,0.086199,0.042184,0.13116,1991.2,50.98,40.816,15.303,1987.7,-246.67,0.97579,0.97536,1.3975,1.2124,0.96282,0.96238,1.7319,1.2698,0.52562,0.52001,6.1866,5.0646,172,172,0.95551,0.0245,0.93101,172,0,171,0,0,0,0.95929,0,1,y,y,y,y,y,y,y,y,y,y,y,y,y,1,,,,0,,,1,1,0,0,1,1,,,,,,,,1261,,,,,,,,1,1,0,0,1,1,,
pos_uki_2.2Rel_d125_m151,postage stamps,UK,2.2,Relative Advantage [Profitability]:,Net Revenue,£,s8,0.035951,0.024812,55582,1909.4,122.23,8.9393e+06,7.7291,1373.5,-1.0195e+08,0.92416,0.92071,3.5858e+05,2.7998e+05,0.91862,0.91619,3.7145e+05,2.9755e+05,0.8926,0.88939,4.2671e+05,3.1379e+05,70,70,0.607,0.056021,0.55097,75,1,67,0,0,1,0.96264,0,0,y,y,y,y,y,y,y,y,y,y,y,y,y,1,,,,0,,,1,1,0,0,1,1,,,,,,,,1262,,,,,,,,1,1,0,0,1,1,,
pos_uki_4.1Sal_d213_m100,postage stamps,UK,4.1,Knowledge Flows (social networks),annualised Google search frequency (index 100=monthly max.),Index 0-100,s8,0.017821,0.017811,0.34612,2472,246.59,1.0808e+05,5.2014,1914.1,-666.02,0.0086969,-0.16624,28.284,23.722,0.0086984,-0.10145,28.284,23.722,0.0054431,-0.10506,28.331,23.57,21,20,0.00092528,1.6412e-05,0.00090887,20,0,4,0,1,1,0.5863,0,1,n,y,y,m,m,m,m,m,m,n,m,n,m,,,,noisy,0,hide,original,0,0,0,0,0,0,,,,,,,,1263,,,,,,,,0,0,0,0,0,0,delete,
pos_uki_4.1Sal_d239_m153,postage stamps,UK,4.1,Knowledge Flows (social networks),Partial up to max annualised Google search frequency (index 100=monthly max.),Partial up to max Index 0-100,s8,0.067797,0.067764,0.89131,2180.1,64.818,2.3336e+06,0.93258,1962.8,-1762,0.075102,-0.098316,27.145,23.232,0.075104,-0.033707,27.145,23.232,0.033156,-0.080591,27.754,23.858,20,20,4.2853e-05,7.6008e-07,4.2092e-05,20,0,4,0,1,1,0.5863,0,1,n,y,y,m,m,m,m,m,m,n,m,n,m,,,,noisy,0,prefer,transformed-partial,0,0,0,0,1,1,,,,,,,,1264,,,,,,,,0,0,0,0,1,1,,
pos_uki_4.2Kme_d104_m097,postage stamps,UK,4.2,Knowledge flows,"Frequency of the word ""postage stamp"" in ngram corpus",Frequency,s8,0.11323,0.0067439,2.5578e-11,1916,38.811,4.281e-09,16.38,5282.7,-4.6809e-08,0.58709,0.58017,1.4804e-09,9.6744e-10,0.24188,0.23345,2.006e-09,1.4842e-09,0.34396,0.33667,1.8661e-09,1.2494e-09,183,163,2.3289,0.012404,2.3165,163,70,151,1,0,1,0.99615,1,1,m,y,y,y,y,y,y,y,y,m,y,n,y,4,,"partial, pre-peak",reversal,0,original,,0,0,0,0,0,0,,,,,,,,1265,,,,,,,,0,0,0,0,0,0,delete,
pos_uki_4.2Kme_d104_m102,postage stamps,UK,4.2,Knowledge flows,"Frequency of the word ""postage stamp"" in ngram corpus",Indexed to max,s8,0.11325,0.0067436,0.0025654,1916,38.804,0.42935,10.923,2490.8,-4.6948,0.58711,0.58019,0.14847,0.097007,0.2419,0.23348,0.20118,0.14885,0.344,0.33671,0.18714,0.12528,183,163,2.3291,0.012399,2.3167,163,70,151,1,0,1,0.99615,1,1,m,y,y,y,y,y,y,y,y,m,y,m,y,4,,"partial, pre-peak",reversal,0,original,,0,0,0,0,0,0,,,,,,,,1266,,,,,,,,0,0,0,0,0,0,delete,
pos_uki_4.2Kme_d293_m180,postage stamps,UK,4.2,Knowledge flows,"Partial up to max Frequency of the word ""postage stamp"" in ngram corpus",Partial up to max Frequency,s8,0.047684,0.047683,5.9052e-11,2192.9,92.158,0.00091187,12.64,2392.9,-1.1014e-07,0.95664,0.95545,4.8428e-10,3.6948e-10,0.95664,0.95585,4.8428e-10,3.6948e-10,0.68597,0.68026,1.3033e-09,1.0318e-09,113,93,1.0934e-05,5.8232e-08,1.0875e-05,93,0,81,0,1,1,0.94511,1,1,y,y,y,y,y,y,y,m,y,m,y,n,y,,,,,0,hide,transform-partial,0,1,0,0,0,0,,,,,,,,1267,,,,,,,,0,1,0,0,0,0,delete,
pos_uki_4.2Kme_d293_m181,postage stamps,UK,4.2,Knowledge flows,"Partial up to max Frequency of the word ""postage stamp"" in ngram corpus",Partial up to max Indexed to max,s8,0.047696,0.047695,0.0059215,2192.7,92.135,90897,8.2739,1997.7,-11.044,0.95662,0.95543,0.048577,0.037056,0.95662,0.95583,0.048577,0.037056,0.68588,0.68016,0.13072,0.10348,113,93,1.1001e-05,5.8568e-08,1.0943e-05,93,0,81,0,1,1,0.94509,1,1,y,y,y,y,y,y,y,m,y,m,y,m,y,,,,,0,prefer,transform-partial,1,1,0,0,1,1,,,,,,,,1268,,,,,,,,1,1,0,0,1,1,,
pos_uki_4.4Pro_d136_m023,postage stamps,UK,4.4,Provisioning System,Number of employees,# thousands (only in post offices since 1970),s8,0.035972,0.0055681,1069.8,1942.8,122.16,2.2669e+05,867.45,1022.7,-1.9392e+06,0.66096,0.63347,9181.2,7474.6,0.63688,0.61776,9501.7,7378.6,0.6445,0.62579,9401.4,7371.1,41,41,0.98508,0.7247,0.26038,41,7,40,1,0,0,0.97894,0,0,m,y,y,y,y,y,y,y,y,m,y,m,y,1,,,,0,,,1,1,0,0,0,0,,,,,,,,1269,,,,,,,,1,1,0,0,0,0,delete,
pos_uki_4.4Pro_d136_m024,postage stamps,UK,4.4,Provisioning System,Number of employees,# thousands (total),s8,0.031747,0.015515,3706.2,1933.7,138.42,5.4577e+05,0.40225,1075.7,-6.8894e+06,0.9666,0.96562,25266,21714,0.93771,0.9365,34506,27029,0.9774,0.97696,20786,17569,106,106,0.83561,0.043481,0.79213,125,6,105,0,0,0,0.98606,0,0,y,y,y,y,y,y,y,y,y,y,y,y,y,1,,,,0,,,1,1,0,0,1,1,,,,,,,,1270,,,,,,,,1,1,0,0,1,1,,
pos_uki_4.5Inf_d131_m022,postage stamps,UK,4.5,Physical Infrastructure Dependence,Number of Post offices,# thousands,s8,0.063969,0.0017618,0.04027,1863.1,68.696,22.185,11.164,1608.9,-58.043,0.58534,0.57452,2.976,2.3653,0.15463,0.14006,4.2492,3.6918,0.17801,0.16384,4.19,3.6327,119,119,1.1294,0.44954,0.67988,157,46,118,1,0,0,0.99744,0,1,m,y,y,y,y,y,y,y,m,m,m,m,m,4,,"reversal, partial pre-peak",reversal,0,,,0,0,0,0,1,1,,,,,,,,1271,,,,,,,,0,0,0,0,1,1,,
qui_bra_1.1Ado_d186_m059,smoking (quitting),Brazil,1.1,Adoption over Time,Share of adults who smoke,% of adults,qui,-0.032356,0.00046694,-0.0054871,1896.7,-135.82,6.9812,1555.5,1.5745e+05,11.208,0.99882,0.99764,0.0013445,0.00092635,-17.817,-27.225,0.16986,0.16529,0.99219,0.98829,0.0034599,0.0032998,7,7,0.034091,0.018335,0.015757,21,6,0,0,0,0,0.81182,1,1,y,y,y,y,y,y,y,m,y,m,y,m,y,1,,,*needs sign reversal * negative slope = LED innovation,0,original,duplicated in market share,1,1,0,0,0,0,,,,,,,,1272,,,,,,,,1,1,0,0,0,0,delete,
qui_bra_1.1Ado_d348_m185,smoking (quitting),Brazil,1.1,Adoption over Time,share of payments that are non-cash,market share,qui,-0.038382,0.00046694,-0.0054871,1969.6,-114.49,0.99987,1555.5,1.5745e+05,11.208,0.99857,0.99713,0.0014831,0.0011803,-17.817,-27.225,0.16986,0.16529,0.99219,0.98829,0.0034599,0.0032998,7,7,0.23803,0.12802,0.11001,21,6,0,0,0,0,0.81182,1,1,y,y,y,y,y,y,y,m,y,m,y,m,y,,,,* error in description * + *needs sign reversal * negative slope = LED innovation,0,prefer-relative,transformed-marketshare,1,1,0,1,0,0,,,,,,,,1273,,,,,,,,1,1,0,1,0,0,,
qui_bra_2.2Rel_d009_m195,smoking (quitting),Brazil,2.2,Relative Advantage (Profitability),% of GDP required to purchase 2000 cigarettes of the most sold brand,%,qui,-0.34907,0.00093459,-0.00068,2023.3,-12.589,0.019621,1555.4,1.5748e+05,1.3882,0.74087,0.35218,0.0015074,0.0012565,-31.678,-53.463,0.016928,0.016667,0.61521,0.35868,0.0018369,0.0015733,6,6,1.0397,0.62177,0.41791,11,3,0,1,0,0,0.85474,1,1,y,y,y,y,y,y,y,y,y,y,y,,,,,,,,,,,,,,,,,,,,,,,,,,,,,,,,,,,,,,
qui_bra_2.9Int_d067_m006,smoking (quitting),Brazil,2.9,Interdependence with Hardware,Cigarette consumption per smoker per day,# cigarettes,qui,-0.04443,-0.013523,-0.4372,2014.2,-98.907,46.715,50.169,1962.1,904.64,0.97243,0.96958,0.70186,0.53774,0.9595,0.9568,0.8507,0.64198,0.96975,0.96774,0.73523,0.54545,33,33,0.8477,0.48807,0.35963,33,32,0,0,0,0,0.96944,0,1,y,y,y,y,y,y,y,y,y,y,y,y,y,1,,,,0,,,1,1,0,0,0,1,,,,,,,,1275,,,,,,,,1,1,0,0,0,1,,
qui_bra_4.1Sal_d213_m100,smoking (quitting),Brazil,4.1,Knowledge Flows (social networks),annualised Google search frequency (index 100=monthly max.),Index 0-100,qui,0.64359,0.12949,5.3194,2015.9,6.828,84.679,0.15915,1974,-10678,0.89301,0.87413,11.757,7.5927,0.74927,0.72141,17.998,14.214,0.80308,0.7812,15.95,12.296,21,13,1.1809,0.14762,1.0333,14,5,11,1,1,1,0.86036,0,1,y,y,y,y,y,y,y,y,y,y,y,y,y,,,,better fit,0,prefer,original,1,1,0,0,0,1,,,,,,,,1276,,,,,,,,1,1,0,0,0,1,,
qui_bra_4.1Sal_d239_m153,smoking (quitting),Brazil,4.1,Knowledge Flows (social networks),Partial up to max annualised Google search frequency (index 100=monthly max.),Partial up to max Index 0-100,qui,0.30566,0.30565,5.0939,2050.1,14.377,1.2326e+06,0.085,1996.1,-10225,0.83595,0.79494,11.782,8.2979,0.83595,0.81072,11.782,8.2979,0.65165,0.59805,17.169,12.752,16,8,8.1128e-05,1.0141e-05,7.0987e-05,9,0,6,0,1,1,0.55962,0,1,y,y,y,m,y,m,m,m,y,m,m,m,m,,,,,0,hide,transformed-partial,1,1,0,0,0,0,,,,,,,,1277,,,,,,,,1,1,0,0,0,0,delete,
qui_chi_1.1Ado_d186_m059,smoking (quitting),China,1.1,Adoption over Time,Share of adults who smoke,% of adults,qui,-0.028395,-0.0022202,-0.00058158,2097.5,-154.76,0.28421,0.071936,2592.1,1.431,0.98708,0.97415,0.00047406,0.0004088,0.98216,0.97324,0.00055698,0.0004045,0.98296,0.97444,0.00054436,0.0003928,7,7,0.93946,0.90076,0.038704,21,6,0,0,0,0,0.85606,1,1,y,y,y,y,y,y,y,m,y,m,y,m,y,1,,,*needs sign reversal * negative slope = LED innovation,0,original,duplicated in market share,1,1,0,0,0,0,,,,,,,,1278,,,,,,,,1,1,0,0,0,0,delete,
qui_chi_1.1Ado_d348_m185,smoking (quitting),China,1.1,Adoption over Time,share of payments that are non-cash,market share,qui,-0.028395,-0.0022202,-0.00058158,2097.5,-154.76,0.28421,0.071936,2592.1,1.431,0.98708,0.97415,0.00047406,0.0004088,0.98216,0.97324,0.00055698,0.0004045,0.98296,0.97444,0.00054436,0.0003928,7,7,0.93946,0.90076,0.038704,21,6,0,0,0,0,0.85606,1,1,y,y,y,y,y,y,y,m,y,m,y,m,y,,,,* error in description * + *needs sign reversal * negative slope = LED innovation,0,prefer-relative,transformed-marketshare,1,1,0,1,0,0,,,,,,,,1279,,,,,,,,1,1,0,1,0,0,,
qui_chi_2.2Rel_d009_m195,smoking (quitting),China,2.2,Relative Advantage (Profitability),% of GDP required to purchase 2000 cigarettes of the most sold brand,%,qui,-0.080373,0.00092702,-0.00075571,2021.3,-54.676,0.039091,1555.4,1.5748e+05,1.5471,0.97339,0.93347,0.00042679,0.00039953,-76.059,-127.43,0.022966,0.022817,0.97343,0.95572,0.00042643,0.00039429,6,6,0.68303,0.47838,0.20465,11,5,0,0,0,0,0.82949,1,1,y,y,y,y,y,y,y,y,y,y,y,,,,,,,,,,,,,,,,,,,,,,,,,,,,,,,,,,,,,,
qui_chi_2.9Int_d067_m006,smoking (quitting),China,2.9,Interdependence with Hardware,Cigarette consumption per smoker per day,# cigarettes,qui,0.012291,0.011794,0.2247,2254.8,357.54,476.16,5.6896,1893.9,-429.4,0.96897,0.96576,0.38334,0.32956,0.96897,0.9669,0.38337,0.33026,0.96651,0.96428,0.39828,0.32121,33,33,0.046833,0.032552,0.014281,33,2,32,0,0,0,0.96967,0,1,y,y,y,y,y,y,y,m,y,m,y,m,y,1,,,,0,,,1,1,0,0,0,1,,,,,,,,1281,,,,,,,,1,1,0,0,0,1,,
qui_chi_4.1Sal_d213_m100,smoking (quitting),China,4.1,Knowledge Flows (social networks),annualised Google search frequency (index 100=monthly max.),Index 0-100,qui,-50.689,-0.023875,-0.57485,2014.8,-0.086695,32.967,27.876,2001.2,1178.5,0.12491,-0.029515,31.281,21.094,0.0094421,-0.10062,33.281,28.262,0.010836,-0.099071,33.257,28.188,21,7,3.0334,0.38316,2.6502,19,11,14,1,1,1,0.4021,0,1,n,y,y,m,m,m,m,y,m,n,m,n,m,,,,,0,hide,original,0,0,0,0,0,0,,,,,,,,1282,,,,,,,,0,0,0,0,0,0,delete,
qui_chi_4.1Sal_d239_m153,smoking (quitting),China,4.1,Knowledge Flows (social networks),Partial up to max annualised Google search frequency (index 100=monthly max.),Partial up to max Index 0-100,qui,0.37349,0.37347,7.0941,2040,11.766,2.2455e+06,0.0043414,1986.3,-14217,0.40452,0.10678,30.032,20.667,0.40452,0.23439,30.032,20.667,0.27412,0.066725,33.158,26.695,10,5,4.4534e-05,5.6253e-06,3.8908e-05,8,0,3,0,1,1,0.34365,0,1,m,n,y,m,y,m,m,m,m,n,n,n,m,,,,,0,prefer,transformed-partial,1,1,0,0,0,1,,,,,,,,1283,,,,,,,,1,1,0,0,0,1,,
qui_glo_3.3Sci_d235_m020,smoking (quitting),Global,3.3,Risk & Uncertainty (Shared Expectations),scientific publications,# publications,qui,0.18315,0.058122,69.609,2006.5,23.994,3374.4,0.040817,1826.6,-1.3787e+05,0.97418,0.97266,191.6,115.55,0.88603,0.88164,402.52,322,0.85892,0.85349,447.84,394.38,55,55,1.052,0.0011854,1.0509,55,3,53,0,0,1,0.97888,0,0,y,y,y,y,y,y,y,y,y,y,y,y,y,,,,"good; only available global, apply to all EA regions",0,,,1,1,0,0,1,1,,,,,,,,1284,,,,,,,,1,1,0,0,1,1,,
qui_glo_3.5Mar_d074_m128,smoking (quitting),Global,3.5,Market Formation,CumulativeStartups,cum. # companies,qui,0.38531,0.11416,0.7137,2014.4,11.405,32.447,9.4658,2011.5,-1421.4,0.99725,0.99705,0.58432,0.36166,0.93,0.92666,2.9501,2.2934,0.69102,0.67631,6.198,5.4956,45,22,0.98621,0.061638,0.92457,22,1,21,0,0,0,0.93113,0,1,y,y,y,y,y,y,y,y,y,y,y,y,y,,,,,0,prefer,original,1,1,0,0,0,1,,,,,,,,1285,,,,,,,,1,1,0,0,0,1,,
qui_glo_3.5Mar_d126_m008,smoking (quitting),Global,3.5,Market Formation,NewStartups,# companies,qui,15.018,0.0059768,0.053096,2009,0.29261,1.9333,1554.1,1.5755e+05,-105.59,0.54252,0.50904,0.80185,0.4237,-0.3598,-0.42456,1.3824,0.71111,0.33833,0.30683,0.96433,0.71882,45,15,2.069,0.51724,1.5517,21,9,14,1,1,1,0.76744,0,1,m,y,y,m,m,m,y,y,y,m,m,m,m,,,,,0,hide,original,0,1,0,0,0,0,,,,,,,,1286,,,,,,,,0,1,0,0,0,0,delete,
qui_glo_3.5Mar_d171_m011,smoking (quitting),Global,3.5,Market Formation,PrivateEquityDeals,# deals,qui,0.53813,0.008624,0.080501,2014.4,8.1661,3.6163,1553.5,1.5762e+05,-160.36,0.84969,0.83869,0.55795,0.24727,-0.30901,-0.37135,1.6465,0.8,0.52775,0.50526,0.98898,0.81347,45,13,1.3826,0.27653,1.1061,13,1,12,0,0,1,0.88525,0,1,y,y,y,y,m,m,y,y,y,m,m,m,m,,,,,0,hide,original,1,1,0,0,0,0,,,,,,,,1287,,,,,,,,1,1,0,0,0,0,delete,
qui_glo_3.5Mar_d175_m027,smoking (quitting),Global,3.5,Market Formation,PrivateEquityInvestment,$ million,qui,1.8524,0.12919,2.6809,2017.9,2.3723,168.08,0.48087,1979,-5342.6,0.44547,0.40489,62.883,18.528,0.26719,0.23229,72.288,30.8,0.17,0.13048,76.932,42.073,45,12,3.0337,0.0021452,3.0315,13,3,11,1,0,1,0.61769,0,0,m,y,y,m,m,m,m,y,m,m,m,m,m,,,,,0,hide,original,1,1,0,0,0,0,,,,,,,,1288,,,,,,,,1,1,0,0,0,0,delete,
qui_glo_3.5Mar_d200_m027,smoking (quitting),Global,3.5,Market Formation,TotalFundraisingAmount,$ million,qui,1.7366,0.13147,2.875,2018,2.5305,182.08,4.591,1996.3,-5729.5,0.44483,0.40421,67.391,19.471,0.2716,0.23692,77.192,31.796,0.17043,0.13093,82.378,43.903,45,12,3.0562,0.0019802,3.0542,13,3,11,1,0,1,0.59461,0,0,m,y,y,y,m,m,m,y,m,m,m,m,m,,,,,0,hide,original,1,1,0,0,0,0,,,,,,,,1289,,,,,,,,1,1,0,0,0,0,delete,
qui_glo_3.5Mar_d204_m011,smoking (quitting),Global,3.5,Market Formation,TotalFundraisingDeals,# deals,qui,0.50895,0.013793,0.13505,2014.8,8.6344,6.2606,1552.4,1.5773e+05,-269.03,0.84396,0.83255,0.96039,0.42932,-0.30075,-0.36269,2.7729,1.3333,0.52038,0.49755,1.6838,1.394,45,13,1.2778,0.15973,1.1181,13,2,8,1,1,1,0.89017,0,1,y,y,y,y,y,y,y,y,y,y,y,y,y,,,,,0,hide,original,1,1,0,0,0,0,,,,,,,,1290,,,,,,,,1,1,0,0,0,0,delete,
qui_glo_3.5Mar_d242_m156,smoking (quitting),Global,3.5,Market Formation,cumulative CumulativeStartups,cumulative cum. # companies,qui,0.28347,0.16488,5.2074,2020.4,15.502,446.73,0.010327,1960.5,-10375,0.99962,0.99959,1.7395,1.1848,0.98626,0.9856,10.496,7.7564,0.57058,0.55013,58.67,47.916,45,22,0.74541,0.004477,0.74094,22,0,21,0,0,0,0.87411,0,0,y,y,y,y,y,y,y,y,y,y,y,y,y,,,,not needed as transformed-cumulative twice (error),1,delete,transformed-cumx2error,0,0,0,0,0,0,,,,,,,,1291,,,,,,,,0,0,0,0,0,0,delete,
qui_glo_3.5Mar_d243_m157,smoking (quitting),Global,3.5,Market Formation,Partial up to max CumulativeStartups,Partial up to max cum. # companies,qui,0.38873,0.12372,0.68548,2014.3,11.305,32.27,5.5963,2007.4,-1365.2,0.99694,0.99671,0.58799,0.36317,0.93858,0.93558,2.6355,2.0332,0.67,0.6539,6.1089,5.39,44,21,0.99163,0.061977,0.92965,21,0,20,0,0,0,0.92111,0,1,y,y,y,y,y,y,y,y,y,y,y,y,y,,,,not needed as transformed-cumulative preferred,1,delete,transformed-partial,0,0,0,0,0,0,,,,,,,,1292,,,,,,,,0,0,0,0,0,0,delete,
qui_glo_3.5Mar_d244_m158,smoking (quitting),Global,3.5,Market Formation,cumulative NewStartups,cumulative # companies,qui,0.38531,0.11416,0.7137,2014.4,11.405,32.447,9.4658,2011.5,-1421.4,0.99725,0.99705,0.58432,0.36166,0.93,0.92666,2.9501,2.2934,0.69102,0.67631,6.198,5.4956,45,22,0.98621,0.061638,0.92457,22,1,21,0,0,0,0.93113,0,1,y,y,y,y,y,y,y,y,y,y,y,y,y,,,,not needed as cumulative in original data,1,delete,transformed-cumulative,0,0,0,0,0,0,,,,,,,,1293,,,,,,,,0,0,0,0,0,0,delete,
qui_glo_3.5Mar_d245_m159,smoking (quitting),Global,3.5,Market Formation,Partial up to max NewStartups,Partial up to max # companies,qui,0.51119,0.0070152,0.063025,2012.6,8.5965,5.8345,1553.8,1.5757e+05,-125.4,0.84089,0.82549,0.40838,0.16586,-0.19938,-0.27434,1.1212,0.45714,0.38654,0.3482,0.80187,0.61705,35,7,0.68558,0.17139,0.51418,12,0,5,0,1,1,0.63636,0,1,y,y,y,m,y,m,m,y,y,m,m,y,y,,,,not needed as transformed-cumulative preferred,1,delete,transformed-partial,0,0,0,0,0,0,,,,,,,,1294,,,,,,,,0,0,0,0,0,0,delete,
qui_glo_3.5Mar_d246_m160,smoking (quitting),Global,3.5,Market Formation,cumulative PrivateEquityDeals,cumulative # deals,qui,0.38266,0.19222,0.53149,2019.9,11.484,44.006,8.114,2015.6,-1059.2,0.99773,0.99756,0.46909,0.262,0.975,0.97381,1.5549,1.0031,0.49259,0.46843,7.0056,5.5741,45,13,0.81808,0.022724,0.79535,13,0,12,0,0,1,0.86868,0,1,y,y,y,y,y,y,y,y,y,y,y,y,y,,,,,0,prefer,transformed-cumulative,1,1,0,0,0,0,,,,,,,,1295,,,,,,,,1,1,0,0,0,0,delete,
qui_glo_3.5Mar_d247_m161,smoking (quitting),Global,3.5,Market Formation,Partial up to max PrivateEquityDeals,Partial up to max # deals,qui,0.37778,0.0091129,0.085483,2016.3,11.632,4.8569,1553.3,1.5763e+05,-170.3,0.94613,0.94209,0.33771,0.1769,-0.29885,-0.36221,1.6583,0.79545,0.55652,0.53489,0.96899,0.80244,44,12,1.0295,0.20589,0.82357,12,0,11,0,0,1,0.85124,0,1,y,y,y,y,y,y,y,y,y,y,y,m,m,,,,not needed as transformed-cumulative preferred,1,delete,transformed-partial,0,0,0,0,0,0,,,,,,,,1296,,,,,,,,0,0,0,0,0,0,delete,
qui_glo_3.5Mar_d248_m162,smoking (quitting),Global,3.5,Market Formation,cumulative PrivateEquityInvestment,cumulative $ million,qui,1.4219,0.27381,13.434,2020.1,3.0906,1140.1,3.9115e-06,1952.2,-26781,0.99477,0.99438,22.139,8.5158,0.90623,0.90177,93.717,45.052,0.32496,0.29282,251.45,182.31,45,13,0.9705,0.0017543,0.96875,13,0,12,0,0,1,0.83598,0,0,y,y,y,y,y,y,y,y,y,y,y,n,y,,,,,0,prefer,transformed-cumulative,1,1,0,0,0,0,,,,,,,,1297,,,,,,,,1,1,0,0,0,0,delete,
qui_glo_3.5Mar_d249_m163,smoking (quitting),Global,3.5,Market Formation,Partial up to max PrivateEquityInvestment,Partial up to max $ million,qui,0.78663,0.78662,2.998,2036,5.5864,6.7718e+07,0.0083402,2007,-5975.1,0.98291,0.98157,11.098,3.041,0.98291,0.98204,11.098,3.041,0.1832,0.14131,76.73,41.565,42,9,7.5295e-06,5.3244e-09,7.5242e-06,10,0,8,0,1,1,0.41888,0,0,y,y,y,m,y,m,m,m,m,m,m,m,m,,,,not needed as transformed-cumulative preferred,1,delete,transformed-partial,0,0,0,0,0,0,,,,,,,,1298,,,,,,,,0,0,0,0,0,0,delete,
qui_glo_3.5Mar_d250_m162,smoking (quitting),Global,3.5,Market Formation,cumulative TotalFundraisingAmount,cumulative $ million,qui,1.4255,0.27645,14.218,2020.2,3.0828,1215.3,3.4362e-06,1952.2,-28344,0.9946,0.9942,23.857,8.9713,0.90866,0.90431,98.102,47.485,0.32358,0.29137,266.97,192.95,45,13,0.97364,0.0016456,0.972,13,0,12,0,0,1,0.83302,0,0,y,y,y,y,y,y,y,y,y,y,y,y,y,,,,,0,prefer,transformed-cumulative,1,1,0,0,0,0,,,,,,,,1299,,,,,,,,1,1,0,0,0,0,delete,
qui_glo_3.5Mar_d251_m163,smoking (quitting),Global,3.5,Market Formation,Partial up to max TotalFundraisingAmount,Partial up to max $ million,qui,0.84543,0.84543,3.1741,2035.2,5.1979,8.6374e+07,2.8718e-05,2001.2,-6326,0.98332,0.982,11.797,2.9657,0.98332,0.98247,11.797,2.9657,0.17739,0.1352,82.849,43.73,42,9,6.4427e-06,4.1744e-09,6.4386e-06,10,0,8,0,1,1,0.39193,0,0,y,y,y,m,y,m,m,m,m,m,m,m,m,,,,not needed as transformed-cumulative preferred,1,delete,transformed-partial,0,0,0,0,0,0,,,,,,,,1300,,,,,,,,0,0,0,0,0,0,delete,
qui_glo_3.5Mar_d252_m160,smoking (quitting),Global,3.5,Market Formation,cumulative TotalFundraisingDeals,cumulative # deals,qui,0.3804,0.19577,0.87154,2020.1,11.552,74.802,5.8772,2011.5,-1736.9,0.99759,0.99741,0.79665,0.42771,0.97655,0.97544,2.4835,1.5821,0.48699,0.46256,11.617,9.1817,45,13,0.80211,0.026737,0.77538,13,0,12,0,0,0,0.86522,0,1,y,y,y,y,y,y,y,y,y,y,y,y,y,,,,,0,prefer,transformed-cumulative,1,1,0,0,0,0,,,,,,,,1301,,,,,,,,1,1,0,0,0,0,delete,
qui_glo_3.5Mar_d253_m161,smoking (quitting),Global,3.5,Market Formation,Partial up to max TotalFundraisingDeals,Partial up to max # deals,qui,0.37733,0.013382,0.13032,2016.5,11.646,8.2404,1552.4,1.5772e+05,-259.61,0.92163,0.9156,0.63301,0.32494,-0.26444,-0.32766,2.5427,1.1628,0.51155,0.48712,1.5803,1.3028,43,11,0.97083,0.12135,0.84948,11,0,6,0,1,1,0.82014,0,1,y,y,y,y,y,y,y,y,y,y,y,y,y,,,,not needed as transformed-cumulative preferred,1,delete,transformed-partial,0,0,0,0,0,0,,,,,,,,1302,,,,,,,,0,0,0,0,0,0,delete,
qui_ind_1.1Ado_d186_m059,smoking (quitting),India,1.1,Adoption over Time,Share of adults who smoke,% of adults,qui,,-0.035318,-0.013512,,,,2.3268,1958.8,27.554,,,,,0.99881,0.99822,0.0033272,0.0026248,0.98862,0.98293,0.010305,0.0096792,7,7,,,,21,6,0,0,0,0,0.80208,1,1,n,y,y,y,y,y,y,m,y,n,y,m,y,1,,,*needs sign reversal * negative slope = LED innovation,0,original,duplicated in market share,1,1,0,0,0,0,,,,,,,,1303,,,,,,,,1,1,0,0,0,0,delete,
qui_ind_1.1Ado_d348_m185,smoking (quitting),India,1.1,Adoption over Time,share of payments that are non-cash,market share,qui,,-0.035318,-0.013512,,,,2.3268,1958.8,27.554,,,,,0.99881,0.99822,0.0033272,0.0026248,0.98862,0.98293,0.010305,0.0096792,7,7,,,,21,6,0,0,0,0,0.80208,1,1,n,y,y,y,y,y,y,m,y,n,y,m,y,,,,* error in description * + *needs sign reversal * negative slope = LED innovation,0,prefer-relative,transformed-marketshare,1,1,0,1,0,0,,,,,,,,1304,,,,,,,,1,1,0,1,0,0,,
qui_ind_2.2Rel_d009_m195,smoking (quitting),India,2.2,Relative Advantage (Profitability),% of GDP required to purchase 2000 cigarettes of the most sold brand,%,qui,-2.2335,0.00044241,-0.0058214,2021.8,-1.9675,0.13503,1555.6,1.5746e+05,11.862,0.971,0.9275,0.0054575,0.0034505,-14.11,-24.183,0.12458,0.12038,0.38494,-0.025096,0.025134,0.022089,6,6,1.062,0.36882,0.6932,11,4,0,1,0,1,0.86431,1,1,y,y,y,y,y,y,y,y,y,y,y,,,,,,,,,,,,,,,,,,,,,,,,,,,,,,,,,,,,,,
qui_ind_2.9Int_d067_m006,smoking (quitting),India,2.9,Interdependence with Hardware,Cigarette consumption per smoker per day,# cigarettes,qui,-0.086631,-0.011831,-0.13269,2017.7,-50.726,12.884,10.311,1999.6,275.66,0.93178,0.92473,0.35579,0.30875,0.8305,0.8192,0.56083,0.48267,0.86024,0.85092,0.50926,0.42513,33,33,0.95469,0.63646,0.31823,33,26,0,1,0,0,0.97415,0,1,y,y,y,y,y,y,y,y,y,y,y,y,y,2,1 lo,,,0,,,1,1,0,0,0,1,,,,,,,,1306,,,,,,,,1,1,0,0,0,1,,
qui_ind_4.1Sal_d213_m100,smoking (quitting),India,4.1,Knowledge Flows (social networks),annualised Google search frequency (index 100=monthly max.),Index 0-100,qui,-0.61118,-0.08372,-4.106,2014.3,-7.1901,69.854,67.932,2005.8,8306.5,0.72917,0.68138,16.854,10.015,0.47093,0.41214,23.557,17.919,0.58938,0.54375,20.753,13.924,21,20,1.4316,0.016392,1.4152,21,16,2,1,0,1,0.94481,0,1,y,y,y,m,m,m,y,y,y,m,m,m,m,,,,downard,0,hide,original,1,1,0,0,0,0,,,,,,,,1307,,,,,,,,1,1,0,0,0,0,delete,
qui_ind_4.1Sal_d239_m153,smoking (quitting),India,4.1,Knowledge Flows (social networks),Partial up to max annualised Google search frequency (index 100=monthly max.),Partial up to max Index 0-100,qui,2.9045,0.25874,20.153,2004.8,1.513,89.94,0.0023562,1966.6,-40359,0.95099,0.80396,7.1245,5.019,0.67436,0.34872,18.365,15.153,0.78428,0.56855,14.947,13.817,5,5,1.1119,0.097606,1.0143,5,0,4,0,0,1,0.7432,0,1,y,n,y,y,y,y,y,y,y,n,n,y,y,,,,,0,prefer,transformed-partial,1,1,0,0,0,1,,,,,,,,1308,,,,,,,,1,1,0,0,0,1,,
qui_net_1.1Ado_d186_m059,smoking (quitting),The Netherlands,1.1,Adoption over Time,Share of adults who smoke,% of adults,qui,,-0.021937,-0.58639,,,,56.284,1977.6,1206.7,,,,,0.99976,0.99967,0.069929,0.056056,0.99456,0.99239,0.33373,0.29328,8,8,,,,23,7,0,0,0,0,0.85523,0,1,n,y,y,y,y,y,y,m,y,n,y,,,,,,,,,,,,,,,,,,,,,,,,,,,,,,,,,,,,,,
qui_uki_1.1Ado_d186_m059,smoking (quitting),UK,1.1,Adoption over Time,Share of adults who smoke,% of adults,qui,-0.045892,-0.045612,-0.011067,1897.6,-95.756,42.058,0.088115,2032,22.498,0.99901,0.99802,0.0024917,0.001831,0.99901,0.99852,0.0024923,0.0018137,0.98514,0.97772,0.0096606,0.0090122,7,7,0.0090115,0.0036617,0.0053498,21,6,0,0,0,0,0.77733,1,1,y,y,y,y,y,y,y,m,y,m,y,m,y,1,,,*needs sign reversal * negative slope = LED innovation,0,original,duplicated in market share,1,1,0,0,0,0,,,,,,,,1309,,,,,,,,1,1,0,0,0,0,delete,
qui_uki_1.1Ado_d348_m185,smoking (quitting),UK,1.1,Adoption over Time,share of payments that are non-cash,market share,qui,-0.061392,-0.045612,-0.011067,1991.6,-71.58,1,0.088115,2032,22.498,0.99739,0.99477,0.0040519,0.0038086,0.99901,0.99852,0.0024923,0.0018137,0.98514,0.97772,0.0096606,0.0090122,7,7,0.379,0.154,0.225,21,6,0,0,0,0,0.77733,1,1,y,y,y,y,y,y,y,y,y,y,y,m,y,,,,* error in description * + *needs sign reversal * negative slope = LED innovation,0,prefer-relative,transformed-marketshare,1,1,1,1,0,0,,,,,,,,1310,,,,,,,,1,1,1,1,0,0,,
qui_uki_2.2Rel_d009_m195,smoking (quitting),UK,2.2,Relative Advantage (Profitability),% of GDP required to purchase 2000 cigarettes of the most sold brand,%,qui,0.15242,0.001029,0.00033857,2000.9,28.831,0.029103,1555.3,1.5748e+05,-0.65635,0.60473,0.011819,0.00094915,0.00074677,-309.28,-516.13,0.026593,0.02655,0.58677,0.31129,0.00097047,0.00086286,6,6,0.99645,0.83839,0.15806,11,1,5,1,0,0,0.83761,1,1,m,y,y,y,y,y,y,m,y,m,y,,,,,,,,,,,,,,,,,,,,,,,,,,,,,,,,,,,,,,
qui_uki_2.9Int_d067_m006,smoking (quitting),UK,2.9,Interdependence with Hardware,Cigarette consumption per smoker per day,# cigarettes,qui,-0.044202,-0.010397,-0.16644,2022.3,-99.416,20.967,20.077,1972.5,348.02,0.91167,0.90253,0.49681,0.44648,0.88738,0.87987,0.56097,0.48648,0.89892,0.89218,0.53145,0.46837,33,33,0.85371,0.64863,0.20508,33,27,6,1,1,0,0.97105,0,1,y,y,y,y,y,y,y,y,y,y,y,y,y,1,,,,0,,,1,1,0,0,1,1,,,,,,,,1312,,,,,,,,1,1,0,0,1,1,,
qui_uki_3.5Mar_d074_m128,smoking (quitting),UK,3.5,Market Formation,CumulativeStartups,cum. # companies,qui,0.33889,0.014206,0.13979,2013.5,12.967,6.0813,1552.3,1.5773e+05,-278.32,0.96642,0.96397,0.38938,0.23719,-0.52067,-0.59308,2.6204,1.5333,0.7299,0.71704,1.1044,0.99919,45,22,0.98662,0.16444,0.82219,22,2,21,0,0,0,0.9288,0,1,y,y,y,y,y,y,y,y,y,y,y,y,y,,,,,0,prefer,original,1,1,0,0,1,1,,,,,,,,1313,,,,,,,,1,1,0,0,1,1,,
qui_uki_3.5Mar_d126_m008,smoking (quitting),UK,3.5,Market Formation,NewStartups,# companies,qui,38.924,0.0018499,0.0090909,2002.2,0.1129,0.27273,1554.9,1.5747e+05,-18.067,0.11616,0.051491,0.37605,0.20606,-0.11111,-0.16402,0.42164,0.13333,0.087121,0.043651,0.38218,0.2268,45,5,7.3333,3.6667,3.6667,20,7,19,1,0,1,0.25,0,1,n,m,y,m,m,m,m,y,m,n,m,n,m,,,,,0,hide,original,0,1,0,0,0,0,,,,,,,,1314,,,,,,,,0,1,0,0,0,0,delete,
qui_uki_3.5Mar_d171_m011,smoking (quitting),UK,3.5,Market Formation,PrivateEquityDeals,# deals,qui,39.306,0.001264,0.0027668,2022.3,0.1118,0.5,1555,1.5746e+05,-5.5169,0.48864,0.45122,0.10541,0.022222,-0.022727,-0.071429,0.14907,0.022222,0.059423,0.014634,0.14296,0.053732,45,1,2,2,0,1,0,0,0,0,,,1,1,m,n,m,m,m,m,m,m,m,n,n,n,n,,,,,0,hide,original,0,1,0,0,0,0,,,,,,,,1315,,,,,,,,0,1,0,0,0,0,delete,
qui_uki_3.5Mar_d200_m027,smoking (quitting),UK,3.5,Market Formation,TotalFundraisingAmount,$ million,qui,39.976,0.078481,0.015438,2016.2,0.10993,0.92444,27.691,2071.4,-30.743,0.14743,0.085046,0.84993,0.24652,0.049367,0.004099,0.89748,0.31343,0.047444,0.0020838,0.89839,0.33827,45,2,6.6494,1.3506,5.2988,6,5,0,0,0,1,0,0,1,n,n,m,m,m,m,m,y,m,n,n,n,n,,,,,0,hide,original,0,1,0,0,0,0,,,,,,,,1316,,,,,,,,0,1,0,0,0,0,delete,
qui_uki_3.5Mar_d204_m011,smoking (quitting),UK,3.5,Market Formation,TotalFundraisingDeals,# deals,qui,0.3494,0.15987,0.018972,2018.3,12.577,1.2587,2.7047,2028.6,-37.805,0.46035,0.42086,0.35616,0.16414,0.44508,0.41865,0.36117,0.18542,0.25828,0.22296,0.41755,0.2906,45,6,1.5889,0.79445,0.79445,11,5,10,1,0,1,0.25,0,1,m,y,y,m,m,m,m,y,m,m,m,m,m,,,,,0,hide,original,1,1,0,0,0,0,,,,,,,,1317,,,,,,,,1,1,0,0,0,0,delete,
qui_uki_3.5Mar_d242_m156,smoking (quitting),UK,3.5,Market Formation,cumulative CumulativeStartups,cumulative cum. # companies,qui,0.23612,0.14415,1.1704,2020.5,18.611,97.88,3.8312,2003.4,-2331.4,0.99889,0.99881,0.636,0.47481,0.98735,0.98674,2.1496,1.7043,0.63262,0.61513,11.583,9.7224,45,22,0.70495,0.010217,0.69473,22,0,21,0,0,0,0.88774,0,1,y,y,y,y,y,y,y,y,y,y,y,y,y,,,,not needed as transformed-cumulative twice (error),1,delete,transformed-cumulativeX2error,0,0,0,0,0,0,,,,,,,,1318,,,,,,,,0,0,0,0,0,0,delete,
qui_uki_3.5Mar_d243_m157,smoking (quitting),UK,3.5,Market Formation,Partial up to max CumulativeStartups,Partial up to max cum. # companies,qui,0.35648,0.013294,0.12987,2013.3,12.327,5.9167,1552.5,1.5771e+05,-258.54,0.95811,0.95489,0.39657,0.24139,-0.46802,-0.54142,2.3477,1.3256,0.69182,0.67641,1.0757,0.95299,43,20,1.0141,0.16901,0.84507,20,0,19,0,0,0,0.90717,0,1,y,y,y,y,y,y,y,y,y,y,y,y,y,,,,not needed as transformed-cumulative preferred,1,delete,transformed-partial,0,0,0,0,0,0,,,,,,,,1319,,,,,,,,0,0,0,0,0,0,delete,
qui_uki_3.5Mar_d244_m158,smoking (quitting),UK,3.5,Market Formation,cumulative NewStartups,cumulative # companies,qui,0.33889,0.014206,0.13979,2013.5,12.967,6.0813,1552.3,1.5773e+05,-278.32,0.96642,0.96397,0.38938,0.23719,-0.52067,-0.59308,2.6204,1.5333,0.7299,0.71704,1.1044,0.99919,45,22,0.98662,0.16444,0.82219,22,2,21,0,0,0,0.9288,0,1,y,y,y,y,y,y,y,y,y,y,y,y,y,,,,,0,prefer,transformed-cumulative,1,1,0,0,0,0,,,,,,,,1320,,,,,,,,1,1,0,0,0,0,delete,
qui_uki_3.5Mar_d245_m159,smoking (quitting),UK,3.5,Market Formation,Partial up to max NewStartups,Partial up to max # companies,qui,0.69024,0.6902,0.018404,2029.3,6.3665,38158,0.1167,2010.9,-36.623,0.70961,0.68239,0.22553,0.070603,0.70961,0.69201,0.22553,0.070604,0.20869,0.16073,0.37229,0.24746,36,4,5.2414e-05,2.6207e-05,2.6207e-05,13,0,12,0,0,1,0.28571,0,1,y,m,y,m,m,m,m,m,m,m,m,m,m,,,,not needed as transformed-cumulative preferred,1,delete,transformed-partial,0,0,0,0,0,0,,,,,,,,1321,,,,,,,,0,0,0,0,0,0,delete,
qui_uki_3.5Mar_d246_m160,smoking (quitting),UK,3.5,Market Formation,cumulative PrivateEquityDeals,cumulative # deals,qui,65.537,0.69315,0.0056653,2022.5,0.067053,1,0.0008102,2013.6,-11.298,1,1,1.2041e-15,3.0482e-16,0.83648,0.8287,0.083333,0.025,0.12747,0.085921,0.1925,0.10114,45,2,1,1,0,2,1,1,0,0,0,0.5,1,1,y,n,m,y,y,y,m,m,m,n,n,n,n,,,,,0,prefer,transformed-cumulative,1,1,0,0,0,0,,,,,,,,1322,,,,,,,,1,1,0,0,0,0,delete,
qui_uki_3.5Mar_d247_m161,smoking (quitting),UK,3.5,Market Formation,Partial up to max PrivateEquityDeals,Partial up to max # deals,qui,18.055,0.0012897,0.0030303,2023,0.24339,1.6462,1555,1.5746e+05,-6.0424,1,1,5.5376e-09,8.5829e-10,-0.023256,-0.073171,0.15076,0.022727,0.066667,0.021138,0.14398,0.055923,44,1,0.60745,0.60745,0,1,0,0,0,0,,,1,1,y,n,m,m,m,m,m,m,m,n,n,n,n,,,,not needed as transformed-cumulative preferred,1,delete,transformed-partial,0,0,0,0,0,0,,,,,,,,1323,,,,,,,,0,0,0,0,0,0,delete,
qui_uki_3.5Mar_d250_m162,smoking (quitting),UK,3.5,Market Formation,cumulative TotalFundraisingAmount,cumulative $ million,qui,9.8459,0.17058,0.13023,2016.8,0.44632,6.6821,4.0425,2019.1,-259.54,0.99081,0.99014,0.24369,0.095218,0.82771,0.81951,1.0551,0.63612,0.44267,0.41613,1.8977,1.6017,45,8,1.1068,0.91992,0.18685,8,2,7,1,0,0,0.8668,0,1,y,y,y,y,y,y,y,m,y,m,y,m,y,,,,,0,prefer,transformed-cumulative,1,1,0,0,0,0,,,,,,,,1324,,,,,,,,1,1,0,0,0,0,delete,
qui_uki_3.5Mar_d251_m163,smoking (quitting),UK,3.5,Market Formation,Partial up to max TotalFundraisingAmount,Partial up to max $ million,qui,18.109,,0.024887,2017,0.24267,10.283,,,-49.574,1,1,3.3888e-08,5.6621e-09,,,,,0.076923,0.024176,0.94536,0.39295,38,1,0.59775,0.59775,0,1,0,0,0,0,,,0,1,y,n,m,m,m,m,m,m,m,n,n,n,n,,,,not needed as transformed-cumulative preferred,1,delete,transformed-partial,0,0,0,0,0,0,,,,,,,,1325,,,,,,,,0,0,0,0,0,0,delete,
qui_uki_3.5Mar_d252_m160,smoking (quitting),UK,3.5,Market Formation,cumulative TotalFundraisingDeals,cumulative # deals,qui,0.35692,0.22355,0.10013,2021.9,12.312,11.675,6.7347,2022.9,-199.57,0.98534,0.98427,0.23702,0.11185,0.97536,0.97419,0.30729,0.17956,0.4413,0.4147,1.4632,1.1216,45,11,0.6852,0.085651,0.59955,11,0,10,0,0,0,0.81731,0,1,y,y,y,y,y,y,y,y,y,y,y,y,y,,,,,0,prefer,transformed-cumulative,1,1,0,0,0,0,,,,,,,,1326,,,,,,,,1,1,0,0,0,0,delete,
qui_uki_3.5Mar_d253_m161,smoking (quitting),UK,3.5,Market Formation,Partial up to max TotalFundraisingDeals,Partial up to max # deals,qui,3.3944,0.0022715,0.013321,2021.5,1.2946,8746.5,1554.7,1.5748e+05,-26.535,0.64286,0.61309,0.22361,0.051656,-0.071429,-0.12934,0.3873,0.1,0.16889,0.12396,0.34111,0.20259,40,3,0.00022866,0.00011433,0.00011433,6,0,5,0,0,1,0,0,1,m,n,m,m,m,m,m,m,m,n,n,n,n,,,,not needed as transformed-cumulative preferred,1,delete,transformed-partial,0,0,0,0,0,0,,,,,,,,1327,,,,,,,,0,0,0,0,0,0,delete,
qui_uki_4.1Sal_d213_m100,smoking (quitting),UK,4.1,Knowledge Flows (social networks),annualised Google search frequency (index 100=monthly max.),Index 0-100,qui,-0.10361,-0.1036,-3.7789,1920.3,-42.413,4.9613e+05,66.878,2006.4,7647,0.72541,0.67695,13.995,10.338,0.72541,0.6949,13.995,10.338,0.7341,0.70456,13.772,9.5497,21,20,0.00020156,3.3511e-06,0.00019821,21,20,0,0,0,1,0.84272,0,1,y,y,y,m,m,m,y,m,y,m,m,m,m,,,,not needed as transformed-cumulative preferred,1,delete,transformed-partial,0,0,0,0,1,1,,,,,,,,1328,,,,,,,,0,0,0,0,1,1,,
qui_uki_4.1Sal_d239_m153,smoking (quitting),UK,4.1,Knowledge Flows (social networks),Partial up to max annualised Google search frequency (index 100=monthly max.),Partial up to max Index 0-100,qui,,,,,,,,,,,,,,,,,,,,,,1,1,,,,1,0,0,0,0,,,0,1,n,n,y,m,m,m,m,m,m,n,n,n,n,,,,,0,prefer,transformed-cumulative,1,1,0,0,0,0,,,,,,,,1329,,,,,,,,1,1,0,0,0,0,delete,
qui_usa_1.1Ado_d186_m059,smoking (quitting),US,1.1,Adoption over Time,Share of adults who smoke,% of adults,qui,-0.022543,0.00046259,-0.0054297,1926.2,-194.94,2.1189,1555.5,1.5744e+05,11.195,0.99799,0.99599,0.0017323,0.0013603,-47.974,-72.461,0.27063,0.26786,0.99611,0.99417,0.0024107,0.0022105,7,7,0.15952,0.10855,0.05097,21,6,0,0,0,0,0.83426,1,1,y,y,y,y,y,y,y,m,y,m,y,m,y,,,,not needed as transformed-cumulative preferred,0,original,duplicated in market share,1,1,0,0,0,0,,,,,,,,1330,,,,,,,,1,1,0,0,0,0,delete,
qui_usa_1.1Ado_d348_m185,smoking (quitting),US,1.1,Adoption over Time,share of payments that are non-cash,market share,qui,-0.027246,0.00046259,-0.0054297,1975.3,-161.28,0.998,1555.5,1.5744e+05,11.195,0.99784,0.99568,0.0017967,0.0014684,-47.974,-72.461,0.27063,0.26786,0.99611,0.99417,0.0024107,0.0022105,7,7,0.33868,0.23046,0.10822,21,6,0,0,0,0,0.83426,1,1,y,y,y,y,y,y,y,m,y,m,y,m,y,,,,* error in description * + *needs sign reversal * negative slope = LED innovation,0,prefer-relative,transformed-marketshare,1,1,0,1,0,0,,,,,,,,1331,,,,,,,,1,1,0,1,0,0,,
qui_usa_2.2Rel_d009_m195,smoking (quitting),US,2.2,Relative Advantage (Profitability),% of GDP required to purchase 2000 cigarettes of the most sold brand,%,qui,-0.0035959,0.00099505,-4e-05,477.28,-1222.1,2.8708,1555.3,1.5748e+05,0.091947,0.21186,-0.97036,0.00026468,0.00022839,-1428.1,-2380.8,0.011271,0.011267,0.21,-0.31667,0.00026499,0.00022889,6,6,0.0040755,0.0037968,0.00027866,11,5,2,0,1,0,0.8301,1,1,n,y,y,y,y,y,y,m,m,n,m,,,,,,,,,,,,,,,,,,,,,,,,,,,,,,,,,,,,,,
qui_usa_2.9Int_d067_m006,smoking (quitting),US,2.9,Interdependence with Hardware,Cigarette consumption per smoker per day,# cigarettes,qui,-0.066188,-0.012183,-0.34255,2018.6,-66.394,34.447,39.506,1965.8,711.24,0.95165,0.94665,0.74663,0.5894,0.9032,0.89675,1.0564,0.82231,0.92271,0.91756,0.94398,0.75285,33,33,0.92605,0.64156,0.28449,33,32,4,0,1,0,0.96984,0,1,y,y,y,y,y,y,y,y,y,y,y,y,y,,,,,0,,,1,1,0,0,0,1,,,,,,,,1333,,,,,,,,1,1,0,0,0,1,,
qui_usa_3.5Mar_d074_m128,smoking (quitting),US,3.5,Market Formation,CumulativeStartups,cum. # companies,qui,0.39982,0.036927,0.37945,2014.5,10.991,17.386,1547.5,1.5821e+05,-755.83,0.99203,0.99144,0.54109,0.30103,-0.39782,-0.46438,7.1647,3.8222,0.66127,0.64514,3.5269,3.0399,45,16,0.97777,0.057516,0.92025,16,2,15,1,0,1,0.92944,0,1,y,y,y,y,y,y,y,y,y,y,y,y,y,,,,,0,prefer,original,1,1,0,0,0,1,,,,,,,,1334,,,,,,,,1,1,0,0,0,1,,
qui_usa_3.5Mar_d126_m008,smoking (quitting),US,3.5,Market Formation,NewStartups,# companies,qui,16.279,0.054563,0.028854,2008.8,0.26994,1.0667,0.095714,1979.3,-57.387,0.38081,0.33551,0.64865,0.29631,0.16966,0.13012,0.75115,0.49566,0.20665,0.16887,0.73422,0.48143,45,10,3.75,0.9375,2.8125,14,5,13,1,0,1,0.54054,0,1,m,y,y,m,m,m,m,y,m,m,m,m,m,,,,,0,hide,original,1,1,0,0,0,0,,,,,,,,1335,,,,,,,,1,1,0,0,0,0,delete,
qui_usa_3.5Mar_d171_m011,smoking (quitting),US,3.5,Market Formation,PrivateEquityDeals,# deals,qui,0.62852,0.006888,0.062187,2014.1,6.9918,2.7292,1553.8,1.5758e+05,-123.88,0.87694,0.86793,0.38634,0.18396,-0.31922,-0.38204,1.2649,0.62222,0.53781,0.5158,0.74871,0.63497,45,13,1.0992,0.36641,0.73282,13,7,12,1,0,1,0.91667,0,1,y,y,y,y,y,y,y,y,y,y,y,y,y,,,,,0,hide,original,1,1,0,0,0,0,,,,,,,,1336,,,,,,,,1,1,0,0,0,0,delete,
qui_usa_3.5Mar_d175_m027,smoking (quitting),US,3.5,Market Formation,PrivateEquityInvestment,$ million,qui,1.8518,0.12928,2.6754,2017.9,2.373,167.74,0.43604,1978.3,-5331.6,0.44495,0.40434,62.838,18.467,0.26686,0.23195,72.219,30.749,0.1697,0.13016,76.856,42.005,45,12,3.0387,0.00047692,3.0382,13,3,11,1,0,1,0.61615,0,0,m,y,y,m,m,m,m,y,m,m,m,m,m,,,,,0,hide,original,1,1,0,0,0,0,,,,,,,,1337,,,,,,,,1,1,0,0,0,0,delete,
qui_usa_3.5Mar_d200_m027,smoking (quitting),US,3.5,Market Formation,TotalFundraisingAmount,$ million,qui,1.8002,0.12987,2.7975,2018,2.4411,177.4,1.3247,1986.7,-5575,0.42587,0.38386,68.492,19.871,0.25514,0.21967,78.014,32.137,0.16155,0.12163,82.77,43.889,45,12,3.1359,0.00045095,3.1354,13,3,11,1,0,1,0.58272,0,0,m,y,y,m,m,m,m,y,m,m,m,m,m,,,,,0,hide,original,1,1,0,0,0,0,,,,,,,,1338,,,,,,,,1,1,0,0,0,0,delete,
qui_usa_3.5Mar_d204_m011,smoking (quitting),US,3.5,Market Formation,TotalFundraisingDeals,# deals,qui,0.58147,0.0095883,0.090646,2015,7.5575,4.2598,1553.2,1.5764e+05,-180.58,0.84368,0.83224,0.6575,0.28869,-0.28571,-0.34694,1.8856,0.88889,0.50114,0.47739,1.1745,0.9605,45,13,1.1738,0.23475,0.93901,13,5,12,1,0,1,0.9,0,1,y,y,y,y,m,m,y,y,y,m,m,m,m,,,,,0,hide,original,1,1,0,0,0,0,,,,,,,,1339,,,,,,,,1,1,0,0,0,0,delete,
qui_usa_3.5Mar_d242_m156,smoking (quitting),US,3.5,Market Formation,cumulative CumulativeStartups,cumulative cum. # companies,qui,0.32582,0.17766,2.5796,2020,13.487,214.67,0.19077,1985.2,-5140.4,0.99849,0.99838,1.7837,1.1448,0.98097,0.98006,6.3406,4.4068,0.5313,0.50899,31.466,25.389,45,16,0.80124,0.0046584,0.79659,16,0,15,0,0,1,0.86798,0,0,y,y,y,y,y,y,y,y,y,y,y,y,y,,,,not needed as transformed-cumulative twice (error),1,delete,transformed-cumx2error,0,0,0,0,0,0,,,,,,,,1340,,,,,,,,0,0,0,0,0,0,delete,
qui_usa_3.5Mar_d243_m157,smoking (quitting),US,3.5,Market Formation,Partial up to max CumulativeStartups,Partial up to max cum. # companies,qui,0.40317,0.033773,0.34536,2014.4,10.9,17.274,1548.2,1.5814e+05,-687.86,0.98981,0.98903,0.5526,0.30951,-0.34356,-0.41073,6.3466,3.2093,0.6127,0.59334,3.4075,2.8838,43,14,0.98414,0.057891,0.92625,14,0,13,0,0,1,0.90589,0,1,y,y,y,y,y,y,y,y,y,y,y,y,y,,,,not needed as transformed-cumulative preferred,1,delete,transformed-partial,0,0,0,0,0,0,,,,,,,,1341,,,,,,,,0,0,0,0,0,0,delete,
qui_usa_3.5Mar_d244_m158,smoking (quitting),US,3.5,Market Formation,cumulative NewStartups,cumulative # companies,qui,0.39982,0.036927,0.37945,2014.5,10.991,17.386,1547.5,1.5821e+05,-755.83,0.99203,0.99144,0.54109,0.30103,-0.39782,-0.46438,7.1647,3.8222,0.66127,0.64514,3.5269,3.0399,45,16,0.97777,0.057516,0.92025,16,2,15,1,0,1,0.92944,0,1,y,y,y,y,y,y,y,y,y,y,y,y,y,,,,not needed as cumulative in original data,1,delete,transformed-cumulative,0,0,0,0,0,0,,,,,,,,1342,,,,,,,,0,0,0,0,0,0,delete,
qui_usa_3.5Mar_d245_m159,smoking (quitting),US,3.5,Market Formation,Partial up to max NewStartups,Partial up to max # companies,qui,21.045,0.0050309,0.042346,2009,0.20881,1.5,1554.2,1.5753e+05,-84.286,0.54807,0.50819,0.56195,0.21053,-0.16749,-0.23421,0.90321,0.34211,0.30859,0.26908,0.69507,0.47601,38,7,2.6667,0.66667,2,9,0,8,0,0,1,0.35484,0,1,m,y,y,m,m,m,m,y,y,m,m,m,m,,,,not needed as transformed-cumulative preferred,1,delete,transformed-partial,0,0,0,0,0,0,,,,,,,,1343,,,,,,,,0,0,0,0,0,0,delete,
qui_usa_3.5Mar_d246_m160,smoking (quitting),US,3.5,Market Formation,cumulative PrivateEquityDeals,cumulative # deals,qui,0.41605,0.18933,0.42121,2019.3,10.562,32.193,0.13294,1995,-839.44,0.99861,0.99851,0.29051,0.1632,0.96966,0.96822,1.3563,0.8821,0.49352,0.4694,5.5417,4.451,45,13,0.86975,0.031063,0.83869,13,0,12,0,0,0,0.8736,0,1,y,y,y,y,y,y,y,y,y,y,y,y,y,,,,,0,prefer,transformed-cumulative,1,1,0,0,0,0,,,,,,,,1344,,,,,,,,1,1,0,0,0,0,delete,
qui_usa_3.5Mar_d247_m161,smoking (quitting),US,3.5,Market Formation,Partial up to max PrivateEquityDeals,Partial up to max # deals,qui,0.31535,0.31532,0.032498,2046.5,13.935,28634,1.1606,2014.5,-64.711,0.81813,0.80208,0.26676,0.12756,0.81813,0.80773,0.26676,0.12757,0.32458,0.28598,0.51408,0.35193,38,6,0.00010477,3.4923e-05,6.9846e-05,6,0,5,0,0,1,0.52941,0,1,y,y,y,y,y,y,m,m,y,m,m,m,m,,,,not needed as transformed-cumulative preferred,1,delete,transformed-partial,0,0,0,0,0,0,,,,,,,,1345,,,,,,,,0,0,0,0,0,0,delete,
qui_usa_3.5Mar_d248_m162,smoking (quitting),US,3.5,Market Formation,cumulative PrivateEquityInvestment,cumulative $ million,qui,1.4239,0.27402,13.395,2020.1,3.0861,1137.4,4.119e-06,1952.4,-26703,0.99475,0.99436,22.13,8.4734,0.90608,0.90161,93.572,44.99,0.32461,0.29245,250.93,181.87,45,13,0.97055,0.0017583,0.96879,13,0,12,0,0,1,0.83585,0,0,y,y,y,y,y,y,y,y,y,y,y,n,y,,,,,0,prefer,transformed-cumulative,1,1,0,0,0,0,,,,,,,,1346,,,,,,,,1,1,0,0,0,0,delete,
qui_usa_3.5Mar_d249_m163,smoking (quitting),US,3.5,Market Formation,Partial up to max PrivateEquityInvestment,Partial up to max $ million,qui,0.78936,0.78935,2.9911,2036,5.5671,6.7946e+07,0.0099452,2007.3,-5961.4,0.98266,0.98129,11.165,3.0608,0.98266,0.98177,11.165,3.0608,0.1828,0.14089,76.657,41.491,42,9,7.5017e-06,1.1774e-09,7.5005e-06,10,0,8,0,1,1,0.41694,0,0,y,y,y,m,y,m,m,m,m,m,m,m,m,,,,not needed as transformed-cumulative preferred,1,delete,transformed-partial,0,0,0,0,0,0,,,,,,,,1347,,,,,,,,0,0,0,0,0,0,delete,
qui_usa_3.5Mar_d250_m162,smoking (quitting),US,3.5,Market Formation,cumulative TotalFundraisingAmount,cumulative $ million,qui,1.495,0.27561,13.93,2020.2,2.9394,1185.5,4.3737e-06,1952.9,-27771,0.99427,0.99386,24.121,9.2536,0.90398,0.89941,98.779,47.513,0.32211,0.28982,262.46,189.61,45,13,0.97249,0.001687,0.97081,13,0,12,0,0,1,0.83378,0,0,y,y,y,y,y,y,y,y,y,y,y,y,y,,,,,0,prefer,transformed-cumulative,1,1,0,0,0,0,,,,,,,,1348,,,,,,,,1,1,0,0,0,0,delete,
qui_usa_3.5Mar_d251_m163,smoking (quitting),US,3.5,Market Formation,Partial up to max TotalFundraisingAmount,Partial up to max $ million,qui,0.85381,0.85381,3.1502,2035,5.1468,8.4112e+07,3.9877e-05,2001.7,-6278.4,0.98307,0.98173,11.875,3.0259,0.98307,0.9822,11.875,3.0259,0.17507,0.13276,82.886,43.679,42,9,6.614e-06,9.5111e-10,6.613e-06,10,0,8,0,1,1,0.38823,0,0,y,y,y,m,y,m,m,m,m,m,m,m,m,,,,not needed as transformed-cumulative preferred,1,delete,transformed-partial,0,0,0,0,0,0,,,,,,,,1349,,,,,,,,0,0,0,0,0,0,delete,
qui_usa_3.5Mar_d252_m160,smoking (quitting),US,3.5,Market Formation,cumulative TotalFundraisingDeals,cumulative # deals,qui,0.4182,0.20247,0.57404,2020,10.508,48.55,1.2789,2006.3,-1144.1,0.99834,0.99822,0.44223,0.23602,0.9738,0.97256,1.7581,1.0805,0.47103,0.44584,7.9005,6.1908,45,13,0.82389,0.020597,0.8033,13,0,12,0,0,0,0.86474,0,1,y,y,y,y,y,y,y,y,y,y,y,y,y,,,,,0,prefer,transformed-cumulative,1,1,0,0,0,0,,,,,,,,1350,,,,,,,,1,1,0,0,0,0,delete,
qui_usa_3.5Mar_d253_m161,smoking (quitting),US,3.5,Market Formation,Partial up to max TotalFundraisingDeals,Partial up to max # deals,qui,0.29824,0.0067855,0.060694,2023,14.734,19.666,1553.8,1.5757e+05,-120.88,0.89922,0.89082,0.35484,0.17187,-0.18059,-0.24441,1.2145,0.475,0.39289,0.36007,0.87093,0.64661,40,8,0.25424,0.050848,0.20339,8,0,7,0,0,1,0.66102,0,1,y,y,y,y,y,y,m,y,y,m,m,y,y,,,,not needed as transformed-cumulative preferred,1,delete,transformed-partial,0,0,0,0,0,0,,,,,,,,1351,,,,,,,,0,0,0,0,0,0,delete,
qui_usa_4.1Sal_d213_m100,smoking (quitting),US,4.1,Knowledge Flows (social networks),annualised Google search frequency (index 100=monthly max.),Index 0-100,qui,-0.21029,-0.089113,-4.9961,2012.9,-20.897,114.41,95.236,2005.8,10114,0.94577,0.93621,7.2223,6.3884,0.8972,0.88578,9.9441,8.1761,0.95146,0.94607,6.833,5.959,21,20,0.87408,0.097247,0.77684,20,17,1,1,0,0,0.92962,0,1,y,y,y,y,y,y,y,y,y,y,y,y,y,,,,,0,prefer,original,1,1,0,0,0,0,,,,,,,,1352,,,,,,,,1,1,0,0,0,0,delete,
qui_usa_4.1Sal_d239_m153,smoking (quitting),US,4.1,Knowledge Flows (social networks),Partial up to max annualised Google search frequency (index 100=monthly max.),Partial up to max Index 0-100,qui,2.0554,0.036502,3.5854,2002.8,2.138,100.13,0.94909,1878.2,-7091.4,1,1,1.998e-13,1.3737e-13,0.83158,-inf,1.3113,1.2361,0.83941,-inf,1.2804,1.2072,3,3,0.99871,0.9271,0.071616,3,0,2,0,0,0,0.67203,0,1,y,n,y,y,y,y,m,m,y,n,n,n,n,,,,too few,0,hide,transformed-partial,0,0,0,0,0,1,,,,,,,,1353,,,,,,,,0,0,0,0,0,1,,
red_net_1.1Adod_m_0,reduced alcohol consumption,The Netherlands,1.1,Adoption over time,"Recorded per capita (more than 15 years old) alcohol consumption (in litres of pure alcohol), include all beverage types: beers, spirits, wine, other alcoholic beverage, and all types",Per capita alcohol consumption (15+),red,0.28354,0.0025739,0.026648,1964,15.499,9.7446,9.405,2007.5,-44.035,0.70705,0.69189,0.99241,0.79656,0.059011,0.027113,1.7786,1.4487,0.067646,0.03604,1.7704,1.4484,62,62,1.1955,0.40741,0.78813,62,43,61,1,0,0,0.9911,0,1,y,y,y,y,y,y,y,y,m,y,m,,,,,,,,,,,,,,,,,,,,,,,,,,,,,,,,,,,,,,
smt_usa_1.1Adod_m_0,Smart Meters,United States,1.1,Adoption over Time,Number of residential advanced (smart) meters installed in the United States,Number of smart meters (millions),smt,0.15343,0.088035,6.584,2020.4,28.642,186.25,0.080654,1940.5,-13209,0.99861,0.99809,0.84886,0.56922,0.99055,0.98846,2.2123,1.6926,0.99692,0.99623,1.264,1.0008,12,12,0.6023,0.20682,0.39549,12,0,11,0,0,0,0.89937,0,0,y,y,y,y,y,y,y,y,y,y,y,,,,,,,,,,,,,,,,,,,,,,,,,,,,,,,,,,,,,,
smt_usa_1.2Ford_m_0,Smart Meters,United States,1.2,Smart Meter Penetration Rate,Smart meter penetration rate as share of total U.S. households,Smart meters as share of total households,smt,0.17339,0.0052994,0.046602,2016.7,25.344,1.1346,1554.2,1.576e+05,-93.418,0.99773,0.99688,0.0076781,0.0057899,-13.986,-17.316,0.62354,0.60237,0.99754,0.99699,0.007991,0.0064801,12,12,0.75284,0.29275,0.46009,12,0,11,0,0,0,0.90719,1,1,y,y,y,y,y,y,y,y,y,y,y,,,,,,,,,,,,,,,,,,,,,,,,,,,,,,,,,,,,,,
soc_bra_1.1Adod_m_0,Social media,Brazil,1.1,Adoption over Time,Individuals who participated in social networks in the last 3 months,%,soc,0.1398,0.050081,2.8006,2014.8,31.434,88.383,0.69432,1931.5,-5598,0.98628,0.98039,1.1364,0.82318,0.96703,0.95879,1.7613,1.2482,0.98228,0.97785,1.2914,0.81617,11,11,0.77278,0.44579,0.32699,12,0,10,0,0,0,0.91015,0,1,y,y,y,y,y,y,y,y,y,y,y,,,,,,,,,,,,,,,,,,,,,,,,,,,,,,,,,,,,,,
soc_ger_1.1Adod_m_0,Social media,Germany,1.1,Adoption over Time,Individuals who participated in social networks in the last 3 months,%,soc,0.015288,0.015268,0.71766,2449.3,287.44,34730,5.7222,1879.4,-1400.7,0.31678,0.060577,4.2618,2.9894,0.31679,0.16496,4.2618,2.9894,0.31468,0.16239,4.2684,2.9971,12,12,0.00167,0.0012064,0.00046357,14,0,11,0,0,0,0.89667,0,1,m,y,y,y,y,y,y,m,y,m,y,,,,,,,,,,,,,,,,,,,,,,,,,,,,,,,,,,,,,,
soc_ita_1.1Adod_m_0,Social media,Italy,1.1,Adoption over Time,Individuals who participated in social networks in the last 3 months,%,soc,0.057061,0.057059,2.2161,2201.2,77.014,1.391e+06,0.93957,1952.2,-4430.9,0.96331,0.9413,1.6921,1.2993,0.96331,0.95109,1.6921,1.2993,0.94771,0.93027,2.0203,1.5763,9,9,3.8246e-05,1.8907e-05,1.9339e-05,13,1,8,0,0,0,0.86674,0,1,y,y,y,y,y,y,y,m,y,m,y,,,,,,,,,,,,,,,,,,,,,,,,,,,,,,,,,,,,,,
soc_jap_1.1Adod_m_0,Social media,Japan,1.1,Adoption over Time,Individuals who participated in social networks in the last 3 months,%,soc,0.031975,0.031935,1.8691,2227.2,137.44,47715,1.6834,1906.4,-3712.2,0.53098,0.29647,5.0516,3.6817,0.53098,0.39698,5.0516,3.6817,0.52973,0.39536,5.0583,3.6509,10,10,0.0014482,0.00097872,0.00046945,10,0,4,0,1,0,0.89167,0,1,m,y,y,y,y,y,y,m,y,m,y,,,,,,,,,,,,,,,,,,,,,,,,,,,,,,,,,,,,,,
soc_net_1.1Adod_m_0,Social media,Netherlands,1.1,Adoption over Time,Individuals who participated in social networks in the last 3 months,%,soc,0.22648,0.031246,1.9605,2008.4,19.403,72.343,1.8165,1904.7,-3892.9,0.97584,0.9396,1.0961,1.0195,0.88445,0.80742,2.3971,2.0414,0.91243,0.85405,2.0868,1.7982,6,6,0.96208,0.63171,0.33037,12,0,5,0,0,0,0.82453,0,1,y,y,y,y,y,y,y,y,y,y,y,,,,,,,,,,,,,,,,,,,,,,,,,,,,,,,,,,,,,,
soc_por_1.1Adod_m_0,Social media,Portugal,1.1,Adoption over Time,Individuals who participated in social networks in the last 3 months,%,soc,0.21976,0.047437,2.7568,2011.9,19.997,74.258,0.79813,1928.6,-5506.7,0.99045,0.98726,1.0658,0.85544,0.92041,0.90449,3.0761,2.2524,0.95844,0.95013,2.2229,1.7465,13,13,0.94939,0.4242,0.5252,14,0,12,0,0,0,0.92753,0,1,y,y,y,y,y,y,y,y,y,y,y,,,,,,,,,,,,,,,,,,,,,,,,,,,,,,,,,,,,,,
soc_sou_1.1Adod_m_0,Social media,South Korea,1.1,Adoption over Time,Individuals who participated in social networks in the last 3 months,%,soc,0.58024,0.027604,1.7972,2011.9,7.5735,67.606,1.8339,1890.8,-3565.2,0.92306,0.8942,2.0508,1.7085,0.67559,0.60349,4.2111,2.9665,0.70416,0.63841,4.0214,2.8315,12,12,1.0532,0.64343,0.40973,12,0,11,0,0,0,0.92421,0,1,y,y,y,y,y,y,y,y,y,y,y,,,,,,,,,,,,,,,,,,,,,,,,,,,,,,,,,,,,,,
soc_swe_1.1Adod_m_0,Social media,Sweden,1.1,Adoption over Time,Individuals who participated in social networks in the last 3 months,%,soc,0.33943,0.012728,0.84002,2007.3,12.946,68.103,6.5437,1838.7,-1631,0.87548,0.82878,1.6271,1.3038,0.64977,0.57194,2.7288,2.1798,0.66629,0.59213,2.6637,2.1417,12,12,1.0176,0.78704,0.23053,15,5,11,1,0,0,0.92352,0,1,y,y,y,y,y,y,y,y,y,y,y,,,,,,,,,,,,,,,,,,,,,,,,,,,,,,,,,,,,,,
soc_uki_1.1Adod_m_0,Social media,United Kingdom,1.1,Adoption over Time,Individuals who participated in social networks in the last 3 months,%,soc,0.33149,0.03455,2.3189,2008.8,13.257,73.089,1.4323,1905.9,-4610,0.96611,0.91527,1.3092,1.12,0.79054,0.6509,3.2548,2.6922,0.82986,0.71643,2.9335,2.4865,6,6,0.96457,0.67999,0.28458,10,0,5,0,0,0,0.83873,0,1,y,y,y,y,y,y,y,y,y,y,y,,,,,,,,,,,,,,,,,,,,,,,,,,,,,,,,,,,,,,
soc_usa_1.1Adod_m_0,Social media,United States,1.1,Adoption over Time,Individuals who participated in social networks in the last 3 months,%,soc,,,,,,,,,,,,,,,,,,,,,,1,1,,,,1,0,0,0,0,,,0,1,n,n,y,m,m,m,m,m,m,n,n,,,,,,,,,,,,,,,,,,,,,,,,,,,,,,,,,,,,,,
sol_cal_1.1Ado_d042_m195,third-party solar leasing,California,1.1,Adoption over Time,% third party owned systems (income=$50k-$100k),%,sol,-0.69424,0.00052108,-0.0046374,2022.7,-6.3299,0.43719,1555.7,1.5745e+05,9.7563,0.20363,-0.061825,0.095294,0.068987,-14.554,-17.665,0.42115,0.40738,0.026403,-0.16832,0.10536,0.081138,13,13,1.3221,0.44374,0.87833,13,10,12,1,0,0,0.94664,1,1,n,y,y,y,y,y,y,y,m,n,m,,,,,,,,,,,,,,,,,,,,,,,,,,,,,,,,,,,,,,
sol_cal_1.1Ado_d043_m195,third-party solar leasing,California,1.1,Adoption over Time,% third party owned systems (income<$50k),%,sol,1.6578,0.0016162,0.0070934,2010.6,2.6508,0.46935,1555.3,1.5748e+05,-13.871,0.62134,0.49512,0.070558,0.057635,-13.988,-16.986,0.44391,0.42885,0.053579,-0.13571,0.11155,0.090978,13,13,1.2677,0.35155,0.91616,13,7,12,1,0,0,0.94779,1,1,m,y,y,y,y,y,y,y,m,m,m,,,,,,,,,,,,,,,,,,,,,,,,,,,,,,,,,,,,,,
sol_cal_1.1Ado_d297_m182,third-party solar leasing,California,1.1,Adoption over Time,Partial up to max % third party owned systems (income=$50k-$100k),Partial up to max %,sol,0.56976,0.54356,0.192,2016.6,7.7128,8.4191,1.4099,2013.6,-385.74,1,1,6.2745e-15,5.8472e-15,0.99997,-inf,0.00091352,0.00083977,0.97875,-inf,0.023099,0.021778,3,3,0.068653,0.023043,0.04561,3,0,2,0,0,0,0.5361,1,1,y,n,y,y,y,y,m,m,y,n,n,n,n,,,,,0,,transformed-partial,1,1,0,0,0,0,,,,,,,,1363,,,,,,,,1,1,0,0,0,0,delete,
sol_cal_1.1Ado_d298_m182,third-party solar leasing,California,1.1,Adoption over Time,Partial up to max % third party owned systems (income<$50k),Partial up to max %,sol,1.1614,0.17884,0.080343,2010.8,3.7837,0.54951,5.5802,2027.3,-161.28,0.89389,0.73473,0.049129,0.045399,0.76107,0.60178,0.073723,0.056185,0.82765,0.71275,0.062614,0.045613,6,6,1.0828,0.30027,0.78252,6,0,5,0,0,0,0.79853,1,1,y,y,y,y,y,y,y,y,y,y,y,y,y,,,,,0,,transformed-partial,1,1,0,0,0,0,,,,,,,,1364,,,,,,,,1,1,0,0,0,0,delete,
sol_cal_1.1Ado_d342_m185,third-party solar leasing,California,1.1,Adoption over Time,share of new solar owned by 3rd parties (HH<$100k),market share,sol,1.8877,0.0024827,0.001228,2010.3,2.3279,0.44903,0.0070313,370.5,-2.0576,0.50068,0.33424,0.076249,0.062278,0.0015328,-0.19816,0.10782,0.085979,0.0018133,-0.19782,0.10781,0.086058,13,13,1.2727,0.39975,0.87299,13,7,12,1,0,0,0.94783,1,1,m,y,y,y,y,y,y,y,m,m,m,m,m,,,,,0,prefer-relative,transformed-marketshare,1,1,0,1,0,0,,,,,,,,1366,,,,,,,,1,1,0,1,0,0,,
sol_cal_1.1Adod_m_0,Third-Party Solar Leasing,California,1.1,Adoption over Time,% third party owned systems (income < $50k),Share of solar leasing among income < $50k households (%),sol,1.6578,0.0016162,0.0070934,2010.6,2.6508,0.46935,1555.3,1.5748e+05,-13.871,0.62134,0.49512,0.070558,0.057635,-13.988,-16.986,0.44391,0.42885,0.053579,-0.13571,0.11155,0.090978,13,13,1.2677,0.35155,0.91616,13,7,12,1,0,0,0.94779,1,1,m,y,y,y,y,y,y,y,m,m,m,,,,,,,,,,,,,,,,,,,,,,,,,,,,,,,,,,,,,,
sol_cal_1.1Adod_m_0,Third-Party Solar Leasing,California,1.1,Adoption over Time,% third party owned systems (income = $50k–$100k),Share of solar leasing among income $50k–$100k households (%),sol,-0.69424,0.00052108,-0.0046374,2022.7,-6.3299,0.43719,1555.7,1.5745e+05,9.7563,0.20363,-0.061825,0.095294,0.068987,-14.554,-17.665,0.42115,0.40738,0.026403,-0.16832,0.10536,0.081138,13,13,1.3221,0.44374,0.87833,13,10,12,1,0,0,0.94664,1,1,n,y,y,y,y,y,y,y,m,n,m,,,,,,,,,,,,,,,,,,,,,,,,,,,,,,,,,,,,,,
sol_cal_3.2Adc_d039_m195,third-party solar leasing,California,3.2,Adopter Characteristics,% third party owned systems (income=$100k-$150k),%,sol,22.813,0.0015025,0.0054076,2018.1,0.19263,0.08688,1555.2,1.575e+05,-10.872,0.18106,-0.091918,0.08082,0.041455,-0.11023,-0.33227,0.094102,0.029651,0.051328,-0.13841,0.086987,0.046003,13,13,3.9019,0.02256,3.8794,13,3,12,1,0,1,0.021276,1,1,n,y,y,m,m,m,m,y,m,n,m,,,,,,,,,,,,,,,,,,,,,,,,,,,,,,,,,,,,,,
sol_cal_3.2Adc_d040_m195,third-party solar leasing,California,3.2,Adopter Characteristics,% third party owned systems (income=$150k-$200k),%,sol,-0.40363,-0.038161,-0.016033,2021.6,-10.887,0.43757,1.8059,1973.8,32.687,0.40604,0.20805,0.088244,0.061622,0.23882,0.08658,0.099897,0.07548,0.2745,0.1294,0.097527,0.071828,13,13,1.3712,0.47079,0.90044,13,10,12,1,0,0,0.94689,1,1,m,y,y,y,y,y,y,y,m,m,m,,,,,,,,,,,,,,,,,,,,,,,,,,,,,,,,,,,,,,
sol_cal_3.2Adc_d041_m195,third-party solar leasing,California,3.2,Adopter Characteristics,% third party owned systems (income=$200k-$250k),%,sol,-0.36299,-0.058765,-0.021126,2020,-12.106,0.42087,0.44182,2009.7,42.903,0.50712,0.34283,0.085821,0.058089,0.36605,0.23926,0.097331,0.071411,0.41815,0.30178,0.093246,0.064286,13,13,1.4066,0.36828,1.0383,13,10,0,1,0,0,0.93798,1,1,m,y,y,y,y,y,y,y,y,m,y,,,,,,,,,,,,,,,,,,,,,,,,,,,,,,,,,,,,,,
sol_cal_3.2Adc_d044_m195,third-party solar leasing,California,3.2,Adopter Characteristics,% third party owned systems (income>$250k),%,sol,-0.34939,-0.063172,-0.02194,2019.6,-12.577,0.42137,0.85963,1999.1,44.532,0.47721,0.30294,0.093343,0.063752,0.35502,0.22603,0.10368,0.074551,0.40434,0.28521,0.099636,0.067985,13,13,1.4453,0.36073,1.0846,13,10,0,1,0,1,0.931,1,1,m,y,y,y,y,y,y,y,y,m,y,,,,,,,,,,,,,,,,,,,,,,,,,,,,,,,,,,,,,,
sol_cal_3.2Adcd_m_0,Third-Party Solar Leasing,California,3.2,Adopter Characteristics,% third party owned systems (income = $100k–$150k),Share of solar leasing among income $100k–$150k households (%),sol,22.812,0.051252,0.54076,2018.1,0.19264,8.688,1540.1,1.59e+05,-1087.2,0.18106,-0.091918,8.082,4.1455,-0.11023,-0.33227,9.4102,2.9651,0.051328,-0.13841,8.6987,4.6003,13,13,3.9019,0.02256,3.8794,13,3,12,1,0,1,0.021276,0,1,n,y,y,m,m,m,m,y,m,n,m,,,,,,,,,,,,,,,,,,,,,,,,,,,,,,,,,,,,,,
sol_cal_3.2Adcd_m_0,Third-Party Solar Leasing,California,3.2,Adopter Characteristics,% third party owned systems (income = $150k–$200k),Share of solar leasing among income $150k–$200k households (%),sol,-0.40363,-0.038161,-0.016033,2021.6,-10.887,0.43757,1.8059,1973.8,32.687,0.40604,0.20805,0.088244,0.061622,0.23882,0.08658,0.099897,0.07548,0.2745,0.1294,0.097527,0.071828,13,13,1.3712,0.47079,0.90044,13,10,12,1,0,0,0.94689,1,1,m,y,y,y,y,y,y,y,m,m,m,,,,,,,,,,,,,,,,,,,,,,,,,,,,,,,,,,,,,,
sol_cal_3.2Adcd_m_0,Third-Party Solar Leasing,California,3.2,Adopter Characteristics,% third party owned systems (income = $200k–$250k),Share of solar leasing among income $200k–$250k households (%),sol,-0.36299,-0.058765,-0.021126,2020,-12.106,0.42087,0.44182,2009.7,42.903,0.50712,0.34283,0.085821,0.058089,0.36605,0.23926,0.097331,0.071411,0.41815,0.30178,0.093246,0.064286,13,13,1.4066,0.36828,1.0383,13,10,0,1,0,0,0.93798,1,1,m,y,y,y,y,y,y,y,y,m,y,,,,,,,,,,,,,,,,,,,,,,,,,,,,,,,,,,,,,,
sol_cal_3.2Adcd_m_0,Third-Party Solar Leasing,California,3.2,Adopter Characteristics,% third party owned systems (income > $250k),Share of solar leasing among income > $250k households (%),sol,-0.34939,-0.063172,-0.02194,2019.6,-12.577,0.42137,0.85963,1999.1,44.532,0.47721,0.30294,0.093343,0.063752,0.35502,0.22603,0.10368,0.074551,0.40434,0.28521,0.099636,0.067985,13,13,1.4453,0.36073,1.0846,13,10,0,1,0,1,0.931,1,1,m,y,y,y,y,y,y,y,y,m,y,,,,,,,,,,,,,,,,,,,,,,,,,,,,,,,,,,,,,,
sol_cal_4.1Sal_d213_m100,third-party solar leasing,California,4.1,Knowledge Flows (social networks),annualised Google search frequency (index 100=monthly max.),Index 0-100,sol,1.0931,0.079868,5.493,2010.5,4.0201,84.654,0.18895,1943.8,-11007,0.92311,0.90954,10.372,7.9399,0.66029,0.62255,21.802,17.894,0.79071,0.76746,17.112,13.437,21,17,1.1813,0.10316,1.0781,17,1,16,0,0,1,0.93316,0,1,y,y,y,y,y,y,y,y,y,y,y,y,y,,,,,0,hide,original,1,1,0,0,0,0,,,,,,,,1367,,,,,,,,1,1,0,0,0,0,delete,
sol_cal_4.1Sal_d239_m153,third-party solar leasing,California,4.1,Knowledge Flows (social networks),Partial up to max annualised Google search frequency (index 100=monthly max.),Partial up to max Index 0-100,sol,1.1273,0.086544,5.7496,2010.5,3.8984,83.58,0.16169,1947.4,-11523,0.92298,0.90854,10.349,7.8496,0.6608,0.6209,21.718,18.177,0.79043,0.76578,17.071,13.573,20,16,1.1965,0.10449,1.092,16,0,15,0,0,1,0.92071,0,1,y,y,y,y,y,y,y,y,y,y,y,y,y,,,,,0,prefer,transformed-partial,1,1,0,0,0,1,,,,,,,,1368,,,,,,,,1,1,0,0,0,1,,
sol_con_1.1Ado_d042_m195,third-party solar leasing,Connecticut,1.1,Adoption over Time,% third party owned systems (income=$50k-$100k),%,sol,1.4292,0.0072056,0.066984,2013.5,3.0748,0.77889,1553.5,1.5766e+05,-134.5,0.92948,0.90597,0.085139,0.069393,-2.8411,-3.6093,0.62833,0.54038,0.61114,0.53337,0.19992,0.16751,13,11,1.1067,0.14765,0.95906,11,6,10,1,0,1,0.92902,1,1,y,y,y,y,y,y,y,y,y,y,y,,,,,,,,,,,,,,,,,,,,,,,,,,,,,,,,,,,,,,
sol_con_1.1Ado_d043_m195,third-party solar leasing,Connecticut,1.1,Adoption over Time,% third party owned systems (income<$50k),%,sol,1.8098,0.0019605,0.01083,2010.7,2.4282,0.51536,1555.2,1.5749e+05,-21.367,0.6974,0.59653,0.074466,0.050164,-11.815,-14.378,0.4846,0.46531,0.089601,-0.092479,0.12916,0.10352,13,13,1.2787,0.23867,1.0401,13,7,12,1,0,1,0.95643,1,1,m,y,y,y,y,y,y,y,m,m,m,,,,,,,,,,,,,,,,,,,,,,,,,,,,,,,,,,,,,,
sol_con_1.1Ado_d297_m182,third-party solar leasing,Connecticut,1.1,Adoption over Time,Partial up to max % third party owned systems (income=$50k-$100k),Partial up to max %,sol,1.0541,0.4256,0.15996,2014,4.169,1.0022,1.2528,2016.6,-321.65,0.97443,0.94887,0.053131,0.045038,0.91522,0.87283,0.09675,0.082614,0.92701,0.89052,0.08977,0.079735,7,5,0.86009,0.11474,0.74534,5,0,4,0,0,1,0.70743,1,1,y,n,y,y,y,y,y,y,y,n,n,y,y,,,,,0,,transformed-partial,1,1,0,0,0,0,,,,,,,,1378,,,,,,,,1,1,0,0,0,0,delete,
sol_con_1.1Ado_d298_m182,third-party solar leasing,Connecticut,1.1,Adoption over Time,Partial up to max % third party owned systems (income<$50k),Partial up to max %,sol,1.263,0.0097924,0.094057,2010.9,3.4794,0.58053,1552.7,1.5773e+05,-188.86,0.91118,0.77794,0.051344,0.042924,-6.2204,-11.034,0.46292,0.42967,0.86942,0.78236,0.062254,0.044695,6,6,1.1352,0.21187,0.92329,6,0,5,0,0,1,0.7879,1,1,y,y,y,y,y,y,y,y,y,y,y,y,y,,,,,0,,transformed-partial,1,1,0,0,0,0,,,,,,,,1379,,,,,,,,1,1,0,0,0,0,delete,
sol_con_1.1Ado_d342_m185,third-party solar leasing,Connecticut,1.1,Adoption over Time,share of new solar owned by 3rd parties (HH<$100k),market share,sol,1.014,0.004583,0.038907,2012.3,4.3336,0.64077,1554.4,1.5757e+05,-77.933,0.866,0.82134,0.077923,0.060657,-5.5801,-6.8961,0.54605,0.50285,0.46768,0.36121,0.15531,0.12586,13,13,1.1728,0.095978,1.0768,13,6,12,1,0,1,0.94605,1,1,y,y,y,y,y,y,y,y,y,y,y,y,y,,,,,0,prefer-relative,transformed-marketshare,1,1,0,1,0,0,,,,,,,,1381,,,,,,,,1,1,0,1,0,0,,
sol_con_1.1Adod_m_0,Third-Party Solar Leasing,Connecticut,1.1,Adoption over Time,% third party owned systems (income < $50k),Share of solar leasing among income < $50k households (%),sol,1.8098,0.0019605,0.01083,2010.7,2.4282,0.51536,1555.2,1.5749e+05,-21.367,0.6974,0.59653,0.074466,0.050164,-11.815,-14.378,0.4846,0.46531,0.089601,-0.092479,0.12916,0.10352,13,13,1.2787,0.23867,1.0401,13,7,12,1,0,1,0.95643,1,1,m,y,y,y,y,y,y,y,m,m,m,,,,,,,,,,,,,,,,,,,,,,,,,,,,,,,,,,,,,,
sol_con_1.1Adod_m_0,Third-Party Solar Leasing,Connecticut,1.1,Adoption over Time,% third party owned systems (income = $50k–$100k),Share of solar leasing among income $50k–$100k households (%),sol,1.4292,0.0072056,0.066984,2013.5,3.0748,0.77889,1553.5,1.5766e+05,-134.5,0.92948,0.90597,0.085139,0.069393,-2.8411,-3.6093,0.62833,0.54038,0.61114,0.53337,0.19992,0.16751,13,11,1.1067,0.14765,0.95906,11,6,10,1,0,1,0.92902,1,1,y,y,y,y,y,y,y,y,y,y,y,,,,,,,,,,,,,,,,,,,,,,,,,,,,,,,,,,,,,,
sol_con_3.2Adc_d039_m195,third-party solar leasing,Connecticut,3.2,Adopter Characteristics,% third party owned systems (income=$100k-$150k),%,sol,1.565,0.006204,0.056242,2013.5,2.8079,0.69614,1553.8,1.5763e+05,-112.9,0.86846,0.82461,0.10863,0.086907,-2.6264,-3.3516,0.57035,0.48538,0.49366,0.39239,0.21312,0.18208,13,11,1.1592,0.11636,1.0429,11,6,10,1,0,1,0.94009,1,1,y,y,y,y,y,y,y,y,y,y,y,,,,,,,,,,,,,,,,,,,,,,,,,,,,,,,,,,,,,,
sol_con_3.2Adc_d040_m195,third-party solar leasing,Connecticut,3.2,Adopter Characteristics,% third party owned systems (income=$150k-$200k),%,sol,1.7293,0.0058417,0.052335,2013.5,2.5411,0.65036,1553.9,1.5762e+05,-105.06,0.85104,0.80138,0.11119,0.085631,-2.464,-3.1568,0.5362,0.45223,0.46199,0.35438,0.21132,0.18293,13,11,1.204,0.06458,1.1394,11,6,10,1,0,1,0.93998,1,1,y,y,y,y,y,y,y,y,y,y,y,,,,,,,,,,,,,,,,,,,,,,,,,,,,,,,,,,,,,,
sol_con_3.2Adc_d041_m195,third-party solar leasing,Connecticut,3.2,Adopter Characteristics,% third party owned systems (income=$200k-$250k),%,sol,1.8191,0.0041522,0.034225,2013,2.4158,0.52564,1554.4,1.5757e+05,-68.617,0.69734,0.59645,0.13779,0.10098,-2.3188,-2.9825,0.45627,0.38138,0.26143,0.11372,0.21524,0.1857,13,11,1.3488,0.12366,1.2252,11,6,10,1,0,1,0.94394,1,1,m,y,y,y,y,y,y,y,m,m,m,,,,,,,,,,,,,,,,,,,,,,,,,,,,,,,,,,,,,,
sol_con_3.2Adc_d044_m195,third-party solar leasing,Connecticut,3.2,Adopter Characteristics,% third party owned systems (income>$250k),%,sol,1.9477,0.0046557,0.039588,2013,2.2562,0.53661,1554.3,1.5758e+05,-79.421,0.81012,0.74683,0.1056,0.083274,-2.5684,-3.2821,0.45779,0.38838,0.37358,0.2483,0.19181,0.16624,13,11,1.2653,0.033544,1.2318,11,6,10,1,0,1,0.92642,1,1,y,y,y,y,y,y,y,y,y,y,y,,,,,,,,,,,,,,,,,,,,,,,,,,,,,,,,,,,,,,
sol_con_3.2Adcd_m_0,Third-Party Solar Leasing,Connecticut,3.2,Adopter Characteristics,% third party owned systems (income = $100k–$150k),Share of solar leasing among income $100k–$150k households (%),sol,1.565,0.006204,0.056242,2013.5,2.8079,0.69614,1553.8,1.5763e+05,-112.9,0.86846,0.82461,0.10863,0.086907,-2.6264,-3.3516,0.57035,0.48538,0.49366,0.39239,0.21312,0.18208,13,11,1.1592,0.11636,1.0429,11,6,10,1,0,1,0.94009,1,1,y,y,y,y,y,y,y,y,y,y,y,,,,,,,,,,,,,,,,,,,,,,,,,,,,,,,,,,,,,,
sol_con_3.2Adcd_m_0,Third-Party Solar Leasing,Connecticut,3.2,Adopter Characteristics,% third party owned systems (income = $150k–$200k),Share of solar leasing among income $150k–$200k households (%),sol,1.7293,0.0058417,0.052335,2013.5,2.5411,0.65036,1553.9,1.5762e+05,-105.06,0.85104,0.80138,0.11119,0.085631,-2.464,-3.1568,0.5362,0.45223,0.46199,0.35438,0.21132,0.18293,13,11,1.204,0.06458,1.1394,11,6,10,1,0,1,0.93998,1,1,y,y,y,y,y,y,y,y,y,y,y,,,,,,,,,,,,,,,,,,,,,,,,,,,,,,,,,,,,,,
sol_con_3.2Adcd_m_0,Third-Party Solar Leasing,Connecticut,3.2,Adopter Characteristics,% third party owned systems (income = $200k–$250k),Share of solar leasing among income $200k–$250k households (%),sol,1.8191,0.0041522,0.034225,2013,2.4158,0.52564,1554.4,1.5757e+05,-68.617,0.69734,0.59645,0.13779,0.10098,-2.3188,-2.9825,0.45627,0.38138,0.26143,0.11372,0.21524,0.1857,13,11,1.3488,0.12366,1.2252,11,6,10,1,0,1,0.94394,1,1,m,y,y,y,y,y,y,y,m,m,m,,,,,,,,,,,,,,,,,,,,,,,,,,,,,,,,,,,,,,
sol_con_3.2Adcd_m_0,Third-Party Solar Leasing,Connecticut,3.2,Adopter Characteristics,% third party owned systems (income > $250k),Share of solar leasing among income > $250k households (%),sol,1.9477,0.0046557,0.039588,2013,2.2562,0.53661,1554.3,1.5758e+05,-79.421,0.81012,0.74683,0.1056,0.083274,-2.5684,-3.2821,0.45779,0.38838,0.37358,0.2483,0.19181,0.16624,13,11,1.2653,0.033544,1.2318,11,6,10,1,0,1,0.92642,1,1,y,y,y,y,y,y,y,y,y,y,y,,,,,,,,,,,,,,,,,,,,,,,,,,,,,,,,,,,,,,
sol_con_4.1Sal_d213_m100,third-party solar leasing,Connecticut,4.1,Knowledge Flows (social networks),annualised Google search frequency (index 100=monthly max.),Index 0-100,sol,0.16789,0.1677,2.6675,2061.1,26.174,36636,0.29808,1991.3,-5349.7,0.35103,0.23651,25.796,15.944,0.35103,0.27892,25.796,15.946,0.25446,0.17162,27.649,19.206,21,9,0.0027296,0.00057321,0.0021564,17,16,6,0,1,1,0.38902,0,1,m,y,y,m,m,m,m,m,m,m,m,m,m,,,,,0,prefer,original,0,1,0,0,0,1,,,,,,,,1382,,,,,,,,0,1,0,0,0,1,,
sol_con_4.1Sal_d239_m153,third-party solar leasing,Connecticut,4.1,Knowledge Flows (social networks),Partial up to max annualised Google search frequency (index 100=monthly max.),Partial up to max Index 0-100,sol,15.561,,20,2008.1,0.2824,376.72,,,-40100,1,1,1.063e-05,4.8925e-06,,,,,0.5,0,28.284,24,5,1,0.26545,0.26545,0,1,0,0,0,0,,,0,1,y,n,y,m,m,m,m,m,y,n,n,n,n,,,,too few,0,hide,transformed-partial,0,0,0,0,0,0,,,,,,,,1383,,,,,,,,0,0,0,0,0,0,delete,
sol_glo_3.3Sci_d235_m020,third-party solar leasing,Global,3.3,Risk & Uncertainty (Shared Expectations),scientific publications,# publications,sol,0.1118,0.058152,1.074,2010.9,39.307,66.289,1.7285,1962.5,-2126.6,0.88873,0.88219,6.2522,3.9189,0.85728,0.85179,7.0811,5.2731,0.82731,0.82067,7.789,6.2459,55,38,0.95038,0.015085,0.93529,45,2,44,0,0,1,0.93508,0,1,y,y,y,y,y,y,y,y,y,y,y,y,y,,,,"good; only available global, apply to all EA regions",0,,,1,1,0,0,1,1,,,,,,,,1384,,,,,,,,1,1,0,0,1,1,,
sol_mas_1.1Ado_d042_m195,third-party solar leasing,Massachusetts,1.1,Adoption over Time,% third party owned systems (income=$50k-$100k),%,sol,0.8736,0.0053712,0.047242,2012.9,5.0303,0.63051,1554.1,1.576e+05,-94.772,0.7796,0.70614,0.10741,0.077141,-4.1816,-5.2179,0.52079,0.46785,0.59692,0.51631,0.14525,0.10152,13,13,1.2244,0.085644,1.1388,13,7,12,1,0,1,0.8957,1,1,y,y,y,y,y,y,y,y,y,y,y,,,,,,,,,,,,,,,,,,,,,,,,,,,,,,,,,,,,,,
sol_mas_1.1Ado_d043_m195,third-party solar leasing,Massachusetts,1.1,Adoption over Time,% third party owned systems (income<$50k),%,sol,0.79263,0.0059746,0.053758,2013.1,5.5441,0.73115,1553.9,1.5762e+05,-107.84,0.80127,0.73503,0.11322,0.089061,-4.3919,-5.4702,0.58972,0.53223,0.62729,0.55274,0.15505,0.11408,13,13,1.1393,0.17643,0.96286,13,6,12,1,0,1,0.91011,1,1,y,y,y,y,y,y,y,y,y,y,y,,,,,,,,,,,,,,,,,,,,,,,,,,,,,,,,,,,,,,
sol_mas_1.1Ado_d297_m182,third-party solar leasing,Massachusetts,1.1,Adoption over Time,Partial up to max % third party owned systems (income=$50k-$100k),Partial up to max %,sol,0.48343,0.48342,0.11289,2039.4,9.0902,94024,5.8122,2019.4,-226.89,0.84443,0.61109,0.089772,0.07179,0.84443,0.74072,0.089772,0.071789,0.71745,0.52909,0.12098,0.086924,6,6,8.2107e-06,5.7432e-07,7.6363e-06,6,0,5,0,0,1,0.46591,1,1,y,y,y,y,y,y,m,m,y,m,m,m,m,,,,,0,,transformed-partial,1,1,0,0,0,0,,,,,,,,1394,,,,,,,,1,1,0,0,0,0,delete,
sol_mas_1.1Ado_d298_m182,third-party solar leasing,Massachusetts,1.1,Adoption over Time,Partial up to max % third party owned systems (income<$50k),Partial up to max %,sol,0.3925,0.34501,0.12196,2019.5,11.196,4.3754,5.9774,2021.5,-245.12,0.86423,0.72846,0.10215,0.071534,0.8635,0.79525,0.10243,0.069325,0.77419,0.66128,0.13174,0.10967,7,7,0.19038,0.029483,0.1609,7,0,6,0,0,1,0.68577,1,1,y,y,y,y,y,y,m,m,y,m,m,y,y,,,,,0,,transformed-partial,1,1,0,0,0,0,,,,,,,,1395,,,,,,,,1,1,0,0,0,0,delete,
sol_mas_1.1Ado_d342_m185,third-party solar leasing,Massachusetts,1.1,Adoption over Time,share of new solar owned by 3rd parties (HH<$100k),market share,sol,0.82806,0.0056729,0.0505,2013,5.3069,0.68059,1554,1.5761e+05,-101.31,0.79484,0.72646,0.10897,0.081987,-4.3198,-5.3838,0.55491,0.50004,0.61684,0.5402,0.14892,0.10712,13,13,1.171,0.13444,1.0366,13,7,12,1,0,1,0.90397,1,1,y,y,y,y,y,y,y,y,y,y,y,y,y,,,,,0,prefer-relative,transformed-marketshare,1,1,0,1,0,0,,,,,,,,1397,,,,,,,,1,1,0,1,0,0,,
sol_mas_1.1Adod_m_0,Third-Party Solar Leasing,Massachusetts,1.1,Adoption over Time,% third party owned systems (income < $50k),Share of solar leasing among income < $50k households (%),sol,0.79263,0.0059746,0.053758,2013.1,5.5441,0.73115,1553.9,1.5762e+05,-107.84,0.80127,0.73503,0.11322,0.089061,-4.3919,-5.4702,0.58972,0.53223,0.62729,0.55274,0.15505,0.11408,13,13,1.1393,0.17643,0.96286,13,6,12,1,0,1,0.91011,1,1,y,y,y,y,y,y,y,y,y,y,y,,,,,,,,,,,,,,,,,,,,,,,,,,,,,,,,,,,,,,
sol_mas_1.1Adod_m_0,Third-Party Solar Leasing,Massachusetts,1.1,Adoption over Time,% third party owned systems (income = $50k–$100k),Share of solar leasing among income $50k–$100k households (%),sol,0.8736,0.0053712,0.047242,2012.9,5.0303,0.63051,1554.1,1.576e+05,-94.772,0.7796,0.70614,0.10741,0.077141,-4.1816,-5.2179,0.52079,0.46785,0.59692,0.51631,0.14525,0.10152,13,13,1.2244,0.085644,1.1388,13,7,12,1,0,1,0.8957,1,1,y,y,y,y,y,y,y,y,y,y,y,,,,,,,,,,,,,,,,,,,,,,,,,,,,,,,,,,,,,,
sol_mas_3.2Adc_d039_m195,third-party solar leasing,Massachusetts,3.2,Adopter Characteristics,% third party owned systems (income=$100k-$150k),%,sol,0.81536,0.0045736,0.038698,2012.4,5.3896,0.57759,1554.3,1.5758e+05,-77.568,0.70264,0.60352,0.11121,0.081006,-4.7973,-5.9567,0.49105,0.44669,0.50405,0.40487,0.14362,0.097588,13,13,1.3002,0.083105,1.2171,13,7,12,1,0,1,0.8924,1,1,y,y,y,y,y,y,y,y,y,y,y,,,,,,,,,,,,,,,,,,,,,,,,,,,,,,,,,,,,,,
sol_mas_3.2Adc_d040_m195,third-party solar leasing,Massachusetts,3.2,Adopter Characteristics,% third party owned systems (income=$150k-$200k),%,sol,0.93922,0.0040471,0.033033,2012.2,4.6788,0.51548,1554.5,1.5756e+05,-66.189,0.66146,0.54861,0.11034,0.074134,-4.5747,-5.6897,0.44776,0.40562,0.42477,0.30973,0.14383,0.10379,13,13,1.3909,0.10864,1.2823,13,7,12,1,0,1,0.8875,1,1,m,y,y,y,y,y,y,y,y,m,y,,,,,,,,,,,,,,,,,,,,,,,,,,,,,,,,,,,,,,
sol_mas_3.2Adc_d041_m195,third-party solar leasing,Massachusetts,3.2,Adopter Characteristics,% third party owned systems (income=$200k-$250k),%,sol,1.1188,0.053799,0.021148,2011.8,3.9278,0.3915,0.72839,2031.5,-42.314,0.51519,0.35358,0.11168,0.081868,0.19875,0.0385,0.14357,0.10316,0.24341,0.092089,0.13951,0.10403,13,13,1.6194,0.074074,1.5453,13,7,12,1,0,1,0.86821,1,1,m,y,y,y,y,y,y,y,m,m,m,,,,,,,,,,,,,,,,,,,,,,,,,,,,,,,,,,,,,,
sol_mas_3.2Adc_d044_m195,third-party solar leasing,Massachusetts,3.2,Adopter Characteristics,% third party owned systems (income>$250k),%,sol,1.1202,0.0026462,0.017967,2011.7,3.9231,0.37315,1554.9,1.5752e+05,-35.914,0.46106,0.28142,0.11572,0.082799,-3.7949,-4.7539,0.34517,0.30708,0.18188,0.018259,0.14258,0.10084,13,13,1.7124,0.10719,1.6052,13,7,12,1,0,1,0.85268,1,1,m,y,y,y,y,y,y,y,m,m,m,,,,,,,,,,,,,,,,,,,,,,,,,,,,,,,,,,,,,,
sol_mas_3.2Adcd_m_0,Third-Party Solar Leasing,Massachusetts,3.2,Adopter Characteristics,% third party owned systems (income = $100k–$150k),Share of solar leasing among income $100k–$150k households (%),sol,0.81536,0.0045736,0.038698,2012.4,5.3896,0.57759,1554.3,1.5758e+05,-77.568,0.70264,0.60352,0.11121,0.081006,-4.7973,-5.9567,0.49105,0.44669,0.50405,0.40487,0.14362,0.097588,13,13,1.3002,0.083105,1.2171,13,7,12,1,0,1,0.8924,1,1,y,y,y,y,y,y,y,y,y,y,y,,,,,,,,,,,,,,,,,,,,,,,,,,,,,,,,,,,,,,
sol_mas_3.2Adcd_m_0,Third-Party Solar Leasing,Massachusetts,3.2,Adopter Characteristics,% third party owned systems (income = $150k–$200k),Share of solar leasing among income $150k–$200k households (%),sol,0.93922,0.0040471,0.033033,2012.2,4.6788,0.51548,1554.5,1.5756e+05,-66.189,0.66146,0.54861,0.11034,0.074134,-4.5747,-5.6897,0.44776,0.40562,0.42477,0.30973,0.14383,0.10379,13,13,1.3909,0.10864,1.2823,13,7,12,1,0,1,0.8875,1,1,m,y,y,y,y,y,y,y,y,m,y,,,,,,,,,,,,,,,,,,,,,,,,,,,,,,,,,,,,,,
sol_mas_3.2Adcd_m_0,Third-Party Solar Leasing,Massachusetts,3.2,Adopter Characteristics,% third party owned systems (income = $200k–$250k),Share of solar leasing among income $200k–$250k households (%),sol,1.1188,0.053799,0.021148,2011.8,3.9278,0.3915,0.72839,2031.5,-42.314,0.51519,0.35358,0.11168,0.081868,0.19875,0.0385,0.14357,0.10316,0.24341,0.092089,0.13951,0.10403,13,13,1.6194,0.074074,1.5453,13,7,12,1,0,1,0.86821,1,1,m,y,y,y,y,y,y,y,m,m,m,,,,,,,,,,,,,,,,,,,,,,,,,,,,,,,,,,,,,,
sol_mas_3.2Adcd_m_0,Third-Party Solar Leasing,Massachusetts,3.2,Adopter Characteristics,% third party owned systems (income > $250k),Share of solar leasing among income > $250k households (%),sol,1.1202,0.0026462,0.017967,2011.7,3.9231,0.37315,1554.9,1.5752e+05,-35.914,0.46106,0.28142,0.11572,0.082799,-3.7949,-4.7539,0.34517,0.30708,0.18188,0.018259,0.14258,0.10084,13,13,1.7124,0.10719,1.6052,13,7,12,1,0,1,0.85268,1,1,m,y,y,y,y,y,y,y,m,m,m,,,,,,,,,,,,,,,,,,,,,,,,,,,,,,,,,,,,,,
sol_mas_4.1Sal_d213_m100,third-party solar leasing,Massachusetts,4.1,Knowledge Flows (social networks),annualised Google search frequency (index 100=monthly max.),Index 0-100,sol,0.18362,0.18362,3.4061,2078.9,23.932,2.3438e+06,0.080333,1985.3,-6830.4,0.5581,0.48011,22.429,14.829,0.5581,0.509,22.429,14.829,0.37368,0.30409,26.702,20.496,21,12,4.2666e-05,4.1169e-06,3.8549e-05,20,0,11,0,1,1,0.60786,0,1,m,y,y,m,m,m,m,m,y,m,m,m,m,,,,no asympote,0,hide,original,0,1,0,0,0,0,,,,,,,,1398,,,,,,,,0,1,0,0,0,0,delete,
sol_mas_4.1Sal_d239_m153,third-party solar leasing,Massachusetts,4.1,Knowledge Flows (social networks),Partial up to max annualised Google search frequency (index 100=monthly max.),Partial up to max Index 0-100,sol,0.18362,0.18362,3.4061,2078.9,23.932,2.3438e+06,0.080333,1985.3,-6830.4,0.5581,0.48011,22.429,14.829,0.5581,0.509,22.429,14.829,0.37368,0.30409,26.702,20.496,21,12,4.2666e-05,4.1169e-06,3.8549e-05,20,0,11,0,1,1,0.60786,0,1,m,y,y,m,m,m,m,m,y,m,m,m,m,,,,no asympote,0,prefer,transformed-partial,0,1,0,0,1,1,,,,,,,,1399,,,,,,,,0,1,0,0,1,1,,
sol_new_1.1Ado_d042_m195,third-party solar leasing,New Jersey,1.1,Adoption over Time,% third party owned systems (income=$50k-$100k),%,sol,3.6704,0.0013186,0.0042967,2010.7,1.1973,0.78598,1555.5,1.5746e+05,-7.9491,0.674,0.56533,0.13651,0.11465,-8.8959,-10.875,0.75209,0.71308,0.0045219,-0.19457,0.23854,0.19147,13,13,1.2036,0.081428,1.1222,13,9,12,1,0,1,0.95675,1,1,m,y,y,y,y,y,y,y,m,m,m,,,,,,,,,,,,,,,,,,,,,,,,,,,,,,,,,,,,,,
sol_new_1.1Ado_d043_m195,third-party solar leasing,New Jersey,1.1,Adoption over Time,% third party owned systems (income<$50k),%,sol,3.6705,0.001838,0.0098791,2010.6,1.1972,0.82886,1555.4,1.5747e+05,-19.159,0.77166,0.69554,0.10999,0.08823,-10.811,-13.174,0.79107,0.75685,0.025789,-0.16905,0.22719,0.17296,13,13,1.1461,0.091692,1.0545,13,7,12,1,0,1,0.95376,1,1,y,y,y,y,y,y,y,y,m,y,m,,,,,,,,,,,,,,,,,,,,,,,,,,,,,,,,,,,,,,
sol_new_1.1Ado_d297_m182,third-party solar leasing,New Jersey,1.1,Adoption over Time,Partial up to max % third party owned systems (income=$50k-$100k),Partial up to max %,sol,2.8061,0.028619,0.2944,2010.9,1.566,0.92456,1547,1.5829e+05,-591.58,0.99663,-inf,0.020029,0.018261,-3.1077,-11.323,0.69901,0.608,0.9108,0.73239,0.10301,0.103,4,4,1.0232,0.069222,0.95396,4,0,3,0,0,1,0.68195,1,1,y,n,y,y,y,y,m,y,y,n,n,n,n,,,,,0,,transformed-partial,1,1,0,0,0,0,,,,,,,,1409,,,,,,,,1,1,0,0,0,0,delete,
sol_new_1.1Ado_d298_m182,third-party solar leasing,New Jersey,1.1,Adoption over Time,Partial up to max % third party owned systems (income<$50k),Partial up to max %,sol,3.0726,0.015221,0.15226,2010.7,1.4302,0.93262,1551.1,1.5788e+05,-305.68,0.99599,0.98998,0.019891,0.01583,-5.5215,-9.8692,0.80223,0.73817,0.68516,0.47527,0.17627,0.15696,6,6,1.0186,0.081491,0.93714,6,0,5,0,0,1,0.83297,1,1,y,y,y,y,y,y,y,y,y,y,y,y,y,,,,,0,,transformed-partial,1,1,0,0,0,0,,,,,,,,1410,,,,,,,,1,1,0,0,0,0,delete,
sol_new_1.1Ado_d342_m185,third-party solar leasing,New Jersey,1.1,Adoption over Time,share of new solar owned by 3rd parties (HH<$100k),market share,sol,3.6354,0.0015783,0.0070879,2010.7,1.2088,0.80742,1555.5,1.5746e+05,-13.554,0.72389,0.63186,0.12298,0.10139,-9.8609,-12.033,0.77133,0.73496,0.01284,-0.18459,0.23254,0.18221,13,13,1.1685,0.086695,1.0818,13,7,12,1,0,1,0.95547,1,1,y,y,y,y,y,y,y,y,m,y,m,y,m,,,,,0,prefer-relative,transformed-marketshare,1,1,1,1,0,0,,,,,,,,1412,,,,,,,,1,1,1,1,0,0,,
sol_new_1.1Adod_m_0,Third-Party Solar Leasing,New Jersey,1.1,Adoption over Time,% third party owned systems (income < $50k),Share of solar leasing among income < $50k households (%),sol,3.6705,0.001838,0.0098791,2010.6,1.1972,0.82886,1555.4,1.5747e+05,-19.159,0.77166,0.69554,0.10999,0.08823,-10.811,-13.174,0.79107,0.75685,0.025789,-0.16905,0.22719,0.17296,13,13,1.1461,0.091692,1.0545,13,7,12,1,0,1,0.95376,1,1,y,y,y,y,y,y,y,y,m,y,m,,,,,,,,,,,,,,,,,,,,,,,,,,,,,,,,,,,,,,
sol_new_1.1Adod_m_0,Third-Party Solar Leasing,New Jersey,1.1,Adoption over Time,% third party owned systems (income = $50k–$100k),Share of solar leasing among income $50k–$100k households (%),sol,3.6704,0.0013186,0.0042967,2010.7,1.1973,0.78598,1555.5,1.5746e+05,-7.9491,0.674,0.56533,0.13651,0.11465,-8.8959,-10.875,0.75209,0.71308,0.0045219,-0.19457,0.23854,0.19147,13,13,1.2036,0.081428,1.1222,13,9,12,1,0,1,0.95675,1,1,m,y,y,y,y,y,y,y,m,m,m,,,,,,,,,,,,,,,,,,,,,,,,,,,,,,,,,,,,,,
sol_new_3.2Adc_d039_m195,third-party solar leasing,New Jersey,3.2,Adopter Characteristics,% third party owned systems (income=$100k-$150k),%,sol,-0.73546,0.00052246,-0.0042527,2022.2,-5.9751,0.72812,1555.8,1.5743e+05,9.24,0.17097,-0.10537,0.21804,0.14932,-7.7452,-9.4943,0.70818,0.66646,0.0044152,-0.1947,0.23894,0.19538,13,13,1.2828,0.12773,1.155,13,9,12,1,0,1,0.96068,1,1,n,y,y,y,y,y,y,y,m,n,m,,,,,,,,,,,,,,,,,,,,,,,,,,,,,,,,,,,,,,
sol_new_3.2Adc_d040_m195,third-party solar leasing,New Jersey,3.2,Adopter Characteristics,% third party owned systems (income=$150k-$200k),%,sol,-0.7097,0.00055877,-0.0039066,2022.1,-6.192,0.68549,1555.7,1.5744e+05,8.4982,0.16131,-0.11825,0.22223,0.15945,-6.5817,-8.098,0.66816,0.62254,0.0036285,-0.19565,0.24222,0.20152,13,13,1.3115,0.094823,1.2166,13,7,12,1,0,1,0.96013,1,1,n,y,y,y,y,y,y,y,m,n,m,,,,,,,,,,,,,,,,,,,,,,,,,,,,,,,,,,,,,,
sol_new_3.2Adc_d041_m195,third-party solar leasing,New Jersey,3.2,Adopter Characteristics,% third party owned systems (income=$200k-$250k),%,sol,-0.67847,0.00042985,-0.0053434,2021.7,-6.477,0.62903,1555.8,1.5744e+05,11.331,0.1559,-0.12547,0.23592,0.17586,-4.7294,-5.8753,0.61463,0.55842,0.0060624,-0.19273,0.256,0.21925,13,13,1.4165,0.036564,1.3799,13,9,12,1,0,1,0.95467,1,1,n,y,y,y,y,y,y,y,m,n,m,,,,,,,,,,,,,,,,,,,,,,,,,,,,,,,,,,,,,,
sol_new_3.2Adc_d044_m195,third-party solar leasing,New Jersey,3.2,Adopter Characteristics,% third party owned systems (income>$250k),%,sol,-0.69314,0.00039716,-0.0056978,2021.7,-6.34,0.62839,1555.8,1.5743e+05,12.046,0.1693,-0.1076,0.22365,0.16574,-5.1983,-6.438,0.61091,0.55946,0.0075486,-0.19094,0.24445,0.20675,13,13,1.4004,0.074795,1.3256,13,9,12,1,0,1,0.95705,1,1,n,y,y,y,y,y,y,y,m,n,m,,,,,,,,,,,,,,,,,,,,,,,,,,,,,,,,,,,,,,
sol_new_3.2Adcd_m_0,Third-Party Solar Leasing,New Jersey,3.2,Adopter Characteristics,% third party owned systems (income = $100k–$150k),Share of solar leasing among income $100k–$150k households (%),sol,-0.73546,0.00052246,-0.0042527,2022.2,-5.9751,0.72812,1555.8,1.5743e+05,9.24,0.17097,-0.10537,0.21804,0.14932,-7.7452,-9.4943,0.70818,0.66646,0.0044152,-0.1947,0.23894,0.19538,13,13,1.2828,0.12773,1.155,13,9,12,1,0,1,0.96068,1,1,n,y,y,y,y,y,y,y,m,n,m,,,,,,,,,,,,,,,,,,,,,,,,,,,,,,,,,,,,,,
sol_new_3.2Adcd_m_0,Third-Party Solar Leasing,New Jersey,3.2,Adopter Characteristics,% third party owned systems (income = $150k–$200k),Share of solar leasing among income $150k–$200k households (%),sol,-0.7097,0.00055877,-0.0039066,2022.1,-6.192,0.68549,1555.7,1.5744e+05,8.4982,0.16131,-0.11825,0.22223,0.15945,-6.5817,-8.098,0.66816,0.62254,0.0036285,-0.19565,0.24222,0.20152,13,13,1.3115,0.094823,1.2166,13,7,12,1,0,1,0.96013,1,1,n,y,y,y,y,y,y,y,m,n,m,,,,,,,,,,,,,,,,,,,,,,,,,,,,,,,,,,,,,,
sol_new_3.2Adcd_m_0,Third-Party Solar Leasing,New Jersey,3.2,Adopter Characteristics,% third party owned systems (income = $200k–$250k),Share of solar leasing among income $200k–$250k households (%),sol,-0.67847,0.00042985,-0.0053434,2021.7,-6.477,0.62903,1555.8,1.5744e+05,11.331,0.1559,-0.12547,0.23592,0.17586,-4.7294,-5.8753,0.61463,0.55842,0.0060624,-0.19273,0.256,0.21925,13,13,1.4165,0.036564,1.3799,13,9,12,1,0,1,0.95467,1,1,n,y,y,y,y,y,y,y,m,n,m,,,,,,,,,,,,,,,,,,,,,,,,,,,,,,,,,,,,,,
sol_new_3.2Adcd_m_0,Third-Party Solar Leasing,New Jersey,3.2,Adopter Characteristics,% third party owned systems (income > $250k),Share of solar leasing among income > $250k households (%),sol,-0.69314,0.00039716,-0.0056978,2021.7,-6.34,0.62839,1555.8,1.5743e+05,12.046,0.1693,-0.1076,0.22365,0.16574,-5.1983,-6.438,0.61091,0.55946,0.0075486,-0.19094,0.24445,0.20675,13,13,1.4004,0.074795,1.3256,13,9,12,1,0,1,0.95705,1,1,n,y,y,y,y,y,y,y,m,n,m,,,,,,,,,,,,,,,,,,,,,,,,,,,,,,,,,,,,,,
sol_new_4.1Sal_d213_m100,third-party solar leasing,New Jersey,4.1,Knowledge Flows (social networks),annualised Google search frequency (index 100=monthly max.),Index 0-100,sol,0.17112,0.17111,3.6032,2081.9,25.681,1.6812e+06,0.19536,1988.6,-7232.3,0.70677,0.65503,15.038,12.153,0.70677,0.67419,15.038,12.153,0.61726,0.57474,17.181,14.216,21,13,5.9481e-05,5.4275e-06,5.4053e-05,14,0,6,0,1,1,0.62767,0,1,y,y,y,m,y,m,m,m,y,m,m,m,m,,,,no asympote,0,hide,original,0,1,0,0,0,0,,,,,,,,1413,,,,,,,,0,1,0,0,0,0,delete,
sol_new_4.1Sal_d239_m153,third-party solar leasing,New Jersey,4.1,Knowledge Flows (social networks),Partial up to max annualised Google search frequency (index 100=monthly max.),Partial up to max Index 0-100,sol,0.17112,0.17111,3.6032,2081.9,25.681,1.6812e+06,0.19536,1988.6,-7232.3,0.70677,0.65503,15.038,12.153,0.70677,0.67419,15.038,12.153,0.61726,0.57474,17.181,14.216,21,13,5.9481e-05,5.4275e-06,5.4053e-05,14,0,6,0,1,1,0.62767,0,1,y,y,y,m,y,m,m,m,y,m,m,m,m,,,,no asympote,0,prefer,transformed-partial,0,1,0,0,0,1,,,,,,,,1414,,,,,,,,0,1,0,0,0,1,,
sol_usa_1.1Ado_d042_m195,third-party solar leasing,US,1.1,Adoption over Time,% third party owned systems (income=$50k-$100k),%,sol,2.2993,0.00097739,0.00028571,2010.4,1.9112,0.46773,1555.5,1.5746e+05,-0.14223,0.51908,0.35877,0.085772,0.066068,-12.3,-14.96,0.45106,0.43377,7.471e-05,-0.19991,0.12368,0.09471,13,13,1.3213,0.30573,1.0155,13,7,12,1,0,1,0.95473,1,1,m,y,y,y,y,y,y,y,m,m,m,,,,,,,,,,,,,,,,,,,,,,,,,,,,,,,,,,,,,,
sol_usa_1.1Ado_d043_m195,third-party solar leasing,US,1.1,Adoption over Time,% third party owned systems (income<$50k),%,sol,1.8098,0.0019605,0.01083,2010.7,2.4282,0.51536,1555.2,1.5749e+05,-21.367,0.6974,0.59653,0.074466,0.050164,-11.815,-14.378,0.4846,0.46531,0.089601,-0.092479,0.12916,0.10352,13,13,1.2787,0.23867,1.0401,13,7,12,1,0,1,0.95643,1,1,m,y,y,y,y,y,y,y,m,m,m,,,,,,,,,,,,,,,,,,,,,,,,,,,,,,,,,,,,,,
sol_usa_1.1Ado_d297_m182,third-party solar leasing,US,1.1,Adoption over Time,Partial up to max % third party owned systems (income=$50k-$100k),Partial up to max %,sol,1.7872,0.008408,0.079343,2010.6,2.4588,0.54762,1553.1,1.5768e+05,-159.24,0.90814,0.77034,0.047541,0.042459,-7.839,-13.732,0.46634,0.43917,0.74629,0.57715,0.079008,0.058838,6,6,1.1285,0.26113,0.86739,6,0,5,0,0,1,0.80603,1,1,y,y,y,y,y,y,y,y,y,y,y,y,y,,,,,0,,transformed-partial,1,1,0,0,0,0,,,,,,,,1424,,,,,,,,1,1,0,0,0,0,delete,
sol_usa_1.1Ado_d298_m182,third-party solar leasing,US,1.1,Adoption over Time,Partial up to max % third party owned systems (income<$50k),Partial up to max %,sol,1.263,0.0097924,0.094057,2010.9,3.4794,0.58053,1552.7,1.5773e+05,-188.86,0.91118,0.77794,0.051344,0.042924,-6.2204,-11.034,0.46292,0.42967,0.86942,0.78236,0.062254,0.044695,6,6,1.1352,0.21187,0.92329,6,0,5,0,0,1,0.7879,1,1,y,y,y,y,y,y,y,y,y,y,y,y,y,,,,,0,,transformed-partial,1,1,0,0,0,0,,,,,,,,1425,,,,,,,,1,1,0,0,0,0,delete,
sol_usa_1.1Ado_d342_m185,third-party solar leasing,US,1.1,Adoption over Time,share of new solar owned by 3rd parties (HH<$100k),market share,sol,2.0614,0.0014689,0.0055577,2010.6,2.1318,0.49079,1555.4,1.5747e+05,-10.755,0.61896,0.49195,0.078857,0.056777,-12.383,-15.06,0.46734,0.44954,0.026498,-0.1682,0.12604,0.098988,13,13,1.301,0.27099,1.03,13,7,12,1,0,1,0.95587,1,1,m,y,y,y,y,y,y,y,m,m,m,m,m,,,,,0,prefer-relative,transformed-marketshare,1,1,0,1,0,0,,,,,,,,1427,,,,,,,,1,1,0,1,0,0,,
sol_usa_1.1Adod_m_0,Third-Party Solar Leasing,United States,1.1,Adoption over Time,% third party owned systems (income < $50k),Share of solar leasing among income < $50k households (%),sol,1.8098,0.0019605,0.01083,2010.7,2.4282,0.51536,1555.2,1.5749e+05,-21.367,0.6974,0.59653,0.074466,0.050164,-11.815,-14.378,0.4846,0.46531,0.089601,-0.092479,0.12916,0.10352,13,13,1.2787,0.23867,1.0401,13,7,12,1,0,1,0.95643,1,1,m,y,y,y,y,y,y,y,m,m,m,,,,,,,,,,,,,,,,,,,,,,,,,,,,,,,,,,,,,,
sol_usa_1.1Adod_m_0,Third-Party Solar Leasing,United States,1.1,Adoption over Time,% third party owned systems (income = $50k–$100k),Share of solar leasing among income $50k–$100k households (%),sol,2.2993,0.00097739,0.00028571,2010.4,1.9112,0.46773,1555.5,1.5746e+05,-0.14223,0.51908,0.35877,0.085772,0.066068,-12.3,-14.96,0.45106,0.43377,7.471e-05,-0.19991,0.12368,0.09471,13,13,1.3213,0.30573,1.0155,13,7,12,1,0,1,0.95473,1,1,m,y,y,y,y,y,y,y,m,m,m,,,,,,,,,,,,,,,,,,,,,,,,,,,,,,,,,,,,,,
sol_usa_3.2Adc_d039_m195,third-party solar leasing,US,3.2,Adopter Characteristics,% third party owned systems (income=$100k-$150k),%,sol,-0.65707,0.00029441,-0.0070385,2022.2,-6.688,0.45401,1555.7,1.5744e+05,14.603,0.24416,-0.0077914,0.1087,0.074091,-10.91,-13.292,0.43151,0.413,0.044363,-0.14676,0.12223,0.092408,13,13,1.3105,0.33479,0.97574,13,7,12,1,0,1,0.95344,1,1,n,y,y,y,y,y,y,y,m,n,m,,,,,,,,,,,,,,,,,,,,,,,,,,,,,,,,,,,,,,
sol_usa_3.2Adc_d040_m195,third-party solar leasing,US,3.2,Adopter Characteristics,% third party owned systems (income=$150k-$200k),%,sol,-0.54542,-0.024757,-0.011418,2021.9,-8.057,0.43859,3.8106,1923.4,23.404,0.3289,0.10519,0.096697,0.067849,0.10991,-0.068107,0.11136,0.085243,0.13099,-0.04281,0.11003,0.081547,13,13,1.3133,0.38532,0.92796,13,10,12,1,0,1,0.9533,1,1,m,y,y,y,y,y,y,y,m,m,m,,,,,,,,,,,,,,,,,,,,,,,,,,,,,,,,,,,,,,
sol_usa_3.2Adc_d041_m195,third-party solar leasing,US,3.2,Adopter Characteristics,% third party owned systems (income=$200k-$250k),%,sol,-0.46393,-0.03971,-0.015802,2021,-9.4722,0.40451,1.703,1974.7,32.19,0.4055,0.20733,0.092188,0.066682,0.20542,0.046498,0.10658,0.083815,0.24455,0.093462,0.10392,0.077926,13,13,1.4066,0.40542,1.0012,13,10,12,1,0,1,0.94537,1,1,m,y,y,y,y,y,y,y,m,m,m,,,,,,,,,,,,,,,,,,,,,,,,,,,,,,,,,,,,,,
sol_usa_3.2Adc_d044_m195,third-party solar leasing,US,3.2,Adopter Characteristics,% third party owned systems (income>$250k),%,sol,-0.42742,-0.04475,-0.017027,2020.8,-10.281,0.4,0.46934,2007.2,34.648,0.40355,0.20474,0.094297,0.067514,0.23062,0.076739,0.1071,0.082755,0.27227,0.12673,0.10416,0.076277,13,13,1.4475,0.395,1.0525,13,10,12,1,0,1,0.94015,1,1,m,y,y,y,y,y,y,y,m,m,m,,,,,,,,,,,,,,,,,,,,,,,,,,,,,,,,,,,,,,
sol_usa_3.2Adcd_m_0,Third-Party Solar Leasing,United States,3.2,Adopter Characteristics,% third party owned systems (income = $100k–$150k),Share of solar leasing among income $100k–$150k households (%),sol,-0.65707,0.00029441,-0.0070385,2022.2,-6.688,0.45401,1555.7,1.5744e+05,14.603,0.24416,-0.0077914,0.1087,0.074091,-10.91,-13.292,0.43151,0.413,0.044363,-0.14676,0.12223,0.092408,13,13,1.3105,0.33479,0.97574,13,7,12,1,0,1,0.95344,1,1,n,y,y,y,y,y,y,y,m,n,m,,,,,,,,,,,,,,,,,,,,,,,,,,,,,,,,,,,,,,
sol_usa_3.2Adcd_m_0,Third-Party Solar Leasing,United States,3.2,Adopter Characteristics,% third party owned systems (income = $150k–$200k),Share of solar leasing among income $150k–$200k households (%),sol,-0.54542,-0.024757,-0.011418,2021.9,-8.057,0.43859,3.8106,1923.4,23.404,0.3289,0.10519,0.096697,0.067849,0.10991,-0.068107,0.11136,0.085243,0.13099,-0.04281,0.11003,0.081547,13,13,1.3133,0.38532,0.92796,13,10,12,1,0,1,0.9533,1,1,m,y,y,y,y,y,y,y,m,m,m,,,,,,,,,,,,,,,,,,,,,,,,,,,,,,,,,,,,,,
sol_usa_3.2Adcd_m_0,Third-Party Solar Leasing,United States,3.2,Adopter Characteristics,% third party owned systems (income = $200k–$250k),Share of solar leasing among income $200k–$250k households (%),sol,-0.46393,-0.03971,-0.015802,2021,-9.4722,0.40451,1.703,1974.7,32.19,0.4055,0.20733,0.092188,0.066682,0.20542,0.046498,0.10658,0.083815,0.24455,0.093462,0.10392,0.077926,13,13,1.4066,0.40542,1.0012,13,10,12,1,0,1,0.94537,1,1,m,y,y,y,y,y,y,y,m,m,m,,,,,,,,,,,,,,,,,,,,,,,,,,,,,,,,,,,,,,
sol_usa_3.2Adcd_m_0,Third-Party Solar Leasing,United States,3.2,Adopter Characteristics,% third party owned systems (income > $250k),Share of solar leasing among income > $250k households (%),sol,-0.42742,-0.04475,-0.017027,2020.8,-10.281,0.4,0.46934,2007.2,34.648,0.40355,0.20474,0.094297,0.067514,0.23062,0.076739,0.1071,0.082755,0.27227,0.12673,0.10416,0.076277,13,13,1.4475,0.395,1.0525,13,10,12,1,0,1,0.94015,1,1,m,y,y,y,y,y,y,y,m,m,m,,,,,,,,,,,,,,,,,,,,,,,,,,,,,,,,,,,,,,
sol_usa_4.1Sal_d213_m100,third-party solar leasing,US,4.1,Knowledge Flows (social networks),annualised Google search frequency (index 100=monthly max.),Index 0-100,sol,0.54291,0.073816,4.999,2009.9,8.0943,83.84,0.14032,1933.6,-10011,0.93132,0.9192,8.5099,7.5051,0.74557,0.7173,16.379,13.425,0.869,0.85444,11.753,9.9238,21,18,1.1927,0.049467,1.1433,18,0,17,0,0,1,0.93325,0,1,y,y,y,y,y,y,y,y,y,y,y,y,y,,,,,0,hide,original,1,1,0,0,0,0,,,,,,,,1428,,,,,,,,1,1,0,0,0,0,delete,
sol_usa_4.1Sal_d239_m153,third-party solar leasing,US,4.1,Knowledge Flows (social networks),Partial up to max annualised Google search frequency (index 100=monthly max.),Partial up to max Index 0-100,sol,0.54291,0.073816,4.999,2009.9,8.0943,83.84,0.14032,1933.6,-10011,0.93132,0.9192,8.5099,7.5051,0.74557,0.7173,16.379,13.425,0.869,0.85444,11.753,9.9238,21,18,1.1927,0.049467,1.1433,18,0,17,0,0,1,0.93325,0,1,y,y,y,y,y,y,y,y,y,y,y,y,y,,,,,0,prefer,transformed-partial,1,1,0,0,0,1,,,,,,,,1429,,,,,,,,1,1,0,0,0,1,,
sto_usa_1.1Adod_m_0,Home Energy Storage,United States,1.1,Adoption over Time,Annual residential battery storage installed capacity in the United States,Residential battery storage installed (MWh),sto,2.5034,0.063093,157.2,2022.8,1.7554,2306.7,0.0064535,1823.7,-3.162e+05,0.31208,-inf,544.12,416.72,0.059249,-1.8223,636.31,540.09,0.071772,-1.7847,632.06,536,4,4,1.3521,0.62123,0.73091,4,1,3,1,0,0,0.77345,0,0,m,n,y,y,y,y,y,y,m,n,n,,,,,,,,,,,,,,,,,,,,,,,,,,,,,,,,,,,,,,
sto_usa_1.2Ford_m_0,Home Energy Storage,United States,1.2,Estimated Number of Systems,"Estimated number of residential battery storage systems installed annually, derived by dividing total installed capacity (MWh) by 13.5 kWh assumed average capacity",Estimated number of residential battery systems,sto,2.5034,0.063094,11644,2022.8,1.7554,1.7087e+05,0.0028051,1742.3,-2.3422e+07,0.31208,-inf,40305,30869,0.059249,-1.8223,47134,40006,0.071772,-1.7847,46819,39704,4,4,1.3521,0.62123,0.73091,4,1,3,1,0,0,0.77345,0,0,m,n,y,y,y,y,y,y,m,n,n,,,,,,,,,,,,,,,,,,,,,,,,,,,,,,,,,,,,,,
sus_glo_1.1Ado_d181_m040,sustainable fashion,Global,1.1,Adoption over Time,Revenue share of the sustainable apparel market,% market share (sustainable apparel),m1,,0.082817,0.002714,,,,2.6947,2071.9,-5.4446,,,,,0.99875,0.99847,0.00033529,0.00029225,0.97452,0.96886,0.0015149,0.0013026,12,12,,,,12,0,11,0,0,0,0.89141,1,1,n,y,y,y,y,y,y,m,y,n,y,m,y,1,,,,0,original,duplicated in market share,1,1,0,0,0,0,,,,,,,,1430,,,,,,,,1,1,0,0,0,0,delete,
sus_glo_1.1Ado_d209_m123,sustainable fashion,Global,1.1,Adoption over Time,Value of the sustainable apparel market,billion USD,m1,0.22837,0.15509,30.9,2026.5,19.243,640.44,0.0015645,1947.3,-62311,0.99995,0.99981,0.30378,0.27899,0.99824,0.99649,1.8339,1.6542,0.99721,0.99442,2.3108,2.16,5,5,0.41221,0.22016,0.19205,5,0,4,0,0,0,0.77675,0,0,y,n,y,y,y,y,y,m,y,n,n,n,n,1,,,,0,,,1,1,2,2,0,0,,,,,,,,1431,,,,,,,,1,1,0,0,0,0,delete,
sus_glo_1.1Ado_d336_m185,sustainable fashion,Global,1.1,Adoption over Time,sustainable apparel as a share of apparel,market share,m1,0.08586,0.082817,0.002714,2058.1,51.181,0.99685,2.6947,2071.9,-5.4446,0.99843,0.99784,0.00037601,0.00032826,0.99875,0.99847,0.00033529,0.00029225,0.97452,0.96886,0.0015149,0.0013026,12,12,0.051562,0.021167,0.030396,12,0,11,0,0,0,0.89141,1,1,y,y,y,y,y,y,y,m,y,m,y,m,y,,,,,0,prefer-relative,transformed-marketshare,1,1,1,1,0,0,,,,,,,,1432,,,,,,,,1,1,1,1,0,0,,
sus_glo_3.3Sci_d235_m020,sustainable fashion,Global,3.3,Risk & Uncertainty (Shared Expectations),scientific publications,# publications,m1,0.2434,0.16565,2.0063,2022.5,18.055,316.31,4.1292,2000.6,-3983.8,0.97381,0.97227,7.4079,3.1131,0.96787,0.96663,8.2049,3.8036,0.48416,0.46432,32.874,25.035,55,28,0.57538,0.0031614,0.57222,32,0,28,0,0,1,0.84774,0,0,y,y,y,y,y,y,y,y,y,y,y,y,y,,,,"good; only available global, apply to all EA regions",0,,,1,1,0,0,1,1,,,,,,,,1433,,,,,,,,1,1,0,0,1,1,,
sus_glo_3.5Mar_d075_m128,sustainable fashion,Global,3.5,Market Formation,CumulativeStartups (2nd hand clothes),cum. # companies,m1,0.29412,0.13392,1.2734,2017.8,14.941,82.748,3.4094,2000.4,-2535.4,0.99447,0.99406,1.5548,1.3748,0.96908,0.9676,3.6764,2.4855,0.62576,0.60794,12.789,10.679,45,44,0.82177,0.012085,0.80968,44,1,43,0,0,0,0.91236,0,1,y,y,y,y,y,y,y,y,y,y,y,y,y,1,,,innovation variant B - 2nd hand clothes [match with Adoption 1.1 or hide?],0,prefer-variantB,original,1,1,0,0,0,0,,,,,,,,1434,,,,,,,,1,1,0,0,0,0,delete,
sus_glo_3.5Mar_d077_m128,sustainable fashion,Global,3.5,Market Formation,CumulativeStartups (sust fashion),cum. # companies,m1,0.19639,0.12478,3.504,2021,22.376,306.24,0.14243,1965.4,-6975.7,0.99453,0.99413,4.0824,3.0587,0.98512,0.98441,6.7342,3.9263,0.67957,0.66432,31.248,26.162,45,43,0.60084,0.0032654,0.59757,43,1,42,0,0,0,0.91226,0,0,y,y,y,y,y,y,y,y,y,y,y,y,y,1,,,*needs sign reversal * negative slope = LED innovation,0,prefer,original,0,1,0,0,1,1,,,,,,,,1435,,,,,,,,0,1,0,0,1,1,,
sus_glo_3.5Mar_d127_m008,sustainable fashion,Global,3.5,Market Formation,NewStartups (2nd hand clothes),# companies,m1,0.8853,0.012644,0.12358,2011.4,4.9638,4.8341,1552.7,1.5769e+05,-245.9,0.71965,0.69914,1.2411,0.55764,-0.4156,-0.48301,2.7889,1.5111,0.46885,0.44356,1.7083,1.2877,45,19,2.0687,0.20687,1.8618,43,3,42,0,0,1,0.89429,0,1,y,y,y,m,m,m,y,y,y,m,m,m,m,4,,,innovation variant B - 2nd hand clothes [match with Adoption 1.1 or hide?],0,hide,original,1,1,0,0,0,0,,,,,,,,1436,,,,,,,,1,1,0,0,0,0,delete,
sus_glo_3.5Mar_d129_m008,sustainable fashion,Global,3.5,Market Formation,NewStartups (sust fashion),# companies,m1,0.41266,0.031631,0.3253,2011.5,10.649,13.1,1549,1.5806e+05,-647.15,0.67587,0.65215,3.3667,1.933,-0.4781,-0.54848,7.1895,4.0889,0.51038,0.48706,4.1379,3.0335,45,27,1.6793,0.076333,1.603,42,2,41,0,0,1,0.8779,0,1,m,y,y,m,m,m,y,y,y,m,m,m,m,2,,,,0,hide,original,1,1,0,0,0,0,,,,,,,,1437,,,,,,,,1,1,0,0,0,0,delete,
sus_glo_3.5Mar_d172_m011,sustainable fashion,Global,3.5,Market Formation,PrivateEquityDeals (2nd hand clothes),# deals,m1,0.72614,0.022978,0.23281,2012.6,6.0518,9.1902,1550.5,1.5791e+05,-463.52,0.79027,0.77492,1.871,0.99555,-0.39127,-0.45752,4.8189,2.5556,0.54768,0.52614,2.7477,2.2067,45,20,1.4146,0.10881,1.3057,20,5,19,1,0,1,0.88325,0,1,y,y,y,y,y,y,y,y,y,y,y,y,y,4,,,innovation variant B - 2nd hand clothes [match with Adoption 1.1 or hide?],0,hide,original,1,1,0,0,0,0,,,,,,,,1438,,,,,,,,1,1,0,0,0,0,delete,
sus_glo_3.5Mar_d174_m011,sustainable fashion,Global,3.5,Market Formation,PrivateEquityDeals (sust fashion),# deals,m1,0.88271,0.043581,0.44875,2018.4,4.9783,27.83,1546,1.5836e+05,-894.08,0.82677,0.81409,3.7339,1.6959,-0.23093,-0.28955,9.9532,4.3111,0.42203,0.39451,6.8202,4.9382,45,20,1.3654,0.035932,1.3295,39,2,38,0,0,1,0.89345,0,1,y,y,y,m,m,m,y,y,y,m,m,m,m,2,,,,0,hide,original,1,1,0,0,0,0,,,,,,,,1439,,,,,,,,1,1,0,0,0,0,delete,
sus_glo_3.5Mar_d176_m027,sustainable fashion,Global,3.5,Market Formation,PrivateEquityInvestment (2nd hand clothes),$ million,m1,1.0325,0.066622,1.5284,2012.3,4.2563,62.627,3.1063,1979.1,-3042.1,0.35964,0.31279,34.513,14.975,0.19671,0.15845,38.655,22.951,0.21181,0.17428,38.29,23.405,45,19,3.6979,0.0055887,3.6923,19,4,14,1,1,1,0.49306,0,0,m,y,y,m,m,m,m,y,m,m,m,m,m,4,,,innovation variant B - 2nd hand clothes [match with Adoption 1.1 or hide?],0,hide,original,1,1,0,0,0,0,,,,,,,,1440,,,,,,,,1,1,0,0,0,0,delete,
sus_glo_3.5Mar_d178_m027,sustainable fashion,Global,3.5,Market Formation,PrivateEquityInvestment (sust fashion),$ million,m1,21.914,0.24612,0.90113,2021.1,0.20054,89.275,4.2887,2011.9,-1795.9,0.69581,0.67356,14.336,5.1157,0.51654,0.49352,18.073,6.2374,0.20273,0.16476,23.209,12.061,45,20,1.8172,0.00032106,1.8169,39,2,38,0,0,1,0.42468,0,0,m,y,y,m,m,m,m,y,m,m,m,m,m,2,,,,0,hide,original,1,1,0,0,0,0,,,,,,,,1441,,,,,,,,1,1,0,0,0,0,delete,
sus_glo_3.5Mar_d201_m027,sustainable fashion,Global,3.5,Market Formation,TotalFundraisingAmount (2nd hand clothes),$ million,m1,23.195,0.21251,7.7075,2022.2,0.18945,893.85,3.9751e-05,1945.9,-15360,0.41892,0.3764,205.88,70.078,0.28777,0.25385,227.93,72.697,0.13736,0.096282,250.85,113.07,45,19,2,0.00039156,1.9996,19,0,14,0,1,1,0.036159,0,0,m,y,y,m,m,m,m,y,m,m,m,m,m,3,,,innovation variant B - 2nd hand clothes [match with Adoption 1.1 or hide?],0,hide,original,1,1,0,0,0,0,,,,,,,,1442,,,,,,,,1,1,0,0,0,0,delete,
sus_glo_3.5Mar_d203_m027,sustainable fashion,Global,3.5,Market Formation,TotalFundraisingAmount (sust fashion),$ million,m1,33.61,0.080958,8.1653,2017.2,0.13075,511.68,0.052895,1914.9,-16261,0.16947,0.1087,403.74,117.6,0.061317,0.016618,429.22,139.24,0.057296,0.012405,430.14,150.47,45,22,5.8746,5.6017e-05,5.8745,39,6,38,1,0,1,0.082913,0,0,n,y,y,m,m,m,m,y,m,n,m,n,m,2,,,,0,hide,original,1,1,0,0,0,0,,,,,,,,1443,,,,,,,,1,1,0,0,0,0,delete,
sus_glo_3.5Mar_d205_m011,sustainable fashion,Global,3.5,Market Formation,TotalFundraisingDeals (2nd hand clothes),# deals,m1,0.96976,0.028936,0.29578,2012.9,4.5315,11.712,1549.3,1.5803e+05,-588.96,0.82507,0.81227,2.1519,1.1537,-0.38684,-0.45288,6.059,3.2,0.55745,0.53638,3.4227,2.7899,45,20,1.5369,0.085383,1.4515,20,5,19,1,0,1,0.89104,0,1,y,y,y,y,y,y,y,y,y,y,y,y,y,4,,,innovation variant B - 2nd hand clothes [match with Adoption 1.1 or hide?],0,hide,original,1,1,0,0,0,0,,,,,,,,1444,,,,,,,,1,1,0,0,0,0,delete,
sus_glo_3.5Mar_d207_m011,sustainable fashion,Global,3.5,Market Formation,TotalFundraisingDeals (sust fashion),# deals,m1,0.63306,0.14681,0.56561,2018.1,6.9416,34.354,6.8426,2012.5,-1126.8,0.81197,0.79821,4.7744,2.2139,0.73486,0.72223,5.6694,2.6784,0.44511,0.41868,8.2017,5.9429,45,22,1.2808,0.029109,1.2517,39,2,38,0,0,1,0.882,0,1,y,y,y,m,m,m,y,y,y,m,m,m,m,2,,,,0,hide,original,1,1,0,0,0,0,,,,,,,,1445,,,,,,,,1,1,0,0,0,0,delete,
sus_glo_3.5Mar_d300_m156,sustainable fashion,Global,3.5,Market Formation,cumulative CumulativeStartups (2nd hand clothes),cumulative cum. # companies,m1,0.15075,0.15074,9.4152,2084.6,29.151,5.9297e+06,0.0074914,1948.6,-18744,0.99625,0.99597,9.5553,8.2402,0.99625,0.99607,9.5553,8.2399,0.61471,0.59636,96.806,75.892,45,44,0.00010557,1.6864e-07,0.0001054,44,0,43,0,0,0,0.86804,0,0,y,y,y,y,y,y,y,m,y,m,y,m,y,,,,not needed as transformed-cumulative twice (error),1,delete,transformed-cumx2error,0,0,0,0,0,0,,,,,,,,1446,,,,,,,,0,0,0,0,0,0,delete,
sus_glo_3.5Mar_d301_m157,sustainable fashion,Global,3.5,Market Formation,Partial up to max CumulativeStartups (2nd hand clothes),Partial up to max cum. # companies,m1,0.27355,0.14731,1.1907,2018.6,16.065,91.105,3.5858,2002.2,-2370.5,0.99462,0.99422,1.4279,1.2957,0.97986,0.97888,2.7626,1.9313,0.60322,0.58386,12.263,10.052,44,43,0.74639,0.010976,0.73541,43,0,42,0,0,0,0.89529,0,1,y,y,y,y,y,y,y,y,y,y,y,y,y,,,,not needed as transformed-cumulative preferred,1,delete,transformed-partial,0,0,0,0,0,0,,,,,,,,1447,,,,,,,,0,0,0,0,0,0,delete,
sus_glo_3.5Mar_d302_m156,sustainable fashion,Global,3.5,Market Formation,cumulative CumulativeStartups (sust fashion),cumulative cum. # companies,m1,0.14389,0.13828,28.138,2041,30.541,22339,0.0011813,1921,-56021,0.99953,0.9995,9.7665,7.7783,0.99946,0.99944,10.458,7.1819,0.65812,0.64184,263.38,210.68,45,43,0.07892,4.4764e-05,0.078875,43,0,42,0,0,1,0.87686,0,0,y,y,y,y,y,y,y,m,y,m,y,m,y,,,,not needed as transformed-cumulative twice (error),1,delete,transformed-cumx2error,0,0,0,0,0,0,,,,,,,,1448,,,,,,,,0,0,0,0,0,0,delete,
sus_glo_3.5Mar_d303_m157,sustainable fashion,Global,3.5,Market Formation,Partial up to max CumulativeStartups (sust fashion),Partial up to max cum. # companies,m1,0.17516,0.135,3.2891,2024.5,25.088,446.14,0.12297,1968.2,-6547.3,0.99668,0.99643,2.9556,2.2006,0.99368,0.99337,4.0762,2.3218,0.66355,0.64714,29.741,24.397,44,42,0.41243,0.0022415,0.41019,42,0,41,0,0,0,0.89503,0,0,y,y,y,y,y,y,y,y,y,y,y,y,y,,,,not needed as transformed-cumulative preferred,1,delete,transformed-partial,0,0,0,0,0,0,,,,,,,,1449,,,,,,,,0,0,0,0,0,0,delete,
sus_glo_3.5Mar_d304_m158,sustainable fashion,Global,3.5,Market Formation,cumulative NewStartups (2nd hand clothes),cumulative # companies,m1,0.29412,0.13392,1.2734,2017.8,14.941,82.748,3.4094,2000.4,-2535.4,0.99447,0.99406,1.5548,1.3748,0.96908,0.9676,3.6764,2.4855,0.62576,0.60794,12.789,10.679,45,44,0.82177,0.012085,0.80968,44,1,43,0,0,0,0.91236,0,1,y,y,y,y,y,y,y,y,y,y,y,y,y,,,,not needed as cumulative in original data,1,delete,transformed-cumulative,0,0,0,0,0,0,,,,,,,,1450,,,,,,,,0,0,0,0,0,0,delete,
sus_glo_3.5Mar_d305_m159,sustainable fashion,Global,3.5,Market Formation,Partial up to max NewStartups (2nd hand clothes),Partial up to max # companies,m1,0.35621,0.014467,0.14181,2013.9,12.337,7.9742,1552.3,1.5773e+05,-282.26,0.89061,0.88174,0.7618,0.44575,-0.35165,-0.42279,2.6778,1.3659,0.53071,0.50601,1.5779,1.2438,41,16,1.254,0.1254,1.1286,40,0,39,0,0,1,0.7517,0,1,y,y,y,m,m,m,y,y,y,m,m,m,m,,,,not needed as cumulative in original data,1,delete,transformed-partial,0,0,0,0,0,0,,,,,,,,1451,,,,,,,,0,0,0,0,0,0,delete,
sus_glo_3.5Mar_d306_m158,sustainable fashion,Global,3.5,Market Formation,cumulative NewStartups (sust fashion),cumulative # companies,m1,0.19639,0.12478,3.504,2021,22.376,306.24,0.14243,1965.4,-6975.7,0.99453,0.99413,4.0824,3.0587,0.98512,0.98441,6.7342,3.9263,0.67957,0.66432,31.248,26.162,45,43,0.60084,0.0032654,0.59757,43,1,42,0,0,0,0.91226,0,0,y,y,y,y,y,y,y,y,y,y,y,y,y,,,,not needed as cumulative in original data,1,delete,transformed-cumulative,0,0,0,0,0,0,,,,,,,,1452,,,,,,,,0,0,0,0,0,0,delete,
sus_glo_3.5Mar_d307_m159,sustainable fashion,Global,3.5,Market Formation,Partial up to max NewStartups (sust fashion),Partial up to max # companies,m1,0.16191,0.03711,0.38101,2031.1,27.142,138.95,1547.8,1.5818e+05,-758.25,0.92681,0.92103,1.6167,1.1091,-0.43742,-0.51114,7.1647,3.9524,0.5972,0.57655,3.7927,3.0637,42,25,0.15833,0.0071967,0.15113,40,0,39,0,0,1,0.79917,0,1,y,y,y,m,m,m,y,m,y,m,m,m,m,,,,not needed as cumulative in original data,1,delete,transformed-cumulative,0,0,0,0,0,0,,,,,,,,1453,,,,,,,,0,0,0,0,0,0,delete,
sus_glo_3.5Mar_d308_m160,sustainable fashion,Global,3.5,Market Formation,cumulative PrivateEquityDeals (2nd hand clothes),cumulative # deals,m1,0.32887,0.1534,2.0277,2018.5,13.362,136.65,0.22169,1982.2,-4039.9,0.99892,0.99884,1.1309,0.68511,0.97138,0.97002,5.8135,4.1977,0.58716,0.5675,22.081,18.441,45,20,0.84156,0.0073179,0.83424,20,0,19,0,0,0,0.89847,0,0,y,y,y,y,y,y,y,y,y,y,y,y,y,,,,innovation variant B - 2nd hand clothes [match with Adoption 1.1 or hide?],0,prefer-variantB,transformed-cumulative,1,1,0,0,0,0,,,,,,,,1454,,,,,,,,1,1,0,0,0,0,delete,
sus_glo_3.5Mar_d309_m161,sustainable fashion,Global,3.5,Market Formation,Partial up to max PrivateEquityDeals (2nd hand clothes),Partial up to max # deals,m1,0.33337,0.02229,0.22383,2015.8,13.182,16.918,1550.6,1.5789e+05,-445.64,0.9479,0.94356,0.80503,0.39229,-0.29019,-0.35993,4.0062,1.9,0.53663,0.51158,2.4009,1.9286,40,15,0.76839,0.059107,0.70929,15,0,14,0,0,0,0.81464,0,1,y,y,y,y,y,y,y,y,y,y,y,y,y,,,,not needed as transformed-cumulative preferred,1,delete,transformed-cumulative,0,0,0,0,0,0,,,,,,,,1455,,,,,,,,0,0,0,0,0,0,delete,
sus_glo_3.5Mar_d310_m160,sustainable fashion,Global,3.5,Market Formation,cumulative PrivateEquityDeals (sust fashion),cumulative # deals,m1,0.31461,0.22606,2.4667,2024,13.968,408.82,0.095033,1989.9,-4914.8,0.99309,0.99259,3.922,2.675,0.98939,0.98889,4.8598,2.5667,0.46085,0.43517,34.65,25.644,45,39,0.47454,0.0024461,0.47209,39,0,38,0,0,0,0.83161,0,0,y,y,y,y,y,y,y,y,y,y,y,y,y,,,,*needs sign reversal * negative slope = LED innovation,0,prefer,transformed-cumulative,1,1,0,0,0,0,,,,,,,,1456,,,,,,,,1,1,0,0,0,0,delete,
sus_glo_3.5Mar_d311_m161,sustainable fashion,Global,3.5,Market Formation,Partial up to max PrivateEquityDeals (sust fashion),Partial up to max # deals,m1,0.31363,0.31363,0.4026,2054.8,14.011,1.154e+06,0.0028307,1991.6,-802.06,0.97798,0.97629,1.1966,0.71578,0.97799,0.97688,1.1966,0.71579,0.38378,0.35297,6.3308,4.3261,43,18,3.293e-05,8.6657e-07,3.2063e-05,37,0,36,0,0,1,0.73395,0,1,y,y,y,m,m,m,y,m,y,m,m,m,m,,,,not needed as transformed-cumulative preferred,1,delete,transformed-partial,0,0,0,0,0,0,,,,,,,,1457,,,,,,,,0,0,0,0,0,0,delete,
sus_glo_3.5Mar_d312_m162,sustainable fashion,Global,3.5,Market Formation,cumulative PrivateEquityInvestment (2nd hand clothes),cumulative $ million,m1,0.56891,0.14629,15.755,2016.6,7.7244,837.68,0.0044007,1939.6,-31392,0.99472,0.99433,19.817,9.5232,0.91697,0.91302,78.547,52.082,0.56346,0.54267,180.1,153.97,45,20,0.9522,0.00047751,0.95172,20,1,19,0,0,1,0.91572,0,0,y,y,y,y,y,y,y,y,y,y,y,y,y,,,,innovation variant B - 2nd hand clothes [match with Adoption 1.1 or hide?],0,prefer-variantB,transformed-cumulative,1,1,0,0,0,0,,,,,,,,1458,,,,,,,,1,1,0,0,0,0,delete,
sus_glo_3.5Mar_d313_m163,sustainable fashion,Global,3.5,Market Formation,Partial up to max PrivateEquityInvestment (2nd hand clothes),Partial up to max $ million,m1,0.30299,0.30299,2.3749,2054.3,14.503,8.793e+06,0.51174,1999.4,-4729.7,0.86021,0.84856,17.011,7.5459,0.86021,0.85265,17.011,7.5458,0.36305,0.32862,36.312,23.823,40,15,2.6338e-05,3.9804e-08,2.6298e-05,15,0,10,0,1,1,0.48353,0,0,y,y,y,m,m,m,m,m,y,m,m,m,m,,,,not needed as transformed-cumulative preferred,1,delete,transformed-partial,0,0,0,0,0,0,,,,,,,,1459,,,,,,,,0,0,0,0,0,0,delete,
sus_glo_3.5Mar_d314_m162,sustainable fashion,Global,3.5,Market Formation,cumulative PrivateEquityInvestment (sust fashion),cumulative $ million,m1,0.49298,0.32239,3.7124,2023.6,8.914,697.8,0.0011215,1984.4,-7396.2,0.9563,0.9531,16.317,10.808,0.95464,0.95248,16.623,10.62,0.38156,0.35211,61.382,40.073,45,39,0.52746,4.1076e-05,0.52742,39,0,38,0,0,1,0.74635,0,0,y,y,y,y,y,y,y,y,y,y,y,y,y,,,,*needs sign reversal * negative slope = LED innovation,0,prefer,transformed-cumulative,1,1,0,0,0,0,,,,,,,,1460,,,,,,,,1,1,0,0,0,0,delete,
sus_glo_3.5Mar_d315_m163,sustainable fashion,Global,3.5,Market Formation,Partial up to max PrivateEquityInvestment (sust fashion),Partial up to max $ million,m1,1.8921,1.8919,0.72897,2027.7,2.3225,7.1933e+06,0.19305,2018.4,-1452.6,0.95864,0.95546,5.0195,2.0707,0.95864,0.95657,5.0195,2.0707,0.13434,0.09106,22.963,9.8987,43,18,2.2553e-05,3.9847e-09,2.2549e-05,37,0,36,0,0,1,0.12949,0,0,y,y,y,m,m,m,m,m,m,m,m,m,m,,,,not needed as transformed-cumulative preferred,1,delete,transformed-partial,0,0,0,0,0,0,,,,,,,,1461,,,,,,,,0,0,0,0,0,0,delete,
sus_glo_3.5Mar_d316_m162,sustainable fashion,Global,3.5,Market Formation,cumulative TotalFundraisingAmount (2nd hand clothes),cumulative $ million,m1,0.25602,0.25601,35.698,2064.3,17.165,9.9366e+07,2.6958e-06,1942.3,-71147,0.95948,0.95652,145,66.223,0.95948,0.95755,145,66.224,0.4142,0.38631,551.34,372.73,45,20,3.1883e-05,4.0255e-09,3.1879e-05,20,1,19,0,0,1,0.75763,0,0,y,y,y,y,y,y,y,m,y,m,y,m,y,,,,innovation variant B - 2nd hand clothes [match with Adoption 1.1 or hide?],0,prefer-variantB,transformed-cumulative,1,1,0,0,0,0,,,,,,,,1462,,,,,,,,1,1,0,0,0,0,delete,
sus_glo_3.5Mar_d317_m163,sustainable fashion,Global,3.5,Market Formation,Partial up to max TotalFundraisingAmount (2nd hand clothes),Partial up to max $ million,m1,4.3966,,8.4685,2024.2,0.99952,3.6335e+05,,,-16878,0.90561,0.89853,83.852,31.205,,,,,0.15525,0.11404,250.85,115.91,44,19,0.0049201,9.6327e-07,0.0049192,19,0,14,0,1,1,0.036159,0,0,y,y,y,m,m,m,m,m,m,m,m,m,m,,,,not needed as transformed-cumulative preferred,1,delete,transformed-partial,0,0,0,0,0,0,,,,,,,,1463,,,,,,,,0,0,0,0,0,0,delete,
sus_glo_3.5Mar_d318_m162,sustainable fashion,Global,3.5,Market Formation,cumulative TotalFundraisingAmount (sust fashion),cumulative $ million,m1,4.4711,0.17627,67.062,2017.5,0.98285,3708.3,8.3758e-05,1922.5,-1.3365e+05,0.99489,0.99452,93.558,52.737,0.84362,0.83617,517.73,301.75,0.44255,0.416,977.5,816.75,45,39,1.0486,7.7294e-06,1.0486,39,0,38,0,0,1,0.87066,0,0,y,y,y,m,y,m,y,y,y,m,m,m,m,,,,,0,prefer,transformed-cumulative,1,1,0,0,0,0,,,,,,,,1464,,,,,,,,1,1,0,0,0,0,delete,
sus_glo_3.5Mar_d319_m163,sustainable fashion,Global,3.5,Market Formation,Partial up to max TotalFundraisingAmount (sust fashion),Partial up to max $ million,m1,7.1186,,12.354,2018.1,0.61732,11244,,,-24611,0.99611,0.99578,29.594,7.7869,,,,,0.085795,0.035006,453.88,188.2,39,16,0.26733,2.5492e-06,0.26733,33,0,32,0,0,1,0.0011316,0,0,y,y,y,m,m,m,m,y,m,m,m,m,m,,,,not needed as transformed-cumulative preferred,1,delete,transformed-partial,0,0,0,0,0,0,,,,,,,,1465,,,,,,,,0,0,0,0,0,0,delete,
sus_glo_3.5Mar_d320_m160,sustainable fashion,Global,3.5,Market Formation,cumulative TotalFundraisingDeals (2nd hand clothes),cumulative # deals,m1,0.34308,0.15748,2.4842,2018.5,12.809,168.4,0.29416,1983.7,-4949.6,0.99903,0.99896,1.3222,0.79424,0.97066,0.96926,7.2903,5.2341,0.57458,0.55432,27.761,23.027,45,20,0.8551,0.0059382,0.84917,20,0,19,0,0,0,0.89521,0,0,y,y,y,y,y,y,y,y,y,y,y,y,y,,,,innovation variant B - 2nd hand clothes [match with Adoption 1.1 or hide?],0,prefer-variantB,transformed-cumulative,1,1,0,0,0,0,,,,,,,,1466,,,,,,,,1,1,0,0,0,0,delete,
sus_glo_3.5Mar_d321_m161,sustainable fashion,Global,3.5,Market Formation,Partial up to max TotalFundraisingDeals (2nd hand clothes),Partial up to max # deals,m1,0.36368,0.027357,0.27702,2015.4,12.083,20.071,1549.6,1.58e+05,-551.57,0.92102,0.91444,1.2637,0.63669,-0.26735,-0.33585,5.0621,2.325,0.50572,0.479,3.1613,2.5217,40,15,0.89684,0.049824,0.84701,15,0,14,0,0,1,0.77366,0,1,y,y,y,y,y,y,y,y,y,y,y,y,y,,,,not needed as transformed-cumulative preferred,1,delete,transformed-partial,0,0,0,0,0,0,,,,,,,,1467,,,,,,,,0,0,0,0,0,0,delete,
sus_glo_3.5Mar_d322_m160,sustainable fashion,Global,3.5,Market Formation,cumulative TotalFundraisingDeals (sust fashion),cumulative # deals,m1,0.27661,0.21145,3.292,2025,15.887,604.94,0.031761,1981.2,-6559.2,0.99452,0.99412,4.5359,2.7619,0.99183,0.99144,5.5393,2.5839,0.48655,0.4621,43.919,32.969,45,39,0.40996,0.0016531,0.40831,39,0,38,0,0,0,0.83983,0,0,y,y,y,y,y,y,y,y,y,y,y,y,y,,,,,0,prefer,transformed-cumulative,1,1,0,0,0,0,,,,,,,,1468,,,,,,,,1,1,0,0,0,0,delete,
sus_glo_3.5Mar_d323_m161,sustainable fashion,Global,3.5,Market Formation,Partial up to max TotalFundraisingDeals (sust fashion),Partial up to max # deals,m1,0.27783,0.27783,0.508,2061.3,15.817,2.5267e+06,0.50365,2005.8,-1012,0.97127,0.96906,1.6457,0.86706,0.97127,0.96983,1.6457,0.86706,0.42168,0.39276,7.3828,5.0857,43,20,1.7414e-05,3.9578e-07,1.7018e-05,37,0,36,0,0,1,0.75086,0,1,y,y,y,m,m,m,y,m,y,m,m,m,m,,,,not needed as transformed-cumulative preferred,1,delete,transformed-partial,0,0,0,0,0,0,,,,,,,,1469,,,,,,,,0,0,0,0,0,0,delete,
sus_glo_4.1Sal_d213_m100,sustainable fashion,Global,4.1,Knowledge Flows (social networks),annualised Google search frequency (index 100=monthly max.),Index 0-100,m1,0.56729,0.15265,5.3158,2017.8,7.7464,102.43,0.094685,1977.4,-10670,0.95069,0.94199,7.9302,6.8035,0.8835,0.87056,12.19,9.2888,0.81236,0.79151,15.47,13.541,21,20,0.97627,0.018286,0.95798,21,2,19,0,0,1,0.90166,0,1,y,y,y,y,y,y,y,y,y,y,y,y,y,,,,,0,hide,original,1,1,0,0,0,0,,,,,,,,1470,,,,,,,,1,1,0,0,0,0,delete,
sus_glo_4.1Sal_d239_m153,sustainable fashion,Global,4.1,Knowledge Flows (social networks),Partial up to max annualised Google search frequency (index 100=monthly max.),Partial up to max Index 0-100,m1,0.36436,0.20985,5.1012,2019.9,12.061,152.23,0.066464,1986.7,-10239,0.94785,0.93742,7.3606,6.2335,0.93692,0.92904,8.0952,5.9584,0.75146,0.7204,16.069,14.169,19,18,0.6569,0.012304,0.6446,19,0,17,0,0,1,0.83635,0,1,y,y,y,y,y,y,y,y,y,y,y,y,y,,,,,0,prefer,transformed-partial,1,1,0,0,1,1,,,,,,,,1471,,,,,,,,1,1,0,0,1,1,,
sus_jap_2.3Cob_d096_m107,sustainable fashion,Japan,2.3,Relative advantage - co-benefits,Exports of worn clothing,Million USD,m1,0.10239,0.035703,2.4464e+06,2003.3,42.919,1.1832e+08,0.50622,1484.4,-4.8414e+09,0.68449,0.65491,1.7591e+07,1.4138e+07,0.63022,0.60781,1.9044e+07,1.3917e+07,0.6585,0.6378,1.8302e+07,1.411e+07,36,36,1.0775,0.22927,0.84822,36,9,35,1,0,0,0.96194,0,0,m,y,y,y,y,y,y,y,y,m,y,m,y,2,,,,0,,,1,1,0,0,0,1,,,,,,,,1472,,,,,,,,1,1,0,0,0,1,,
sus_jap_2.3Cob_d111_m107,sustainable fashion,Japan,2.3,Relative advantage - co-benefits,Imports of worn clothing,Million USD,m1,1.4813,0.005936,2.8823e+05,1991.6,2.9666,5.2747e+07,5688.6,486.3,-5.3101e+08,0.2667,0.19795,2.3556e+07,1.8195e+07,0.011424,-0.048489,2.735e+07,2.2306e+07,0.011848,-0.04804,2.7344e+07,2.2302e+07,36,36,2.2345,0.052638,2.1819,36,28,35,1,0,1,0.92324,0,0,n,y,y,y,y,y,y,y,m,n,m,n,m,4,,convert to cum.,reversal,0,,,0,1,0,0,0,0,,,,,,,,1473,,,,,,,,0,1,0,0,0,0,delete,
sus_jap_3.5Mar_d077_m128,sustainable fashion,Japan,3.5,Market Formation,CumulativeStartups (sust fashion),cum. # companies,m1,0.70291,0.2146,0.043215,2018.8,6.2518,3.0583,6.2723,2026.5,-86.138,0.97692,0.97523,0.13318,0.057026,0.91732,0.91338,0.25205,0.1379,0.40993,0.38183,0.67336,0.52293,45,8,0.98094,0.32698,0.65396,8,2,7,1,0,0,0.85366,0,1,y,y,y,y,y,y,y,y,y,y,y,y,y,,,,,0,prefer,original,1,1,0,0,0,1,,,,,,,,1474,,,,,,,,1,1,0,0,0,1,,
sus_jap_3.5Mar_d129_m008,sustainable fashion,Japan,3.5,Market Formation,NewStartups (sust fashion),# companies,m1,59.73,0.0016491,0.0068511,2016.1,0.073572,0.375,1554.9,1.5747e+05,-13.649,0.33036,0.28136,0.20412,0.083335,-0.071429,-0.12245,0.2582,0.066667,0.12724,0.085675,0.23304,0.13343,45,3,2.6667,2.6667,0,6,5,5,0,0,1,0,1,1,m,n,m,m,m,m,m,m,m,n,n,n,n,,,,,0,hide,original,0,1,0,0,0,0,,,,,,,,1475,,,,,,,,0,1,0,0,0,0,delete,
sus_jap_3.5Mar_d174_m011,sustainable fashion,Japan,3.5,Market Formation,PrivateEquityDeals (sust fashion),# deals,m1,0.29036,0.1011,0.0064559,2015.1,15.134,0.32019,5.6465,2052.1,-12.858,0.095034,0.028817,0.31069,0.11813,0.082692,0.03901,0.3128,0.12658,0.065904,0.021423,0.31565,0.14006,45,2,6.2463,3.1231,3.1231,9,0,8,0,0,1,0,0,1,n,n,m,m,m,m,m,y,m,n,n,n,n,,,,,0,hide,original,0,1,0,0,0,0,,,,,,,,1476,,,,,,,,0,1,0,0,0,0,delete,
sus_jap_3.5Mar_d178_m027,sustainable fashion,Japan,3.5,Market Formation,PrivateEquityInvestment (sust fashion),$ million,m1,29.185,0.0013975,0.0042439,2012.3,0.15057,0.21243,1555,1.5746e+05,-8.4395,0.093663,0.027345,0.29223,0.094415,-0.034059,-0.0833,0.31214,0.056649,0.032241,-0.013843,0.30196,0.1105,45,2,9.5464,2.4536,7.0928,9,8,0,0,0,1,0,0,1,n,n,m,m,m,m,m,y,m,n,n,n,n,,,,,0,hide,original,0,1,0,0,0,0,,,,,,,,1477,,,,,,,,0,1,0,0,0,0,delete,
sus_jap_3.5Mar_d203_m027,sustainable fashion,Japan,3.5,Market Formation,TotalFundraisingAmount (sust fashion),$ million,m1,29.185,0.0013975,0.0042439,2012.3,0.15057,0.21243,1555,1.5746e+05,-8.4395,0.093663,0.027345,0.29223,0.094415,-0.034059,-0.0833,0.31214,0.056649,0.032241,-0.013843,0.30196,0.1105,45,2,9.5464,2.4536,7.0928,9,8,0,0,0,1,0,0,1,n,n,m,m,m,m,m,y,m,n,n,n,n,,,,,0,hide,original,0,1,0,0,0,0,,,,,,,,1478,,,,,,,,0,1,0,0,0,0,delete,
sus_jap_3.5Mar_d207_m011,sustainable fashion,Japan,3.5,Market Formation,TotalFundraisingDeals (sust fashion),# deals,m1,0.29036,0.1011,0.0064559,2015.1,15.134,0.32019,5.6465,2052.1,-12.858,0.095034,0.028817,0.31069,0.11813,0.082692,0.03901,0.3128,0.12658,0.065904,0.021423,0.31565,0.14006,45,2,6.2463,3.1231,3.1231,9,0,8,0,0,1,0,0,1,n,n,m,m,m,m,m,y,m,n,n,n,n,,,,,0,hide,original,0,1,0,0,0,0,,,,,,,,1479,,,,,,,,0,1,0,0,0,0,delete,
sus_jap_3.5Mar_d302_m156,sustainable fashion,Japan,3.5,Market Formation,cumulative CumulativeStartups (sust fashion),cumulative cum. # companies,m1,0.57388,0.3132,0.1664,2021.9,7.6575,21.743,1.5984,2016.2,-331.74,0.99759,0.99742,0.1848,0.086534,0.98213,0.98128,0.50366,0.27463,0.329,0.29705,3.0863,2.172,45,8,0.78185,0.045991,0.73586,8,0,7,0,0,0,0.77304,0,1,y,y,y,y,y,y,y,y,y,y,y,y,y,,,,not needed as transformed-cumulative twice (error),1,delete,transformed-cumx2error,0,0,0,0,0,0,,,,,,,,1480,,,,,,,,0,0,0,0,0,0,delete,
sus_jap_3.5Mar_d303_m157,sustainable fashion,Japan,3.5,Market Formation,Partial up to max CumulativeStartups (sust fashion),Partial up to max cum. # companies,m1,0.84422,0.0040227,0.031712,2018.4,5.2053,2.7133,1554.4,1.5752e+05,-63.201,0.96259,0.95971,0.13253,0.055878,-0.1394,-0.19637,0.73136,0.25581,0.32991,0.29641,0.56086,0.40946,43,6,1.1057,0.36856,0.73711,6,0,5,0,0,0,0.73913,0,1,y,y,y,y,y,y,y,y,y,y,y,y,y,,,,not needed as transformed-cumulative preferred,1,delete,transformed-partial,0,0,0,0,0,0,,,,,,,,1481,,,,,,,,0,0,0,0,0,0,delete,
sus_jap_3.5Mar_d306_m158,sustainable fashion,Japan,3.5,Market Formation,cumulative NewStartups (sust fashion),cumulative # companies,m1,0.70291,0.2146,0.043215,2018.8,6.2518,3.0583,6.2723,2026.5,-86.138,0.97692,0.97523,0.13318,0.057026,0.91732,0.91338,0.25205,0.1379,0.40993,0.38183,0.67336,0.52293,45,8,0.98094,0.32698,0.65396,8,2,7,1,0,0,0.85366,0,1,y,y,y,y,y,y,y,y,y,y,y,y,y,,,,not needed as cumulative in original data,1,delete,transformed-cumulative,0,0,0,0,0,0,,,,,,,,1482,,,,,,,,0,0,0,0,0,0,delete,
sus_jap_3.5Mar_d307_m159,sustainable fashion,Japan,3.5,Market Formation,Partial up to max NewStartups (sust fashion),Partial up to max # companies,m1,17.754,,0.0040486,2017,0.24752,1.6825,,,-8.0648,1,1,7.793e-09,1.3034e-09,,,,,0.076923,0.024176,0.15379,0.063925,38,1,0.59434,0.59434,0,1,0,0,0,0,,,1,1,y,n,m,m,m,m,m,m,m,n,n,n,n,,,,not needed as transformed-cumulative preferred,1,delete,transformed-partial,0,0,0,0,0,0,,,,,,,,1483,,,,,,,,0,0,0,0,0,0,delete,
sus_jap_3.5Mar_d310_m160,sustainable fashion,Japan,3.5,Market Formation,cumulative PrivateEquityDeals (sust fashion),cumulative # deals,m1,0.26489,0.17986,0.047694,2022.7,16.59,5.6066,4.2529,2025.1,-95.04,0.91397,0.90768,0.25908,0.13977,0.90583,0.90135,0.27106,0.16175,0.49173,0.46753,0.62974,0.46599,45,12,0.53508,0.17836,0.35672,12,3,11,1,0,1,0.84091,0,1,y,y,y,y,y,y,y,y,y,y,y,y,y,,,,,0,prefer,transformed-cumulative,1,1,0,0,0,0,,,,,,,,1484,,,,,,,,1,1,0,0,0,0,delete,
sus_jap_3.5Mar_d311_m161,sustainable fashion,Japan,3.5,Market Formation,Partial up to max PrivateEquityDeals (sust fashion),Partial up to max # deals,m1,9.9396,7.5669,0.0086703,2021,0.44211,3.4492,1.7839e-09,2018.2,-17.273,0.79104,0.77455,0.1543,0.023815,0.79104,0.78033,0.1543,0.023835,0.096926,0.050615,0.32078,0.15604,42,2,0.57985,0.28992,0.28992,9,0,8,0,0,1,0,0,1,y,n,m,m,m,m,m,y,m,n,n,n,n,,,,not needed as transformed-cumulative preferred,1,delete,transformed-partial,0,0,0,0,0,0,,,,,,,,1485,,,,,,,,0,0,0,0,0,0,delete,
sus_jap_3.5Mar_d314_m162,sustainable fashion,Japan,3.5,Market Formation,cumulative PrivateEquityInvestment (sust fashion),cumulative $ million,m1,9.5673,0.0065423,0.058535,2012.8,0.45932,2.2175,1553.9,1.5757e+05,-116.6,0.98406,0.98289,0.12396,0.059004,-0.35756,-0.42221,1.144,0.58712,0.59945,0.58037,0.62141,0.54798,45,12,1.1496,0.91453,0.23505,12,3,11,1,0,0,0.90761,0,1,y,y,y,y,y,y,y,y,y,y,y,y,y,,,,too few,0,prefer,transformed-cumulative,0,1,0,0,0,0,,,,,,,,1486,,,,,,,,0,1,0,0,0,0,delete,
sus_jap_3.5Mar_d315_m163,sustainable fashion,Japan,3.5,Market Formation,Partial up to max PrivateEquityInvestment (sust fashion),Partial up to max $ million,m1,,0.0019808,0.010225,,,,1554.8,1.5747e+05,-20.355,,,,,-0.030303,-0.096774,0.34779,0.059646,0.085714,0.026728,0.32763,0.14335,34,1,,,,1,0,0,0,0,,,0,1,n,n,m,m,m,m,m,m,m,n,n,n,n,,,,not needed as transformed-cumulative preferred,1,delete,transformed-partial,0,0,0,0,0,0,,,,,,,,1487,,,,,,,,0,0,0,0,0,0,delete,
sus_jap_3.5Mar_d318_m162,sustainable fashion,Japan,3.5,Market Formation,cumulative TotalFundraisingAmount (sust fashion),cumulative $ million,m1,9.5673,0.0065423,0.058535,2012.8,0.45932,2.2175,1553.9,1.5757e+05,-116.6,0.98406,0.98289,0.12396,0.059004,-0.35756,-0.42221,1.144,0.58712,0.59945,0.58037,0.62141,0.54798,45,12,1.1496,0.91453,0.23505,12,3,11,1,0,0,0.90761,0,1,y,y,y,y,y,y,y,y,y,y,y,y,y,,,,too few,0,prefer,transformed-cumulative,0,1,0,0,0,0,,,,,,,,1488,,,,,,,,0,1,0,0,0,0,delete,
sus_jap_3.5Mar_d319_m163,sustainable fashion,Japan,3.5,Market Formation,Partial up to max TotalFundraisingAmount (sust fashion),Partial up to max $ million,m1,,0.0019808,0.010225,,,,1554.8,1.5747e+05,-20.355,,,,,-0.030303,-0.096774,0.34779,0.059646,0.085714,0.026728,0.32763,0.14335,34,1,,,,1,0,0,0,0,,,0,1,n,n,m,m,m,m,m,m,m,n,n,n,n,,,,not needed as transformed-cumulative preferred,1,delete,transformed-partial,0,0,0,0,0,0,,,,,,,,1489,,,,,,,,0,0,0,0,0,0,delete,
sus_jap_3.5Mar_d322_m160,sustainable fashion,Japan,3.5,Market Formation,cumulative TotalFundraisingDeals (sust fashion),cumulative # deals,m1,0.26489,0.17986,0.047694,2022.7,16.59,5.6066,4.2529,2025.1,-95.04,0.91397,0.90768,0.25908,0.13977,0.90583,0.90135,0.27106,0.16175,0.49173,0.46753,0.62974,0.46599,45,12,0.53508,0.17836,0.35672,12,3,11,1,0,1,0.84091,0,1,y,y,y,y,y,y,y,y,y,y,y,y,y,,,,,0,prefer,transformed-cumulative,1,1,0,0,0,0,,,,,,,,1490,,,,,,,,1,1,0,0,0,0,delete,
sus_jap_3.5Mar_d323_m161,sustainable fashion,Japan,3.5,Market Formation,Partial up to max TotalFundraisingDeals (sust fashion),Partial up to max # deals,m1,9.9396,7.5669,0.0086703,2021,0.44211,3.4492,1.7839e-09,2018.2,-17.273,0.79104,0.77455,0.1543,0.023815,0.79104,0.78033,0.1543,0.023835,0.096926,0.050615,0.32078,0.15604,42,2,0.57985,0.28992,0.28992,9,0,8,0,0,1,0,0,1,y,n,m,m,m,m,m,y,m,n,n,n,n,,,,not needed as transformed-cumulative preferred,1,delete,transformed-partial,0,0,0,0,0,0,,,,,,,,1491,,,,,,,,0,0,0,0,0,0,delete,
sus_jap_4.1Sal_d213_m100,sustainable fashion,Japan,4.1,Knowledge Flows (social networks),annualised Google search frequency (index 100=monthly max.),Index 0-100,m1,4.6884,0.18735,3.0806,2019.9,0.9373,60.737,0.52181,1998.1,-6187.7,0.70705,0.65535,14.444,6.8884,0.55635,0.50706,17.775,12.618,0.48861,0.43179,19.084,14.046,21,7,1.6465,0.48046,1.166,10,2,7,1,1,1,0.7091,0,1,y,y,y,m,y,m,y,y,y,m,m,m,m,,,,,0,hide,original,1,1,0,0,0,0,,,,,,,,1492,,,,,,,,1,1,0,0,0,0,delete,
sus_jap_4.1Sal_d239_m153,sustainable fashion,Japan,4.1,Knowledge Flows (social networks),Partial up to max annualised Google search frequency (index 100=monthly max.),Partial up to max Index 0-100,m1,0.55379,0.55377,3.1866,2040.4,7.9352,2.6137e+06,0.2868,2011.4,-6400.9,0.83461,0.80153,10.75,5.3655,0.83461,0.81393,10.75,5.3656,0.436,0.3655,19.851,14.684,19,5,3.826e-05,1.1165e-05,2.7095e-05,8,0,5,0,1,1,0.46474,0,1,y,n,y,m,m,m,m,m,y,n,n,m,m,,,,,0,prefer,transformed-partial,1,1,0,0,0,1,,,,,,,,1493,,,,,,,,1,1,0,0,0,1,,
sus_uki_2.3Cob_d096_m107,sustainable fashion,UK,2.3,Relative advantage - co-benefits,Exports of worn clothing,Million USD,m1,0.3329,0.046516,1.7961e+07,2004.3,13.201,5.0118e+08,1.575e-08,1202.3,-3.5748e+10,0.8943,0.88256,6.0064e+07,4.5354e+07,0.63568,0.60966,1.1151e+08,9.7824e+07,0.75611,0.73869,9.1236e+07,6.9071e+07,31,31,1.2216,0.10624,1.1154,31,10,30,1,0,0,0.96016,0,0,y,y,y,y,y,y,y,y,y,y,y,y,y,2,,,,0,,,1,1,0,0,0,1,,,,,,,,1494,,,,,,,,1,1,0,0,0,1,,
sus_uki_2.3Cob_d111_m107,sustainable fashion,UK,2.3,Relative advantage - co-benefits,Imports of worn clothing,Million USD,m1,0.10657,0.10657,2.4913e+06,2121.4,41.236,3.4444e+12,6.2989e-07,1716.5,-4.9721e+09,0.83698,0.81886,1.107e+07,7.948e+06,0.83698,0.82533,1.107e+07,7.948e+06,0.66057,0.63633,1.5973e+07,1.2749e+07,31,31,3.2313e-05,1.3829e-06,3.093e-05,31,1,23,0,1,1,0.87589,0,0,y,y,y,m,y,m,y,m,y,m,m,m,m,2,,,,0,,,1,1,0,0,0,0,,,,,,,,1495,,,,,,,,1,1,0,0,0,0,delete,
sus_uki_3.5Mar_d077_m128,sustainable fashion,UK,3.5,Market Formation,CumulativeStartups (sust fashion),cum. # companies,m1,0.12272,0.12272,0.50975,2106.4,35.807,7.621e+05,9.6048,2014.5,-1014.5,0.95628,0.95308,1.6777,1.1746,0.95628,0.9542,1.6777,1.1745,0.68079,0.66559,4.5332,3.6873,45,34,3.6741e-05,1.3122e-06,3.5429e-05,34,1,33,0,0,0,0.90152,0,1,y,y,y,y,y,y,y,m,y,m,y,m,y,,,,,0,prefer,original,1,1,0,0,0,1,,,,,,,,1496,,,,,,,,1,1,0,0,0,1,,
sus_uki_3.5Mar_d129_m008,sustainable fashion,UK,3.5,Market Formation,NewStartups (sust fashion),# companies,m1,1.882,0.0056318,0.049144,2016.4,2.335,2.6025,1554.2,1.5755e+05,-97.763,0.37503,0.32931,1.1216,0.4861,-0.19235,-0.24912,1.5492,0.62222,0.20237,0.16439,1.2671,0.76115,45,13,3.074,0.38425,2.6897,33,4,32,1,0,1,0.44444,0,1,m,y,y,m,m,m,m,y,m,m,m,m,m,,,,,0,hide,original,0,1,0,0,0,0,,,,,,,,1497,,,,,,,,0,1,0,0,0,0,delete,
sus_uki_3.5Mar_d174_m011,sustainable fashion,UK,3.5,Market Formation,PrivateEquityDeals (sust fashion),# deals,m1,1.7516,0.0074527,0.067984,2019.2,2.5088,4.6388,1553.7,1.5759e+05,-135.46,0.69839,0.67632,0.89799,0.33992,-0.15534,-0.21035,1.7575,0.64444,0.29158,0.25784,1.3762,0.89695,45,10,1.509,0.21557,1.2934,18,1,17,0,0,1,0.79856,0,1,m,y,y,m,m,m,y,y,m,m,m,m,m,,,,,0,hide,original,0,1,0,0,0,0,,,,,,,,1498,,,,,,,,0,1,0,0,0,0,delete,
sus_uki_3.5Mar_d178_m027,sustainable fashion,UK,3.5,Market Formation,PrivateEquityInvestment (sust fashion),$ million,m1,20.977,0.15081,0.049501,2020.1,0.20949,3.8954,4.1115,2025.4,-98.623,0.58221,0.55164,0.90208,0.34685,0.36163,0.33123,1.1151,0.5085,0.21219,0.17468,1.2387,0.72292,45,10,1.7931,0.095302,1.6978,18,2,17,1,0,1,0.65967,0,1,m,y,y,m,m,m,m,y,m,m,m,m,m,,,,,0,hide,original,0,1,0,0,0,0,,,,,,,,1499,,,,,,,,0,1,0,0,0,0,delete,
sus_uki_3.5Mar_d203_m027,sustainable fashion,UK,3.5,Market Formation,TotalFundraisingAmount (sust fashion),$ million,m1,21.261,0.0065113,0.058192,2020,0.20669,4.3048,1553.9,1.5757e+05,-115.9,0.58901,0.55894,0.96919,0.37691,-0.15713,-0.21223,1.6262,0.59926,0.2499,0.21418,1.3093,0.84194,45,12,1.6226,0.0027295,1.6199,18,2,6,1,1,1,0.72293,0,1,m,y,y,m,m,m,y,y,m,m,m,m,m,,,,,0,hide,original,0,1,0,0,0,0,,,,,,,,1500,,,,,,,,0,1,0,0,0,0,delete,
sus_uki_3.5Mar_d207_m011,sustainable fashion,UK,3.5,Market Formation,TotalFundraisingDeals (sust fashion),# deals,m1,1.3773,0.010174,0.096706,2018.8,3.1906,6.2762,1553.1,1.5765e+05,-192.67,0.74395,0.72521,1.09,0.45981,-0.18774,-0.2443,2.3476,0.93333,0.33995,0.30852,1.75,1.1872,45,13,1.434,0.15933,1.2747,19,3,18,1,0,1,0.82258,0,1,y,y,y,m,m,m,y,y,y,m,m,m,m,,,,,0,hide,original,0,1,0,0,0,0,,,,,,,,1501,,,,,,,,0,1,0,0,0,0,delete,
sus_uki_3.5Mar_d302_m156,sustainable fashion,UK,3.5,Market Formation,cumulative CumulativeStartups (sust fashion),cumulative cum. # companies,m1,0.11773,0.11773,4.6248,2117.7,37.326,1.6547e+07,0.02527,1945.2,-9206.3,0.99573,0.99542,4.579,3.987,0.99573,0.99553,4.579,3.987,0.73474,0.72211,36.089,29.007,45,34,1.6378e-05,6.0435e-08,1.6318e-05,34,0,33,0,0,0,0.88704,0,0,y,y,y,y,y,y,y,m,y,m,y,m,y,,,,not needed as transformed-cumulative twice (error),1,delete,transformed-cumx2error,0,0,0,0,0,0,,,,,,,,1502,,,,,,,,0,0,0,0,0,0,delete,
sus_uki_3.5Mar_d303_m157,sustainable fashion,UK,3.5,Market Formation,Partial up to max CumulativeStartups (sust fashion),Partial up to max cum. # companies,m1,0.13142,0.13142,0.47562,2110.9,33.438,3.0187e+06,7.5275,2012.7,-946.42,0.95344,0.94995,1.5946,1.1318,0.95344,0.95117,1.5946,1.1318,0.66791,0.65171,4.2587,3.3233,44,33,9.2757e-06,3.3127e-07,8.9444e-06,33,0,32,0,0,0,0.88091,0,1,y,y,y,y,y,y,y,m,y,m,y,m,y,,,,not needed as transformed-cumulative preferred,1,delete,transformed-partial,0,0,0,0,0,0,,,,,,,,1503,,,,,,,,0,0,0,0,0,0,delete,
sus_uki_3.5Mar_d306_m158,sustainable fashion,UK,3.5,Market Formation,cumulative NewStartups (sust fashion),cumulative # companies,m1,0.12272,0.12272,0.50975,2106.4,35.807,7.621e+05,9.6048,2014.5,-1014.5,0.95628,0.95308,1.6777,1.1746,0.95628,0.9542,1.6777,1.1745,0.68079,0.66559,4.5332,3.6873,45,34,3.6741e-05,1.3122e-06,3.5429e-05,34,1,33,0,0,0,0.90152,0,1,y,y,y,y,y,y,y,m,y,m,y,m,y,,,,not needed as cumulative in original data,1,delete,transformed-cumulative,0,0,0,0,0,0,,,,,,,,1504,,,,,,,,0,0,0,0,0,0,delete,
sus_uki_3.5Mar_d307_m159,sustainable fashion,UK,3.5,Market Formation,Partial up to max NewStartups (sust fashion),Partial up to max # companies,m1,1.422,0.0054292,0.046623,2026.4,3.0904,3.0539e+05,1554.1,1.5754e+05,-92.747,0.81435,0.79888,0.56988,0.262,-0.12897,-0.19,1.4053,0.475,0.16557,0.12047,1.2082,0.64918,40,10,2.6196e-05,3.2746e-06,2.2922e-05,29,0,28,0,0,1,0.1519,0,1,y,y,y,m,m,m,m,m,m,m,m,m,m,,,,not needed as transformed-cumulative preferred,1,delete,transformed-partial,0,0,0,0,0,0,,,,,,,,1505,,,,,,,,0,0,0,0,0,0,delete,
sus_uki_3.5Mar_d310_m160,sustainable fashion,UK,3.5,Market Formation,cumulative PrivateEquityDeals (sust fashion),cumulative # deals,m1,0.35171,0.025842,0.35982,2024.1,12.494,64.068,0.183,2931.7,-717,0.97307,0.9711,1.1554,0.69656,-0.22718,-0.28562,7.7989,3.3556,0.44059,0.41395,5.2655,3.7982,45,19,0.45265,0.015609,0.43704,19,1,18,0,0,0,0.82097,0,1,y,y,y,y,y,y,y,y,y,y,y,y,y,,,,,0,prefer,transformed-cumulative,1,1,0,0,0,0,,,,,,,,1506,,,,,,,,1,1,0,0,0,0,delete,
sus_uki_3.5Mar_d311_m161,sustainable fashion,UK,3.5,Market Formation,Partial up to max PrivateEquityDeals (sust fashion),Partial up to max # deals,m1,0.95523,0.44016,0.062368,2020.4,4.6004,8.7384,6.4871,2021.7,-124.26,0.94941,0.94551,0.32668,0.13851,0.934,0.9307,0.3731,0.17555,0.284,0.2482,1.2289,0.76503,43,9,0.80106,0.11444,0.68663,17,0,16,0,0,1,0.6699,0,1,y,y,y,m,m,m,m,y,m,m,m,m,m,,,,not needed as transformed-cumulative preferred,1,delete,transformed-partial,0,0,0,0,0,0,,,,,,,,1507,,,,,,,,0,0,0,0,0,0,delete,
sus_uki_3.5Mar_d314_m162,sustainable fashion,UK,3.5,Market Formation,cumulative PrivateEquityInvestment (sust fashion),cumulative $ million,m1,0.26686,0.038896,0.28107,2028.4,16.467,101.32,-5.0923,4504.2,-560.04,0.95567,0.95242,1.1326,0.62948,-0.24481,-0.30409,6.0019,2.6617,0.46045,0.43476,3.9514,2.8967,45,19,0.21262,0.0036639,0.20895,19,1,18,0,0,1,0.82664,0,1,y,y,y,y,y,y,y,y,y,y,y,y,y,,,,,0,prefer,transformed-cumulative,1,1,0,0,0,0,,,,,,,,1508,,,,,,,,1,1,0,0,0,0,delete,
sus_uki_3.5Mar_d315_m163,sustainable fashion,UK,3.5,Market Formation,Partial up to max PrivateEquityInvestment (sust fashion),Partial up to max $ million,m1,1.9912,1.9909,0.035756,2025.6,2.207,60718,4.9527e-05,2015,-71.222,0.89322,0.88479,0.36014,0.12315,0.89322,0.88774,0.36014,0.12315,0.15465,0.11129,1.0133,0.48475,42,8,0.00011504,6.1142e-06,0.00010893,16,0,15,0,0,1,0.12767,0,1,y,y,y,m,m,m,m,m,m,m,m,m,m,,,,not needed as transformed-cumulative preferred,1,delete,transformed-partial,0,0,0,0,0,0,,,,,,,,1509,,,,,,,,0,0,0,0,0,0,delete,
sus_uki_3.5Mar_d318_m162,sustainable fashion,UK,3.5,Market Formation,cumulative TotalFundraisingAmount (sust fashion),cumulative $ million,m1,0.17491,0.038411,0.39483,2088.9,25.123,2.3953e+06,1547.2,1.5824e+05,-786.49,0.95177,0.94824,1.4987,0.9602,-0.33806,-0.40178,7.8942,3.968,0.56456,0.54383,4.5033,3.3667,45,19,1.1258e-05,1.5499e-07,1.1103e-05,19,1,18,0,0,1,0.84912,0,1,y,y,y,y,y,y,y,m,y,m,y,m,y,,,,,0,prefer,transformed-cumulative,1,1,0,0,0,0,,,,,,,,1510,,,,,,,,1,1,0,0,0,0,delete,
sus_uki_3.5Mar_d319_m163,sustainable fashion,UK,3.5,Market Formation,Partial up to max TotalFundraisingAmount (sust fashion),Partial up to max $ million,m1,1.3574,1.3571,0.041795,2027.8,3.2373,66387,6.3541,2020.9,-83.213,0.77481,0.75703,0.55895,0.18493,0.77481,0.76326,0.55895,0.18494,0.18498,0.14318,1.0634,0.58659,42,10,0.00010522,1.7699e-07,0.00010504,16,0,4,0,1,1,0.28512,0,1,y,y,y,m,m,m,m,m,m,m,m,m,m,,,,not needed as transformed-cumulative preferred,1,delete,transformed-partial,0,0,0,0,0,0,,,,,,,,1511,,,,,,,,0,0,0,0,0,0,delete,
sus_uki_3.5Mar_d322_m160,sustainable fashion,UK,3.5,Market Formation,cumulative TotalFundraisingDeals (sust fashion),cumulative # deals,m1,0.25386,0.22581,0.54374,2029.5,17.311,228.6,0.44447,2003.5,-1083.4,0.97628,0.97455,1.5762,0.97057,0.97593,0.97479,1.5878,0.96667,0.47604,0.45109,7.4085,5.4633,45,19,0.18373,0.0043745,0.17936,19,0,18,0,0,1,0.82978,0,1,y,y,y,y,y,y,y,m,y,m,y,m,y,,,,,0,prefer,transformed-cumulative,1,1,0,0,0,0,,,,,,,,1512,,,,,,,,1,1,0,0,0,0,delete,
sus_uki_3.5Mar_d323_m161,sustainable fashion,UK,3.5,Market Formation,Partial up to max TotalFundraisingDeals (sust fashion),Partial up to max # deals,m1,0.57524,0.57523,0.068309,2040.1,7.6394,5.2574e+05,6.4689,2020.5,-136.06,0.91502,0.90831,0.45898,0.20227,0.91502,0.91067,0.45898,0.20227,0.27653,0.23943,1.3392,0.78905,42,10,1.7119e-05,1.9021e-06,1.5217e-05,16,0,15,0,0,1,0.5042,0,1,y,y,y,m,m,m,m,m,m,m,m,m,m,,,,not needed as transformed-cumulative preferred,1,delete,transformed-partial,0,0,0,0,0,0,,,,,,,,1513,,,,,,,,0,0,0,0,0,0,delete,
sus_uki_4.1Sal_d213_m100,sustainable fashion,UK,4.1,Knowledge Flows (social networks),annualised Google search frequency (index 100=monthly max.),Index 0-100,m1,0.75894,0.14632,5.2603,2017.3,5.7902,90.811,0.1257,1977.9,-10561,0.94647,0.93702,8.1682,6.4797,0.82434,0.80482,14.797,11.726,0.81404,0.79337,15.224,13.033,21,17,1.1012,0.029795,1.0714,17,2,16,1,0,1,0.92018,0,1,y,y,y,y,y,y,y,y,y,y,y,y,y,,,,,0,hide,original,1,1,0,0,0,0,,,,,,,,1514,,,,,,,,1,1,0,0,0,0,delete,
sus_uki_4.1Sal_d239_m153,sustainable fashion,UK,4.1,Knowledge Flows (social networks),Partial up to max annualised Google search frequency (index 100=monthly max.),Partial up to max Index 0-100,m1,0.49206,0.21459,5.4008,2018.3,8.9307,117.75,0.062303,1987.1,-10843,0.96129,0.95355,6.5887,5.1419,0.93387,0.9256,8.6118,5.9813,0.78027,0.75281,15.698,13.591,19,15,0.84925,0.022978,0.82627,15,0,14,0,0,1,0.83589,0,1,y,y,y,y,y,y,y,y,y,y,y,y,y,,,,,0,prefer,transformed-partial,1,1,0,0,0,1,,,,,,,,1515,,,,,,,,1,1,0,0,0,1,,
sus_usa_2.3Cob_d096_m107,sustainable fashion,US,2.3,Relative advantage (co-benefits),Exports of worn clothing,Million USD,m1,0.069855,0.054679,2.3064e+07,2030.6,62.908,2.434e+09,6.1439e-11,1215.3,-4.5848e+10,0.91223,0.90315,6.9936e+07,5.9125e+07,0.91002,0.90402,7.0813e+07,5.7837e+07,0.86543,0.85646,8.6598e+07,7.9824e+07,33,33,0.39177,0.058351,0.33342,33,1,32,0,0,0,0.94254,0,0,y,y,y,y,y,y,y,y,y,y,y,y,y,1,,,,0,,,1,1,0,0,0,1,,,,,,,,1516,,,,,,,,1,1,0,0,0,1,,
sus_usa_2.3Cob_d111_m107,sustainable fashion,US,2.3,Relative advantage (co-benefits),Imports of worn clothing,Million USD,m1,0.055196,0.055191,3.2055e+05,2227.9,79.615,1.4073e+12,0.010511,1638.6,-6.3492e+08,0.43704,0.3788,4.0235e+06,3.2792e+06,0.43704,0.39951,4.0235e+06,3.279e+06,0.32397,0.2789,4.4091e+06,3.142e+06,33,33,1.8576e-05,2.5917e-06,1.5984e-05,33,0,32,0,0,0,0.87155,0,0,m,y,y,y,y,y,y,m,y,m,y,m,y,4,,ok (bimodal!),,0,,,1,1,0,0,0,0,,,,,,,,1517,,,,,,,,1,1,0,0,0,0,delete,
sus_usa_3.5Mar_d077_m128,sustainable fashion,US,3.5,Market Formation,CumulativeStartups (sust fashion),cum. # companies,m1,0.18862,0.1113,0.89315,2018.5,23.297,59.255,7.2604,2006.8,-1778.4,0.99114,0.99049,1.2658,0.95207,0.97426,0.97303,2.1578,1.7422,0.74379,0.73159,6.8079,5.6805,45,25,0.72568,0.016876,0.7088,25,1,24,0,0,1,0.9196,0,1,y,y,y,y,y,y,y,y,y,y,y,y,y,,,,,0,prefer,original,1,1,0,0,0,1,,,,,,,,1518,,,,,,,,1,1,0,0,0,1,,
sus_usa_3.5Mar_d129_m008,sustainable fashion,US,3.5,Market Formation,NewStartups (sust fashion),# companies,m1,0.28834,0.0078689,0.073123,2006.8,15.24,2.4685,1553.7,1.5759e+05,-145.44,0.49989,0.4633,1.0107,0.62998,-0.44705,-0.51596,1.7192,0.95556,0.44155,0.41495,1.068,0.78162,45,18,2.4306,0.4051,2.0255,24,2,23,0,0,1,0.65414,0,1,m,y,y,m,m,m,m,y,y,m,m,m,m,,,,,0,hide,original,0,1,0,0,0,0,,,,,,,,1519,,,,,,,,0,1,0,0,0,0,delete,
sus_usa_3.5Mar_d174_m011,sustainable fashion,US,3.5,Market Formation,PrivateEquityDeals (sust fashion),# deals,m1,0.32741,0.011216,0.10791,2015.5,13.422,5.4689,1552.9,1.5767e+05,-214.94,0.73738,0.71817,1.0239,0.46721,-0.29701,-0.35877,2.2755,1.0889,0.49194,0.46775,1.4242,1.0601,45,14,1.6457,0.18285,1.4628,14,3,9,1,1,1,0.86266,0,1,y,y,y,m,y,m,y,y,y,m,m,m,m,,,,,0,hide,original,1,1,0,0,0,0,,,,,,,,1520,,,,,,,,1,1,0,0,0,0,delete,
sus_usa_3.5Mar_d178_m027,sustainable fashion,US,3.5,Market Formation,PrivateEquityInvestment (sust fashion),$ million,m1,0.40096,0.40095,0.39344,2048.4,10.96,8.8278e+05,0.69307,2013.4,-784.34,0.90039,0.8931,3.0939,1.1252,0.90039,0.89565,3.0939,1.1252,0.27169,0.23701,8.3659,5.5692,45,13,5.7471e-05,1.6992e-08,5.7454e-05,14,0,9,0,1,1,0.52965,0,1,y,y,y,m,m,m,m,m,m,m,m,m,m,,,,,0,hide,original,1,1,0,0,0,0,,,,,,,,1521,,,,,,,,1,1,0,0,0,0,delete,
sus_usa_3.5Mar_d203_m027,sustainable fashion,US,3.5,Market Formation,TotalFundraisingAmount (sust fashion),$ million,m1,0.39196,0.39194,0.40506,2048.2,11.212,6.5344e+05,0.40396,2011.7,-807.34,0.87603,0.86696,3.4937,1.3796,0.87603,0.87013,3.4937,1.3796,0.28107,0.24683,8.4135,5.6916,45,15,7.7642e-05,4.5911e-08,7.7596e-05,18,0,6,0,1,1,0.52055,0,1,y,y,y,m,m,m,m,m,m,m,m,m,m,,,,,0,hide,original,1,1,0,0,0,0,,,,,,,,1522,,,,,,,,1,1,0,0,0,0,delete,
sus_usa_3.5Mar_d207_m011,sustainable fashion,US,3.5,Market Formation,TotalFundraisingDeals (sust fashion),# deals,m1,0.29607,0.013917,0.1365,2015.4,14.842,6.8756,1552.4,1.5773e+05,-271.86,0.7718,0.7551,1.1588,0.58784,-0.33308,-0.39656,2.8008,1.4,0.53402,0.51183,1.6559,1.2708,45,15,1.309,0.14544,1.1635,18,3,17,1,0,1,0.88669,0,1,y,y,y,y,y,y,y,y,y,y,y,y,y,,,,,0,hide,original,1,1,0,0,0,0,,,,,,,,1523,,,,,,,,1,1,0,0,0,0,delete,
sus_usa_3.5Mar_d302_m156,sustainable fashion,US,3.5,Market Formation,cumulative CumulativeStartups (sust fashion),cumulative cum. # companies,m1,0.21361,0.14589,7.1542,2022.1,20.572,711.87,0.0053675,1946.1,-14251,0.99841,0.99829,4.6616,3.6081,0.991,0.99057,11.092,9.0924,0.63147,0.61392,70.979,58.156,45,25,0.60966,0.0014047,0.60826,25,0,24,0,0,0,0.88099,0,0,y,y,y,y,y,y,y,y,y,y,y,y,y,,,,not needed as transformed-cumulative twice (error),1,delete,transformed-cumx2error,0,0,0,0,0,0,,,,,,,,1524,,,,,,,,0,0,0,0,0,0,delete,
sus_usa_3.5Mar_d303_m157,sustainable fashion,US,3.5,Market Formation,Partial up to max CumulativeStartups (sust fashion),Partial up to max cum. # companies,m1,0.18418,0.11791,0.84968,2019,23.859,62.396,7.0584,2007,-1691.8,0.98989,0.98913,1.2686,0.95613,0.97832,0.97726,1.8575,1.4784,0.7315,0.71841,6.5368,5.3594,44,24,0.68914,0.016027,0.67312,24,0,23,0,0,1,0.90541,0,1,y,y,y,y,y,y,y,y,y,y,y,y,y,,,,not needed as transformed-cumulative preferred,1,delete,transformed-partial,0,0,0,0,0,0,,,,,,,,1525,,,,,,,,0,0,0,0,0,0,delete,
sus_usa_3.5Mar_d306_m158,sustainable fashion,US,3.5,Market Formation,cumulative NewStartups (sust fashion),cumulative # companies,m1,0.18862,0.1113,0.89315,2018.5,23.297,59.255,7.2604,2006.8,-1778.4,0.99114,0.99049,1.2658,0.95207,0.97426,0.97303,2.1578,1.7422,0.74379,0.73159,6.8079,5.6805,45,25,0.72568,0.016876,0.7088,25,1,24,0,0,1,0.9196,0,1,y,y,y,y,y,y,y,y,y,y,y,y,y,,,,not needed as cumulative in original data,1,delete,transformed-cumulative,0,0,0,0,0,0,,,,,,,,1526,,,,,,,,0,0,0,0,0,0,delete,
sus_usa_3.5Mar_d307_m159,sustainable fashion,US,3.5,Market Formation,Partial up to max NewStartups (sust fashion),Partial up to max # companies,m1,0.12005,0.0091282,0.085974,2109.4,36.604,1.8161e+05,1553.4,1.5762e+05,-171.06,0.67113,0.64516,0.82435,0.54007,-0.41728,-0.48997,1.7113,0.92857,0.52554,0.5012,0.99015,0.74876,42,16,3.3037e-05,5.5062e-06,2.7531e-05,22,0,21,0,0,1,0.63415,0,1,m,y,y,m,m,m,m,m,y,m,m,m,m,,,,not needed as transformed-cumulative preferred,1,delete,transformed-partial,0,0,0,0,0,0,,,,,,,,1527,,,,,,,,0,0,0,0,0,0,delete,
sus_usa_3.5Mar_d310_m160,sustainable fashion,US,3.5,Market Formation,cumulative PrivateEquityDeals (sust fashion),cumulative # deals,m1,0.2919,0.18244,0.73874,2021.5,15.055,74.943,5.5641,2011.5,-1472.1,0.99281,0.99229,1.1232,0.73804,0.98141,0.98053,1.8062,1.1353,0.52445,0.50181,9.1358,7.1191,45,14,0.65383,0.026687,0.62715,14,0,13,0,0,1,0.86838,0,1,y,y,y,y,y,y,y,y,y,y,y,y,y,,,,,0,prefer,transformed-cumulative,1,1,0,0,0,0,,,,,,,,1528,,,,,,,,1,1,0,0,0,0,delete,
sus_usa_3.5Mar_d311_m161,sustainable fashion,US,3.5,Market Formation,Partial up to max PrivateEquityDeals (sust fashion),Partial up to max # deals,m1,0.23597,0.010305,0.097885,2069.7,18.623,7.2675e+05,1553.1,1.5765e+05,-194.96,0.83466,0.82161,0.73477,0.37735,-0.225,-0.28782,2,0.85714,0.4311,0.40193,1.3629,0.96385,42,11,1.2384e-05,1.376e-06,1.1008e-05,11,0,6,0,1,1,0.6369,0,1,y,y,y,m,y,m,m,m,y,m,m,m,m,,,,not needed as transformed-cumulative preferred,1,delete,transformed-partial,0,0,0,0,0,0,,,,,,,,1529,,,,,,,,0,0,0,0,0,0,delete,
sus_usa_3.5Mar_d314_m162,sustainable fashion,US,3.5,Market Formation,cumulative PrivateEquityInvestment (sust fashion),cumulative $ million,m1,0.3956,0.39348,1.2075,2035.5,11.108,14272,1.1825,2011.7,-2407.2,0.99575,0.99544,1.8563,0.78335,0.99575,0.99554,1.8565,0.77911,0.3035,0.27033,23.757,15.505,45,14,0.010499,2.7165e-05,0.010472,14,0,13,0,0,1,0.66873,0,0,y,y,y,y,y,y,m,m,y,m,m,m,m,,,,,0,prefer,transformed-cumulative,1,1,0,0,0,0,,,,,,,,1530,,,,,,,,1,1,0,0,0,0,delete,
sus_usa_3.5Mar_d315_m163,sustainable fashion,US,3.5,Market Formation,Partial up to max PrivateEquityInvestment (sust fashion),Partial up to max $ million,m1,0.40096,0.40095,0.39344,2048.4,10.96,8.8278e+05,0.69307,2013.4,-784.34,0.90039,0.8931,3.0939,1.1252,0.90039,0.89565,3.0939,1.1252,0.27169,0.23701,8.3659,5.5692,45,13,5.7471e-05,1.6992e-08,5.7454e-05,14,0,9,0,1,1,0.52965,0,1,y,y,y,m,m,m,m,m,m,m,m,m,m,,,,not needed as transformed-cumulative preferred,1,delete,transformed-partial,0,0,0,0,0,0,,,,,,,,1531,,,,,,,,0,0,0,0,0,0,delete,
sus_usa_3.5Mar_d318_m162,sustainable fashion,US,3.5,Market Formation,cumulative TotalFundraisingAmount (sust fashion),cumulative $ million,m1,0.30603,0.30602,1.5518,2063.9,14.36,3.144e+07,1.4114,2008.6,-3092.3,0.98117,0.97979,4.3135,2.6187,0.98117,0.98027,4.3135,2.6187,0.41111,0.38307,24.121,16.319,45,18,5.1496e-06,3.1806e-07,4.8316e-06,18,0,17,0,0,1,0.70996,0,0,y,y,y,y,y,y,y,m,y,m,y,m,y,,,,,0,prefer,transformed-cumulative,1,1,0,0,0,0,,,,,,,,1532,,,,,,,,1,1,0,0,0,0,delete,
sus_usa_3.5Mar_d319_m163,sustainable fashion,US,3.5,Market Formation,Partial up to max TotalFundraisingAmount (sust fashion),Partial up to max $ million,m1,0.39196,0.39194,0.40506,2048.2,11.212,6.5344e+05,0.40396,2011.7,-807.34,0.87603,0.86696,3.4937,1.3796,0.87603,0.87013,3.4937,1.3796,0.28107,0.24683,8.4135,5.6916,45,15,7.7642e-05,4.5911e-08,7.7596e-05,18,0,6,0,1,1,0.52055,0,1,y,y,y,m,m,m,m,m,m,m,m,m,m,,,,not needed as transformed-cumulative preferred,1,delete,transformed-partial,0,0,0,0,0,0,,,,,,,,1533,,,,,,,,0,0,0,0,0,0,delete,
sus_usa_3.5Mar_d322_m160,sustainable fashion,US,3.5,Market Formation,cumulative TotalFundraisingDeals (sust fashion),cumulative # deals,m1,0.2669,0.17307,0.97602,2021.7,16.465,100.03,5.209,2009,-1944.8,0.99359,0.99312,1.3694,0.91563,0.9838,0.98303,2.1768,1.4838,0.54915,0.52768,11.485,9.0065,45,18,0.62981,0.009997,0.61982,18,0,17,0,0,1,0.87256,0,1,y,y,y,y,y,y,y,y,y,y,y,y,y,,,,,0,prefer,transformed-cumulative,1,1,0,0,0,0,,,,,,,,1534,,,,,,,,1,1,0,0,0,0,delete,
sus_usa_3.5Mar_d323_m161,sustainable fashion,US,3.5,Market Formation,Partial up to max TotalFundraisingDeals (sust fashion),Partial up to max # deals,m1,0.17962,0.012259,0.11855,2080.2,24.466,3.1748e+05,1552.7,1.5769e+05,-236.08,0.84328,0.83091,0.80296,0.43322,-0.27904,-0.34463,2.2939,1.0714,0.50188,0.47634,1.4315,1.0463,42,12,2.8348e-05,3.1498e-06,2.5199e-05,15,0,14,0,0,1,0.72851,0,1,y,y,y,y,y,y,y,m,y,m,y,m,y,,,,not needed as transformed-cumulative preferred,1,delete,transformed-partial,0,0,0,0,0,0,,,,,,,,1535,,,,,,,,0,0,0,0,0,0,delete,
sus_usa_4.1Sal_d213_m100,sustainable fashion,US,4.1,Knowledge Flows (social networks),annualised Google search frequency (index 100=monthly max.),Index 0-100,m1,0.51853,0.15667,5.3407,2017.9,8.4748,102.67,0.093924,1978.6,-10722,0.95605,0.94829,7.4517,6.2649,0.89212,0.88013,11.675,8.7242,0.82779,0.80865,14.751,12.671,21,18,0.97397,0.034255,0.93972,18,2,17,1,0,1,0.89218,0,1,y,y,y,y,y,y,y,y,y,y,y,y,y,,,,,0,hide,original,1,1,0,0,0,0,,,,,,,,1536,,,,,,,,1,1,0,0,0,0,delete,
sus_usa_4.1Sal_d239_m153,sustainable fashion,US,4.1,Knowledge Flows (social networks),Partial up to max annualised Google search frequency (index 100=monthly max.),Partial up to max Index 0-100,m1,0.37602,0.21093,5.0754,2019.5,11.687,139.58,0.070043,1987.2,-10188,0.94809,0.93771,7.2194,5.6958,0.93475,0.92659,8.0941,5.784,0.76968,0.7409,15.207,13.022,19,16,0.71646,0.025198,0.69126,16,0,15,0,0,1,0.8182,0,1,y,y,y,y,y,y,y,y,y,y,y,y,y,,,,,0,prefer,transformed-partial,1,1,0,0,0,1,,,,,,,,1537,,,,,,,,1,1,0,0,0,1,,
tel_aus_1.1Ado_d091_m117,teleworking/commuting,Austria,1.1,Adoption over time,Employed persons teleworking as a percentage of the total employment (%),Percentage of total employment,tel,0.18111,0.001421,0.0046303,2011.6,24.264,0.15401,1555.3,1.5749e+05,-9.2283,0.23802,-0.14297,0.024385,0.019582,-17.842,-23.226,0.12126,0.118,0.22665,0.0056927,0.024567,0.019104,10,10,1.1753,0.61686,0.55842,10,3,6,1,1,0,0.89148,1,1,n,y,y,y,y,y,y,y,m,n,m,n,m,,,,,0,original,duplicated in market share,0,1,0,0,0,0,,,,,,,,1538,,,,,,,,0,1,0,0,0,0,delete,
tel_aus_1.1Ado_d324_m183,teleworking/commuting,Austria,1.1,Adoption over time,Partial up to 2019 Employed persons teleworking as a percentage of the total employment (%),Partial up to 2019 Percentage of total employment,tel,-0.014532,0.00085711,-0.0014286,1497.4,-302.41,189.47,1555.4,1.5747e+05,2.981,0.4592,-0.352,0.0026741,0.002374,-761.35,-1269.6,0.1004,0.10033,0.45018,0.083633,0.0026963,0.002381,6,6,0.00056474,0.0005014,6.3335e-05,6,5,2,0,1,0,0.82369,1,1,m,y,y,y,y,y,y,m,y,m,y,m,y,,,,,0,prefer-relative,transformed-partial,1,1,0,1,0,0,,,,,,,,1539,,,,,,,,1,1,0,1,0,0,,
tel_aus_1.1Ado_d331_m185,teleworking/commuting,Austria,1.1,Adoption over time,teleworkers as a share of all employed persons,market share,tel,0.18111,0.001421,0.0046303,2011.6,24.264,0.15401,1555.3,1.5749e+05,-9.2283,0.23802,-0.14297,0.024385,0.019582,-17.842,-23.226,0.12126,0.118,0.22665,0.0056927,0.024567,0.019104,10,10,1.1753,0.61686,0.55842,10,3,6,1,1,0,0.89148,1,1,n,y,y,y,y,y,y,y,m,n,m,n,m,,,,*prefer partial fit to 2019 (exc. 2020-21 anomaly),0,,transformed-marketshare,0,1,0,0,0,0,,,,,,,,1540,,,,,,,,0,1,0,0,0,0,delete,
tel_aus_3.2Adc_d098_m036,teleworking/commuting,Austria,3.2,Adopter characteristics,Female employees teleworking as a % of total female employment,% female teleworkers of total female employment,tel,0.17855,0.0013885,0.0042909,2010.5,24.611,0.15905,1555.3,1.5749e+05,-8.5348,0.21784,-0.17324,0.024023,0.019216,-21.654,-28.126,0.12929,0.1264,0.20587,-0.021026,0.024206,0.018989,10,10,1.182,0.66645,0.51556,10,3,6,1,1,0,0.89448,1,1,n,y,y,y,y,y,y,y,m,n,m,n,m,,,,needs to be partial to 2019 to match 1.1,0,,,0,0,0,0,0,1,,,,,,,,1541,,,,,,,,0,0,0,0,0,1,,
tel_aus_3.2Adc_d117_m039,teleworking/commuting,Austria,3.2,Adopter characteristics,Male employees teleworking as a % of total male employment,% male teleworkers of total male employment,tel,0.19005,0.0014512,0.0049455,2012.5,23.122,0.14831,1555.3,1.575e+05,-9.872,0.25919,-0.11122,0.024584,0.019715,-14.939,-19.494,0.11404,0.1104,0.24732,0.03227,0.02478,0.019236,10,10,1.1799,0.57311,0.60682,10,3,6,1,1,0,0.88789,1,1,n,y,y,y,y,y,y,y,m,n,m,n,m,,,,needs to be partial to 2019 to match 1.1,0,,,0,0,0,0,0,0,,,,,,,,1542,,,,,,,,0,0,0,0,0,0,delete,
tel_aus_3.5Mar_d074_m128,teleworking/commuting,Austria,3.5,Market Formation,CumulativeStartups,cum. # companies,tel,0.26409,0.15904,0.032938,2020,16.64,2.6752,0.012508,1991.4,-65.631,0.90492,0.89796,0.18181,0.10318,0.89232,0.88719,0.19348,0.12669,0.52635,0.5038,0.40579,0.32111,45,11,0.74761,0.37381,0.37381,11,2,10,1,0,0,0.85,0,1,y,y,y,y,y,y,y,y,y,y,y,y,y,,,,,0,prefer,original,1,1,0,0,0,1,,,,,,,,1543,,,,,,,,1,1,0,0,0,1,,
tel_aus_3.5Mar_d126_m008,teleworking/commuting,Austria,3.5,Market Formation,NewStartups,# companies,tel,51.365,0.0013986,0.0042161,2013.2,0.085553,0.18182,1555,1.5746e+05,-8.3961,0.14376,0.081112,0.19069,0.072728,-0.046512,-0.096346,0.21082,0.044444,0.070595,0.026337,0.19867,0.09234,45,2,5.5,5.5,0,9,8,8,0,0,1,0,1,1,n,n,m,m,m,m,m,m,m,n,n,n,n,,,,,0,hide,original,0,1,0,0,0,0,,,,,,,,1544,,,,,,,,0,1,0,0,0,0,delete,
tel_aus_3.5Mar_d171_m011,teleworking/commuting,Austria,3.5,Market Formation,PrivateEquityDeals,# deals,tel,30,,0.0046113,2016.3,0.14648,0.25,,,-9.1874,0.21512,0.15769,0.18257,0.066669,,,,,0.084452,0.040854,0.19719,0.094715,45,2,4,4,0,6,5,5,0,0,1,0,1,1,n,n,m,m,m,m,m,m,m,n,n,n,n,,,,,0,hide,original,0,1,0,0,0,0,,,,,,,,1545,,,,,,,,0,1,0,0,0,0,delete,
tel_aus_3.5Mar_d175_m027,teleworking/commuting,Austria,3.5,Market Formation,PrivateEquityInvestment,$ million,tel,27.227,,0.0037582,2016.3,0.1614,0.21479,,,-7.4858,0.18946,0.13015,0.16985,0.057278,,,,,0.066929,0.022497,0.18224,0.079836,45,2,5.439,2.561,2.878,6,5,0,0,0,1,0,0,1,n,n,m,m,m,m,m,y,m,n,n,n,n,,,,,0,hide,original,0,1,0,0,0,0,,,,,,,,1546,,,,,,,,0,1,0,0,0,0,delete,
tel_aus_3.5Mar_d200_m027,teleworking/commuting,Austria,3.5,Market Formation,TotalFundraisingAmount,$ million,tel,27.227,,0.0037582,2016.3,0.1614,0.21479,,,-7.4858,0.18946,0.13015,0.16985,0.057278,,,,,0.066929,0.022497,0.18224,0.079836,45,2,5.439,2.561,2.878,6,5,0,0,0,1,0,0,1,n,n,m,m,m,m,m,y,m,n,n,n,n,,,,,0,hide,original,0,1,0,0,0,0,,,,,,,,1547,,,,,,,,0,1,0,0,0,0,delete,
tel_aus_3.5Mar_d204_m011,teleworking/commuting,Austria,3.5,Market Formation,TotalFundraisingDeals,# deals,tel,30,,0.0046113,2016.3,0.14648,0.25,,,-9.1874,0.21512,0.15769,0.18257,0.066669,,,,,0.084452,0.040854,0.19719,0.094715,45,2,4,4,0,6,5,5,0,0,1,0,1,1,n,n,m,m,m,m,m,m,m,n,n,n,n,,,,,0,hide,original,0,1,0,0,0,0,,,,,,,,1548,,,,,,,,0,1,0,0,0,0,delete,
tel_aus_3.5Mar_d242_m156,teleworking/commuting,Austria,3.5,Market Formation,cumulative CumulativeStartups,cumulative cum. # companies,tel,0.34091,0.21274,0.17918,2021.7,12.89,19.708,1.8251,2014.2,-357.12,0.99203,0.99144,0.30609,0.1738,0.98146,0.98058,0.46675,0.29085,0.46083,0.43516,2.5171,1.9312,45,11,0.71039,0.050742,0.65964,11,0,10,0,0,0,0.8323,0,1,y,y,y,y,y,y,y,y,y,y,y,y,y,,,,not needed as transformed-cumulative twice (error),1,delete,transformed-cumx2error,0,0,0,0,0,0,,,,,,,,1549,,,,,,,,0,0,0,0,0,0,delete,
tel_aus_3.5Mar_d243_m157,teleworking/commuting,Austria,3.5,Market Formation,Partial up to max CumulativeStartups,Partial up to max cum. # companies,tel,8.4277,0.0034971,0.026276,2013.8,0.52143,1.125,1554.5,1.5751e+05,-52.346,0.90956,0.9026,0.14265,0.040746,-0.24038,-0.3024,0.52827,0.23256,0.47259,0.44622,0.34447,0.27848,43,9,1.7778,0.88888,0.88888,9,0,8,0,0,0,0.75,0,1,y,y,y,y,y,y,y,y,y,y,y,y,y,,,,not needed as transformed-cumulative preferred,1,delete,transformed-partial,0,0,0,0,0,0,,,,,,,,1550,,,,,,,,0,0,0,0,0,0,delete,
tel_aus_3.5Mar_d244_m158,teleworking/commuting,Austria,3.5,Market Formation,cumulative NewStartups,cumulative # companies,tel,0.26409,0.15904,0.032938,2020,16.64,2.6752,0.012508,1991.4,-65.631,0.90492,0.89796,0.18181,0.10318,0.89232,0.88719,0.19348,0.12669,0.52635,0.5038,0.40579,0.32111,45,11,0.74761,0.37381,0.37381,11,2,10,1,0,0,0.85,0,1,y,y,y,y,y,y,y,y,y,y,y,y,y,,,,not needed as cumulative in original data,1,delete,transformed-cumulative,0,0,0,0,0,0,,,,,,,,1551,,,,,,,,0,0,0,0,0,0,delete,
tel_aus_3.5Mar_d245_m159,teleworking/commuting,Austria,3.5,Market Formation,Partial up to max NewStartups,Partial up to max # companies,tel,18.153,0.0014566,0.0047619,2014,0.24208,1.6664,1554.9,1.5746e+05,-9.481,1,1,5.5263e-09,9.5887e-10,-0.029412,-0.09375,0.16903,0.028571,0.083333,0.026042,0.15951,0.068844,35,1,0.6001,0.6001,0,1,0,0,0,0,,,1,1,y,n,m,m,m,m,m,m,m,n,n,n,n,,,,not needed as transformed-cumulative preferred,1,delete,transformed-partial,0,0,0,0,0,0,,,,,,,,1552,,,,,,,,0,0,0,0,0,0,delete,
tel_aus_3.5Mar_d246_m160,teleworking/commuting,Austria,3.5,Market Formation,cumulative PrivateEquityDeals,cumulative # deals,tel,0.45399,0.21667,0.0278,2020,9.6796,2.3839,0.010105,1998.9,-55.411,0.93593,0.93124,0.14275,0.066129,0.90856,0.9042,0.17053,0.096727,0.40987,0.38177,0.43321,0.33513,45,8,0.83896,0.41948,0.41948,8,2,7,1,0,0,0.82353,0,1,y,y,y,y,y,y,y,y,y,y,y,y,y,,,,too few,0,prefer,transformed-cumulative,0,1,0,0,0,0,,,,,,,,1553,,,,,,,,0,1,0,0,0,0,delete,
tel_aus_3.5Mar_d247_m161,teleworking/commuting,Austria,3.5,Market Formation,Partial up to max PrivateEquityDeals,Partial up to max # deals,tel,17.754,,0.0040486,2017,0.24752,1.6825,,,-8.0648,1,1,7.793e-09,1.3034e-09,,,,,0.076923,0.024176,0.15379,0.063925,38,1,0.59434,0.59434,0,1,0,0,0,0,,,1,1,y,n,m,m,m,m,m,m,m,n,n,n,n,,,,not needed as transformed-cumulative preferred,1,delete,transformed-partial,0,0,0,0,0,0,,,,,,,,1554,,,,,,,,0,0,0,0,0,0,delete,
tel_aus_3.5Mar_d248_m162,teleworking/commuting,Austria,3.5,Market Formation,cumulative PrivateEquityInvestment,cumulative $ million,tel,6.5457,0.18681,0.027346,2016.8,0.67135,1.4041,0.014068,1997.2,-54.501,0.96009,0.95717,0.10735,0.042146,0.87106,0.86492,0.19296,0.11235,0.43677,0.40995,0.40329,0.33365,45,8,1.2237,0.83198,0.39175,8,2,7,1,0,0,0.8527,0,1,y,y,y,y,y,y,y,y,y,y,y,y,y,,,,too few,0,prefer,transformed-cumulative,0,1,0,0,0,0,,,,,,,,1555,,,,,,,,0,1,0,0,0,0,delete,
tel_aus_3.5Mar_d249_m163,teleworking/commuting,Austria,3.5,Market Formation,Partial up to max PrivateEquityInvestment,Partial up to max $ million,tel,18.043,,0.0047297,2017,0.24356,1.942,,,-9.4215,1,1,6.9444e-09,1.161e-09,,,,,0.076923,0.024176,0.17967,0.074679,38,1,0.60156,0.60156,0,1,0,0,0,0,,,0,1,y,n,m,m,m,m,m,m,m,n,n,n,n,,,,not needed as transformed-cumulative preferred,1,delete,transformed-partial,0,0,0,0,0,0,,,,,,,,1556,,,,,,,,0,0,0,0,0,0,delete,
tel_aus_3.5Mar_d250_m162,teleworking/commuting,Austria,3.5,Market Formation,cumulative TotalFundraisingAmount,cumulative $ million,tel,6.5457,0.18681,0.027346,2016.8,0.67135,1.4041,0.014068,1997.2,-54.501,0.96009,0.95717,0.10735,0.042146,0.87106,0.86492,0.19296,0.11235,0.43677,0.40995,0.40329,0.33365,45,8,1.2237,0.83198,0.39175,8,2,7,1,0,0,0.8527,0,1,y,y,y,y,y,y,y,y,y,y,y,y,y,,,,too few,0,prefer,transformed-cumulative,0,1,0,0,0,0,,,,,,,,1557,,,,,,,,0,1,0,0,0,0,delete,
tel_aus_3.5Mar_d251_m163,teleworking/commuting,Austria,3.5,Market Formation,Partial up to max TotalFundraisingAmount,Partial up to max $ million,tel,18.043,,0.0047297,2017,0.24356,1.942,,,-9.4215,1,1,6.9444e-09,1.161e-09,,,,,0.076923,0.024176,0.17967,0.074679,38,1,0.60156,0.60156,0,1,0,0,0,0,,,0,1,y,n,m,m,m,m,m,m,m,n,n,n,n,,,,not needed as transformed-cumulative preferred,1,delete,transformed-partial,0,0,0,0,0,0,,,,,,,,1558,,,,,,,,0,0,0,0,0,0,delete,
tel_aus_3.5Mar_d252_m160,teleworking/commuting,Austria,3.5,Market Formation,cumulative TotalFundraisingDeals,cumulative # deals,tel,0.45399,0.21667,0.0278,2020,9.6796,2.3839,0.010105,1998.9,-55.411,0.93593,0.93124,0.14275,0.066129,0.90856,0.9042,0.17053,0.096727,0.40987,0.38177,0.43321,0.33513,45,8,0.83896,0.41948,0.41948,8,2,7,1,0,0,0.82353,0,1,y,y,y,y,y,y,y,y,y,y,y,y,y,,,,too few,0,prefer,transformed-cumulative,0,1,0,0,0,0,,,,,,,,1559,,,,,,,,0,1,0,0,0,0,delete,
tel_aus_3.5Mar_d253_m161,teleworking/commuting,Austria,3.5,Market Formation,Partial up to max TotalFundraisingDeals,Partial up to max # deals,tel,17.754,,0.0040486,2017,0.24752,1.6825,,,-8.0648,1,1,7.793e-09,1.3034e-09,,,,,0.076923,0.024176,0.15379,0.063925,38,1,0.59434,0.59434,0,1,0,0,0,0,,,1,1,y,n,m,m,m,m,m,m,m,n,n,n,n,,,,not needed as transformed-cumulative preferred,1,delete,transformed-partial,0,0,0,0,0,0,,,,,,,,1560,,,,,,,,0,0,0,0,0,0,delete,
tel_eun_1.1Ado_d090_m088,teleworking/commuting,EU,1.1,Adoption over time,Employed persons teleworking as a % of total employment,% teleworkers of total employment,tel,0.29081,0.001757,0.0081818,2017.6,15.111,0.13247,1555.1,1.5751e+05,-16.441,0.59311,0.38966,0.019821,0.016733,-5.702,-7.6169,0.080444,0.0742,0.57197,0.44968,0.020329,0.016785,10,10,0.9889,0.36235,0.62656,10,2,9,1,0,1,0.87792,1,1,m,y,y,y,y,y,y,y,y,m,y,m,y,,,,,0,original,duplicated in market share,1,1,0,0,0,0,,,,,,,,1561,,,,,,,,1,1,0,0,0,0,delete,
tel_eun_1.1Ado_d325_m184,teleworking/commuting,EU,1.1,Adoption over time,Partial up to 2019 Employed persons teleworking as a % of total employment,Partial up to 2019 % teleworkers of total employment,tel,0.024076,0.0011076,0.0012,2371.1,182.52,256.65,1555.3,1.5748e+05,-2.3695,0.86734,0.66836,0.00080532,0.00060981,-518.2,-864.34,0.050382,0.050333,0.85909,0.76515,0.00082999,0.00062222,6,6,0.0002104,0.00018702,2.3378e-05,6,0,5,0,0,0,0.8281,1,1,y,y,y,y,y,y,y,m,y,m,y,m,y,,,,,0,prefer-relative,transformed-partial,1,1,0,1,0,0,,,,,,,,1562,,,,,,,,1,1,0,1,0,0,,
tel_eun_1.1Ado_d331_m185,teleworking/commuting,EU,1.1,Adoption over time,teleworkers as a share of all employed persons,market share,tel,0.29081,0.001757,0.0081818,2017.6,15.111,0.13247,1555.1,1.5751e+05,-16.441,0.59311,0.38966,0.019821,0.016733,-5.702,-7.6169,0.080444,0.0742,0.57197,0.44968,0.020329,0.016785,10,10,0.9889,0.36235,0.62656,10,2,9,1,0,1,0.87792,1,1,m,y,y,y,y,y,y,y,y,m,y,m,y,,,,*prefer partial fit to 2019 (exc. 2020-21 anomaly),0,,transformed-marketshare,1,1,0,0,0,0,,,,,,,,1563,,,,,,,,1,1,0,0,0,0,delete,
tel_eun_3.2Adc_d087_m116,teleworking/commuting,EU,3.2,Adopter characteristics,Employed persons (Age: 15-24) teleworking as a percentage of total employees age: 15-24 (%),Percentage of employment within age group,tel,0.56215,0.0015011,0.0054,2017.1,7.8172,0.058172,1555.2,1.575e+05,-10.863,0.615,0.384,0.011579,0.010051,-3.4288,-4.9051,0.039273,0.034556,0.55822,0.41097,0.012404,0.010138,9,9,1.1861,0.29224,0.8939,9,2,6,1,1,1,0.86204,1,1,m,y,y,y,y,y,y,y,y,m,y,m,y,,,,needs to be partial to 2019 to match 1.1,0,,,0,1,0,0,0,0,,,,,,,,1564,,,,,,,,0,1,0,0,0,0,delete,
tel_eun_3.2Adc_d088_m116,teleworking/commuting,EU,3.2,Adopter characteristics,Employed persons (Age: 25-49) teleworking as a percentage of total employees age: 25-49 (%),Percentage of employment within age group,tel,0.32617,,0.0090061,2018.1,13.473,0.13317,,,-18.108,0.63212,0.44817,0.020157,0.016905,,,,,0.60589,0.49329,0.020863,0.017205,10,10,0.99124,0.32291,0.66834,10,2,9,1,0,1,0.87153,1,1,m,y,y,y,y,y,y,y,y,m,y,m,y,,,,needs to be partial to 2019 to match 1.1,0,,,0,1,0,0,0,0,,,,,,,,1565,,,,,,,,0,1,0,0,0,0,delete,
tel_eun_3.2Adc_d089_m116,teleworking/commuting,EU,3.2,Adopter characteristics,Employed persons (Age: 50+) teleworking as a percentage of total employees age: 50+ (%),Percentage of employment within age group,tel,0.20476,0.0015374,0.0058424,2015.4,21.461,0.1342,1555.2,1.575e+05,-11.707,0.51572,0.27358,0.016462,0.01395,-13.279,-17.359,0.089387,0.0862,0.50326,0.36134,0.016672,0.013714,10,10,0.96874,0.48437,0.48437,10,2,7,1,1,0,0.89439,1,1,m,y,y,y,y,y,y,y,y,m,y,n,y,,,,needs to be partial to 2019 to match 1.1,0,,,0,1,0,0,0,0,,,,,,,,1566,,,,,,,,0,1,0,0,0,0,delete,
tel_eun_3.2Adc_d098_m036,teleworking/commuting,EU,3.2,Adopter characteristics,Female employees teleworking as a % of total female employment,% female teleworkers of total female employment,tel,0.29718,0.0018227,0.0088909,2017.6,14.787,0.14207,1555.1,1.5751e+05,-17.867,0.57525,0.36288,0.022376,0.018904,-5.3886,-7.2139,0.086781,0.0797,0.55323,0.42558,0.022949,0.018953,10,10,1.0136,0.35897,0.65459,10,2,7,1,1,1,0.8753,1,1,m,y,y,y,y,y,y,y,y,m,y,m,y,,,,needs to be partial to 2019 to match 1.1,0,,,0,1,0,0,0,1,,,,,,,,1567,,,,,,,,0,1,0,0,0,1,,
tel_eun_3.2Adc_d117_m039,teleworking/commuting,EU,3.2,Adopter characteristics,Male employees teleworking as a % of total male employment,% male teleworkers of total male employment,tel,0.28995,0.10526,0.007703,2017.5,15.156,0.12508,2.222,2051.7,-15.478,0.60118,0.40176,0.018349,0.015483,0.56187,0.43669,0.019232,0.014897,0.57986,0.45983,0.018833,0.015522,10,10,0.99136,0.35977,0.63159,10,2,7,1,1,1,0.87989,1,1,m,y,y,y,y,y,y,y,y,m,y,m,y,,,,needs to be partial to 2019 to match 1.1,0,,,0,1,0,0,0,0,,,,,,,,1568,,,,,,,,0,1,0,0,0,0,delete,
tel_eun_3.5Mar_d074_m128,teleworking/commuting,EU,3.5,Market Formation,CumulativeStartups,cum. # companies,tel,0.18458,0.13413,1.4141,2024,23.808,168.54,1.386,1993,-2815.7,0.98374,0.98255,2.8873,1.8397,0.97927,0.97828,3.26,1.8356,0.65789,0.6416,13.243,10.557,45,32,0.45685,0.0059331,0.45092,32,1,31,0,0,0,0.9019,0,1,y,y,y,y,y,y,y,y,y,y,y,y,y,,,,,0,prefer,original,1,1,0,0,0,1,,,,,,,,1569,,,,,,,,1,1,0,0,0,1,,
tel_eun_3.5Mar_d126_m008,teleworking/commuting,EU,3.5,Market Formation,NewStartups,# companies,tel,0.39566,0.014427,0.14242,2012.9,11.107,6.1287,1552.4,1.5773e+05,-283.42,0.38808,0.3433,2.7129,1.4743,-0.24343,-0.30264,3.8672,1.7111,0.28446,0.25038,2.9337,1.8165,45,19,2.6107,0.16317,2.4475,31,3,30,0,0,1,0.62556,0,1,m,y,y,m,m,m,m,y,m,m,m,m,m,,,,,0,hide,original,1,1,0,0,0,0,,,,,,,,1570,,,,,,,,1,1,0,0,0,0,delete,
tel_eun_3.5Mar_d171_m011,teleworking/commuting,EU,3.5,Market Formation,PrivateEquityDeals,# deals,tel,0.68756,0.015088,0.14848,2017.6,6.3914,8.7543,1552.1,1.5776e+05,-295.84,0.6681,0.64381,1.8952,0.79482,-0.18691,-0.24343,3.5839,1.4222,0.34363,0.31238,2.6651,1.7309,45,13,1.9419,0.11423,1.8277,29,2,28,0,0,1,0.70069,0,1,m,y,y,m,m,m,y,y,y,m,m,m,m,,,,,0,hide,original,1,1,0,0,0,0,,,,,,,,1571,,,,,,,,1,1,0,0,0,0,delete,
tel_eun_3.5Mar_d175_m027,teleworking/commuting,EU,3.5,Market Formation,PrivateEquityInvestment,$ million,tel,3.5696,0.044014,0.2135,2020.2,1.2311,17.419,-1.8369,2522.4,-425.52,0.58155,0.55094,4.0889,1.2496,-0.091984,-0.14398,6.6053,1.9171,0.19243,0.15398,5.6803,2.8775,45,11,2.2703,0.011519,2.2588,18,2,10,1,1,1,0.54473,0,1,m,y,y,m,m,m,m,y,m,m,m,m,m,,,,,0,hide,original,1,1,0,0,0,0,,,,,,,,1572,,,,,,,,1,1,0,0,0,0,delete,
tel_eun_3.5Mar_d200_m027,teleworking/commuting,EU,3.5,Market Formation,TotalFundraisingAmount,$ million,tel,17.011,0.023351,0.26889,2019.1,0.25833,18.992,0.34019,2916,-535.91,0.70131,0.67945,3.8255,1.2347,-0.11882,-0.1721,7.4038,2.4128,0.24891,0.21314,6.0663,3.5937,45,11,2.0823,0.010565,2.0718,18,2,10,1,1,1,0.58296,0,1,y,y,y,m,y,m,m,y,m,m,m,m,m,,,,,0,hide,original,0,1,0,0,0,0,,,,,,,,1573,,,,,,,,0,1,0,0,0,0,delete,
tel_eun_3.5Mar_d204_m011,teleworking/commuting,EU,3.5,Market Formation,TotalFundraisingDeals,# deals,tel,1.0648,0.022109,0.2224,2018.7,4.1269,14.103,1550.6,1.5791e+05,-443.13,0.79045,0.77512,2.1389,0.96208,-0.20414,-0.26148,5.1273,2.1111,0.38212,0.35269,3.6728,2.4998,45,16,1.56,0.070907,1.4891,29,2,28,0,0,1,0.79966,0,1,y,y,y,m,m,m,y,y,y,m,m,m,m,,,,,0,hide,original,1,1,0,0,0,0,,,,,,,,1574,,,,,,,,1,1,0,0,0,0,delete,
tel_eun_3.5Mar_d242_m156,teleworking/commuting,EU,3.5,Market Formation,cumulative CumulativeStartups,cumulative cum. # companies,tel,0.14791,0.14467,10.831,2044.5,29.711,15215,0.0004966,1926.1,-21570,0.99925,0.99919,4.7838,3.9458,0.99923,0.99919,4.8559,3.9682,0.64966,0.63298,103.3,82.093,45,32,0.045349,6.5723e-05,0.045283,32,0,31,0,0,0,0.86977,0,0,y,y,y,y,y,y,y,m,y,m,y,m,y,,,,not needed as transformed-cumulative twice (error),1,delete,transformed-cumx2error,0,0,0,0,0,0,,,,,,,,1575,,,,,,,,0,0,0,0,0,0,delete,
tel_eun_3.5Mar_d243_m157,teleworking/commuting,EU,3.5,Market Formation,Partial up to max CumulativeStartups,Partial up to max cum. # companies,tel,0.15612,0.14639,1.3172,2035.5,28.148,665.61,2.4543,1998.9,-2622.4,0.98674,0.98574,2.4046,1.5624,0.98656,0.9859,2.4207,1.5446,0.64178,0.62431,12.496,9.5941,44,31,0.11568,0.0015024,0.11418,31,0,30,0,0,0,0.88092,0,1,y,y,y,y,y,y,y,m,y,m,y,y,y,,,,not needed as transformed-cumulative preferred,1,delete,transformed-partial,0,0,0,0,0,0,,,,,,,,1576,,,,,,,,0,0,0,0,0,0,delete,
tel_eun_3.5Mar_d244_m158,teleworking/commuting,EU,3.5,Market Formation,cumulative NewStartups,cumulative # companies,tel,0.18458,0.13413,1.4141,2024,23.808,168.54,1.386,1993,-2815.7,0.98374,0.98255,2.8873,1.8397,0.97927,0.97828,3.26,1.8356,0.65789,0.6416,13.243,10.557,45,32,0.45685,0.0059331,0.45092,32,1,31,0,0,0,0.9019,0,1,y,y,y,y,y,y,y,y,y,y,y,y,y,,,,not needed as cumulative in original data,1,delete,transformed-cumulative,0,0,0,0,0,0,,,,,,,,1577,,,,,,,,0,0,0,0,0,0,delete,
tel_eun_3.5Mar_d245_m159,teleworking/commuting,EU,3.5,Market Formation,Partial up to max NewStartups,Partial up to max # companies,tel,0.31362,0.014358,0.14077,2056.4,14.012,1.0874e+06,1552.3,1.5772e+05,-280.14,0.6203,0.58951,1.8151,0.93643,-0.22275,-0.2871,3.2573,1.3902,0.31971,0.28391,2.4296,1.5041,41,16,1.4713e-05,9.1959e-07,1.3794e-05,28,0,27,0,0,1,0.29885,0,1,m,y,y,m,m,m,m,m,y,m,m,m,m,,,,not needed as transformed-cumulative preferred,1,delete,transformed-partial,0,0,0,0,0,0,,,,,,,,1578,,,,,,,,0,0,0,0,0,0,delete,
tel_eun_3.5Mar_d246_m160,teleworking/commuting,EU,3.5,Market Formation,cumulative PrivateEquityDeals,cumulative # deals,tel,0.40615,0.23059,0.82266,2021.7,10.82,93.466,4.4315,2011.9,-1639.3,0.99153,0.99092,1.4762,0.9182,0.98018,0.97923,2.2589,1.1509,0.44343,0.41693,11.97,8.8377,45,29,0.68474,0.010699,0.67404,29,0,28,0,0,0,0.83576,0,1,y,y,y,y,y,y,y,y,y,y,y,y,y,,,,,0,prefer,transformed-cumulative,1,1,0,0,0,0,,,,,,,,1579,,,,,,,,1,1,0,0,0,0,delete,
tel_eun_3.5Mar_d247_m161,teleworking/commuting,EU,3.5,Market Formation,Partial up to max PrivateEquityDeals,Partial up to max # deals,tel,0.35951,0.015233,0.1495,2052.4,12.223,8.8792e+05,1552,1.5776e+05,-297.87,0.89421,0.88607,1.0669,0.51819,-0.15206,-0.20966,3.5207,1.2791,0.31991,0.28591,2.7051,1.7449,43,11,1.9146e-05,1.1262e-06,1.802e-05,27,0,26,0,0,1,0.53471,0,1,y,y,y,m,m,m,m,m,y,m,m,m,m,,,,not needed as transformed-cumulative preferred,1,delete,transformed-partial,0,0,0,0,0,0,,,,,,,,1580,,,,,,,,0,0,0,0,0,0,delete,
tel_eun_3.5Mar_d248_m162,teleworking/commuting,EU,3.5,Market Formation,cumulative PrivateEquityInvestment,cumulative $ million,tel,0.99239,0.31551,0.90908,2021.3,4.4281,95.053,2.5126,2012.4,-1811.9,0.97501,0.97319,3.1734,1.8232,0.95035,0.94798,4.4735,2.0583,0.34584,0.31469,16.238,11.077,45,18,0.90758,0.042341,0.86524,18,0,17,0,0,1,0.77687,0,1,y,y,y,y,y,y,y,y,y,y,y,y,y,,,,,0,prefer,transformed-cumulative,1,1,0,0,0,0,,,,,,,,1581,,,,,,,,1,1,0,0,0,0,delete,
tel_eun_3.5Mar_d249_m163,teleworking/commuting,EU,3.5,Market Formation,Partial up to max PrivateEquityInvestment,Partial up to max $ million,tel,0.95854,0.95851,0.2108,2032.2,4.5845,6.6577e+05,8.3274,2020.4,-420.13,0.98048,0.97898,0.88941,0.28009,0.98048,0.97951,0.8894,0.28009,0.16884,0.12729,5.8041,2.9321,43,9,5.9401e-05,3.0138e-07,5.9099e-05,16,0,8,0,1,1,0.37779,0,1,y,y,y,m,m,m,m,m,m,m,m,m,m,,,,not needed as transformed-cumulative preferred,1,delete,transformed-partial,0,0,0,0,0,0,,,,,,,,1582,,,,,,,,0,0,0,0,0,0,delete,
tel_eun_3.5Mar_d250_m162,teleworking/commuting,EU,3.5,Market Formation,cumulative TotalFundraisingAmount,cumulative $ million,tel,0.85337,0.30496,1.1541,2021.1,5.1495,119.33,2.0196,2010.6,-2300.4,0.98873,0.98791,2.6975,1.5636,0.96041,0.95852,5.057,2.2614,0.34779,0.31674,20.525,14.356,45,18,0.90991,0.033728,0.87618,18,0,17,0,0,1,0.78847,0,0,y,y,y,y,y,y,y,y,y,y,y,y,y,,,,,0,prefer,transformed-cumulative,1,1,0,0,0,0,,,,,,,,1583,,,,,,,,1,1,0,0,0,0,delete,
tel_eun_3.5Mar_d251_m163,teleworking/commuting,EU,3.5,Market Formation,Partial up to max TotalFundraisingAmount,Partial up to max $ million,tel,0.58671,0.031914,0.26067,2039.1,7.4899,8.8281e+05,-1.2755,6826.6,-519.52,0.9321,0.92688,1.8209,0.63802,-0.089356,-0.14382,7.2934,2.0888,0.2143,0.17501,6.194,3.644,43,9,4.4797e-05,2.2729e-07,4.457e-05,16,0,8,0,1,1,0.4519,0,1,y,y,y,m,m,m,m,m,m,m,m,m,m,,,,not needed as transformed-cumulative preferred,1,delete,transformed-partial,0,0,0,0,0,0,,,,,,,,1584,,,,,,,,0,0,0,0,0,0,delete,
tel_eun_3.5Mar_d252_m160,teleworking/commuting,EU,3.5,Market Formation,cumulative TotalFundraisingDeals,cumulative # deals,tel,0.36661,0.23708,1.1783,2022.9,11.987,165.24,1.8293,2007,-2347.8,0.99087,0.99021,2.1875,1.4163,0.98528,0.98457,2.7784,1.4493,0.44664,0.42029,17.032,12.553,45,29,0.57491,0.0060517,0.56886,29,0,28,0,0,0,0.82449,0,1,y,y,y,y,y,y,y,y,y,y,y,y,y,,,,,0,prefer,transformed-cumulative,1,1,0,0,0,0,,,,,,,,1585,,,,,,,,1,1,0,0,0,0,delete,
tel_eun_3.5Mar_d253_m161,teleworking/commuting,EU,3.5,Market Formation,Partial up to max TotalFundraisingDeals,Partial up to max # deals,tel,0.35641,0.020521,0.20507,2047,12.33,1.6017e+05,1550.9,1.5787e+05,-408.59,0.91858,0.91232,1.2729,0.60189,-0.15698,-0.21483,4.7983,1.7674,0.32546,0.29174,3.6637,2.3565,43,14,0.00013736,6.2435e-06,0.00013111,27,0,26,0,0,1,0.60404,0,1,y,y,y,m,m,m,m,m,y,m,m,m,m,,,,not needed as transformed-cumulative preferred,1,delete,transformed-partial,0,0,0,0,0,0,,,,,,,,1586,,,,,,,,0,0,0,0,0,0,delete,
tel_fra_1.1Ado_d091_m117,teleworking/commuting,France,1.1,Adoption over time,Employed persons teleworking as a percentage of the total employment (%),Percentage of total employment,tel,0.25401,0.0018494,0.0091939,2017.1,17.3,0.16768,1555.1,1.5751e+05,-18.461,0.48986,0.23479,0.027406,0.022958,-6.3776,-8.4854,0.10422,0.0969,0.47366,0.32327,0.027838,0.022835,10,10,1.0138,0.3936,0.62022,10,2,5,1,1,1,0.87836,1,1,m,y,y,y,y,y,y,y,y,m,y,m,y,,,,,0,original,duplicated in market share,1,1,0,0,0,0,,,,,,,,1587,,,,,,,,1,1,0,0,0,0,delete,
tel_fra_1.1Ado_d324_m183,teleworking/commuting,France,1.1,Adoption over time,Partial up to 2019 Employed persons teleworking as a percentage of the total employment (%),Partial up to 2019 Percentage of total employment,tel,-0.001822,0.00098293,-0.00011429,652.55,-2411.9,0.88848,1555.3,1.5748e+05,0.29879,0.017231,-1.4569,0.0014778,0.0013525,-2101.2,-3502.7,0.06835,0.068333,0.017143,-0.6381,0.0014779,0.0013524,6,6,0.078786,0.074284,0.0045021,6,4,1,1,1,0,0.82965,1,1,n,y,y,y,y,y,y,m,m,n,m,n,m,,,,,0,prefer-relative,transformed-partial,1,1,0,1,0,0,,,,,,,,1588,,,,,,,,1,1,0,1,0,0,,
tel_fra_1.1Ado_d331_m185,teleworking/commuting,France,1.1,Adoption over time,teleworkers as a share of all employed persons,market share,tel,0.25401,0.0018494,0.0091939,2017.1,17.3,0.16768,1555.1,1.5751e+05,-18.461,0.48986,0.23479,0.027406,0.022958,-6.3776,-8.4854,0.10422,0.0969,0.47366,0.32327,0.027838,0.022835,10,10,1.0138,0.3936,0.62022,10,2,5,1,1,1,0.87836,1,1,m,y,y,y,y,y,y,y,y,m,y,m,y,,,,*prefer partial fit to 2019 (exc. 2020-21 anomaly),0,,transformed-marketshare,1,1,0,0,0,0,,,,,,,,1589,,,,,,,,1,1,0,0,0,0,delete,
tel_fra_3.2Adc_d098_m036,teleworking/commuting,France,3.2,Adopter characteristics,Female employees teleworking as a % of total female employment,% female teleworkers of total female employment,tel,0.20504,0.0018457,0.0091697,2017,21.432,0.1986,1555.1,1.5751e+05,-18.396,0.46215,0.19323,0.028756,0.024175,-8.3198,-10.983,0.1197,0.1131,0.45118,0.29438,0.029048,0.024056,10,10,0.94159,0.40282,0.53877,10,2,6,1,1,1,0.88185,1,1,m,y,y,y,y,y,y,y,y,m,y,m,y,,,,needs to be partial to 2019 to match 1.1,0,,,0,1,0,0,0,1,,,,,,,,1590,,,,,,,,0,1,0,0,0,1,,
tel_fra_3.2Adc_d117_m039,teleworking/commuting,France,3.2,Adopter characteristics,Male employees teleworking as a % of total male employment,% male teleworkers of total male employment,tel,0.32972,0.0018513,0.0092,2017.3,13.328,0.13896,1555.1,1.5751e+05,-18.489,0.52198,0.28297,0.02594,0.021575,-4.7303,-6.3675,0.089812,0.0816,0.49606,0.35208,0.026634,0.02148,10,10,1.1011,0.36702,0.73405,10,2,9,1,0,1,0.87353,1,1,m,y,y,y,y,y,y,y,y,m,y,m,y,,,,needs to be partial to 2019 to match 1.1,0,,,0,1,0,0,0,0,,,,,,,,1591,,,,,,,,0,1,0,0,0,0,delete,
tel_fra_3.5Mar_d074_m128,teleworking/commuting,France,3.5,Market Formation,CumulativeStartups,cum. # companies,tel,0.2773,0.027854,0.28432,2013.9,15.847,13.003,1549.6,1.5801e+05,-566.06,0.98514,0.98405,0.51906,0.3159,-0.54919,-0.62296,5.2999,3.1556,0.752,0.74019,2.1205,1.8287,45,26,0.92289,0.076908,0.84599,26,3,25,1,0,1,0.93275,0,1,y,y,y,y,y,y,y,y,y,y,y,y,y,,,,,0,prefer,original,1,1,0,0,0,1,,,,,,,,1592,,,,,,,,1,1,0,0,0,1,,
tel_fra_3.5Mar_d126_m008,teleworking/commuting,France,3.5,Market Formation,NewStartups,# companies,tel,36.74,0.047147,0.017655,2009.2,0.11961,0.73333,0.043809,1965.8,-35.078,0.21345,0.1559,0.63128,0.28297,0.081743,0.038016,0.68209,0.397,0.10376,0.061083,0.67387,0.3838,45,8,5.4545,1.3636,4.0909,23,11,22,1,0,1,0.076923,0,1,n,y,y,m,m,m,m,y,m,n,m,n,m,,,,,0,hide,original,0,1,0,0,0,0,,,,,,,,1593,,,,,,,,0,1,0,0,0,0,delete,
tel_fra_3.5Mar_d171_m011,teleworking/commuting,France,3.5,Market Formation,PrivateEquityDeals,# deals,tel,0.44613,0.1104,0.021344,2015.4,9.8502,1.0294,0.85232,2021.2,-42.508,0.43867,0.39759,0.3833,0.1896,0.39116,0.36217,0.39919,0.24471,0.29358,0.25994,0.42999,0.31806,45,8,1.9429,0.97146,0.97146,17,2,16,1,0,1,0.5,0,1,m,y,y,m,m,m,m,y,m,m,m,m,m,,,,,0,hide,original,0,1,0,0,0,0,,,,,,,,1594,,,,,,,,0,1,0,0,0,0,delete,
tel_fra_3.5Mar_d175_m027,teleworking/commuting,France,3.5,Market Formation,PrivateEquityInvestment,$ million,tel,33.821,0.05765,0.013487,2006.3,0.12993,0.48668,20.836,2086.5,-26.807,0.13029,0.066648,0.61601,0.26177,0.062921,0.018298,0.63942,0.29629,0.07032,0.026049,0.63689,0.3018,45,8,8.2694,0.022602,8.2468,17,16,1,0,0,1,0.036702,0,1,n,y,y,m,m,m,m,y,m,n,m,n,m,,,,,0,hide,original,0,1,0,0,0,0,,,,,,,,1595,,,,,,,,0,1,0,0,0,0,delete,
tel_fra_3.5Mar_d200_m027,teleworking/commuting,France,3.5,Market Formation,TotalFundraisingAmount,$ million,tel,29.937,0.064391,0.015433,2006.3,0.14679,0.53003,16.995,2074.1,-30.686,0.1397,0.076746,0.64438,0.28439,0.0792,0.035353,0.66665,0.31721,0.083238,0.039583,0.66519,0.33062,45,9,7.5931,0.020753,7.5723,17,16,1,0,0,1,0.038591,0,1,n,y,y,m,m,m,m,y,m,n,m,n,m,,,,,0,hide,original,0,1,0,0,0,0,,,,,,,,1596,,,,,,,,0,1,0,0,0,0,delete,
tel_fra_3.5Mar_d204_m011,teleworking/commuting,France,3.5,Market Formation,TotalFundraisingDeals,# deals,tel,2.5194,0.16426,0.044796,2019.3,1.7443,2.9202,6.4211,2028.3,-89.259,0.75742,0.73967,0.48133,0.19383,0.63477,0.61738,0.59061,0.28514,0.35438,0.32364,0.78524,0.51698,45,10,1.7122,0.34245,1.3698,18,3,17,1,0,1,0.7451,0,1,y,y,y,m,m,m,y,y,y,m,m,m,m,,,,,0,hide,original,1,1,0,0,0,0,,,,,,,,1597,,,,,,,,1,1,0,0,0,0,delete,
tel_fra_3.5Mar_d242_m156,teleworking/commuting,France,3.5,Market Formation,cumulative CumulativeStartups,cumulative cum. # companies,tel,0.22079,0.14086,2.4275,2021,19.903,213.99,0.3556,1980.9,-4835.3,0.99957,0.99954,0.81682,0.60041,0.98991,0.98943,3.944,3.1454,0.645,0.6281,23.389,19.464,45,26,0.66357,0.004673,0.6589,26,0,25,0,0,0,0.88912,0,0,y,y,y,y,y,y,y,y,y,y,y,y,y,,,,not needed as transformed-cumulative twice (error),1,delete,transformed-cumx2error,0,0,0,0,0,0,,,,,,,,1598,,,,,,,,0,0,0,0,0,0,delete,
tel_fra_3.5Mar_d243_m157,teleworking/commuting,France,3.5,Market Formation,Partial up to max CumulativeStartups,Partial up to max cum. # companies,tel,0.2697,0.024966,0.25298,2014.1,16.294,13.309,1550.2,1.5794e+05,-503.56,0.97879,0.97712,0.5339,0.32738,-0.47393,-0.54952,4.4508,2.5238,0.69958,0.68418,2.0094,1.6744,42,23,0.90163,0.075136,0.82649,23,0,22,0,0,1,0.89784,0,1,y,y,y,y,y,y,y,y,y,y,y,y,y,,,,not needed as transformed-cumulative preferred,1,delete,transformed-partial,0,0,0,0,0,0,,,,,,,,1599,,,,,,,,0,0,0,0,0,0,delete,
tel_fra_3.5Mar_d244_m158,teleworking/commuting,France,3.5,Market Formation,cumulative NewStartups,cumulative # companies,tel,0.2773,0.027854,0.28432,2013.9,15.847,13.003,1549.6,1.5801e+05,-566.06,0.98514,0.98405,0.51906,0.3159,-0.54919,-0.62296,5.2999,3.1556,0.752,0.74019,2.1205,1.8287,45,26,0.92289,0.076908,0.84599,26,3,25,1,0,1,0.93275,0,1,y,y,y,y,y,y,y,y,y,y,y,y,y,,,,not needed as cumulative in original data,1,delete,transformed-cumulative,0,0,0,0,0,0,,,,,,,,1600,,,,,,,,0,0,0,0,0,0,delete,
tel_fra_3.5Mar_d245_m159,teleworking/commuting,France,3.5,Market Formation,Partial up to max NewStartups,Partial up to max # companies,tel,10.521,9.5822,0.025806,2010,0.4177,8.1907,2.835,2010,-51.323,0.93825,0.93139,0.17961,0.032265,0.93825,0.93384,0.17961,0.032267,0.10199,0.037849,0.6849,0.34131,31,2,0.48836,0.12209,0.36627,12,0,11,0,0,1,0,0,1,y,m,m,m,m,m,m,y,m,m,m,m,m,,,,not needed as transformed-cumulative preferred,1,delete,transformed-partial,0,0,0,0,0,0,,,,,,,,1601,,,,,,,,0,0,0,0,0,0,delete,
tel_fra_3.5Mar_d246_m160,teleworking/commuting,France,3.5,Market Formation,cumulative PrivateEquityDeals,cumulative # deals,tel,0.23783,0.17188,0.15679,2023.7,18.477,20.592,2.8685,2016.1,-312.37,0.98721,0.98628,0.30772,0.18699,0.98238,0.98154,0.3612,0.23523,0.55987,0.53891,1.8054,1.4086,45,18,0.48561,0.048561,0.43705,18,1,17,0,0,0,0.86927,0,1,y,y,y,y,y,y,y,y,y,y,y,y,y,,,,,0,prefer,transformed-cumulative,1,1,0,0,0,0,,,,,,,,1602,,,,,,,,1,1,0,0,0,0,delete,
tel_fra_3.5Mar_d247_m161,teleworking/commuting,France,3.5,Market Formation,Partial up to max PrivateEquityDeals,Partial up to max # deals,tel,0.20933,0.20931,0.01807,2069.9,20.993,35289,4.2647,2026.8,-35.982,0.45741,0.41458,0.31812,0.16185,0.45741,0.42959,0.31811,0.16185,0.25721,0.21912,0.37221,0.26706,42,6,5.6676e-05,2.8338e-05,2.8338e-05,15,0,14,0,0,1,0.11111,0,1,m,y,y,m,m,m,m,m,m,m,m,m,m,,,,not needed as transformed-cumulative preferred,1,delete,transformed-partial,0,0,0,0,0,0,,,,,,,,1603,,,,,,,,0,0,0,0,0,0,delete,
tel_fra_3.5Mar_d248_m162,teleworking/commuting,France,3.5,Market Formation,cumulative PrivateEquityInvestment,cumulative $ million,tel,0.20074,0.019465,0.19565,2014,21.891,9.2835,1551.3,1.5783e+05,-389.49,0.93585,0.93115,0.73591,0.50374,-0.57469,-0.64967,3.646,2.2026,0.7648,0.7536,1.4091,1.1516,45,18,0.94364,0.43352,0.51012,18,1,17,0,0,0,0.91802,0,1,y,y,y,y,y,y,y,y,y,y,y,y,y,,,,,0,prefer,transformed-cumulative,1,1,0,0,0,0,,,,,,,,1604,,,,,,,,1,1,0,0,0,0,delete,
tel_fra_3.5Mar_d249_m163,teleworking/commuting,France,3.5,Market Formation,Partial up to max PrivateEquityInvestment,Partial up to max $ million,tel,17.678,0.0038582,0.029738,2007,0.24858,6.285,1554.4,1.575e+05,-59.14,1,1,4.4452e-08,8.6824e-09,-0.037037,-0.12,0.76057,0.14374,0.10345,0.031724,0.70718,0.33774,28,1,0.64034,0.64034,0,1,0,0,0,0,,,0,1,y,n,m,m,m,m,m,m,m,n,n,n,n,,,,not needed as transformed-cumulative preferred,1,delete,transformed-partial,0,0,0,0,0,0,,,,,,,,1605,,,,,,,,0,0,0,0,0,0,delete,
tel_fra_3.5Mar_d250_m162,teleworking/commuting,France,3.5,Market Formation,cumulative TotalFundraisingAmount,cumulative $ million,tel,0.17556,0.020281,0.20421,2016.7,25.031,11.742,1551.1,1.5785e+05,-406.56,0.9365,0.93185,0.76998,0.5403,-0.55348,-0.62746,3.8083,2.2732,0.75339,0.74165,1.5174,1.2229,45,18,0.81251,0.34275,0.46976,18,1,17,0,0,0,0.91208,0,1,y,y,y,y,y,y,y,y,y,y,y,y,y,,,,,0,prefer,transformed-cumulative,1,1,0,0,0,0,,,,,,,,1606,,,,,,,,1,1,0,0,0,0,delete,
tel_fra_3.5Mar_d251_m163,teleworking/commuting,France,3.5,Market Formation,Partial up to max TotalFundraisingAmount,Partial up to max $ million,tel,17.678,0.0038582,0.029738,2007,0.24858,6.285,1554.4,1.575e+05,-59.14,1,1,4.4452e-08,8.6824e-09,-0.037037,-0.12,0.76057,0.14374,0.10345,0.031724,0.70718,0.33774,28,1,0.64034,0.64034,0,1,0,0,0,0,,,0,1,y,n,m,m,m,m,m,m,m,n,n,n,n,,,,not needed as transformed-cumulative preferred,1,delete,transformed-partial,0,0,0,0,0,0,,,,,,,,1607,,,,,,,,0,0,0,0,0,0,delete,
tel_fra_3.5Mar_d252_m160,teleworking/commuting,France,3.5,Market Formation,cumulative TotalFundraisingDeals,cumulative # deals,tel,0.34954,0.23554,0.23531,2023.3,12.572,35.034,5.6129,2018.5,-468.93,0.98704,0.98609,0.52037,0.29414,0.9823,0.98146,0.60795,0.31942,0.44713,0.4208,3.3982,2.5162,45,18,0.54234,0.028544,0.51379,18,0,17,0,0,0,0.82071,0,1,y,y,y,y,y,y,y,y,y,y,y,y,y,,,,,0,prefer,transformed-cumulative,1,1,0,0,0,0,,,,,,,,1608,,,,,,,,1,1,0,0,0,0,delete,
tel_fra_3.5Mar_d253_m161,teleworking/commuting,France,3.5,Market Formation,Partial up to max TotalFundraisingDeals,Partial up to max # deals,tel,0.78236,0.78229,0.034357,2034.9,5.6169,2.6502e+05,0.0045401,2012.1,-68.446,0.87961,0.87011,0.29603,0.10868,0.87961,0.87344,0.29602,0.10869,0.23825,0.19919,0.74463,0.42693,42,7,1.8867e-05,3.7733e-06,1.5093e-05,15,0,14,0,0,1,0.38235,0,1,y,y,y,m,m,m,m,m,m,m,m,m,m,,,,not needed as transformed-cumulative preferred,1,delete,transformed-partial,0,0,0,0,0,0,,,,,,,,1609,,,,,,,,0,0,0,0,0,0,delete,
tel_ger_1.1Ado_d091_m117,teleworking/commuting,Germany,1.1,Adoption over time,Employed persons teleworking as a percentage of the total employment (%),Percentage of total employment,tel,0.58098,0.17996,0.015855,2018.7,7.5639,0.16673,0.32452,2026.7,-31.92,0.80971,0.71457,0.022894,0.018781,0.72517,0.64664,0.027513,0.021466,0.75291,0.68231,0.026088,0.022185,10,10,1.0316,0.19192,0.83966,10,2,9,1,0,1,0.85801,1,1,y,y,y,y,y,y,y,y,y,y,y,y,y,,,,,0,original,duplicated in market share,1,1,0,0,0,0,,,,,,,,1610,,,,,,,,1,1,0,0,0,0,delete,
tel_ger_1.1Ado_d324_m183,teleworking/commuting,Germany,1.1,Adoption over time,Partial up to 2019 Employed persons teleworking as a percentage of the total employment (%),Partial up to 2019 Percentage of total employment,tel,0.1766,0.11655,0.0047714,2020.6,24.883,0.12485,2.5054,2051.9,-9.5804,0.84241,0.60602,0.0035389,0.0029422,0.84043,0.73405,0.0035611,0.002994,0.83554,0.7259,0.0036152,0.0029619,6,6,0.4165,0.25631,0.16019,6,0,5,0,0,0,0.8124,1,1,y,y,y,y,y,y,y,m,y,m,y,m,y,,,,,0,prefer-relative,transformed-partial,1,1,0,1,0,0,,,,,,,,1611,,,,,,,,1,1,0,1,0,0,,
tel_ger_1.1Ado_d331_m185,teleworking/commuting,Germany,1.1,Adoption over time,teleworkers as a share of all employed persons,market share,tel,0.58098,0.17996,0.015855,2018.7,7.5639,0.16673,0.32452,2026.7,-31.92,0.80971,0.71457,0.022894,0.018781,0.72517,0.64664,0.027513,0.021466,0.75291,0.68231,0.026088,0.022185,10,10,1.0316,0.19192,0.83966,10,2,9,1,0,1,0.85801,1,1,y,y,y,y,y,y,y,y,y,y,y,y,y,,,,*prefer partial fit to 2019 (exc. 2020-21 anomaly),0,,transformed-marketshare,1,1,0,0,0,0,,,,,,,,1612,,,,,,,,1,1,0,0,0,0,delete,
tel_ger_3.2Adc_d098_m036,teleworking/commuting,Germany,3.2,Adopter characteristics,Female employees teleworking as a % of total female employment,% female teleworkers of total female employment,tel,0.51604,0.17844,0.015539,2018.8,8.5157,0.1724,0.18546,2023.6,-31.283,0.81759,0.72638,0.021771,0.017459,0.74844,0.67656,0.025566,0.019787,0.7667,0.70004,0.024621,0.020954,10,10,0.98025,0.19721,0.78304,10,2,9,1,0,1,0.85704,1,1,y,y,y,y,y,y,y,y,y,y,y,y,y,,,,needs to be partial to 2019 to match 1.1,0,,,1,1,0,0,0,1,,,,,,,,1613,,,,,,,,1,1,0,0,0,1,,
tel_ger_3.2Adc_d117_m039,teleworking/commuting,Germany,3.2,Adopter characteristics,Male employees teleworking as a % of total male employment,% male teleworkers of total male employment,tel,0.64649,0.18224,0.016127,2018.7,6.7974,0.16339,0.32797,2026.7,-32.471,0.80481,0.70722,0.023773,0.01999,0.70814,0.62475,0.02907,0.022918,0.74108,0.6671,0.02738,0.023313,10,10,1.0649,0.18361,0.88132,10,2,7,1,1,1,0.85766,1,1,y,y,y,y,y,y,y,y,y,y,y,y,y,,,,needs to be partial to 2019 to match 1.1,0,,,1,1,0,0,0,0,,,,,,,,1614,,,,,,,,1,1,0,0,0,0,delete,
tel_ger_3.5Mar_d074_m128,teleworking/commuting,Germany,3.5,Market Formation,CumulativeStartups,cum. # companies,tel,1.0159,0.24378,0.093017,2019.8,4.3257,7.3605,6.7744,2023,-185.42,0.99194,0.99135,0.1782,0.066298,0.92302,0.91936,0.55056,0.28771,0.3706,0.34063,1.5743,1.1859,45,9,0.95102,0.13586,0.81516,9,2,8,1,0,0,0.85437,0,1,y,y,y,y,y,y,y,y,y,y,y,y,y,,,,,0,prefer,original,1,1,0,0,0,1,,,,,,,,1615,,,,,,,,1,1,0,0,0,1,,
tel_ger_3.5Mar_d126_m008,teleworking/commuting,Germany,3.5,Market Formation,NewStartups,# companies,tel,19.946,0.002562,0.016469,2018.5,0.22032,1,1554.7,1.5749e+05,-32.815,0.49552,0.4586,0.33333,0.11111,-0.10987,-0.16272,0.49441,0.15556,0.20771,0.16998,0.41773,0.2745,45,5,2,1,1,7,2,6,1,0,1,0.72727,0,1,m,n,y,y,y,y,y,y,m,n,n,n,n,,,,,0,hide,original,0,1,0,0,0,0,,,,,,,,1616,,,,,,,,0,1,0,0,0,0,delete,
tel_ger_3.5Mar_d171_m011,teleworking/commuting,Germany,3.5,Market Formation,PrivateEquityDeals,# deals,tel,44.316,0.0027435,0.018314,2021.2,0.099162,2,1554.7,1.5749e+05,-36.508,0.4211,0.37874,0.57735,0.15556,-0.042024,-0.091644,0.7746,0.15556,0.098243,0.055302,0.72058,0.32218,45,3,2.5,0.5,2,4,1,3,1,0,1,0.18519,0,1,m,n,m,m,m,m,m,y,m,n,n,n,n,,,,,0,hide,original,0,1,0,0,0,0,,,,,,,,1617,,,,,,,,0,1,0,0,0,0,delete,
tel_ger_3.5Mar_d175_m027,teleworking/commuting,Germany,3.5,Market Formation,PrivateEquityInvestment,$ million,tel,40.859,0.20581,0.09534,2021.2,0.10755,12.042,6.8627,2023.2,-190.07,0.33841,0.29,4.2001,1.0221,0.13918,0.098191,4.791,1.4864,0.057498,0.012617,5.0131,1.8568,45,2,2.9096,0.09038,2.8192,2,1,0,0,0,1,0.031032,0,1,m,n,m,y,m,m,m,y,m,n,n,n,n,,,,,0,hide,original,0,1,0,0,0,0,,,,,,,,1618,,,,,,,,0,1,0,0,0,0,delete,
tel_ger_3.5Mar_d200_m027,teleworking/commuting,Germany,3.5,Market Formation,TotalFundraisingAmount,$ million,tel,53.243,0.20397,0.096738,2021.2,0.082536,12.042,6.8941,2023.2,-192.85,0.33778,0.28933,4.201,1.0352,0.14199,0.10113,4.7819,1.4856,0.059225,0.014427,5.0073,1.8603,45,3,2.9096,0.04893,2.8607,4,1,3,1,0,1,0.031024,0,1,m,n,m,m,m,m,m,y,m,n,n,n,n,,,,,0,hide,original,0,1,0,0,0,0,,,,,,,,1619,,,,,,,,0,1,0,0,0,0,delete,
tel_ger_3.5Mar_d204_m011,teleworking/commuting,Germany,3.5,Market Formation,TotalFundraisingDeals,# deals,tel,65.347,0.0032454,0.023584,2019.1,0.067248,1.8,1554.6,1.5751e+05,-47.014,0.49315,0.45606,0.57349,0.15111,-0.061644,-0.1122,0.82999,0.2,0.14457,0.10384,0.74504,0.38255,45,4,2.7778,0.55556,2.2222,5,2,1,1,1,1,0.19355,0,1,m,n,m,y,m,m,m,y,m,n,n,n,n,,,,,0,hide,original,0,1,0,0,0,0,,,,,,,,1620,,,,,,,,0,1,0,0,0,0,delete,
tel_ger_3.5Mar_d242_m156,teleworking/commuting,Germany,3.5,Market Formation,cumulative CumulativeStartups,cumulative cum. # companies,tel,0.63749,0.35062,0.32477,2022.3,6.8934,47.687,1.9009,2015.4,-647.48,0.99969,0.99967,0.13392,0.063924,0.98658,0.98594,0.8864,0.46327,0.30379,0.27064,6.3852,4.3328,45,9,0.75493,0.02097,0.73396,9,0,8,0,0,0,0.7468,0,1,y,y,y,y,y,y,y,y,y,y,y,y,y,,,,not needed as transformed-cumulative twice (error),1,delete,transformed-cumx2error,0,0,0,0,0,0,,,,,,,,1621,,,,,,,,0,0,0,0,0,0,delete,
tel_ger_3.5Mar_d243_m157,teleworking/commuting,Germany,3.5,Market Formation,Partial up to max CumulativeStartups,Partial up to max cum. # companies,tel,0.77687,0.0071498,0.064482,2020.4,5.6566,9.1754,1553.7,1.5759e+05,-128.52,0.98991,0.98914,0.15066,0.057698,-0.11635,-0.17216,1.5848,0.51163,0.2846,0.24883,1.2687,0.83028,43,7,0.76291,0.10899,0.65392,7,0,6,0,0,0,0.72222,0,1,y,y,y,y,y,y,y,y,m,y,m,y,y,,,,not needed as transformed-cumulative preferred,1,delete,transformed-partial,0,0,0,0,0,0,,,,,,,,1622,,,,,,,,0,0,0,0,0,0,delete,
tel_ger_3.5Mar_d244_m158,teleworking/commuting,Germany,3.5,Market Formation,cumulative NewStartups,cumulative # companies,tel,1.0159,0.24378,0.093017,2019.8,4.3257,7.3605,6.7744,2023,-185.42,0.99194,0.99135,0.1782,0.066298,0.92302,0.91936,0.55056,0.28771,0.3706,0.34063,1.5743,1.1859,45,9,0.95102,0.13586,0.81516,9,2,8,1,0,0,0.85437,0,1,y,y,y,y,y,y,y,y,y,y,y,y,y,,,,not needed as cumulative in original data,1,delete,transformed-cumulative,0,0,0,0,0,0,,,,,,,,1623,,,,,,,,0,0,0,0,0,0,delete,
tel_ger_3.5Mar_d245_m159,teleworking/commuting,Germany,3.5,Market Formation,Partial up to max NewStartups,Partial up to max # companies,tel,0.82961,0.0022478,0.013066,2031.6,5.297,30579,1554.8,1.5748e+05,-26.035,0.81277,0.79759,0.16005,0.040472,-0.069565,-0.12586,0.38255,0.097561,0.17469,0.13125,0.33604,0.19992,41,3,6.5405e-05,3.2702e-05,3.2702e-05,5,0,4,0,0,1,0.33333,0,1,y,n,m,m,y,m,m,m,m,n,n,n,n,,,,not needed as transformed-cumulative preferred,1,delete,transformed-partial,0,0,0,0,0,0,,,,,,,,1624,,,,,,,,0,0,0,0,0,0,delete,
tel_ger_3.5Mar_d246_m160,teleworking/commuting,Germany,3.5,Market Formation,cumulative PrivateEquityDeals,cumulative # deals,tel,3.4065,0.41153,0.060343,2021.5,1.29,7.0364,6.3763,2023.4,-120.32,0.99259,0.99205,0.14359,0.025136,0.88938,0.88411,0.55488,0.22881,0.22066,0.18355,1.4728,0.93252,45,5,0.99483,0.14212,0.85271,5,1,4,1,0,1,0.72059,0,1,y,n,y,y,y,y,y,y,m,n,n,n,n,,,,too few,0,prefer,transformed-cumulative,0,1,0,0,0,0,,,,,,,,1625,,,,,,,,0,1,0,0,0,0,delete,
tel_ger_3.5Mar_d247_m161,teleworking/commuting,Germany,3.5,Market Formation,Partial up to max PrivateEquityDeals,Partial up to max # deals,tel,10.7,0.0027897,0.018725,2022,0.41068,8.4162,1554.7,1.5749e+05,-37.33,0.96026,0.9572,0.1525,0.023262,-0.033272,-0.084935,0.77759,0.13953,0.092277,0.046891,0.72882,0.31719,43,2,0.59409,0.11882,0.47527,3,0,2,0,0,1,0,0,1,y,n,m,m,y,m,m,y,m,n,n,n,n,,,,not needed as transformed-cumulative preferred,1,delete,transformed-partial,0,0,0,0,0,0,,,,,,,,1626,,,,,,,,0,0,0,0,0,0,delete,
tel_ger_3.5Mar_d248_m162,teleworking/commuting,Germany,3.5,Market Formation,cumulative PrivateEquityInvestment,cumulative $ million,tel,,0.44048,0.297,,,,1.2918,2016,-592.21,,,,,0.82144,0.81293,3.7702,1.4428,0.1869,0.14818,8.0453,4.9999,45,3,,,,3,1,2,1,0,0,0.66988,0,1,n,n,m,y,y,y,m,m,m,n,n,n,n,,,,too few,0,prefer,transformed-cumulative,0,1,0,0,0,0,,,,,,,,1627,,,,,,,,0,1,0,0,0,0,delete,
tel_ger_3.5Mar_d249_m163,teleworking/commuting,Germany,3.5,Market Formation,Partial up to max PrivateEquityInvestment,Partial up to max $ million,tel,16.09,,0.11112,2022.1,0.27311,118.38,,,-221.53,1,1,7.8105e-07,1.244e-07,,,,,0.068182,0.021591,5.0977,2.0018,43,1,0.296,0.296,0,1,0,0,0,0,,,0,1,y,n,m,m,m,m,m,m,m,n,n,n,n,,,,not needed as transformed-cumulative preferred,1,delete,transformed-partial,0,0,0,0,0,0,,,,,,,,1628,,,,,,,,0,0,0,0,0,0,delete,
tel_ger_3.5Mar_d250_m162,teleworking/commuting,Germany,3.5,Market Formation,cumulative TotalFundraisingAmount,cumulative $ million,tel,7.6029,0.43535,0.30477,2021.5,0.578,36.717,1.485,2016.2,-607.69,0.99991,0.9999,0.087793,0.013117,0.8271,0.81887,3.7685,1.4514,0.19073,0.15219,8.153,5.0822,45,5,0.99999,0.016048,0.98394,5,1,4,1,0,1,0.67509,0,1,y,n,y,y,y,y,m,y,m,n,n,n,n,,,,too few,0,prefer,transformed-cumulative,0,1,0,0,0,0,,,,,,,,1629,,,,,,,,0,1,0,0,0,0,delete,
tel_ger_3.5Mar_d251_m163,teleworking/commuting,Germany,3.5,Market Formation,Partial up to max TotalFundraisingAmount,Partial up to max $ million,tel,12.54,9.2889,0.11281,2021.9,0.35045,52.156,0.35337,2021.5,-224.9,0.99971,0.99969,0.089857,0.013712,0.99971,0.9997,0.089858,0.013779,0.070309,0.023824,5.0905,2.0066,43,2,0.67181,0.011297,0.66051,3,0,2,0,0,1,0,0,1,y,n,m,m,y,m,m,y,m,n,n,n,n,,,,not needed as transformed-cumulative preferred,1,delete,transformed-partial,0,0,0,0,0,0,,,,,,,,1630,,,,,,,,0,0,0,0,0,0,delete,
tel_ger_3.5Mar_d252_m160,teleworking/commuting,Germany,3.5,Market Formation,cumulative TotalFundraisingDeals,cumulative # deals,tel,1.5729,0.40084,0.076416,2021.5,2.7939,9.1008,6.1474,2022.7,-152.36,0.98446,0.98332,0.25247,0.076071,0.92823,0.92482,0.54255,0.22387,0.24012,0.20394,1.7654,1.1197,45,5,0.98893,0.21976,0.76917,5,0,4,0,0,1,0.72277,0,1,y,n,y,y,y,y,y,y,m,n,n,n,n,,,,,0,prefer,transformed-cumulative,1,1,0,0,0,0,,,,,,,,1631,,,,,,,,1,1,0,0,0,0,delete,
tel_ger_3.5Mar_d253_m161,teleworking/commuting,Germany,3.5,Market Formation,Partial up to max TotalFundraisingDeals,Partial up to max # deals,tel,8.6308,0.0030631,0.021595,2022.2,0.50916,44.881,1554.6,1.575e+05,-43.048,0.85643,0.84538,0.305,0.04654,-0.040902,-0.092947,0.82123,0.16279,0.11084,0.066381,0.75901,0.36815,43,2,0.11141,0.044562,0.066843,3,0,2,0,0,1,0,0,1,y,n,m,m,y,m,m,m,m,n,n,n,n,,,,not needed as transformed-cumulative preferred,1,delete,transformed-partial,0,0,0,0,0,0,,,,,,,,1632,,,,,,,,0,0,0,0,0,0,delete,
tel_glo_3.3Sci_d235_m020,teleworking/commuting,Global,3.3,Risk & Uncertainty (Shared Expectations),scientific publications,# publications,tel,2.8654,0.23028,14.478,2020.1,1.5336,1619.4,8.9266e-05,1950.9,-28749,0.95627,0.95369,86.804,50.725,0.8138,0.80664,179.11,80.123,0.30659,0.27992,345.64,228.5,55,48,1.1578,0.00061751,1.1572,49,2,47,0,0,1,0.86709,0,0,y,y,y,y,y,y,y,y,y,y,y,y,y,,,,"good; only available global, apply to all EA regions",0,,,1,1,0,0,1,1,,,,,,,,1633,,,,,,,,1,1,0,0,1,1,,
tel_glo_3.5Mar_d074_m128,teleworking/commuting,Global,3.5,Market Formation,CumulativeStartups,cum. # companies,tel,0.13322,0.10726,7.358,2027.9,32.986,1077.4,0.013714,1927.8,-14641,0.98908,0.98828,11.548,7.9457,0.98663,0.986,12.773,8.2289,0.74806,0.73606,55.457,46.128,45,42,0.34155,0.0018563,0.3397,42,1,41,0,0,0,0.92053,0,0,y,y,y,y,y,y,y,y,y,y,y,y,y,,,,,0,prefer,original,1,1,0,0,0,1,,,,,,,,1634,,,,,,,,1,1,0,0,0,1,,
tel_glo_3.5Mar_d126_m008,teleworking/commuting,Global,3.5,Market Formation,NewStartups,# companies,tel,0.48284,0.067492,0.58643,2011.5,9.1012,24.137,3.7929,1995,-1165.9,0.58398,0.55354,7.29,4.1719,0.47002,0.44478,8.2282,5.0438,0.45406,0.42806,8.3512,5.5033,45,37,2.1544,0.041431,2.113,41,3,37,0,0,1,0.85727,0,1,m,y,y,m,y,m,y,y,y,m,m,n,m,,,,,0,hide,original,1,1,0,0,0,0,,,,,,,,1635,,,,,,,,1,1,0,0,0,0,delete,
tel_glo_3.5Mar_d171_m011,teleworking/commuting,Global,3.5,Market Formation,PrivateEquityDeals,# deals,tel,0.64263,0.13556,0.95336,2017.1,6.8382,52.828,7.6781,2009,-1899.4,0.82656,0.81387,7.6512,3.1891,0.71231,0.69861,9.8542,4.7552,0.45418,0.42819,13.573,9.7515,45,26,1.5333,0.01893,1.5144,29,2,28,0,0,1,0.90925,0,1,y,y,y,m,y,m,y,y,y,m,m,m,m,,,,,0,hide,original,1,1,0,0,0,0,,,,,,,,1636,,,,,,,,1,1,0,0,0,0,delete,
tel_glo_3.5Mar_d175_m027,teleworking/commuting,Global,3.5,Market Formation,PrivateEquityInvestment,$ million,tel,0.14104,0.096777,3.5158,2022.6,31.158,319.17,0.2553,1956,-6996.6,0.41415,0.37128,60.235,31.551,0.40902,0.38087,60.499,33.638,0.33664,0.30505,64.097,44.782,45,25,0.97763,0.0050707,0.97256,27,2,16,0,1,1,0.54551,0,0,m,y,y,m,m,m,m,y,y,m,m,m,m,,,,,0,hide,original,1,1,0,0,0,0,,,,,,,,1637,,,,,,,,1,1,0,0,0,0,delete,
tel_glo_3.5Mar_d200_m027,teleworking/commuting,Global,3.5,Market Formation,TotalFundraisingAmount,$ million,tel,0.72049,0.084563,12.936,2014.6,6.0992,575.09,0.077854,1917.8,-25746,0.38077,0.33546,254.83,127.03,0.30376,0.27061,270.22,145.4,0.26913,0.23432,276.86,163.02,45,29,2.8715,0.0026083,2.8689,33,5,32,1,0,1,0.60335,0,0,m,y,y,m,m,m,m,y,m,m,m,m,m,,,,,0,hide,original,1,1,0,0,0,0,,,,,,,,1638,,,,,,,,1,1,0,0,0,0,delete,
tel_glo_3.5Mar_d204_m011,teleworking/commuting,Global,3.5,Market Formation,TotalFundraisingDeals,# deals,tel,0.60099,0.13419,1.28,2017.1,7.312,70.881,4.4861,2002.6,-2549.7,0.85801,0.84762,8.9511,4.0625,0.75841,0.74691,11.676,5.543,0.48971,0.46541,16.969,12.513,45,29,1.3967,0.014108,1.3826,33,2,32,0,0,1,0.92248,0,1,y,y,y,y,y,y,y,y,y,y,y,y,y,,,,,0,hide,original,1,1,0,0,0,0,,,,,,,,1639,,,,,,,,1,1,0,0,0,0,delete,
tel_glo_3.5Mar_d242_m156,teleworking/commuting,Global,3.5,Market Formation,cumulative CumulativeStartups,cumulative cum. # companies,tel,0.12189,0.11597,70.331,2041.8,36.054,39257,0.0016245,1896.9,-1.3999e+05,0.99903,0.99896,33.162,30.632,0.9989,0.99884,35.358,31.199,0.73725,0.72474,545.28,446.43,45,42,0.10222,5.0947e-05,0.10217,42,0,41,0,0,0,0.89428,0,0,y,y,y,y,y,y,y,m,y,m,y,m,y,,,,not needed as transformed-cumulative twice (error),1,delete,transformed-cumx2error,0,0,0,0,0,0,,,,,,,,1640,,,,,,,,0,0,0,0,0,0,delete,
tel_glo_3.5Mar_d243_m157,teleworking/commuting,Global,3.5,Market Formation,Partial up to max CumulativeStartups,Partial up to max cum. # companies,tel,0.11786,0.11406,6.9871,2045.5,37.286,5952.9,0.013692,1932.9,-13902,0.99224,0.99166,9.1039,6.3972,0.99218,0.9918,9.1363,6.3449,0.73727,0.72445,52.965,43.1,44,41,0.061818,0.00033597,0.061482,41,0,40,0,0,0,0.90659,0,0,y,y,y,y,y,y,y,m,y,m,y,y,y,,,,not needed as transformed-cumulative preferred,1,delete,transformed-partial,0,0,0,0,0,0,,,,,,,,1641,,,,,,,,0,0,0,0,0,0,delete,
tel_glo_3.5Mar_d244_m158,teleworking/commuting,Global,3.5,Market Formation,cumulative NewStartups,cumulative # companies,tel,0.13322,0.10726,7.358,2027.9,32.986,1077.4,0.013714,1927.8,-14641,0.98908,0.98828,11.548,7.9457,0.98663,0.986,12.773,8.2289,0.74806,0.73606,55.457,46.128,45,42,0.34155,0.0018563,0.3397,42,1,41,0,0,0,0.92053,0,0,y,y,y,y,y,y,y,y,y,y,y,y,y,,,,not needed as cumulative in original data,1,delete,transformed-cumulative,0,0,0,0,0,0,,,,,,,,1642,,,,,,,,0,0,0,0,0,0,delete,
tel_glo_3.5Mar_d245_m159,teleworking/commuting,Global,3.5,Market Formation,Partial up to max NewStartups,Partial up to max # companies,tel,0.16314,0.16314,0.65976,2089.5,26.937,3.5309e+06,7.2374,2009.3,-1312.1,0.89346,0.88482,3.4156,2.4426,0.89346,0.88785,3.4156,2.4426,0.55649,0.53315,6.969,4.6471,41,34,1.4727e-05,2.8321e-07,1.4444e-05,38,0,34,0,0,1,0.70293,0,1,y,y,y,m,y,m,y,m,y,m,m,m,m,,,,not needed as transformed-cumulative preferred,1,delete,transformed-partial,0,0,0,0,0,0,,,,,,,,1643,,,,,,,,0,0,0,0,0,0,delete,
tel_glo_3.5Mar_d246_m160,teleworking/commuting,Global,3.5,Market Formation,cumulative PrivateEquityDeals,cumulative # deals,tel,0.36352,0.21447,5.6266,2021.7,12.088,626.85,0.0020821,1966.6,-11212,0.99578,0.99547,6.9059,4.3002,0.98552,0.98483,12.797,6.4049,0.47215,0.44702,77.264,58.475,45,29,0.66523,0.0015953,0.66364,29,0,28,0,0,0,0.8474,0,0,y,y,y,y,y,y,y,y,y,y,y,y,y,,,,,0,prefer,transformed-cumulative,1,1,0,0,0,0,,,,,,,,1644,,,,,,,,1,1,0,0,0,0,delete,
tel_glo_3.5Mar_d247_m161,teleworking/commuting,Global,3.5,Market Formation,Partial up to max PrivateEquityDeals,Partial up to max # deals,tel,0.28917,0.26779,0.93688,2028.1,15.197,562.2,4.5572,2011.2,-1866.5,0.98977,0.98898,1.805,0.94117,0.98955,0.98903,1.8241,1.0019,0.42443,0.39565,13.539,9.4576,43,24,0.14408,0.0017787,0.1423,27,0,26,0,0,1,0.76762,0,1,y,y,y,m,y,m,y,m,y,m,m,m,m,,,,not needed as transformed-cumulative preferred,1,delete,transformed-partial,0,0,0,0,0,0,,,,,,,,1645,,,,,,,,0,0,0,0,0,0,delete,
tel_glo_3.5Mar_d248_m162,teleworking/commuting,Global,3.5,Market Formation,cumulative PrivateEquityInvestment,cumulative $ million,tel,0.13134,0.11946,34.445,2034.8,33.457,9934.3,0.00055261,1897.6,-68584,0.97835,0.97677,77.521,59.815,0.9778,0.97674,78.508,62.201,0.72092,0.70763,278.33,222.37,45,27,0.19053,0.00050331,0.19002,27,0,26,0,0,1,0.89519,0,0,y,y,y,y,y,y,y,m,y,m,y,m,y,,,,,0,prefer,transformed-cumulative,1,1,0,0,0,0,,,,,,,,1646,,,,,,,,1,1,0,0,0,0,delete,
tel_glo_3.5Mar_d249_m163,teleworking/commuting,Global,3.5,Market Formation,Partial up to max PrivateEquityInvestment,Partial up to max $ million,tel,0.19218,0.19215,3.5551,2077.6,22.866,1.0876e+07,0.024222,1973.9,-7075.1,0.50217,0.46387,54.678,22.723,0.50217,0.47728,54.678,22.724,0.32411,0.29032,63.71,43.695,43,23,2.8691e-05,1.4881e-07,2.8542e-05,25,0,14,0,1,1,0.40353,0,0,m,y,y,m,m,m,m,m,y,m,m,m,m,,,,not needed as transformed-cumulative preferred,1,delete,transformed-partial,0,0,0,0,0,0,,,,,,,,1647,,,,,,,,0,0,0,0,0,0,delete,
tel_glo_3.5Mar_d250_m162,teleworking/commuting,Global,3.5,Market Formation,cumulative TotalFundraisingAmount,cumulative $ million,tel,0.19075,0.13797,123.91,2023.9,23.038,14660,0.00017326,1896.3,-2.4677e+05,0.97866,0.9771,292.09,178.46,0.97381,0.97256,323.63,200.14,0.64762,0.63084,1187.1,995.81,45,33,0.46484,0.00010232,0.46473,33,0,32,0,0,1,0.89812,0,0,y,y,y,y,y,y,y,y,y,y,y,y,y,,,,,0,prefer,transformed-cumulative,1,1,0,0,0,0,,,,,,,,1648,,,,,,,,1,1,0,0,0,0,delete,
tel_glo_3.5Mar_d251_m163,teleworking/commuting,Global,3.5,Market Formation,Partial up to max TotalFundraisingAmount,Partial up to max $ million,tel,2.7744,2.7722,11.444,2021.4,1.584,1.4432e+06,7.2841e-21,1999.6,-22775,0.70182,0.67697,155.44,64.158,0.70182,0.68571,155.44,64.161,0.21536,0.17295,252.15,137.31,40,24,0.0011443,1.0394e-06,0.0011432,28,0,27,0,0,1,0.13451,0,0,y,y,y,m,m,m,m,m,m,m,m,m,m,,,,not needed as transformed-cumulative preferred,1,delete,transformed-partial,0,0,0,0,0,0,,,,,,,,1649,,,,,,,,0,0,0,0,0,0,delete,
tel_glo_3.5Mar_d252_m160,teleworking/commuting,Global,3.5,Market Formation,cumulative TotalFundraisingDeals,cumulative # deals,tel,0.27053,0.1953,8.1233,2024,16.244,1219.7,0.0012295,1956.7,-16184,0.9941,0.99367,11.25,7.5543,0.99052,0.99007,14.26,7.8017,0.51895,0.49604,101.57,77.636,45,33,0.47308,0.00081989,0.47226,33,0,32,0,0,1,0.85326,0,0,y,y,y,y,y,y,y,y,y,y,y,y,y,,,,,0,prefer,transformed-cumulative,1,1,0,0,0,0,,,,,,,,1650,,,,,,,,1,1,0,0,0,0,delete,
tel_glo_3.5Mar_d253_m161,teleworking/commuting,Global,3.5,Market Formation,Partial up to max TotalFundraisingDeals,Partial up to max # deals,tel,0.27297,0.2465,1.2243,2027.4,16.099,541.82,2.6042,2007.1,-2438.6,0.98685,0.98584,2.585,1.5441,0.98651,0.98583,2.6188,1.6084,0.45417,0.42688,16.655,11.869,43,27,0.18272,0.0018456,0.18087,31,0,30,0,0,1,0.78771,0,1,y,y,y,y,y,y,y,m,y,m,y,y,y,,,,not needed as transformed-cumulative preferred,1,delete,transformed-partial,0,0,0,0,0,0,,,,,,,,1651,,,,,,,,0,0,0,0,0,0,delete,
tel_ire_1.1Ado_d091_m117,teleworking/commuting,Ireland,1.1,Adoption over time,Employed persons teleworking as a percentage of the total employment (%),Percentage of total employment,tel,1.9608,0.21459,0.030703,2019.3,2.2412,0.2648,0.41476,2024.6,-61.844,0.85414,0.7812,0.039624,0.035283,0.68451,0.59436,0.058275,0.046314,0.72252,0.64324,0.054651,0.04627,10,10,1.216,0.12462,1.0914,10,2,7,1,1,1,0.84335,1,1,y,y,y,y,y,y,y,y,y,y,y,y,y,,,,,0,original,duplicated in market share,1,1,0,0,0,0,,,,,,,,1652,,,,,,,,1,1,0,0,0,0,delete,
tel_ire_1.1Ado_d324_m183,teleworking/commuting,Ireland,1.1,Adoption over time,Partial up to 2019 Employed persons teleworking as a percentage of the total employment (%),Partial up to 2019 Percentage of total employment,tel,0.16952,0.0017203,0.0077429,2079.8,25.922,2123.9,1555.1,1.575e+05,-15.565,0.87898,0.69746,0.0050522,0.003813,-11.153,-19.254,0.050628,0.0485,0.82905,0.71508,0.0060048,0.0046667,6,6,3.2958e-05,1.5537e-05,1.742e-05,6,0,3,0,1,0,0.78048,1,1,y,y,y,y,y,y,y,m,y,m,y,m,y,,,,,0,prefer-relative,transformed-partial,1,1,0,1,0,0,,,,,,,,1653,,,,,,,,1,1,0,1,0,0,,
tel_ire_1.1Ado_d331_m185,teleworking/commuting,Ireland,1.1,Adoption over time,teleworkers as a share of all employed persons,market share,tel,1.9608,0.21459,0.030703,2019.3,2.2412,0.2648,0.41476,2024.6,-61.844,0.85414,0.7812,0.039624,0.035283,0.68451,0.59436,0.058275,0.046314,0.72252,0.64324,0.054651,0.04627,10,10,1.216,0.12462,1.0914,10,2,7,1,1,1,0.84335,1,1,y,y,y,y,y,y,y,y,y,y,y,y,y,,,,*prefer partial fit to 2019 (exc. 2020-21 anomaly),0,,transformed-marketshare,1,1,0,0,0,0,,,,,,,,1654,,,,,,,,1,1,0,0,0,0,delete,
tel_ire_3.2Adc_d098_m036,teleworking/commuting,Ireland,3.2,Adopter characteristics,Female employees teleworking as a % of total female employment,% female teleworkers of total female employment,tel,2.6792,0.21649,0.030685,2019.4,1.6402,0.25816,0.4237,2024.8,-61.813,0.85607,0.7841,0.040251,0.03356,0.63867,0.53544,0.063774,0.051418,0.69009,0.60155,0.059063,0.049568,10,10,1.2667,0.10846,1.1582,10,2,9,1,0,1,0.8415,1,1,y,y,y,m,y,m,y,y,y,m,m,m,m,,,,needs to be partial to 2019 to match 1.1,0,,,1,1,0,0,0,1,,,,,,,,1655,,,,,,,,1,1,0,0,0,1,,
tel_ire_3.2Adc_d117_m039,teleworking/commuting,Ireland,3.2,Adopter characteristics,Male employees teleworking as a % of total male employment,% male teleworkers of total male employment,tel,1.2414,0.21295,0.030667,2019.1,3.54,0.27354,0.45454,2025,-61.767,0.85451,0.78176,0.038831,0.034564,0.72313,0.64402,0.053568,0.04199,0.74862,0.6768,0.051042,0.043467,10,10,1.1589,0.13526,1.0236,10,2,7,1,1,1,0.84358,1,1,y,y,y,y,y,y,y,y,y,y,y,y,y,,,,needs to be partial to 2019 to match 1.1,0,,,1,1,0,0,0,0,,,,,,,,1656,,,,,,,,1,1,0,0,0,0,delete,
tel_ire_3.5Mar_d074_m128,teleworking/commuting,Ireland,3.5,Market Formation,CumulativeStartups,cum. # companies,tel,0.17385,0.013151,0.12872,2019.6,25.277,9.502,1552.6,1.577e+05,-256.21,0.95584,0.95261,0.40993,0.29453,-0.58253,-0.65789,2.454,1.4889,0.7344,0.72175,1.0054,0.8568,45,26,0.63145,0.10524,0.52621,26,3,25,1,0,0,0.91882,0,1,y,y,y,y,y,y,y,y,y,y,y,y,y,,,,,0,prefer,original,1,1,0,0,0,1,,,,,,,,1657,,,,,,,,1,1,0,0,0,1,,
tel_ire_3.5Mar_d126_m008,teleworking/commuting,Ireland,3.5,Market Formation,NewStartups,# companies,tel,39.868,0.001877,0.0093544,2012.2,0.11022,0.41667,1554.9,1.5747e+05,-18.594,0.17824,0.11811,0.3626,0.17037,-0.11111,-0.16402,0.42164,0.13333,0.092245,0.049018,0.3811,0.22705,45,5,4.8,2.4,2.4,23,6,22,1,0,1,0.125,0,1,n,m,y,m,m,m,m,y,m,n,m,n,m,,,,,0,hide,original,0,1,0,0,0,0,,,,,,,,1658,,,,,,,,0,1,0,0,0,0,delete,
tel_ire_3.5Mar_d171_m011,teleworking/commuting,Ireland,3.5,Market Formation,PrivateEquityDeals,# deals,tel,20.282,0.0030383,0.021476,2015.5,0.21667,1,1554.6,1.575e+05,-42.794,0.78261,0.7667,0.21082,0.044446,-0.19565,-0.25259,0.49441,0.2,0.38049,0.35099,0.35589,0.27537,45,8,2,1,1,9,2,8,1,0,1,0.63636,0,1,y,y,y,m,m,m,m,y,y,m,m,m,m,,,,,0,hide,original,0,1,0,0,0,0,,,,,,,,1659,,,,,,,,0,1,0,0,0,0,delete,
tel_ire_3.5Mar_d175_m027,teleworking/commuting,Ireland,3.5,Market Formation,PrivateEquityInvestment,$ million,tel,45.715,0.31898,0.018474,2021.3,0.096126,1.906,0.00013413,1993.8,-36.828,0.93387,0.92903,0.12418,0.047368,0.74278,0.73054,0.24489,0.097652,0.24688,0.21102,0.41904,0.26647,45,8,1.1186,0.063047,1.0556,9,1,4,1,1,1,0.68706,0,1,y,y,y,m,m,m,m,y,m,m,m,m,m,,,,,0,hide,original,0,1,0,0,0,0,,,,,,,,1660,,,,,,,,0,1,0,0,0,0,delete,
tel_ire_3.5Mar_d200_m027,teleworking/commuting,Ireland,3.5,Market Formation,TotalFundraisingAmount,$ million,tel,0.41288,0.0031106,0.022184,2021.8,10.643,2.6173,1554.6,1.575e+05,-44.22,0.67514,0.65137,0.31168,0.12411,-0.12483,-0.1784,0.57996,0.19321,0.2776,0.2432,0.46478,0.31899,45,8,0.81463,0.045913,0.76871,9,1,4,1,1,1,0.56782,0,1,m,y,y,m,m,m,m,y,m,m,m,m,m,,,,,0,hide,original,1,1,0,0,0,0,,,,,,,,1661,,,,,,,,1,1,0,0,0,0,delete,
tel_ire_3.5Mar_d204_m011,teleworking/commuting,Ireland,3.5,Market Formation,TotalFundraisingDeals,# deals,tel,1.5337,0.0044271,0.0361,2016.3,2.8652,1.8532,1554.3,1.5753e+05,-71.939,0.86679,0.85704,0.26654,0.10122,-0.20833,-0.26587,0.80277,0.33333,0.41214,0.38415,0.55993,0.42107,45,9,1.6189,0.53962,1.0792,9,2,8,1,0,1,0.82759,0,1,y,y,y,y,y,y,y,y,y,y,y,y,y,,,,,0,hide,original,1,1,0,0,0,0,,,,,,,,1662,,,,,,,,1,1,0,0,0,0,delete,
tel_ire_3.5Mar_d242_m156,teleworking/commuting,Ireland,3.5,Market Formation,cumulative CumulativeStartups,cumulative cum. # companies,tel,0.15098,0.12717,1.1643,2029,29.106,211.79,3.143,1999.6,-2318.4,0.99736,0.99716,0.92814,0.74635,0.99581,0.99561,1.1694,0.98896,0.7013,0.68707,9.8684,8.2021,45,26,0.31635,0.0047216,0.31163,26,0,25,0,0,0,0.89052,0,1,y,y,y,y,y,y,y,y,y,y,y,y,y,,,,not needed as transformed-cumulative twice (error),1,delete,transformed-cumx2error,0,0,0,0,0,0,,,,,,,,1663,,,,,,,,0,0,0,0,0,0,delete,
tel_ire_3.5Mar_d243_m157,teleworking/commuting,Ireland,3.5,Market Formation,Partial up to max CumulativeStartups,Partial up to max cum. # companies,tel,0.13242,0.011311,0.10899,2037.1,33.185,54.894,1553,1.5766e+05,-216.86,0.93729,0.93234,0.39752,0.29138,-0.54016,-0.61914,1.97,1.1667,0.69254,0.67677,0.88021,0.72636,42,23,0.1093,0.018217,0.091085,23,0,22,0,0,0,0.86503,0,1,y,y,y,y,y,y,y,m,y,m,y,y,y,,,,not needed as transformed-cumulative preferred,1,delete,transformed-partial,0,0,0,0,0,0,,,,,,,,1664,,,,,,,,0,0,0,0,0,0,delete,
tel_ire_3.5Mar_d244_m158,teleworking/commuting,Ireland,3.5,Market Formation,cumulative NewStartups,cumulative # companies,tel,0.17385,0.013151,0.12872,2019.6,25.277,9.502,1552.6,1.577e+05,-256.21,0.95584,0.95261,0.40993,0.29453,-0.58253,-0.65789,2.454,1.4889,0.7344,0.72175,1.0054,0.8568,45,26,0.63145,0.10524,0.52621,26,3,25,1,0,0,0.91882,0,1,y,y,y,y,y,y,y,y,y,y,y,y,y,,,,not needed as cumulative in original data,1,delete,transformed-cumulative,0,0,0,0,0,0,,,,,,,,1665,,,,,,,,0,0,0,0,0,0,delete,
tel_ire_3.5Mar_d245_m159,teleworking/commuting,Ireland,3.5,Market Formation,Partial up to max NewStartups,Partial up to max # companies,tel,61.03,0.0022762,0.013385,1998.1,0.072005,0.23529,1554.7,1.5747e+05,-26.625,0.089412,0.0040441,0.37486,0.18301,-0.08,-0.14545,0.40825,0.11111,0.12528,0.072269,0.36741,0.21299,36,3,8.5,4.25,4.25,17,0,16,0,0,1,0,0,1,n,m,m,m,m,m,m,y,m,n,m,m,m,,,,not needed as transformed-cumulative preferred,1,delete,transformed-partial,0,0,0,0,0,0,,,,,,,,1666,,,,,,,,0,0,0,0,0,0,delete,
tel_ire_3.5Mar_d246_m160,teleworking/commuting,Ireland,3.5,Market Formation,cumulative PrivateEquityDeals,cumulative # deals,tel,0.48209,0.2323,0.11212,2020.3,9.1154,10.191,6.9153,2022.4,-223.49,0.9893,0.98852,0.23431,0.10874,0.96508,0.96342,0.42334,0.24176,0.41309,0.38514,1.7357,1.3282,45,9,0.88311,0.098123,0.78499,9,0,8,0,0,0,0.83212,0,1,y,y,y,y,y,y,y,y,y,y,y,y,y,,,,,0,prefer,transformed-cumulative,1,1,0,0,0,0,,,,,,,,1667,,,,,,,,1,1,0,0,0,0,delete,
tel_ire_3.5Mar_d247_m161,teleworking/commuting,Ireland,3.5,Market Formation,Partial up to max PrivateEquityDeals,Partial up to max # deals,tel,21.979,0.002825,0.019178,2015.5,0.19994,1,1554.7,1.5749e+05,-38.213,0.74556,0.72599,0.21567,0.046512,-0.14497,-0.20222,0.4575,0.16279,0.30986,0.27536,0.35519,0.26111,43,6,2,1,1,7,0,6,0,0,1,0.44444,0,1,y,y,y,m,m,m,m,y,y,m,m,m,m,,,,not needed as transformed-cumulative preferred,1,delete,transformed-partial,0,0,0,0,0,0,,,,,,,,1668,,,,,,,,0,0,0,0,0,0,delete,
tel_ire_3.5Mar_d248_m162,teleworking/commuting,Ireland,3.5,Market Formation,cumulative PrivateEquityInvestment,cumulative $ million,tel,0.49112,0.40436,0.057533,2025.6,8.9479,22.966,6.4666,2023.7,-114.7,0.98307,0.98183,0.18167,0.069554,0.98201,0.98115,0.18728,0.079316,0.28637,0.25239,1.1795,0.74053,45,9,0.30644,0.007566,0.29887,9,0,8,0,0,1,0.68863,0,1,y,y,y,y,y,y,m,y,m,m,m,m,m,,,,,0,prefer,transformed-cumulative,1,1,0,0,0,0,,,,,,,,1669,,,,,,,,1,1,0,0,0,0,delete,
tel_ire_3.5Mar_d249_m163,teleworking/commuting,Ireland,3.5,Market Formation,Partial up to max PrivateEquityInvestment,Partial up to max $ million,tel,18.869,0.002478,0.015502,2021.8,0.23289,2.1322,1554.7,1.5749e+05,-30.901,0.94847,0.94461,0.10063,0.029989,-0.080609,-0.13332,0.4608,0.12585,0.1972,0.15804,0.39717,0.22578,44,7,1,0.056361,0.94364,8,0,3,0,1,1,0.5102,0,1,y,y,y,m,m,m,m,y,m,m,m,m,m,,,,not needed as transformed-cumulative preferred,1,delete,transformed-partial,0,0,0,0,0,0,,,,,,,,1670,,,,,,,,0,0,0,0,0,0,delete,
tel_ire_3.5Mar_d250_m162,teleworking/commuting,Ireland,3.5,Market Formation,cumulative TotalFundraisingAmount,cumulative $ million,tel,0.44352,0.31904,0.083072,2023.8,9.9081,16.773,6.7594,2023.1,-165.61,0.98511,0.98402,0.22876,0.094982,0.9803,0.97937,0.26306,0.13987,0.33128,0.29943,1.5328,1.0678,45,9,0.51835,0.01036,0.50799,9,0,8,0,0,1,0.74838,0,1,y,y,y,y,y,y,y,y,y,y,y,y,y,,,,,0,prefer,transformed-cumulative,1,1,0,0,0,0,,,,,,,,1671,,,,,,,,1,1,0,0,0,0,delete,
tel_ire_3.5Mar_d251_m163,teleworking/commuting,Ireland,3.5,Market Formation,Partial up to max TotalFundraisingAmount,Partial up to max $ million,tel,0.34929,0.0028657,0.019588,2051.6,12.581,47113,1554.7,1.575e+05,-39.042,0.67116,0.64649,0.29583,0.10157,-0.10046,-0.15414,0.54117,0.16351,0.23248,0.19504,0.45195,0.28826,44,7,4.5257e-05,2.5507e-06,4.2706e-05,8,0,3,0,1,1,0.41878,0,1,m,y,y,m,m,m,m,m,m,m,m,m,m,,,,not needed as transformed-cumulative preferred,1,delete,transformed-partial,0,0,0,0,0,0,,,,,,,,1672,,,,,,,,0,0,0,0,0,0,delete,
tel_ire_3.5Mar_d252_m160,teleworking/commuting,Ireland,3.5,Market Formation,cumulative TotalFundraisingDeals,cumulative # deals,tel,0.57369,0.248,0.183,2020.3,7.6599,16.662,2.068,2015.5,-364.8,0.99568,0.99536,0.2508,0.11586,0.96419,0.96248,0.72199,0.41844,0.38809,0.35895,2.9843,2.2553,45,9,0.90024,0.060016,0.84022,9,0,8,0,0,0,0.83442,0,1,y,y,y,y,y,y,y,y,y,y,y,y,y,,,,,0,prefer,transformed-cumulative,1,1,0,0,0,0,,,,,,,,1673,,,,,,,,1,1,0,0,0,0,delete,
tel_ire_3.5Mar_d253_m161,teleworking/commuting,Ireland,3.5,Market Formation,Partial up to max TotalFundraisingDeals,Partial up to max # deals,tel,1.3119,0.0041921,0.033525,2016.6,3.3497,2.0462,1554.4,1.5752e+05,-66.804,0.88787,0.87924,0.23206,0.075631,-0.16216,-0.22027,0.74709,0.27907,0.36039,0.32841,0.55424,0.40613,43,7,1.4661,0.48871,0.97743,7,0,6,0,0,1,0.66667,0,1,y,y,y,y,y,y,m,y,y,m,m,y,y,,,,not needed as transformed-cumulative preferred,1,delete,transformed-partial,0,0,0,0,0,0,,,,,,,,1674,,,,,,,,0,0,0,0,0,0,delete,
tel_ita_1.1Ado_d091_m117,teleworking/commuting,Italy,1.1,Adoption over time,Employed persons teleworking as a percentage of the total employment (%),Percentage of total employment,tel,0.45149,0.0014163,0.0045152,2015.7,9.7332,0.070463,1555.2,1.575e+05,-9.0631,0.26481,-0.10278,0.023938,0.018353,-3.298,-4.526,0.057878,0.0507,0.21579,-0.0082692,0.024723,0.017432,10,10,1.7314,0.45414,1.2773,10,3,9,1,0,1,0.80728,1,1,n,y,y,y,y,y,y,y,m,n,m,n,m,,,,,0,original,duplicated in market share,1,1,0,0,0,0,,,,,,,,1675,,,,,,,,1,1,0,0,0,0,delete,
tel_ita_1.1Ado_d324_m183,teleworking/commuting,Italy,1.1,Adoption over time,Partial up to 2019 Employed persons teleworking as a percentage of the total employment (%),Partial up to 2019 Percentage of total employment,tel,0.13218,,0.0008,2004.8,33.246,0.041761,,,-1.5789,0.84345,0.60863,0.00058982,0.00048829,,,,,0.84,0.73333,0.00059628,0.00053333,6,6,0.86206,0.76627,0.095784,6,1,5,1,0,0,0.83559,1,1,y,y,y,y,y,y,y,m,y,m,y,n,y,,,,* error in fit,0,prefer-relative,transformed-partial,0,1,0,1,0,0,,,,,,,,1676,,,,,,,,0,1,0,1,0,0,,
tel_ita_1.1Ado_d331_m185,teleworking/commuting,Italy,1.1,Adoption over time,teleworkers as a share of all employed persons,market share,tel,0.45149,0.0014163,0.0045152,2015.7,9.7332,0.070463,1555.2,1.575e+05,-9.0631,0.26481,-0.10278,0.023938,0.018353,-3.298,-4.526,0.057878,0.0507,0.21579,-0.0082692,0.024723,0.017432,10,10,1.7314,0.45414,1.2773,10,3,9,1,0,1,0.80728,1,1,n,y,y,y,y,y,y,y,m,n,m,n,m,,,,*prefer partial fit to 2019 (exc. 2020-21 anomaly),0,,transformed-marketshare,0,1,0,0,0,0,,,,,,,,1677,,,,,,,,0,1,0,0,0,0,delete,
tel_ita_3.2Adc_d098_m036,teleworking/commuting,Italy,3.2,Adopter characteristics,Female employees teleworking as a % of total female employment,% female teleworkers of total female employment,tel,0.55647,0.0015721,0.0061879,2016.7,7.897,0.08038,1555.2,1.575e+05,-12.437,0.30064,-0.049041,0.030171,0.023446,-2.2155,-3.1342,0.064694,0.0537,0.24269,0.026319,0.031396,0.022599,10,10,1.779,0.36079,1.4183,10,3,9,1,0,1,0.77426,1,1,m,y,y,m,y,m,y,y,m,m,m,m,m,,,,needs to be partial to 2019 to match 1.1,0,,,0,1,0,0,0,1,,,,,,,,1678,,,,,,,,0,1,0,0,0,1,,
tel_ita_3.2Adc_d117_m039,teleworking/commuting,Italy,3.2,Adopter characteristics,Male employees teleworking as a % of total male employment,% male teleworkers of total male employment,tel,0.40576,0.0012966,0.0032303,2014.6,10.83,0.062362,1555.3,1.5749e+05,-6.4721,0.22166,-0.16751,0.019553,0.014569,-4.7493,-6.3919,0.053142,0.0483,0.17526,-0.060385,0.020128,0.013743,10,10,1.7158,0.54521,1.1706,10,3,9,1,0,1,0.83152,1,1,n,y,y,y,y,y,y,y,m,n,m,n,m,,,,needs to be partial to 2019 to match 1.1,0,,,0,1,0,0,0,0,,,,,,,,1679,,,,,,,,0,1,0,0,0,0,delete,
tel_ita_3.5Mar_d074_m128,teleworking/commuting,Italy,3.5,Market Formation,CumulativeStartups,cum. # companies,tel,0.32876,0.0097007,0.0917,2018.6,13.367,6.2829,1553.2,1.5764e+05,-182.72,0.93405,0.92923,0.41795,0.22519,-0.28356,-0.34468,1.8439,0.86667,0.53543,0.5133,1.1093,0.86494,45,12,0.7958,0.31832,0.47748,12,4,11,1,0,1,0.87582,0,1,y,y,y,y,y,y,y,y,y,y,y,y,y,,,,,0,prefer,original,1,1,0,0,0,1,,,,,,,,1680,,,,,,,,1,1,0,0,0,1,,
tel_ita_3.5Mar_d126_m008,teleworking/commuting,Italy,3.5,Market Formation,NewStartups,# companies,tel,61.02,0.0019446,0.010013,2012.1,0.072017,0.41667,1554.9,1.5748e+05,-19.935,0.12277,0.05858,0.49254,0.18519,-0.044643,-0.094388,0.53748,0.11111,0.061152,0.016445,0.50954,0.22834,45,2,7.2,4.8,2.4,8,0,7,0,0,1,0,0,1,n,n,m,m,m,m,m,y,m,n,n,n,n,,,,,0,hide,original,0,1,0,0,0,0,,,,,,,,1681,,,,,,,,0,1,0,0,0,0,delete,
tel_ita_3.5Mar_d171_m011,teleworking/commuting,Italy,3.5,Market Formation,PrivateEquityDeals,# deals,tel,0.56619,0.0021645,0.012253,2021.6,7.7614,1.3552,1554.8,1.5748e+05,-24.419,0.58912,0.55906,0.20145,0.070205,-0.125,-0.17857,0.33333,0.11111,0.25639,0.22098,0.271,0.19596,45,5,0.73789,0.73789,0,11,10,10,0,0,1,0.4,1,1,m,m,y,m,m,m,m,m,m,m,m,m,m,,,,,0,hide,original,0,1,0,0,0,0,,,,,,,,1682,,,,,,,,0,1,0,0,0,0,delete,
tel_ita_3.5Mar_d175_m027,teleworking/commuting,Italy,3.5,Market Formation,PrivateEquityInvestment,$ million,tel,2.1141,0.97499,0.018943,2023.2,2.0786,5.1626,5.905e-08,2005.4,-37.776,0.99989,0.99988,0.0072179,0.0015263,0.98933,0.98882,0.071704,0.022487,0.12565,0.084011,0.64898,0.32084,45,3,0.83649,0.072018,0.76447,3,0,2,0,0,1,0.40739,0,1,y,n,m,y,y,y,m,y,m,n,n,n,n,,,,,0,hide,original,0,1,0,0,0,0,,,,,,,,1683,,,,,,,,0,1,0,0,0,0,delete,
tel_ita_3.5Mar_d200_m027,teleworking/commuting,Italy,3.5,Market Formation,TotalFundraisingAmount,$ million,tel,49.355,0.0059887,0.052465,2019.2,0.089037,4.1588,1554,1.5756e+05,-104.57,0.36113,0.31438,1.7384,0.4505,-0.045141,-0.094909,2.2234,0.46208,0.098152,0.055207,2.0654,0.92227,45,4,3.3989,0.089402,3.3095,5,4,2,0,1,1,0.0415,0,1,m,n,m,m,y,m,m,y,m,n,n,n,n,,,,,0,hide,original,0,1,0,0,0,0,,,,,,,,1684,,,,,,,,0,1,0,0,0,0,delete,
tel_ita_3.5Mar_d204_m011,teleworking/commuting,Italy,3.5,Market Formation,TotalFundraisingDeals,# deals,tel,39.223,0.0023894,0.014625,2019.2,0.11204,1,1554.8,1.5749e+05,-29.145,0.58333,0.55285,0.2582,0.06667,-0.11111,-0.16402,0.42164,0.13333,0.22546,0.18858,0.35203,0.23475,45,5,2,1,1,11,4,10,1,0,1,0.25,0,1,m,m,y,m,m,m,m,y,m,m,m,m,m,,,,,0,hide,original,0,1,0,0,0,0,,,,,,,,1685,,,,,,,,0,1,0,0,0,0,delete,
tel_ita_3.5Mar_d242_m156,teleworking/commuting,Italy,3.5,Market Formation,cumulative CumulativeStartups,cumulative cum. # companies,tel,0.3366,0.21701,0.49934,2022.2,13.056,60.065,0.04656,1992.7,-995.21,0.9966,0.99635,0.55799,0.29744,0.98754,0.98695,1.0675,0.65511,0.45966,0.43393,7.0312,5.3156,45,12,0.6493,0.033297,0.616,12,0,11,0,0,0,0.8331,0,1,y,y,y,y,y,y,y,y,y,y,y,y,y,,,,not needed as transformed-cumulative twice (error),1,delete,transformed-cumx2error,0,0,0,0,0,0,,,,,,,,1686,,,,,,,,0,0,0,0,0,0,delete,
tel_ita_3.5Mar_d243_m157,teleworking/commuting,Italy,3.5,Market Formation,Partial up to max CumulativeStartups,Partial up to max cum. # companies,tel,0.22751,0.0063742,0.056446,2061.3,19.315,49375,1553.9,1.5757e+05,-112.43,0.84511,0.83255,0.40861,0.22585,-0.19923,-0.26234,1.137,0.46341,0.41381,0.38296,0.7949,0.59036,41,8,0.00010127,4.0507e-05,6.076e-05,8,0,7,0,0,1,0.64151,0,1,y,y,y,y,y,y,m,m,y,m,m,m,y,,,,not needed as transformed-cumulative preferred,1,delete,transformed-partial,0,0,0,0,0,0,,,,,,,,1687,,,,,,,,0,0,0,0,0,0,delete,
tel_ita_3.5Mar_d244_m158,teleworking/commuting,Italy,3.5,Market Formation,cumulative NewStartups,cumulative # companies,tel,0.32876,0.0097007,0.0917,2018.6,13.367,6.2829,1553.2,1.5764e+05,-182.72,0.93405,0.92923,0.41795,0.22519,-0.28356,-0.34468,1.8439,0.86667,0.53543,0.5133,1.1093,0.86494,45,12,0.7958,0.31832,0.47748,12,4,11,1,0,1,0.87582,0,1,y,y,y,y,y,y,y,y,y,y,y,y,y,,,,not needed as cumulative in original data,1,delete,transformed-cumulative,0,0,0,0,0,0,,,,,,,,1688,,,,,,,,0,0,0,0,0,0,delete,
tel_ita_3.5Mar_d245_m159,teleworking/commuting,Italy,3.5,Market Formation,Partial up to max NewStartups,Partial up to max # companies,tel,9.179,0.0024274,0.014983,2020.1,0.47875,9.0708,1554.7,1.5748e+05,-29.843,0.67717,0.65099,0.31235,0.048793,-0.049213,-0.10443,0.56309,0.12195,0.10399,0.056835,0.52036,0.26367,41,2,0.33073,0.22049,0.11024,8,0,7,0,0,1,0,0,1,m,n,m,m,m,m,m,m,m,n,n,n,n,,,,not needed as transformed-cumulative preferred,1,delete,transformed-partial,0,0,0,0,0,0,,,,,,,,1689,,,,,,,,0,0,0,0,0,0,delete,
tel_ita_3.5Mar_d246_m160,teleworking/commuting,Italy,3.5,Market Formation,cumulative PrivateEquityDeals,cumulative # deals,tel,0.25175,0.25175,0.054677,2066.5,17.455,2.2336e+05,6.2937,2024.9,-108.97,0.97524,0.97342,0.17118,0.092411,0.97524,0.97406,0.17118,0.092411,0.42617,0.39884,0.82399,0.58259,45,11,2.2385e-05,4.477e-06,1.7908e-05,11,0,10,0,0,0,0.76562,0,1,y,y,y,y,y,y,y,m,y,m,y,m,y,,,,,0,prefer,transformed-cumulative,1,1,0,0,0,0,,,,,,,,1690,,,,,,,,1,1,0,0,0,0,delete,
tel_ita_3.5Mar_d247_m161,teleworking/commuting,Italy,3.5,Market Formation,Partial up to max PrivateEquityDeals,Partial up to max # deals,tel,18.153,0.0014566,0.0047619,2014,0.24208,1.6664,1554.9,1.5746e+05,-9.481,1,1,5.5263e-09,9.5887e-10,-0.029412,-0.09375,0.16903,0.028571,0.083333,0.026042,0.15951,0.068844,35,1,0.6001,0.6001,0,1,0,0,0,0,,,1,1,y,n,m,m,m,m,m,m,m,n,n,n,n,,,,not needed as transformed-cumulative preferred,1,delete,transformed-partial,0,0,0,0,0,0,,,,,,,,1691,,,,,,,,0,0,0,0,0,0,delete,
tel_ita_3.5Mar_d248_m162,teleworking/commuting,Italy,3.5,Market Formation,cumulative PrivateEquityInvestment,cumulative $ million,tel,2.1397,1.1629,0.026755,2023.5,2.0538,8.8299,1.9718e-06,2011.1,-53.355,0.99996,0.99995,0.0068365,0.0014089,0.99607,0.99588,0.064734,0.019299,0.11319,0.070959,0.9726,0.45903,45,3,0.7541,0.042107,0.71199,3,0,2,0,0,1,0.32937,0,1,y,n,m,y,y,y,m,y,m,n,n,n,n,,,,,0,prefer,transformed-cumulative,1,1,0,0,0,0,,,,,,,,1692,,,,,,,,1,1,0,0,0,0,delete,
tel_ita_3.5Mar_d249_m163,teleworking/commuting,Italy,3.5,Market Formation,Partial up to max PrivateEquityInvestment,Partial up to max $ million,tel,2.1141,0.97499,0.018943,2023.2,2.0786,5.1626,5.905e-08,2005.4,-37.776,0.99989,0.99988,0.0072179,0.0015263,0.98933,0.98882,0.071704,0.022487,0.12565,0.084011,0.64898,0.32084,45,3,0.83649,0.072018,0.76447,3,0,2,0,0,1,0.40739,0,1,y,n,m,y,y,y,m,y,m,n,n,n,n,,,,not needed as transformed-cumulative preferred,1,delete,transformed-partial,0,0,0,0,0,0,,,,,,,,1693,,,,,,,,0,0,0,0,0,0,delete,
tel_ita_3.5Mar_d250_m162,teleworking/commuting,Italy,3.5,Market Formation,cumulative TotalFundraisingAmount,cumulative $ million,tel,7.3222,0.29785,0.21299,2019.8,0.60015,16.479,5.7865,2019.4,-424.62,0.9761,0.97435,0.78875,0.19339,0.87885,0.87308,1.7759,0.8124,0.29391,0.26029,4.2874,3.1631,45,5,1.2618,0.85776,0.40406,5,0,4,0,0,0,0.7508,0,1,y,n,y,y,y,y,y,y,m,n,n,n,n,,,,,0,prefer,transformed-cumulative,1,1,0,0,0,0,,,,,,,,1694,,,,,,,,1,1,0,0,0,0,delete,
tel_ita_3.5Mar_d251_m163,teleworking/commuting,Italy,3.5,Market Formation,Partial up to max TotalFundraisingAmount,Partial up to max $ million,tel,17.879,0.0057129,0.049251,2020,0.24578,24.153,1554,1.5755e+05,-98.158,1,1,9.1497e-08,1.4718e-08,-0.025,-0.078947,2.2075,0.34476,0.071429,0.022556,2.1011,0.84328,41,1,0.58523,0.58523,0,1,0,0,0,0,,,0,1,y,n,m,m,m,m,m,m,m,n,n,n,n,,,,not needed as transformed-cumulative preferred,1,delete,transformed-partial,0,0,0,0,0,0,,,,,,,,1695,,,,,,,,0,0,0,0,0,0,delete,
tel_ita_3.5Mar_d252_m160,teleworking/commuting,Italy,3.5,Market Formation,cumulative TotalFundraisingDeals,cumulative # deals,tel,0.32313,0.25263,0.067852,2025.1,13.599,14.753,6.4839,2024.1,-135.24,0.97657,0.97486,0.21011,0.097831,0.97423,0.97301,0.22035,0.11972,0.41208,0.38408,1.0526,0.7795,45,11,0.40669,0.067781,0.33891,11,0,10,0,0,1,0.78218,0,1,y,y,y,y,y,y,y,y,y,y,y,y,y,,,,,0,prefer,transformed-cumulative,1,1,0,0,0,0,,,,,,,,1696,,,,,,,,1,1,0,0,0,0,delete,
tel_ita_3.5Mar_d253_m161,teleworking/commuting,Italy,3.5,Market Formation,Partial up to max TotalFundraisingDeals,Partial up to max # deals,tel,10.825,0.0018974,0.0094077,2020,0.40594,3.4815,1554.8,1.5747e+05,-18.742,0.79082,0.77386,0.15617,0.024393,-0.045918,-0.10097,0.34922,0.073171,0.10627,0.05923,0.32281,0.16072,41,2,0.57446,0.28723,0.28723,7,0,6,0,0,1,0,0,1,y,n,m,m,m,m,m,y,m,n,n,n,n,,,,not needed as transformed-cumulative preferred,1,delete,transformed-partial,0,0,0,0,0,0,,,,,,,,1697,,,,,,,,0,0,0,0,0,0,delete,
tel_net_1.1Ado_d091_m117,teleworking/commuting,The Netherlands,1.1,Adoption over time,Employed persons teleworking as a percentage of the total employment (%),Percentage of total employment,tel,0.28411,0.022521,0.003503,2009.9,15.467,0.16498,0.00044494,1760.6,-6.9225,0.23186,-0.15221,0.020371,0.015041,0.17893,-0.055663,0.021061,0.01444,0.18739,-0.04478,0.020952,0.014238,10,10,1.2365,0.7698,0.46673,10,2,0,1,0,0,0.91462,1,1,n,y,y,y,y,y,y,y,m,n,m,n,m,,,,,0,original,duplicated in market share,1,1,0,0,0,0,,,,,,,,1698,,,,,,,,1,1,0,0,0,0,delete,
tel_net_1.1Ado_d324_m183,teleworking/commuting,The Netherlands,1.1,Adoption over time,Partial up to 2019 Employed persons teleworking as a percentage of the total employment (%),Partial up to 2019 Percentage of total employment,tel,0.02537,0.001161,0.0018571,2022.3,173.22,0.29444,1555.3,1.5748e+05,-3.6084,0.86843,0.67107,0.0012345,0.0010008,-1608.5,-2681.6,0.13654,0.1365,0.86845,0.78075,0.0012344,0.001,6,6,0.47887,0.44491,0.033962,6,0,5,0,0,0,0.83422,1,1,y,y,y,y,y,y,y,m,y,m,y,n,y,,,,* error in fit,0,prefer-relative,transformed-partial,0,1,1,1,0,0,,,,,,,,1699,,,,,,,,0,1,1,1,0,0,,
tel_net_1.1Ado_d331_m185,teleworking/commuting,The Netherlands,1.1,Adoption over time,teleworkers as a share of all employed persons,market share,tel,0.28411,0.022521,0.003503,2009.9,15.467,0.16498,0.00044494,1760.6,-6.9225,0.23186,-0.15221,0.020371,0.015041,0.17893,-0.055663,0.021061,0.01444,0.18739,-0.04478,0.020952,0.014238,10,10,1.2365,0.7698,0.46673,10,2,0,1,0,0,0.91462,1,1,n,y,y,y,y,y,y,y,m,n,m,n,m,,,,*prefer partial fit to 2019 (exc. 2020-21 anomaly),0,,transformed-marketshare,0,1,0,0,0,0,,,,,,,,1700,,,,,,,,0,1,0,0,0,0,delete,
tel_net_3.2Adc_d098_m036,teleworking/commuting,The Netherlands,3.2,Adopter characteristics,Female employees teleworking as a % of total female employment,% female teleworkers of total female employment,tel,0.23759,0.040285,0.0057939,2012,18.496,0.17153,1.422e-05,1790.8,-11.557,0.37113,0.056696,0.022531,0.016265,0.3288,0.13703,0.023277,0.015553,0.34308,0.15539,0.023028,0.015619,10,10,1.2068,0.66461,0.54218,10,2,9,1,0,0,0.90912,1,1,m,y,y,y,y,y,y,y,y,m,y,m,y,,,,needs to be partial to 2019 to match 1.1,0,,,1,1,0,0,1,1,,,,,,,,1701,,,,,,,,1,1,0,0,1,1,,
tel_net_3.2Adc_d117_m039,teleworking/commuting,The Netherlands,3.2,Adopter characteristics,Male employees teleworking as a % of total male employment,% male teleworkers of total male employment,tel,0.40353,0.0086193,0.0014303,2009.1,10.89,0.16402,1.5792,2285.8,-2.7293,0.091703,-0.36245,0.019136,0.013832,0.039819,-0.23452,0.019675,0.013603,0.041863,-0.23189,0.019654,0.013577,10,10,1.2255,0.7804,0.44507,10,2,0,1,0,0,0.91708,1,1,n,y,y,y,y,y,y,y,m,n,m,n,m,,,,needs to be partial to 2019 to match 1.1,0,,,1,1,0,0,0,0,,,,,,,,1702,,,,,,,,1,1,0,0,0,0,delete,
tel_net_3.5Mar_d074_m128,teleworking/commuting,The Netherlands,3.5,Market Formation,CumulativeStartups,cum. # companies,tel,0.17385,0.013151,0.12872,2019.6,25.277,9.502,1552.6,1.577e+05,-256.21,0.95584,0.95261,0.40993,0.29453,-0.58253,-0.65789,2.454,1.4889,0.7344,0.72175,1.0054,0.8568,45,26,0.63145,0.10524,0.52621,26,3,25,1,0,0,0.91882,0,1,y,y,y,y,y,y,y,y,y,y,y,y,y,,,,,0,prefer,original,1,1,0,0,1,1,,,,,,,,1703,,,,,,,,1,1,0,0,1,1,,
tel_net_3.5Mar_d126_m008,teleworking/commuting,The Netherlands,3.5,Market Formation,NewStartups,# companies,tel,39.868,0.001877,0.0093544,2012.2,0.11022,0.41667,1554.9,1.5747e+05,-18.594,0.17824,0.11811,0.3626,0.17037,-0.11111,-0.16402,0.42164,0.13333,0.092245,0.049018,0.3811,0.22705,45,5,4.8,2.4,2.4,23,6,22,1,0,1,0.125,0,1,n,m,y,m,m,m,m,y,m,n,m,n,m,,,,,0,hide,original,0,1,0,0,0,0,,,,,,,,1704,,,,,,,,0,1,0,0,0,0,delete,
tel_net_3.5Mar_d171_m011,teleworking/commuting,The Netherlands,3.5,Market Formation,PrivateEquityDeals,# deals,tel,20.282,0.0030383,0.021476,2015.5,0.21667,1,1554.6,1.575e+05,-42.794,0.78261,0.7667,0.21082,0.044446,-0.19565,-0.25259,0.49441,0.2,0.38049,0.35099,0.35589,0.27537,45,8,2,1,1,9,2,8,1,0,1,0.63636,0,1,y,y,y,m,m,m,m,y,y,m,m,m,m,,,,,0,hide,original,0,1,0,0,0,0,,,,,,,,1705,,,,,,,,0,1,0,0,0,0,delete,
tel_net_3.5Mar_d175_m027,teleworking/commuting,The Netherlands,3.5,Market Formation,PrivateEquityInvestment,$ million,tel,45.715,0.31898,0.018474,2021.3,0.096126,1.906,0.00013413,1993.8,-36.828,0.93387,0.92903,0.12418,0.047368,0.74278,0.73054,0.24489,0.097652,0.24688,0.21102,0.41904,0.26647,45,8,1.1186,0.063047,1.0556,9,1,4,1,1,1,0.68706,0,1,y,y,y,m,m,m,m,y,m,m,m,m,m,,,,,0,hide,original,1,1,0,0,0,0,,,,,,,,1706,,,,,,,,1,1,0,0,0,0,delete,
tel_net_3.5Mar_d200_m027,teleworking/commuting,The Netherlands,3.5,Market Formation,TotalFundraisingAmount,$ million,tel,0.41288,0.0031106,0.022184,2021.8,10.643,2.6173,1554.6,1.575e+05,-44.22,0.67514,0.65137,0.31168,0.12411,-0.12483,-0.1784,0.57996,0.19321,0.2776,0.2432,0.46478,0.31899,45,8,0.81463,0.045913,0.76871,9,1,4,1,1,1,0.56782,0,1,m,y,y,m,m,m,m,y,m,m,m,m,m,,,,,0,hide,original,1,1,0,0,0,0,,,,,,,,1707,,,,,,,,1,1,0,0,0,0,delete,
tel_net_3.5Mar_d204_m011,teleworking/commuting,The Netherlands,3.5,Market Formation,TotalFundraisingDeals,# deals,tel,1.5337,0.0044271,0.0361,2016.3,2.8652,1.8532,1554.3,1.5753e+05,-71.939,0.86679,0.85704,0.26654,0.10122,-0.20833,-0.26587,0.80277,0.33333,0.41214,0.38415,0.55993,0.42107,45,9,1.6189,0.53962,1.0792,9,2,8,1,0,1,0.82759,0,1,y,y,y,y,y,y,y,y,y,y,y,y,y,,,,,0,hide,original,1,1,0,0,0,0,,,,,,,,1708,,,,,,,,1,1,0,0,0,0,delete,
tel_net_3.5Mar_d242_m156,teleworking/commuting,The Netherlands,3.5,Market Formation,cumulative CumulativeStartups,cumulative cum. # companies,tel,0.15098,0.12717,1.1643,2029,29.106,211.79,3.143,1999.6,-2318.4,0.99736,0.99716,0.92814,0.74635,0.99581,0.99561,1.1694,0.98896,0.7013,0.68707,9.8684,8.2021,45,26,0.31635,0.0047216,0.31163,26,0,25,0,0,0,0.89052,0,1,y,y,y,y,y,y,y,y,y,y,y,y,y,,,,not needed as transformed-cumulative twice (error),1,delete,transformed-cumx2error,0,0,0,0,0,0,,,,,,,,1709,,,,,,,,0,0,0,0,0,0,delete,
tel_net_3.5Mar_d243_m157,teleworking/commuting,The Netherlands,3.5,Market Formation,Partial up to max CumulativeStartups,Partial up to max cum. # companies,tel,0.13242,0.011311,0.10899,2037.1,33.185,54.894,1553,1.5766e+05,-216.86,0.93729,0.93234,0.39752,0.29138,-0.54016,-0.61914,1.97,1.1667,0.69254,0.67677,0.88021,0.72636,42,23,0.1093,0.018217,0.091085,23,0,22,0,0,0,0.86503,0,1,y,y,y,y,y,y,y,m,y,m,y,y,y,,,,not needed as transformed-cumulative preferred,1,delete,transformed-partial,0,0,0,0,0,0,,,,,,,,1710,,,,,,,,0,0,0,0,0,0,delete,
tel_net_3.5Mar_d244_m158,teleworking/commuting,The Netherlands,3.5,Market Formation,cumulative NewStartups,cumulative # companies,tel,0.17385,0.013151,0.12872,2019.6,25.277,9.502,1552.6,1.577e+05,-256.21,0.95584,0.95261,0.40993,0.29453,-0.58253,-0.65789,2.454,1.4889,0.7344,0.72175,1.0054,0.8568,45,26,0.63145,0.10524,0.52621,26,3,25,1,0,0,0.91882,0,1,y,y,y,y,y,y,y,y,y,y,y,y,y,,,,not needed as cumulative in original data,1,delete,transformed-cumulative,0,0,0,0,0,0,,,,,,,,1711,,,,,,,,0,0,0,0,0,0,delete,
tel_net_3.5Mar_d245_m159,teleworking/commuting,The Netherlands,3.5,Market Formation,Partial up to max NewStartups,Partial up to max # companies,tel,61.03,0.0022762,0.013385,1998.1,0.072005,0.23529,1554.7,1.5747e+05,-26.625,0.089412,0.0040441,0.37486,0.18301,-0.08,-0.14545,0.40825,0.11111,0.12528,0.072269,0.36741,0.21299,36,3,8.5,4.25,4.25,17,0,16,0,0,1,0,0,1,n,m,m,m,m,m,m,y,m,n,m,m,m,,,,not needed as transformed-cumulative preferred,1,delete,transformed-partial,0,0,0,0,0,0,,,,,,,,1712,,,,,,,,0,0,0,0,0,0,delete,
tel_net_3.5Mar_d246_m160,teleworking/commuting,The Netherlands,3.5,Market Formation,cumulative PrivateEquityDeals,cumulative # deals,tel,0.48209,0.2323,0.11212,2020.3,9.1154,10.191,6.9153,2022.4,-223.49,0.9893,0.98852,0.23431,0.10874,0.96508,0.96342,0.42334,0.24176,0.41309,0.38514,1.7357,1.3282,45,9,0.88311,0.098123,0.78499,9,0,8,0,0,0,0.83212,0,1,y,y,y,y,y,y,y,y,y,y,y,y,y,,,,,0,prefer,transformed-cumulative,1,1,0,0,0,0,,,,,,,,1713,,,,,,,,1,1,0,0,0,0,delete,
tel_net_3.5Mar_d247_m161,teleworking/commuting,The Netherlands,3.5,Market Formation,Partial up to max PrivateEquityDeals,Partial up to max # deals,tel,21.979,0.002825,0.019178,2015.5,0.19994,1,1554.7,1.5749e+05,-38.213,0.74556,0.72599,0.21567,0.046512,-0.14497,-0.20222,0.4575,0.16279,0.30986,0.27536,0.35519,0.26111,43,6,2,1,1,7,0,6,0,0,1,0.44444,0,1,y,y,y,m,m,m,m,y,y,m,m,m,m,,,,not needed as transformed-cumulative preferred,1,delete,transformed-partial,0,0,0,0,0,0,,,,,,,,1714,,,,,,,,0,0,0,0,0,0,delete,
tel_net_3.5Mar_d248_m162,teleworking/commuting,The Netherlands,3.5,Market Formation,cumulative PrivateEquityInvestment,cumulative $ million,tel,0.49112,0.40436,0.057533,2025.6,8.9479,22.966,6.4666,2023.7,-114.7,0.98307,0.98183,0.18167,0.069554,0.98201,0.98115,0.18728,0.079316,0.28637,0.25239,1.1795,0.74053,45,9,0.30644,0.007566,0.29887,9,0,8,0,0,1,0.68863,0,1,y,y,y,y,y,y,m,y,m,m,m,m,m,,,,,0,prefer,transformed-cumulative,1,1,0,0,0,0,,,,,,,,1715,,,,,,,,1,1,0,0,0,0,delete,
tel_net_3.5Mar_d249_m163,teleworking/commuting,The Netherlands,3.5,Market Formation,Partial up to max PrivateEquityInvestment,Partial up to max $ million,tel,18.869,0.002478,0.015502,2021.8,0.23289,2.1322,1554.7,1.5749e+05,-30.901,0.94847,0.94461,0.10063,0.029989,-0.080609,-0.13332,0.4608,0.12585,0.1972,0.15804,0.39717,0.22578,44,7,1,0.056361,0.94364,8,0,3,0,1,1,0.5102,0,1,y,y,y,m,m,m,m,y,m,m,m,m,m,,,,not needed as transformed-cumulative preferred,1,delete,transformed-partial,0,0,0,0,0,0,,,,,,,,1716,,,,,,,,0,0,0,0,0,0,delete,
tel_net_3.5Mar_d250_m162,teleworking/commuting,The Netherlands,3.5,Market Formation,cumulative TotalFundraisingAmount,cumulative $ million,tel,0.44352,0.31904,0.083072,2023.8,9.9081,16.773,6.7594,2023.1,-165.61,0.98511,0.98402,0.22876,0.094982,0.9803,0.97937,0.26306,0.13987,0.33128,0.29943,1.5328,1.0678,45,9,0.51835,0.01036,0.50799,9,0,8,0,0,1,0.74838,0,1,y,y,y,y,y,y,y,y,y,y,y,y,y,,,,,0,prefer,transformed-cumulative,1,1,0,0,0,0,,,,,,,,1717,,,,,,,,1,1,0,0,0,0,delete,
tel_net_3.5Mar_d251_m163,teleworking/commuting,The Netherlands,3.5,Market Formation,Partial up to max TotalFundraisingAmount,Partial up to max $ million,tel,0.34929,0.0028657,0.019588,2051.6,12.581,47113,1554.7,1.575e+05,-39.042,0.67116,0.64649,0.29583,0.10157,-0.10046,-0.15414,0.54117,0.16351,0.23248,0.19504,0.45195,0.28826,44,7,4.5257e-05,2.5507e-06,4.2706e-05,8,0,3,0,1,1,0.41878,0,1,m,y,y,m,m,m,m,m,m,m,m,m,m,,,,not needed as transformed-cumulative preferred,1,delete,transformed-partial,0,0,0,0,0,0,,,,,,,,1718,,,,,,,,0,0,0,0,0,0,delete,
tel_net_3.5Mar_d252_m160,teleworking/commuting,The Netherlands,3.5,Market Formation,cumulative TotalFundraisingDeals,cumulative # deals,tel,0.57369,0.248,0.183,2020.3,7.6599,16.662,2.068,2015.5,-364.8,0.99568,0.99536,0.2508,0.11586,0.96419,0.96248,0.72199,0.41844,0.38809,0.35895,2.9843,2.2553,45,9,0.90024,0.060016,0.84022,9,0,8,0,0,0,0.83442,0,1,y,y,y,y,y,y,y,y,y,y,y,y,y,,,,,0,prefer,transformed-cumulative,1,1,0,0,0,0,,,,,,,,1719,,,,,,,,1,1,0,0,0,0,delete,
tel_net_3.5Mar_d253_m161,teleworking/commuting,The Netherlands,3.5,Market Formation,Partial up to max TotalFundraisingDeals,Partial up to max # deals,tel,1.3119,0.0041921,0.033525,2016.6,3.3497,2.0462,1554.4,1.5752e+05,-66.804,0.88787,0.87924,0.23206,0.075631,-0.16216,-0.22027,0.74709,0.27907,0.36039,0.32841,0.55424,0.40613,43,7,1.4661,0.48871,0.97743,7,0,6,0,0,1,0.66667,0,1,y,y,y,y,y,y,m,y,y,m,m,y,y,,,,not needed as transformed-cumulative preferred,1,delete,transformed-partial,0,0,0,0,0,0,,,,,,,,1720,,,,,,,,0,0,0,0,0,0,delete,
tel_usa_1.1Ado_d091_m117,teleworking/commuting,US,1.1,Adoption over time,Employed persons teleworking as a percentage of the total employment (%),Percentage of total employment,tel,0.099701,0.0013676,0.0039119,2131.4,44.076,9780.2,1555.1,1.5747e+05,-7.7839,0.45522,0.38712,0.050424,0.034681,-1.2001,-1.3761,0.10133,0.074839,0.29345,0.23692,0.057424,0.037884,28,28,3.5786e-05,7.1573e-07,3.5071e-05,44,3,27,0,0,1,0.73108,1,1,m,y,y,m,y,m,y,m,m,m,m,m,m,,,,* error / discontinuity in data,0,original,duplicated in market share,0,1,0,0,0,0,,,,,,,,1721,,,,,,,,0,1,0,0,0,0,delete,
tel_usa_1.1Ado_d324_m183,teleworking/commuting,US,1.1,Adoption over time,Partial up to 2019 Employed persons teleworking as a percentage of the total employment (%),Partial up to 2019 Percentage of total employment,tel,0.29096,0.010874,0.00063691,1986.6,15.103,0.051796,0.0084934,1845,-1.2286,0.72172,0.67998,0.0055261,0.0044233,0.2203,0.14605,0.00925,0.0074779,0.27159,0.20222,0.0089406,0.0077057,24,24,1.2163,0.13515,1.0812,40,10,23,1,0,1,0.95575,1,1,y,y,y,y,y,y,y,y,m,y,m,y,m,,,,* error / discontinuity in data,0,prefer-relative,transformed-partial,0,1,0,1,0,0,,,,,,,,1722,,,,,,,,0,1,0,1,0,0,,
tel_usa_1.1Ado_d331_m185,teleworking/commuting,US,1.1,Adoption over time,teleworkers as a share of all employed persons,market share,tel,0.10915,0.0013676,0.0039119,2036.1,40.259,1,1555.1,1.5747e+05,-7.7839,0.44359,0.37404,0.050959,0.035362,-1.2001,-1.3761,0.10133,0.074839,0.29345,0.23692,0.057424,0.037884,28,28,0.35,0.007,0.343,44,3,27,0,0,1,0.73108,1,1,m,y,y,m,y,m,y,y,m,m,m,m,m,,,,* error / discontinuity in data,0,,transformed-marketshare,0,1,0,0,0,0,,,,,,,,1723,,,,,,,,0,1,0,0,0,0,delete,
tel_usa_3.5Mar_d074_m128,teleworking/commuting,US,3.5,Market Formation,CumulativeStartups,cum. # companies,tel,0.11629,0.0982,2.7565,2031,37.79,478.95,0.36946,1962.8,-5483.5,0.98941,0.98864,4.1669,2.9649,0.98777,0.98719,4.4781,3.1973,0.78154,0.77113,18.927,16.093,45,42,0.28187,0.0041758,0.27769,42,1,41,0,0,0,0.92516,0,0,y,y,y,y,y,y,y,y,y,y,y,y,y,,,,,0,prefer,original,1,1,0,0,0,1,,,,,,,,1724,,,,,,,,1,1,0,0,0,1,,
tel_usa_3.5Mar_d126_m008,teleworking/commuting,US,3.5,Market Formation,NewStartups,# companies,tel,0.51432,0.019902,0.20145,2011.7,8.5442,8.4969,1551.6,1.5781e+05,-400.3,0.55751,0.52514,2.582,1.7022,-0.59735,-0.67341,4.9058,3,0.4543,0.42832,2.8674,1.9518,45,32,1.883,0.11769,1.7653,41,3,34,0,1,1,0.82918,0,1,m,y,y,m,m,m,y,y,y,m,m,m,m,,,,,0,hide,original,1,1,0,0,0,0,,,,,,,,1725,,,,,,,,1,1,0,0,0,0,delete,
tel_usa_3.5Mar_d171_m011,teleworking/commuting,US,3.5,Market Formation,PrivateEquityDeals,# deals,tel,0.65606,0.041824,0.43057,2017.3,6.6982,24.346,1546.4,1.5832e+05,-857.77,0.86695,0.85722,2.9592,1.3043,-0.27086,-0.33138,9.1457,4.2222,0.47508,0.45009,5.8778,4.3846,45,22,1.3554,0.041074,1.3144,27,2,26,0,0,1,0.92109,0,1,y,y,y,y,y,y,y,y,y,y,y,y,y,,,,,0,hide,original,1,1,0,0,0,0,,,,,,,,1726,,,,,,,,1,1,0,0,0,0,delete,
tel_usa_3.5Mar_d175_m027,teleworking/commuting,US,3.5,Market Formation,PrivateEquityInvestment,$ million,tel,4.2406,0.1549,1.8921,2018.4,1.0363,109.16,0.64348,1989.8,-3769.7,0.73431,0.71487,21.011,9.0929,0.63114,0.61358,24.757,12.125,0.36341,0.33309,32.524,22.632,45,22,1.6961,0.0068681,1.6892,27,2,12,0,1,1,0.7739,0,0,y,y,y,m,m,m,y,y,y,m,m,m,m,,,,,0,hide,original,1,1,0,0,0,0,,,,,,,,1727,,,,,,,,1,1,0,0,0,0,delete,
tel_usa_3.5Mar_d200_m027,teleworking/commuting,US,3.5,Market Formation,TotalFundraisingAmount,$ million,tel,21.44,0.1066,8.2705,2018.1,0.20497,565.72,0.035342,1935.3,-16469,0.41996,0.37752,219.58,83.293,0.18783,0.14916,259.83,114.61,0.13879,0.097781,267.56,133.43,45,27,2.8943,0.00066287,2.8936,33,5,17,1,1,1,0.50314,0,0,m,y,y,m,m,m,m,y,m,m,m,m,m,,,,,0,hide,original,1,1,0,0,0,0,,,,,,,,1728,,,,,,,,1,1,0,0,0,0,delete,
tel_usa_3.5Mar_d204_m011,teleworking/commuting,US,3.5,Market Formation,TotalFundraisingDeals,# deals,tel,0.6769,0.13097,0.52833,2017,6.4921,28.786,7.2202,2012.5,-1052.2,0.87528,0.86615,3.4116,1.7906,0.77019,0.75925,4.6308,2.5186,0.50452,0.48092,6.7998,5.1794,45,27,1.2854,0.034739,1.2506,33,2,32,0,0,1,0.92688,0,1,y,y,y,m,m,m,y,y,y,m,m,m,m,,,,,0,hide,original,1,1,0,0,0,0,,,,,,,,1729,,,,,,,,1,1,0,0,0,0,delete,
tel_usa_3.5Mar_d242_m156,teleworking/commuting,US,3.5,Market Formation,cumulative CumulativeStartups,cumulative cum. # companies,tel,0.11703,0.10751,28.644,2037.5,37.549,9207.8,0.0012557,1893.2,-57004,0.99886,0.99877,14.361,13.227,0.99845,0.99838,16.711,14.514,0.76658,0.75547,205.27,170.02,45,42,0.17116,0.00021721,0.17094,42,0,41,0,0,0,0.90209,0,0,y,y,y,y,y,y,y,m,y,m,y,m,y,,,,not needed as transformed-cumulative twice (error),1,delete,transformed-cumx2error,0,0,0,0,0,0,,,,,,,,1730,,,,,,,,0,0,0,0,0,0,delete,
tel_usa_3.5Mar_d243_m157,teleworking/commuting,US,3.5,Market Formation,Partial up to max CumulativeStartups,Partial up to max cum. # companies,tel,0.10485,0.1033,2.6318,2055.9,41.913,4639.8,0.37652,1965.5,-5234.8,0.9919,0.99129,3.4212,2.6322,0.99189,0.99149,3.4238,2.6441,0.77303,0.76196,18.108,15.107,44,41,0.029096,0.00043106,0.028665,41,0,40,0,0,0,0.91284,0,0,y,y,y,y,y,y,y,m,y,m,y,y,y,,,,not needed as transformed-cumulative preferred,1,delete,transformed-partial,0,0,0,0,0,0,,,,,,,,1731,,,,,,,,0,0,0,0,0,0,delete,
tel_usa_3.5Mar_d244_m158,teleworking/commuting,US,3.5,Market Formation,cumulative NewStartups,cumulative # companies,tel,0.11629,0.0982,2.7565,2031,37.79,478.95,0.36946,1962.8,-5483.5,0.98941,0.98864,4.1669,2.9649,0.98777,0.98719,4.4781,3.1973,0.78154,0.77113,18.927,16.093,45,42,0.28187,0.0041758,0.27769,42,1,41,0,0,0,0.92516,0,0,y,y,y,y,y,y,y,y,y,y,y,y,y,,,,not needed as cumulative in original data,1,delete,transformed-cumulative,0,0,0,0,0,0,,,,,,,,1732,,,,,,,,0,0,0,0,0,0,delete,
tel_usa_3.5Mar_d245_m159,teleworking/commuting,US,3.5,Market Formation,Partial up to max NewStartups,Partial up to max # companies,tel,0.13589,0.022434,0.22666,2096.5,32.339,4.376e+05,1551,1.5786e+05,-450.58,0.81831,0.80358,1.5413,1.1595,-0.57075,-0.65342,4.5317,2.7317,0.5501,0.52642,2.4253,1.7438,41,29,3.6563e-05,2.2852e-06,3.4278e-05,38,0,31,0,1,1,0.72922,0,1,y,y,y,m,m,m,y,m,y,m,m,m,m,,,,not needed as transformed-cumulative preferred,1,delete,transformed-partial,0,0,0,0,0,0,,,,,,,,1733,,,,,,,,0,0,0,0,0,0,delete,
tel_usa_3.5Mar_d246_m160,teleworking/commuting,US,3.5,Market Formation,cumulative PrivateEquityDeals,cumulative # deals,tel,0.31701,0.20889,2.5739,2022.8,13.862,334.56,0.06872,1985.6,-5128.5,0.99477,0.99439,3.4518,2.3121,0.98893,0.9884,5.0213,2.7835,0.49056,0.4663,34.065,25.864,45,27,0.5679,0.002989,0.56492,27,0,26,0,0,1,0.84607,0,0,y,y,y,y,y,y,y,y,y,y,y,y,y,,,,,0,prefer,transformed-cumulative,1,1,0,0,0,0,,,,,,,,1734,,,,,,,,1,1,0,0,0,0,delete,
tel_usa_3.5Mar_d247_m161,teleworking/commuting,US,3.5,Market Formation,Partial up to max PrivateEquityDeals,Partial up to max # deals,tel,0.31442,0.025093,0.40441,2023.9,13.976,94.886,19.045,2870.8,-805.62,0.98653,0.9855,0.88141,0.55811,-0.22527,-0.28653,8.4068,3.6047,0.43665,0.40848,5.7004,4.0724,43,20,0.34778,0.010539,0.33725,25,0,24,0,0,1,0.7871,0,1,y,y,y,y,y,y,y,y,y,y,y,y,y,,,,not needed as transformed-cumulative preferred,1,delete,transformed-partial,0,0,0,0,0,0,,,,,,,,1735,,,,,,,,0,0,0,0,0,0,delete,
tel_usa_3.5Mar_d248_m162,teleworking/commuting,US,3.5,Market Formation,cumulative PrivateEquityInvestment,cumulative $ million,tel,0.2991,0.2247,10.59,2024.8,14.692,1984,0.0007676,1961.8,-21100,0.98855,0.98771,21.409,13.758,0.98619,0.98553,23.514,13.039,0.47253,0.44742,145.31,106.82,45,27,0.41493,0.0025202,0.41241,27,0,26,0,0,1,0.83065,0,0,y,y,y,y,y,y,y,y,y,y,y,y,y,,,,,0,prefer,transformed-cumulative,1,1,0,0,0,0,,,,,,,,1736,,,,,,,,1,1,0,0,0,0,delete,
tel_usa_3.5Mar_d249_m163,teleworking/commuting,US,3.5,Market Formation,Partial up to max PrivateEquityInvestment,Partial up to max $ million,tel,0.32988,0.32988,1.6809,2054.4,13.321,7.4083e+06,1.2468,2007.1,-3348.6,0.8866,0.87788,12.056,5.8496,0.8866,0.88094,12.056,5.8496,0.33947,0.30644,29.097,19.372,43,20,2.4992e-05,1.012e-07,2.4891e-05,25,0,10,0,1,1,0.56297,0,0,y,y,y,m,m,m,m,m,y,m,m,m,m,,,,not needed as transformed-cumulative preferred,1,delete,transformed-partial,0,0,0,0,0,0,,,,,,,,1737,,,,,,,,0,0,0,0,0,0,delete,
tel_usa_3.5Mar_d250_m162,teleworking/commuting,US,3.5,Market Formation,cumulative TotalFundraisingAmount,cumulative $ million,tel,1.1249,0.18309,61.537,2018.9,3.9064,3899,5.4776e-05,1924.3,-1.2256e+05,0.94631,0.94238,260.68,184.79,0.91346,0.90934,330.96,195.57,0.5046,0.48101,791.87,621.86,45,33,1.0182,0.00038471,1.0179,33,0,32,0,0,1,0.86775,0,0,y,y,y,m,y,m,y,y,y,m,m,m,m,,,,,0,prefer,transformed-cumulative,1,1,0,0,0,0,,,,,,,,1738,,,,,,,,1,1,0,0,0,0,delete,
tel_usa_3.5Mar_d251_m163,teleworking/commuting,US,3.5,Market Formation,Partial up to max TotalFundraisingAmount,Partial up to max $ million,tel,3.9819,3.9663,6.5741,2020,1.1036,1.0513e+05,1.0474e-28,2000.9,-13090,0.98546,0.98425,30.726,13.62,0.98546,0.98467,30.726,13.62,0.088693,0.039433,243.25,99.912,40,22,0.015575,3.5672e-06,0.015572,28,0,12,0,1,1,0.025807,0,0,y,y,y,m,m,m,m,m,m,m,m,m,m,,,,not needed as transformed-cumulative preferred,1,delete,transformed-partial,0,0,0,0,0,0,,,,,,,,1739,,,,,,,,0,0,0,0,0,0,delete,
tel_usa_3.5Mar_d252_m160,teleworking/commuting,US,3.5,Market Formation,cumulative TotalFundraisingDeals,cumulative # deals,tel,0.18959,0.17548,3.6534,2033.5,23.179,1872.3,0.034315,1973,-7276.4,0.98944,0.98867,6.4685,4.4775,0.98925,0.98874,6.5256,4.4227,0.56814,0.54757,41.367,31.925,45,33,0.13246,0.00053411,0.13193,33,0,32,0,0,0,0.86147,0,0,y,y,y,y,y,y,y,m,y,m,y,m,y,,,,,0,prefer,transformed-cumulative,1,1,0,0,0,0,,,,,,,,1740,,,,,,,,1,1,0,0,0,0,delete,
tel_usa_3.5Mar_d253_m161,teleworking/commuting,US,3.5,Market Formation,Partial up to max TotalFundraisingDeals,Partial up to max # deals,tel,0.34147,0.22557,0.49834,2021,12.869,64.493,0.097499,1995.3,-992.41,0.97603,0.97419,1.3936,0.9408,0.9712,0.96976,1.5275,0.99405,0.47206,0.44567,6.54,4.7916,43,25,0.57371,0.015506,0.5582,31,0,30,0,0,1,0.81596,0,1,y,y,y,m,m,m,y,y,y,m,m,m,m,,,,not needed as transformed-cumulative preferred,1,delete,transformed-partial,0,0,0,0,0,0,,,,,,,,1741,,,,,,,,0,0,0,0,0,0,delete,
tel_usa_4.1Sal_d213_m100,teleworking/commuting,US,4.1,Knowledge Flows (social networks),annualised Google search frequency (index 100=monthly max.),Index 0-100,tel,0.46149,0.18584,4.4041,2019.5,9.5223,106.55,0.10128,1986.6,-8841.5,0.91959,0.9054,9.0226,7.1565,0.88056,0.86729,10.996,8.7693,0.70246,0.6694,17.356,15.549,21,20,0.93855,0.0029057,0.93565,20,2,14,1,1,1,0.86114,0,1,y,y,y,m,y,m,y,y,y,m,m,m,m,,,,,0,hide,original,1,1,0,0,0,0,,,,,,,,1742,,,,,,,,1,1,0,0,0,0,delete,
tel_usa_4.1Sal_d239_m153,teleworking/commuting,US,4.1,Knowledge Flows (social networks),Partial up to max annualised Google search frequency (index 100=monthly max.),Partial up to max Index 0-100,tel,0.27092,0.27092,3.7505,2060.7,16.22,3.4099e+06,0.083641,1996.1,-7527.6,0.91242,0.8949,7.8173,6.762,0.91242,0.90147,7.8173,6.762,0.60478,0.55537,16.606,14.147,19,18,2.9327e-05,9.0794e-08,2.9236e-05,18,0,12,0,1,1,0.69838,0,1,y,y,y,m,y,m,m,m,y,m,m,m,m,,,,,0,prefer,transformed-partial,1,1,0,0,0,1,,,,,,,,1743,,,,,,,,1,1,0,0,0,1,,
tex_glo_3.3Sci_d183_m020,textile recycling,Global,3.3,Risk & uncertainty (shared expectations),Scientific publications on textile waste water treatment,# publications,m14,0.11534,0.11533,10.114,2095.1,38.1,3.4316e+06,0.0010167,1904.9,-20060,0.97812,0.97678,28.108,17.74,0.97812,0.97724,28.108,17.741,0.66295,0.64946,110.31,85.128,53,45,0.00022234,2.9141e-07,0.00022205,48,1,47,0,0,1,0.90323,0,0,y,y,y,y,y,y,y,m,y,m,y,m,y,1,,,"good; only available global, apply to all EA regions",0,,,1,1,0,0,1,1,,,,,,,,1744,,,,,,,,1,1,0,0,1,1,,
tex_glo_3.5Mar_d074_m128,textile recycling,Global,3.5,Market Formation,CumulativeStartups,cum. # companies,m14,0.19432,0.13481,1.4593,2023,22.614,156.58,0.65186,1987.4,-2906,0.9912,0.99053,2.1608,1.8091,0.98592,0.98523,2.7327,1.7142,0.64762,0.63043,13.669,11.305,44,44,0.51091,0.0063863,0.50452,44,1,43,0,0,0,0.90148,0,1,y,y,y,y,y,y,y,y,y,y,y,y,y,1,,,,0,prefer,original,1,1,0,0,0,1,,,,,,,,1745,,,,,,,,1,1,0,0,0,1,,
tex_glo_3.5Mar_d126_m008,textile recycling,Global,3.5,Market Formation,NewStartups,# companies,m14,0.59525,0.015379,0.1525,2013.5,7.3826,6.3972,1552.1,1.5775e+05,-303.57,0.65218,0.62609,1.6882,0.94585,-0.40343,-0.47189,3.3912,1.8182,0.45766,0.4312,2.1081,1.5864,44,20,1.5632,0.15632,1.4069,43,4,42,0,0,1,0.81028,0,1,m,y,y,m,m,m,y,y,y,m,m,m,m,2,,,,0,hide,original,1,1,0,0,0,0,,,,,,,,1746,,,,,,,,1,1,0,0,0,0,delete,
tex_glo_3.5Mar_d171_m011,textile recycling,Global,3.5,Market Formation,PrivateEquityDeals,# deals,m14,0.51309,0.023983,0.24221,2018.3,8.5647,15.029,1550.1,1.5796e+05,-482.83,0.82698,0.81401,1.938,0.80336,-0.22388,-0.28358,5.1544,2.2045,0.43578,0.40826,3.4997,2.4704,44,13,1.5303,0.066536,1.4638,14,1,12,0,0,1,0.76133,0,1,y,y,y,y,y,y,y,y,y,y,y,y,y,2,,,,0,hide,original,1,1,0,0,0,0,,,,,,,,1747,,,,,,,,1,1,0,0,0,0,delete,
tex_glo_3.5Mar_d175_m027,textile recycling,Global,3.5,Market Formation,PrivateEquityInvestment,$ million,m14,23.115,0.18524,3.5458,2020.1,0.19011,264.18,0.045913,1977.3,-7069.6,0.72274,0.70195,45.501,17.415,0.54249,0.52017,58.449,26.872,0.27151,0.23597,73.754,46.507,44,13,1.6556,0.0013248,1.6542,14,2,13,1,0,1,0.67573,0,0,y,y,y,m,y,m,m,y,m,m,m,m,m,2,,,,0,hide,original,1,1,0,0,0,0,,,,,,,,1748,,,,,,,,1,1,0,0,0,0,delete,
tex_glo_3.5Mar_d200_m027,textile recycling,Global,3.5,Market Formation,TotalFundraisingAmount,$ million,m14,20.185,0.17794,4.2889,2020,0.21771,303.28,0.034862,1973,-8550.8,0.7494,0.73061,49.223,19.305,0.59255,0.57268,62.765,28.492,0.30678,0.27297,81.868,52.001,44,14,1.6013,0.00047315,1.6009,14,2,10,1,1,1,0.77445,0,0,y,y,y,m,y,m,y,y,y,m,m,m,m,2,,,,0,hide,original,1,1,0,0,0,0,,,,,,,,1749,,,,,,,,1,1,0,0,0,0,delete,
tex_glo_3.5Mar_d204_m011,textile recycling,Global,3.5,Market Formation,TotalFundraisingDeals,# deals,m14,0.50394,0.033822,0.34602,2018.1,8.7201,20.994,1547.9,1.5817e+05,-689.72,0.8314,0.81875,2.6844,1.1264,-0.23688,-0.29721,7.2707,3.1818,0.45172,0.42497,4.8408,3.4671,44,15,1.5242,0.047632,1.4766,15,1,14,0,0,1,0.7816,0,1,y,y,y,y,y,y,y,y,y,y,y,y,y,2,,,,0,hide,original,1,1,0,0,0,0,,,,,,,,1750,,,,,,,,1,1,0,0,0,0,delete,
tex_glo_3.5Mar_d242_m156,textile recycling,Global,3.5,Market Formation,cumulative CumulativeStartups,cumulative cum. # companies,m14,0.13494,0.13494,11.585,2119.1,32.565,2.7053e+08,0.0087583,1940.2,-23067,0.99808,0.99793,7.869,6.4959,0.99808,0.99798,7.869,6.4959,0.67149,0.65547,102.89,81.158,44,44,2.654e-06,3.6964e-09,2.6503e-06,44,0,43,0,0,0,0.87389,0,0,y,y,y,y,y,y,y,m,y,m,y,m,y,,,,not needed as transformed-cumulative twice (error),1,delete,transformed-cumx2error,0,0,0,0,0,0,,,,,,,,1751,,,,,,,,0,0,0,0,0,0,delete,
tex_glo_3.5Mar_d243_m157,textile recycling,Global,3.5,Market Formation,Partial up to max CumulativeStartups,Partial up to max cum. # companies,m14,0.16614,0.14611,1.352,2030.2,26.451,358.83,1.4863,1995.3,-2691.9,0.99352,0.99302,1.7006,1.4079,0.9929,0.99254,1.7797,1.3141,0.63104,0.61259,12.829,10.31,43,43,0.22294,0.0027868,0.22016,43,0,42,0,0,0,0.87947,0,1,y,y,y,y,y,y,y,y,y,y,y,y,y,,,,not needed as transformed-cumulative preferred,1,delete,transformed-partial,0,0,0,0,0,0,,,,,,,,1752,,,,,,,,0,0,0,0,0,0,delete,
tex_glo_3.5Mar_d244_m158,textile recycling,Global,3.5,Market Formation,cumulative NewStartups,cumulative # companies,m14,0.19432,0.13481,1.4593,2023,22.614,156.58,0.65186,1987.4,-2906,0.9912,0.99053,2.1608,1.8091,0.98592,0.98523,2.7327,1.7142,0.64762,0.63043,13.669,11.305,44,44,0.51091,0.0063863,0.50452,44,1,43,0,0,0,0.90148,0,1,y,y,y,y,y,y,y,y,y,y,y,y,y,,,,not needed as cumulative in original data,1,delete,transformed-cumulative,0,0,0,0,0,0,,,,,,,,1753,,,,,,,,0,0,0,0,0,0,delete,
tex_glo_3.5Mar_d245_m159,textile recycling,Global,3.5,Market Formation,Partial up to max NewStartups,Partial up to max # companies,m14,0.21209,0.013723,0.13401,2068.6,20.719,3.3371e+05,1552.5,1.5771e+05,-266.71,0.79516,0.77761,1.046,0.63847,-0.32016,-0.3935,2.6554,1.3077,0.42588,0.39398,1.7511,1.3545,39,16,2.9966e-05,2.9966e-06,2.6969e-05,39,0,38,0,0,1,0.63636,0,1,y,y,y,m,m,m,m,m,y,m,m,m,m,,,,not needed as transformed-cumulative preferred,1,delete,transformed-partial,0,0,0,0,0,0,,,,,,,,1754,,,,,,,,0,0,0,0,0,0,delete,
tex_glo_3.5Mar_d246_m160,textile recycling,Global,3.5,Market Formation,cumulative PrivateEquityDeals,cumulative # deals,m14,0.36596,0.24205,1.2124,2022.8,12.008,162.3,2.1631,2008,-2417.3,0.99761,0.99743,1.141,0.57504,0.99055,0.99009,2.2687,1.3697,0.43511,0.40755,17.542,13.169,44,14,0.59766,0.018484,0.57918,14,0,13,0,0,0,0.81675,0,1,y,y,y,y,y,y,y,y,y,y,y,y,y,,,,,0,prefer,transformed-cumulative,1,1,0,0,0,0,,,,,,,,1755,,,,,,,,1,1,0,0,0,0,delete,
tex_glo_3.5Mar_d247_m161,textile recycling,Global,3.5,Market Formation,Partial up to max PrivateEquityDeals,Partial up to max # deals,m14,0.25384,0.023834,0.24026,2064.8,17.312,8.2115e+05,1550.1,1.5795e+05,-478.93,0.92384,0.91799,1.277,0.66021,-0.20006,-0.26006,5.0693,2.0698,0.41514,0.38589,3.5389,2.5049,43,12,2.801e-05,1.2178e-06,2.6792e-05,13,0,11,0,0,1,0.63891,0,1,y,y,y,y,y,y,m,m,y,m,m,y,y,,,,not needed as transformed-cumulative preferred,1,delete,transformed-partial,0,0,0,0,0,0,,,,,,,,1756,,,,,,,,0,0,0,0,0,0,delete,
tex_glo_3.5Mar_d248_m162,textile recycling,Global,3.5,Market Formation,cumulative PrivateEquityInvestment,cumulative $ million,m14,0.65042,0.30594,14.771,2021.6,6.7563,1697.8,1.4215e-07,1948.5,-29455,0.98806,0.98717,34.985,13.997,0.96883,0.96731,56.536,26.1,0.34309,0.31104,259.54,181.86,44,14,0.80036,0.00020615,0.80016,14,0,13,0,0,1,0.78595,0,0,y,y,y,y,y,y,y,y,y,y,y,y,y,,,,,0,prefer,transformed-cumulative,1,1,0,0,0,0,,,,,,,,1757,,,,,,,,1,1,0,0,0,0,delete,
tex_glo_3.5Mar_d249_m163,textile recycling,Global,3.5,Market Formation,Partial up to max PrivateEquityInvestment,Partial up to max $ million,m14,4.3446,0.60815,3.2722,2020.7,1.0115,439.29,0.00015197,1997.5,-6523.8,0.91002,0.90292,25.389,6.8393,0.87482,0.8684,29.946,11.092,0.21959,0.17956,74.771,44.71,42,11,0.99564,0.00079673,0.99484,12,0,11,0,0,1,0.48246,0,0,y,y,y,m,m,m,m,y,m,m,m,m,m,,,,not needed as transformed-cumulative preferred,1,delete,transformed-partial,0,0,0,0,0,0,,,,,,,,1758,,,,,,,,0,0,0,0,0,0,delete,
tex_glo_3.5Mar_d250_m162,textile recycling,Global,3.5,Market Formation,cumulative TotalFundraisingAmount,cumulative $ million,m14,0.63347,0.29478,18.659,2021.5,6.9371,2072,7.7731e-06,1958.5,-37208,0.99131,0.99066,36.861,17.656,0.97258,0.97124,65.49,30.745,0.35896,0.32769,316.63,224.18,44,14,0.80098,0.00016892,0.80081,14,0,13,0,0,1,0.79652,0,0,y,y,y,y,y,y,y,y,y,y,y,y,y,,,,,0,prefer,transformed-cumulative,1,1,0,0,0,0,,,,,,,,1759,,,,,,,,1,1,0,0,0,0,delete,
tex_glo_3.5Mar_d251_m163,textile recycling,Global,3.5,Market Formation,Partial up to max TotalFundraisingAmount,Partial up to max $ million,m14,0.67439,0.51473,3.9709,2022.7,6.5162,1324.4,0.00015935,1992.9,-7916.5,0.93085,0.92539,25.079,10.548,0.93014,0.92656,25.207,10.786,0.2547,0.21648,82.333,49.918,42,12,0.36671,0.00010835,0.3666,12,0,8,0,1,1,0.57263,0,0,y,y,y,m,m,m,m,y,m,m,m,m,m,,,,not needed as transformed-cumulative preferred,1,delete,transformed-partial,0,0,0,0,0,0,,,,,,,,1760,,,,,,,,0,0,0,0,0,0,delete,
tex_glo_3.5Mar_d252_m160,textile recycling,Global,3.5,Market Formation,cumulative TotalFundraisingDeals,cumulative # deals,m14,0.34266,0.23227,1.8004,2023,12.824,244.35,0.28581,1997,-3589.4,0.99748,0.9973,1.7068,0.89894,0.99119,0.99076,3.1937,1.9545,0.45139,0.42462,25.204,19.11,44,15,0.57295,0.0040925,0.56886,15,0,14,0,0,1,0.82296,0,0,y,y,y,y,y,y,y,y,y,y,y,y,y,,,,,0,prefer,transformed-cumulative,1,1,0,0,0,0,,,,,,,,1761,,,,,,,,1,1,0,0,0,0,delete,
tex_glo_3.5Mar_d253_m161,textile recycling,Global,3.5,Market Formation,Partial up to max TotalFundraisingDeals,Partial up to max # deals,m14,0.24327,0.033756,0.34476,2066.5,18.064,1.129e+06,1547.9,1.5817e+05,-687.21,0.92967,0.92426,1.7244,0.89007,-0.21287,-0.27351,7.1609,3,0.43294,0.40459,4.8964,3.533,43,14,2.8344e-05,8.8576e-07,2.7458e-05,14,0,13,0,0,1,0.66485,0,1,y,y,y,y,y,y,m,m,y,m,m,y,y,,,,not needed as transformed-cumulative preferred,1,delete,transformed-partial,0,0,0,0,0,0,,,,,,,,1762,,,,,,,,0,0,0,0,0,0,delete,
tex_glo_4.1Sal_d213_m100,textile recycling,Global,4.1,Knowledge Flows (social networks),annualised Google search frequency (index 100=monthly max.),Index 0-100,m14,0.27155,0.27154,2.1811,2061.7,16.183,2.829e+06,0.035212,1994.7,-4366.5,0.68719,0.63198,14.483,9.8013,0.68719,0.65243,14.483,9.8014,0.26011,0.1779,22.274,18.496,21,20,3.5349e-05,5.6709e-07,3.4782e-05,21,0,9,0,1,1,0.73568,0,1,m,y,y,m,y,m,y,m,m,m,m,m,m,,,,no asympote,0,hide,original,0,1,0,0,0,0,,,,,,,,1763,,,,,,,,0,1,0,0,0,0,delete,
tex_glo_4.1Sal_d239_m153,textile recycling,Global,4.1,Knowledge Flows (social networks),Partial up to max annualised Google search frequency (index 100=monthly max.),Partial up to max Index 0-100,m14,0.27155,0.27154,2.1811,2061.7,16.183,2.829e+06,0.035212,1994.7,-4366.5,0.68719,0.63198,14.483,9.8013,0.68719,0.65243,14.483,9.8014,0.26011,0.1779,22.274,18.496,21,20,3.5349e-05,5.6709e-07,3.4782e-05,21,0,9,0,1,1,0.73568,0,1,m,y,y,m,y,m,y,m,m,m,m,m,m,,,,no asympote,0,prefer,transformed-partial,0,1,0,0,0,1,,,,,,,,1764,,,,,,,,0,1,0,0,0,1,,
tex_usa_1.1Ado_d180_m185,textile recycling,US,1.1,Adoption over time,recycled textiles as a share of textiles generation.,market share,m14,0.13192,0.020044,0.0025345,1982.4,33.311,0.15586,4.2384,2179,-4.9468,0.98803,0.98085,0.0048042,0.0037242,0.77726,0.70301,0.020727,0.01884,0.8734,0.83121,0.015626,0.014559,9,9,1.0201,0.1887,0.83137,49,4,8,1,0,1,0.91164,1,1,y,y,y,y,y,y,y,y,y,y,y,y,y,,,,,0,prefer-relative,transformed-marketshare,1,1,1,1,0,0,,,,,,,,1766,,,,,,,,1,1,1,1,0,0,,
tex_usa_1.1Ado_d180_m195,textile recycling,US,1.1,Adoption over time,Recycled textiles as a share of textiles generation.,%,m14,0.13192,0.020044,0.0025345,1982.4,33.311,0.15586,4.2384,2179,-4.9468,0.98803,0.98085,0.0048042,0.0037242,0.77726,0.70301,0.020727,0.01884,0.8734,0.83121,0.015626,0.014559,9,9,1.0201,0.1887,0.83137,49,4,8,1,0,1,0.91164,1,1,y,y,y,y,y,y,y,y,y,y,y,,,,,,,,,,,,,,,,,,,,,,,,,,,,,,,,,,,,,,
tex_usa_4.1Sal_d213_m100,textile recycling,US,4.1,Knowledge Flows (social networks),annualised Google search frequency (index 100=monthly max.),Index 0-100,m14,0.20689,0.20689,3.9715,2075.5,21.24,4.101e+06,6.1965,2010.7,-7974.6,0.96994,0.96463,4.733,3.8503,0.96994,0.9666,4.733,3.8503,0.77614,0.75127,12.916,10.385,21,17,2.4384e-05,1.041e-06,2.3343e-05,17,0,14,0,1,1,0.78506,0,1,y,y,y,y,y,y,y,m,y,m,y,m,y,,,,no asympote,0,hide,original,0,1,0,0,0,0,,,,,,,,1767,,,,,,,,0,1,0,0,0,0,delete,
tex_usa_4.1Sal_d239_m153,textile recycling,US,4.1,Knowledge Flows (social networks),Partial up to max annualised Google search frequency (index 100=monthly max.),Partial up to max Index 0-100,m14,0.20689,0.20689,3.9715,2075.5,21.24,4.101e+06,6.1965,2010.7,-7974.6,0.96994,0.96463,4.733,3.8503,0.96994,0.9666,4.733,3.8503,0.77614,0.75127,12.916,10.385,21,17,2.4384e-05,1.041e-06,2.3343e-05,17,0,14,0,1,1,0.78506,0,1,y,y,y,y,y,y,y,m,y,m,y,m,y,,,,no asympote,0,prefer,transformed-partial,0,1,0,0,1,1,,,,,,,,1768,,,,,,,,0,1,0,0,1,1,,
tim_ger_1.1Adod_m_0,time-and-work redesign,Germany,1.1,Adoption over time,share of working population in part time,%,tim,0.1514,0.010079,0.2961,1992.6,29.025,31.426,7.1771,1874.7,-567.04,0.97461,0.96826,0.40883,0.34696,0.83854,0.8137,1.031,0.85964,0.85822,0.83641,0.96608,0.81055,16,16,1.0135,0.73029,0.2832,26,0,15,0,0,0,0.94288,0,1,y,y,y,y,y,y,y,y,y,y,y,,,,,,,,,,,,,,,,,,,,,,,,,,,,,,,,,,,,,,
tim_ger_3.2Adcd_m_0,time-and-work redesign,Germany,3.2,Adopter characteristics,share of working population wishing to work less,%,tim,0.068801,0.017778,0.18167,2163.7,63.872,75160,1551.1,1.5789e+05,-363.31,0.85706,0.77129,0.19533,0.16192,-28.219,-37.958,2.7926,2.7444,0.82431,0.76574,0.21655,0.18099,9,9,4.6567e-05,2.9271e-05,1.7296e-05,9,0,7,0,1,0,0.86779,0,1,y,y,y,y,y,y,y,m,y,m,y,,,,,,,,,,,,,,,,,,,,,,,,,,,,,,,,,,,,,,
tra_ger_1.1Ado_d169_m142,train travel,Germany,1.1,Adoption over Time,Passengers carried in railways,million passenger-km,x1,0.050717,0.011034,906.21,1982.6,86.646,1.0491e+05,150.11,1437.6,-1.7382e+06,0.45066,0.37576,7568.6,4304.7,0.43735,0.38842,7659.8,4026,0.44299,0.39455,7621.3,4088.5,26,26,0.97248,0.56067,0.41181,26,1,0,0,0,0,0.96981,0,0,m,y,y,y,y,y,y,y,y,m,y,,,,,,,,,,,,,,,,,,,,,,,,,,,,,,,,,,,,,,
tra_ger_1.1Ado_d329_m185,train travel,Germany,1.1,Adoption over Time,share of pkm by rail,market share,x1,0.011278,0.0066227,0.00052056,2036.4,389.66,0.18805,0.3087,2213.8,-0.96617,0.37702,0.29207,0.0050224,0.0030672,0.3777,0.32358,0.0050197,0.0030462,0.37644,0.32222,0.0050248,0.0030762,26,26,0.50075,0.35148,0.14927,26,1,0,0,0,0,0.96682,1,1,m,y,y,y,y,y,y,m,y,m,y,,,,,,,,,,,,,,,,,,,,,,,,,,,,,,,,,,,,,,
tra_ger_4.1Sal_d213_m100,train travel,Germany,4.1,Knowledge Flows (social networks),annualised Google search frequency (index 100=monthly max.),Index 0-100,x1,-47.531,-0.072543,-0.77922,2008.8,-0.092455,20,-1519.5,-1.5515e+05,1574.1,0.16,0.011765,19.518,7.6194,-0.05,-0.16667,21.822,4.7619,0.049091,-0.056566,20.767,9.3342,21,1,5,5,0,1,0,0,0,0,,,0,1,n,n,m,m,m,m,m,m,m,n,n,,,,,,,,,,,,,,,,,,,,,,,,,,,,,,,,,,,,,,
tra_ger_4.1Sal_d239_m153,train travel,Germany,4.1,Knowledge Flows (social networks),Partial up to max annualised Google search frequency (index 100=monthly max.),Partial up to max Index 0-100,x1,15.561,,20,2008.1,0.2824,376.72,,,-40100,1,1,1.063e-05,4.8925e-06,,,,,0.5,0,28.284,24,5,1,0.26545,0.26545,0,1,0,0,0,0,,,0,1,y,n,y,m,m,m,m,m,y,n,n,,,,,,,,,,,,,,,,,,,,,,,,,,,,,,,,,,,,,,
tra_ger_4.5Inf_d232_m120,train travel,Germany,4.5,Physical Infrastructure dependence,rail infrastructure,Total route-km,x1,-0.0074788,-0.007478,-262.09,784.88,-587.59,3.3368e+08,60099,1937.7,5.619e+05,0.8408,0.80897,1052.5,846.06,0.84081,0.82091,1052.5,846.06,0.82777,0.80624,1094.7,870.48,19,19,0.00012503,9.9893e-05,2.5132e-05,27,18,6,0,1,0,0.94058,0,0,y,y,y,y,y,y,y,m,y,m,y,,,,,,,,,,,,,,,,,,,,,,,,,,,,,,,,,,,,,,
urb_glo_3.3Scid_m_0,urban densification & mixed-use planning,Global,3.3,Risk & Uncertainty (Shared Expectations),scientific publications on X-minute cities,# publications,urb,1.7779,0.6095,23.7,2021.5,2.4718,95.488,8.0153e-05,2000.1,-47860,0.99983,0.9993,0.45548,0.35796,0.9327,0.86539,8.9594,7.6851,0.94193,0.88385,8.3223,7.8,5,5,0.93206,0.010473,0.92159,5,0,4,0,0,1,0.59822,0,1,y,n,y,y,y,y,m,y,y,n,n,,,,,,,,,,,,,,,,,,,,,,,,,,,,,,,,,,,,,,
wor_bra_1.1Adod_m_0,World wide web,Brazil,1.1,Adoption over Time,Individuals using the internet,%,wor,0.21311,0.079243,2.9574,2011,20.621,88.398,0.66488,1960.5,-5901.6,0.99055,0.98964,2.9704,2.5883,0.91971,0.91469,8.6595,8.0099,0.9552,0.9524,6.4683,4.9249,35,34,0.95549,3.7197e-05,0.95546,34,0,33,0,0,1,0.94858,0,1,y,y,y,y,y,y,y,y,y,y,y,,,,,,,,,,,,,,,,,,,,,,,,,,,,,,,,,,,,,,
wor_ger_1.1Adod_m_0,World wide web,Germany,1.1,Adoption over Time,Individuals using the internet,%,wor,0.42757,0.047966,3.3202,2001.9,10.278,87.136,0.73458,1918.5,-6607.8,0.99283,0.99214,3.0314,2.6183,0.72617,0.70905,18.735,16.908,0.87719,0.86951,12.547,11.145,35,35,1.073,0.0014448,1.0716,35,0,34,0,0,1,0.96919,0,1,y,y,y,y,y,y,y,y,y,y,y,,,,,,,,,,,,,,,,,,,,,,,,,,,,,,,,,,,,,,
wor_ita_1.1Adod_m_0,World wide web,Italy,1.1,Adoption over Time,Individuals using the internet,%,wor,0.17641,0.063345,2.795,2007.9,24.911,84.231,0.82266,1948.5,-5570.2,0.9616,0.95789,5.5983,4.9671,0.89657,0.89011,9.1879,7.9797,0.97629,0.97481,4.3991,3.802,35,35,1.0592,0.00020829,1.059,35,0,34,0,0,1,0.94821,0,1,y,y,y,y,y,y,y,y,y,y,y,,,,,,,,,,,,,,,,,,,,,,,,,,,,,,,,,,,,,,
wor_jap_1.1Adod_m_0,World wide web,Japan,1.1,Adoption over Time,Individuals using the internet,%,wor,0.37637,0.046605,3.2497,2002.1,11.676,87.293,0.84326,1918.9,-6466.6,0.99077,0.98988,3.3855,3.0647,0.70895,0.69076,19.01,17.345,0.8675,0.85921,12.827,11.212,35,35,1.0675,0.00023248,1.0672,35,8,34,1,0,1,0.97325,0,1,y,y,y,y,y,y,y,y,y,y,y,,,,,,,,,,,,,,,,,,,,,,,,,,,,,,,,,,,,,,
wor_net_1.1Adod_m_0,World wide web,Netherlands,1.1,Adoption over Time,Individuals using the internet,%,wor,0.40838,0.041668,3.2739,2000.6,10.761,92.875,0.93236,1907.4,-6507.7,0.99554,0.99511,2.4234,1.7945,0.67838,0.65828,20.576,18.163,0.83052,0.81993,14.936,13.459,35,35,1.0445,0.0036004,1.0409,35,1,34,0,0,1,0.9723,0,1,y,y,y,y,y,y,y,y,y,y,y,,,,,,,,,,,,,,,,,,,,,,,,,,,,,,,,,,,,,,
wor_nig_1.1Adod_m_0,World wide web,Nigeria,1.1,Adoption over Time,Individuals using the internet,%,wor,0.22211,0.10328,1.4815,2015.4,19.785,46.082,4.4966,2001.3,-2962.3,0.9912,0.99019,1.31,1.1488,0.95127,0.94766,3.083,2.7207,0.90636,0.89943,4.2737,3.2824,30,29,0.89431,0.00019168,0.89411,29,0,28,0,0,1,0.9264,0,1,y,y,y,y,y,y,y,y,y,y,y,,,,,,,,,,,,,,,,,,,,,,,,,,,,,,,,,,,,,,
wor_por_1.1Adod_m_0,World wide web,Portugal,1.1,Adoption over Time,Individuals using the internet,%,wor,0.19887,0.064069,2.9798,2007.8,22.097,86.905,0.65145,1944.9,-5939.4,0.99136,0.99052,2.8181,2.4143,0.90059,0.89438,9.5573,8.6521,0.98568,0.98478,3.6277,2.8846,35,34,1.0182,0.0011533,1.0171,34,0,33,0,0,1,0.95502,0,1,y,y,y,y,y,y,y,y,y,y,y,,,,,,,,,,,,,,,,,,,,,,,,,,,,,,,,,,,,,,
wor_sou_1.1Adod_m_0,World wide web,South Korea,1.1,Adoption over Time,Individuals using the internet,%,wor,0.49113,0.046589,3.4764,2001,8.9477,90.508,0.73338,1914.1,-6916.9,0.97737,0.97518,5.6984,4.9268,0.70996,0.69183,20.4,18.375,0.85915,0.85035,14.216,12.278,35,35,1.0816,0.00025705,1.0814,35,0,34,0,0,1,0.97004,0,1,y,y,y,y,y,y,y,y,y,y,y,,,,,,,,,,,,,,,,,,,,,,,,,,,,,,,,,,,,,,
wor_swe_1.1Adod_m_0,World wide web,Sweden,1.1,Adoption over Time,Individuals using the internet,%,wor,0.46428,0.037106,3.0587,1999.8,9.465,92.951,1.1554,1899.9,-6074.2,0.99305,0.99239,2.9949,2.3778,0.63642,0.61439,21.656,18.691,0.78268,0.76951,16.743,14.689,36,36,1.0303,0.0062849,1.024,36,0,35,0,0,1,0.97483,0,1,y,y,y,y,y,y,y,y,y,y,y,,,,,,,,,,,,,,,,,,,,,,,,,,,,,,,,,,,,,,
wor_uki_1.1Adod_m_0,World wide web,United Kingdom,1.1,Adoption over Time,Individuals using the internet,%,wor,0.3956,0.047848,3.4796,2002,11.108,91.87,0.69438,1916.1,-6924.9,0.98918,0.98813,3.8978,3.0931,0.72756,0.71054,19.556,18.022,0.87976,0.87225,12.992,11.787,35,35,1.0471,0.00095086,1.0461,35,3,34,0,0,1,0.9703,0,1,y,y,y,y,y,y,y,y,y,y,y,,,,,,,,,,,,,,,,,,,,,,,,,,,,,,,,,,,,,,
wor_usa_1.1Adod_m_0,World wide web,United States,1.1,Adoption over Time,Individuals using the internet,%,wor,0.30413,0.043528,2.9423,2000.3,14.449,84.265,0.84102,1911.8,-5847.9,0.96323,0.95967,6.0086,5.0997,0.77302,0.75884,14.928,12.426,0.89938,0.8931,9.9391,8.4355,35,35,1.1238,0.0093126,1.1144,35,0,34,0,0,1,0.96783,0,1,y,y,y,y,y,y,y,y,y,y,y,,,,,,,,,,,,,,,,,,,,,,,,,,,,,,,,,,,,,,
