Code,Innovation Name,Spatial Scale,Indicator Number,Indicator Name,Description,Metric,Category,slope_log,slope_exp,slope_lin,log_t0,log_Dt,log_K,exp_a,exp_c,lin_intercept,log_r2,log_r2adj,log_rmse,log_mae,exp_r2,exp_r2adj,exp_rmse,exp_mae,lin_r2,lin_r2adj,lin_rmse,lin_mae,n_data_points,n_non_zero_data_points,max_over_K,min_over_K,range_over_k,length_trimmed_series_years,n_data_points_beyond_max,n_data_points_beyond_min,suspected_reversal_up2down,suspected_reversal_down2up,at_least_one_big_jump,autocorr_l1,all_values_less_than_or_equal_to_1,all_values_less_than_or_equal_to_100,C1_R2,C2_threshold_non_zero_value_years,C3_pct_non_zero,C4_less_than_250_jump_in_second_half,C4_less_than_80_fall_in_second_half,C4_combined_less_than_80_fall_and_250_jump_in_second_half,C5_volatility_autocorrelation_lag1_threshold_0.7,C6_{K_COVERAGE_THRESHOLD}_of_k_covered_by_data,C7_lin_r2,use_log,use_lin, old GN scoring @retreat,old GN comments,old CW scoring @retreat,comments_fit_CW,comments_delete_CW,comments_alternativeseries_CW,comments_transformations_CW,use_logfit_CW,use_linfit_CW,select_1.1_earegion_CW,select_1.1_allregions_CW,select_non1.1s_earegion_CW,select_non1.1s_allregions_CW,GN final scoring,use_logfit_GN,use_linfit_GN,select_1.1_earegion_GN,select_1.1_allregions_GN,select_non1.1s_earegion_GN,select_non1.1s_allregions_GN,PDF page,use_logfit_AGREE?,use_linfit_AGREE?,select_1.1_earegion_AGREE?,select_1.1_allregions_AGREE?,select_non1.1s_earegion_AGREE?,select_non1.1s_allregions_AGREE?,FINAL AGREED,use_logfit_FIN,use_linfit_FIN,select_1.1_earegion_FIN,select_1.1_allregions_FIN,select_non1.1s_earegion_FIN,select_non1.1s_allregions_FIN,Delete from working file,Unnamed: 89,code_without_indicator_name
eat_ger_1.1Ado_d258_m166,eating less meat,Germany,1.1,Adoption over time,Partial up to max % red in total meat consumption,Partial up to max % kg/yr,b1,,,-0.013249,,,,,,26.423,,,,,,,,,1,1,1.5765e-15,1.4155e-15,2,2,,,,2,1,0,0,0,0,0.49956,1,1,n,n,y,y,y,y,m,m,y,n,n,,,,too few,1,delete,transformed-partial,0,0,0,0,0,0,,1,1,0,0,0,0,265,check,check,,,,,,1,1,0,0,0,0,delete,,eat_ger_1.1_d258_m166
eat_ger_1.1Ado_d260_m170,eating less meat,Germany,1.1,Adoption over time,Partial up to max per capita beef consumption,Partial up to max Kg/yr,b1,-0.0010666,-0.00099417,-0.023182,-481.75,-4119.9,344.6,28.798,1765.1,69.159,0.065413,-0.40188,0.25203,0.2169,0.065427,-0.20159,0.25202,0.2169,0.065235,-0.20184,0.25205,0.217,10,10,0.068969,0.066757,0.0022128,10,1,2,1,1,0,0.89909,0,1,n,y,y,y,y,y,y,m,m,n,m,,,,not interested in this part of curve,1,delete,transformed-partial,0,0,0,0,0,0,,1,1,0,0,0,0,267,check,check,,,,,,1,1,0,0,0,0,delete,,eat_ger_1.1_d260_m170
eat_ger_1.1Ado_d262_m170,eating less meat,Germany,1.1,Adoption over time,Partial up to max per capita other meat consumption,Partial up to max kg/yr,b1,0.047747,0.047744,0.050807,2234.3,92.037,1.9301e+05,4.8751,2012.6,-99.343,0.48518,0.43193,0.59049,0.47484,0.48518,0.45086,0.59049,0.47484,0.34555,0.30192,0.66577,0.48838,33,33,2.4757e-05,4.6759e-06,2.0081e-05,33,1,13,0,1,0,0.91446,0,1,m,y,y,y,y,y,y,m,y,m,y,,,,not interested in this part of curve,1,delete,transformed-partial,0,0,0,0,0,0,,1,1,0,0,0,0,269,check,check,,,,,,1,1,0,0,0,0,delete,,eat_ger_1.1_d262_m170
eat_ger_1.1Ado_d264_m170,eating less meat,Germany,1.1,Adoption over time,Partial up to max per capita pig consumption,Partial up to max Kg/yr,b1,0.11889,0.017787,1.0357,1964.1,36.963,68.274,6.2147,1854.6,-1992.5,0.97688,0.97226,0.88966,0.65394,0.92159,0.91179,1.6385,1.262,0.93983,0.93231,1.4354,1.1028,19,19,0.9391,0.66583,0.27328,19,1,18,0,0,0,0.95047,0,1,y,y,y,y,y,y,y,y,y,y,y,,,,not interested in this part of curve,1,delete,transformed-partial,0,0,0,0,0,0,,1,1,0,0,0,0,271,check,check,,,,,,1,1,0,0,0,0,delete,,eat_ger_1.1_d264_m170
eat_ger_1.1Ado_d268_m170,eating less meat,Germany,1.1,Adoption over time,Partial up to max per capita sheep & goat consumption,Partial up to max Kg/yr,b1,0.28242,0.022055,0.019525,1971.9,15.56,0.95282,10.166,2098.2,-37.906,0.90044,0.888,0.058505,0.049294,0.67232,0.64611,0.10614,0.089069,0.72356,0.70145,0.097487,0.08452,28,28,1.1303,0.42532,0.70497,28,1,26,0,0,0,0.96625,0,1,y,y,y,y,y,y,y,y,y,y,y,,,,not interested in this part of curve,1,delete,transformed-partial,0,0,0,0,0,0,,1,1,0,0,0,0,275,check,check,,,,,,1,1,0,0,0,0,delete,,eat_ger_1.1_d268_m170
eat_ger_1.1Ado_d270_m170,eating less meat,Germany,1.1,Adoption over time,Partial up to max per capita total meat consumption,Partial up to max kg/yr,b1,0.11717,0.012376,1.149,1960.3,37.503,103.4,9.8224,1798.9,-2182.4,0.96756,0.96108,1.1801,0.92675,0.90917,0.89781,1.9749,1.5526,0.92242,0.91273,1.8251,1.4358,19,19,0.9641,0.75705,0.20705,19,1,18,0,0,0,0.94975,0,1,y,y,y,y,y,y,y,y,y,y,y,,,,not interested in this part of curve,1,delete,transformed-partial,0,0,0,0,0,0,,1,1,0,0,0,0,277,check,check,,,,,,1,1,0,0,0,0,delete,,eat_ger_1.1_d270_m170
mic_glo_3.5Mar_d242_m156,microfinance,Global,3.5,Market Formation,cumulative CumulativeStartups,cumulative cum. # companies,m10,0.12918,0.085128,140.36,2019.7,34.017,10231,0.005486,1858.7,-2.7919e+05,0.99943,0.99938,47.14,41.753,0.9885,0.98795,211.07,188.88,0.85808,0.85132,741.37,642.48,45,45,0.641,0.00029323,0.64071,45,0,44,0,0,1,0.93097,0,0,y,y,y,y,y,y,y,y,y,y,y,,,,not needed as transformed-cumulative twice (error),1,delete,transformed-cumx2error,0,0,0,0,0,0,,1,1,0,0,0,0,912,check,check,,,,,,1,1,0,0,0,0,delete,,mic_glo_3.5_d242_m156
mic_glo_3.5Mar_d243_m157,microfinance,Global,3.5,Market Formation,Partial up to max CumulativeStartups,Partial up to max cum. # companies,m10,0.13604,0.059444,9.0875,2009.1,32.302,408.04,0.29303,1901.7,-18047,0.99781,0.99765,5.6538,4.54,0.94789,0.94541,27.58,23.369,0.95416,0.95198,25.868,22.681,45,45,0.85042,0.0073523,0.84306,45,1,44,0,0,0,0.96143,0,0,y,y,y,y,y,y,y,y,y,y,y,,,,not needed as transformed-cumulative preferred,1,delete,transformed-partial,0,0,0,0,0,0,,1,1,0,0,0,0,913,check,check,,,,,,1,1,0,0,0,0,delete,,mic_glo_3.5_d243_m157
mic_glo_3.5Mar_d244_m158,microfinance,Global,3.5,Market Formation,cumulative NewStartups,cumulative # companies,m10,0.13604,0.059444,9.0875,2009.1,32.302,408.04,0.29303,1901.7,-18047,0.99781,0.99765,5.6538,4.54,0.94789,0.94541,27.58,23.369,0.95416,0.95198,25.868,22.681,45,45,0.85042,0.0073523,0.84306,45,1,44,0,0,0,0.96143,0,0,y,y,y,y,y,y,y,y,y,y,y,,,,not needed as cumulative in original data,1,delete,transformed-cumulative,0,0,0,0,0,0,,1,1,0,0,0,0,914,check,check,,,,,,1,1,0,0,0,0,delete,,mic_glo_3.5_d244_m158
mic_glo_3.5Mar_d245_m159,microfinance,Global,3.5,Market Formation,Partial up to max NewStartups,Partial up to max # companies,m10,0.09281,0.065077,0.38342,2006.3,47.349,22.962,7.2309,1998.6,-758.45,0.53571,0.47768,2.8928,2.0176,0.53355,0.49623,2.8996,2.0482,0.53219,0.49476,2.9038,1.9992,28,28,0.82744,0.043549,0.78389,28,1,26,0,0,1,0.77116,0,1,m,y,y,m,y,m,y,y,y,m,m,,,,not needed as transformed-cumulative preferred,1,delete,transformed-partial,0,0,0,0,0,0,,1,1,0,0,0,0,915,check,check,,,,,,1,1,0,0,0,0,delete,,mic_glo_3.5_d245_m159
mic_glo_3.5Mar_d247_m161,microfinance,Global,3.5,Market Formation,Partial up to max PrivateEquityDeals,Partial up to max # deals,m10,0.28434,0.13649,0.62854,2011.5,15.455,30.358,9.5322,2009.4,-1250.8,0.9396,0.93442,2.1376,1.2813,0.91068,0.90572,2.5994,1.8984,0.6615,0.64269,5.0604,4.2825,39,18,0.95526,0.03294,0.92232,30,1,29,0,0,1,0.88633,0,1,y,y,y,m,y,m,y,y,y,m,m,,,,not needed as transformed-cumulative preferred,1,delete,transformed-partial,0,0,0,0,0,0,,1,1,0,0,0,0,917,check,check,,,,,,1,1,0,0,0,0,delete,,mic_glo_3.5_d247_m161
mic_glo_3.5Mar_d249_m163,microfinance,Global,3.5,Market Formation,Partial up to max PrivateEquityInvestment,Partial up to max $ million,m10,0.22463,0.18501,7.9904,2025.3,19.563,1675.7,0.0059858,1960.2,-15914,0.71568,0.69381,82.911,38.237,0.71439,0.70011,83.098,39.575,0.40667,0.377,119.77,80.256,43,18,0.49146,0.0017007,0.48976,19,1,18,0,0,1,0.62548,0,0,y,y,y,m,y,m,m,y,y,m,m,,,,not needed as transformed-cumulative preferred,1,delete,transformed-partial,0,0,0,0,0,0,,1,1,0,0,0,0,919,check,check,,,,,,1,1,0,0,0,0,delete,,mic_glo_3.5_d249_m163
mic_glo_3.5Mar_d251_m163,microfinance,Global,3.5,Market Formation,Partial up to max TotalFundraisingAmount,Partial up to max $ million,m10,28.138,0.24409,40.676,2012.1,0.15617,3082.2,2.1671e-05,1938.2,-80937,0.51034,0.46296,667.11,247.83,0.35827,0.31816,763.71,306.66,0.18568,0.13479,860.3,429.26,35,14,1.8224,0.00023866,1.8222,15,1,13,0,0,1,0.22726,0,0,m,y,y,m,m,m,m,y,m,m,m,,,,not needed as transformed-cumulative preferred,1,delete,transformed-partial,0,0,0,0,0,0,,0,1,0,0,0,0,921,,check,,,,,,0,1,0,0,0,0,delete,,mic_glo_3.5_d251_m163
mic_glo_3.5Mar_d253_m161,microfinance,Global,3.5,Market Formation,Partial up to max TotalFundraisingDeals,Partial up to max # deals,m10,0.36644,0.12281,1.748,2009.2,11.992,67.987,1.5031,1985.5,-3477.7,0.98571,0.98449,2.7759,1.8337,0.92878,0.92483,6.1969,4.8572,0.71773,0.70205,12.337,10.562,39,28,1.0884,0.014709,1.0737,34,1,33,0,0,1,0.92079,0,1,y,y,y,y,y,y,y,y,y,y,y,,,,not needed as transformed-cumulative preferred,1,delete,transformed-partial,0,0,0,0,0,0,,1,1,0,0,0,0,923,check,check,,,,,,1,1,0,0,0,0,delete,,mic_glo_3.5_d253_m161
mic_ind_3.5Mar_d242_m156,microfinance,India,3.5,Market Formation,cumulative CumulativeStartups,cumulative cum. # companies,m10,0.12315,0.074681,21.023,2016.7,35.683,1279.8,0.03157,1885,-41796,0.99748,0.99729,14.382,12.905,0.98053,0.9796,39.941,35.651,0.90975,0.90546,85.991,74.898,45,42,0.7267,0.00078139,0.72592,42,0,41,0,0,0,0.94036,0,0,y,y,y,y,y,y,y,y,y,y,y,,,,not needed as transformed-cumulative twice (error),1,delete,transformed-cumx2error,0,0,0,0,0,0,,1,1,0,0,0,0,939,check,check,,,,,,1,1,0,0,0,0,delete,,mic_ind_3.5_d242_m156
mic_ind_3.5Mar_d243_m157,microfinance,India,3.5,Market Formation,Partial up to max CumulativeStartups,Partial up to max cum. # companies,m10,0.1197,0.051949,1.1098,2005.2,36.711,47.758,3.2791,1969.8,-2201,0.97917,0.97757,2.0051,1.611,0.9287,0.92513,3.7098,3.277,0.98269,0.98183,1.8276,1.5272,43,40,0.87944,0.020939,0.8585,40,1,39,0,0,0,0.96252,0,1,y,y,y,y,y,y,y,y,y,y,y,,,,not needed as transformed-cumulative preferred,1,delete,transformed-partial,0,0,0,0,0,0,,1,1,0,0,0,0,940,check,check,,,,,,1,1,0,0,0,0,delete,,mic_ind_3.5_d243_m157
mic_ind_3.5Mar_d244_m158,microfinance,India,3.5,Market Formation,cumulative NewStartups,cumulative # companies,m10,0.12138,0.048101,1.0947,2004.9,36.204,47.06,3.4984,1968.4,-2171,0.98118,0.9798,1.9671,1.5816,0.9173,0.91336,4.1235,3.6565,0.98315,0.98235,1.8612,1.5942,45,42,0.89248,0.021249,0.87123,42,3,41,0,0,0,0.96716,0,1,y,y,y,y,y,y,y,y,y,y,y,,,,not needed as cumulative in original data,1,delete,transformed-cumulative,0,0,0,0,0,0,,1,1,0,0,0,0,941,check,check,,,,,,1,1,0,0,0,0,delete,,mic_ind_3.5_d244_m158
mic_ind_3.5Mar_d245_m159,microfinance,India,3.5,Market Formation,Partial up to max NewStartups,Partial up to max # companies,m10,-0.027571,0.041212,0.041129,4642.3,-159.39,1,3.8495,2029.3,-81.052,-2.3603e-13,-0.11111,1.3198,0.90323,0.076508,0.010544,1.2683,0.96853,0.077688,0.011809,1.2675,0.95895,31,17,5,1,4,28,1,27,0,0,1,0.42353,0,1,n,y,y,m,m,m,m,y,m,n,m,,,,not needed as transformed-cumulative preferred,1,delete,transformed-partial,0,0,0,0,0,0,,0,1,0,0,0,0,942,,check,,,,,,0,1,0,0,0,0,delete,,mic_ind_3.5_d245_m159
mic_ind_3.5Mar_d247_m161,microfinance,India,3.5,Market Formation,Partial up to max PrivateEquityDeals,Partial up to max # deals,m10,0.18562,0.020883,0.20931,2020.5,23.675,26.677,1551,1.5785e+05,-416.57,0.87563,0.86497,1.0701,0.71615,-0.37018,-0.4463,3.5518,1.8462,0.60274,0.58067,1.9125,1.5131,39,13,0.41235,0.074972,0.33737,13,1,7,0,1,1,0.8252,0,1,y,y,y,y,y,y,y,y,y,y,y,,,,not needed as transformed-cumulative preferred,1,delete,transformed-partial,0,0,0,0,0,0,,1,1,0,0,0,0,944,check,check,,,,,,1,1,0,0,0,0,delete,,mic_ind_3.5_d247_m161
mic_ind_3.5Mar_d249_m163,microfinance,India,3.5,Market Formation,Partial up to max PrivateEquityInvestment,Partial up to max $ million,m10,0.18684,0.12424,3.3195,2021.2,23.52,305.36,0.18926,1967.4,-6609.4,0.4436,0.40187,55.872,26.71,0.43828,0.41088,56.139,29.179,0.3167,0.28337,61.916,42.471,44,17,1.0686,0.013716,1.0548,18,1,11,0,1,1,0.4881,0,0,m,y,y,m,m,m,m,y,y,m,m,,,,not needed as transformed-cumulative preferred,1,delete,transformed-partial,0,0,0,0,0,0,,1,1,0,0,0,0,946,check,check,,,,,,1,1,0,0,0,0,delete,,mic_ind_3.5_d249_m163
mic_ind_3.5Mar_d251_m163,microfinance,India,3.5,Market Formation,Partial up to max TotalFundraisingAmount,Partial up to max $ million,m10,2.0273,0.22153,15.84,2017.5,2.1677,1237.9,0.00029162,1951.5,-31545,0.5058,0.46573,272.46,110.02,0.46016,0.43174,284.77,106.78,0.23385,0.19352,339.25,166.5,41,17,1.9517,0.00043267,1.9513,20,1,19,0,0,1,0.36511,0,0,m,y,y,m,m,m,m,y,m,m,m,,,,not needed as transformed-cumulative preferred,1,delete,transformed-partial,0,0,0,0,0,0,,1,1,0,0,0,0,948,check,check,,,,,,1,1,0,0,0,0,delete,,mic_ind_3.5_d251_m163
mic_ind_3.5Mar_d253_m161,microfinance,India,3.5,Market Formation,Partial up to max TotalFundraisingDeals,Partial up to max # deals,m10,0.25938,0.042604,0.43785,2015.1,16.942,32.48,1546.7,1.5828e+05,-871.32,0.90898,0.90118,1.9564,1.0102,-0.37082,-0.44697,7.5922,3.9487,0.57752,0.55405,4.2148,3.2861,39,18,0.83129,0.030789,0.8005,34,1,33,0,0,1,0.84119,0,1,y,y,y,m,m,m,y,y,y,m,m,,,,not needed as transformed-cumulative preferred,1,delete,transformed-partial,0,0,0,0,0,0,,1,1,0,0,0,0,950,check,check,,,,,,1,1,0,0,0,0,delete,,mic_ind_3.5_d253_m161
mic_nig_3.5Mar_d242_m156,microfinance,Nigeria,3.5,Market Formation,cumulative CumulativeStartups,cumulative cum. # companies,m10,0.1384,0.092409,5.4951,2020.5,31.752,425.44,0.034974,1926.5,-10933,0.99901,0.99893,2.4774,2.0581,0.98938,0.98887,8.0954,7.1916,0.82556,0.81725,32.805,28.145,45,38,0.62053,0.0023505,0.61818,38,0,37,0,0,0,0.92543,0,0,y,y,y,y,y,y,y,y,y,y,y,,,,not needed as transformed-cumulative twice (error),1,delete,transformed-cumx2error,0,0,0,0,0,0,,1,1,0,0,0,0,968,check,check,,,,,,1,1,0,0,0,0,delete,,mic_nig_3.5_d242_m156
mic_nig_3.5Mar_d243_m157,microfinance,Nigeria,3.5,Market Formation,Partial up to max CumulativeStartups,Partial up to max cum. # companies,m10,0.16617,0.071967,0.39172,2009.8,26.446,17.273,10.69,2015,-778.4,0.96221,0.95931,1.009,0.75552,0.92086,0.9169,1.4603,1.2217,0.87703,0.87088,1.8202,1.5035,43,36,0.86843,0.057895,0.81053,36,1,35,0,0,0,0.94778,0,1,y,y,y,y,y,y,y,y,y,y,y,,,,not needed as transformed-cumulative preferred,1,delete,transformed-partial,0,0,0,0,0,0,,1,1,0,0,0,0,969,check,check,,,,,,1,1,0,0,0,0,delete,,mic_nig_3.5_d243_m157
mic_nig_3.5Mar_d244_m158,microfinance,Nigeria,3.5,Market Formation,cumulative NewStartups,cumulative # companies,m10,0.17177,0.065345,0.39592,2009.4,25.583,16.746,9.4071,2013.7,-786.76,0.96677,0.96434,0.99222,0.73319,0.91051,0.90625,1.6283,1.3792,0.89238,0.88726,1.7856,1.4514,45,38,0.89574,0.059716,0.83602,38,3,37,0,0,0,0.95593,0,1,y,y,y,y,y,y,y,y,y,y,y,,,,not needed as cumulative in original data,1,delete,transformed-cumulative,0,0,0,0,0,0,,1,1,0,0,0,0,970,check,check,,,,,,1,1,0,0,0,0,delete,,mic_nig_3.5_d244_m158
mic_nig_3.5Mar_d245_m159,microfinance,Nigeria,3.5,Market Formation,Partial up to max NewStartups,Partial up to max # companies,m10,34.11,0.0046093,0.03782,2007,0.12883,2.5,1554.3,1.5751e+05,-75.098,0.6371,0.59522,0.5,0.2,-0.16129,-0.24731,0.89443,0.33333,0.15555,0.092997,0.76271,0.50085,30,6,1.6,0.4,1.2,23,1,22,0,0,1,0.5,0,1,m,y,y,m,m,m,m,y,m,m,m,,,,not needed as transformed-cumulative preferred,1,delete,transformed-partial,0,0,0,0,0,0,,0,1,0,0,0,0,971,,check,,,,,,0,1,0,0,0,0,delete,,mic_nig_3.5_d245_m159
mic_nig_3.5Mar_d247_m161,microfinance,Nigeria,3.5,Market Formation,Partial up to max PrivateEquityDeals,Partial up to max # deals,m10,0.34684,0.0020821,0.01129,2030,12.67,719.98,1554.7,1.5747e+05,-22.46,0.22503,0.13893,0.31108,0.11012,-0.033333,-0.10714,0.35921,0.064516,0.081667,0.016071,0.33863,0.14953,31,1,0.0027778,0.0027778,0,1,0,0,0,0,,,0,1,n,n,m,m,m,m,m,m,m,n,n,,,,not needed as transformed-cumulative preferred,1,delete,transformed-partial,0,0,0,0,0,0,,0,0,0,0,0,0,973,,,,,,,,0,0,0,0,0,0,delete,,mic_nig_3.5_d247_m161
mic_nig_3.5Mar_d249_m163,microfinance,Nigeria,3.5,Market Formation,Partial up to max PrivateEquityInvestment,Partial up to max $ million,m10,0.34596,0.0010666,0.00069817,2049.6,12.702,843.84,1555,1.5746e+05,-1.3918,0.23191,0.17431,0.031339,0.0093893,-0.024143,-0.074101,0.036188,0.0055561,0.06147,0.015688,0.034642,0.013135,44,2,0.00028441,5.2972e-06,0.00027912,14,0,13,0,0,1,0,1,1,n,m,m,m,m,m,m,m,m,n,m,,,,not needed as transformed-cumulative preferred,1,delete,transformed-partial,0,0,0,0,0,0,,0,0,0,0,0,0,975,,,,,,,,0,0,0,0,0,0,delete,,mic_nig_3.5_d249_m163
mic_nig_3.5Mar_d251_m163,microfinance,Nigeria,3.5,Market Formation,Partial up to max TotalFundraisingAmount,Partial up to max $ million,m10,166.13,0.026647,0.2679,2011,0.026452,27.452,1549.8,1.5796e+05,-533.18,0.4837,0.43207,6.6604,1.6444,-0.032577,-0.099194,9.4191,1.673,0.080397,0.021068,8.8889,3.7979,34,4,2,0.00016283,1.9998,5,0,3,0,1,1,0.017723,0,1,m,n,y,m,y,m,m,y,m,n,n,,,,not needed as transformed-cumulative preferred,1,delete,transformed-partial,0,0,0,0,0,0,,0,0,0,0,0,0,977,,,,,,,,0,0,0,0,0,0,delete,,mic_nig_3.5_d251_m163
mic_nig_3.5Mar_d253_m161,microfinance,Nigeria,3.5,Market Formation,Partial up to max TotalFundraisingDeals,Partial up to max # deals,m10,35.045,0.0044995,0.037054,2008,0.1254,1.2727,1554.4,1.5752e+05,-73.665,0.48762,0.44492,0.55186,0.28182,-0.30389,-0.37437,0.88034,0.425,0.30781,0.2704,0.64142,0.47499,40,11,2.3571,0.78571,1.5714,29,0,28,0,0,1,0.45161,0,1,m,y,y,m,m,m,m,y,y,m,m,,,,not needed as transformed-cumulative preferred,1,delete,transformed-partial,0,0,0,0,0,0,,0,1,0,0,0,0,979,,check,,,,,,0,1,0,0,0,0,delete,,mic_nig_3.5_d253_m161
sus_glo_3.5Mar_d300_m156,sustainable fashion,Global,3.5,Market Formation,cumulative CumulativeStartups (2nd hand clothes),cumulative cum. # companies,m1,0.15075,0.15074,9.4152,2085.7,29.151,7.0048e+06,0.0074313,1948.6,-18744,0.99625,0.99597,9.5553,8.2401,0.99625,0.99607,9.5553,8.2399,0.61471,0.59636,96.806,75.892,45,44,8.9367e-05,1.4276e-07,8.9225e-05,44,0,43,0,0,0,0.86804,0,0,y,y,y,y,y,y,y,m,y,m,y,,,,not needed as transformed-cumulative twice (error),1,delete,transformed-cumx2error,0,0,0,0,0,0,,,,,,,,1446,,,,,,,,0,0,0,0,0,0,delete,,sus_glo_3.5_d300_m156
sus_glo_3.5Mar_d301_m157,sustainable fashion,Global,3.5,Market Formation,Partial up to max CumulativeStartups (2nd hand clothes),Partial up to max cum. # companies,m1,0.29411,0.13392,1.2734,2017.8,14.941,82.748,3.4235,2000.4,-2535.4,0.99447,0.99406,1.5548,1.3748,0.96908,0.9676,3.6764,2.4855,0.62576,0.60794,12.789,10.679,45,44,0.82177,0.012085,0.80968,44,1,43,0,0,0,0.91236,0,1,y,y,y,y,y,y,y,y,y,y,y,,,,not needed as transformed-cumulative preferred,1,delete,transformed-partial,0,0,0,0,0,0,,,,,,,,1447,,,,,,,,0,0,0,0,0,0,delete,,sus_glo_3.5_d301_m157
sus_glo_3.5Mar_d302_m156,sustainable fashion,Global,3.5,Market Formation,cumulative CumulativeStartups (sust fashion),cumulative cum. # companies,m1,0.14389,0.13828,28.138,2041,30.541,22339,0.0011666,1920.9,-56021,0.99953,0.9995,9.7665,7.7783,0.99946,0.99944,10.458,7.1819,0.65812,0.64184,263.38,210.68,45,43,0.07892,4.4764e-05,0.078875,43,0,42,0,0,1,0.87686,0,0,y,y,y,y,y,y,y,m,y,m,y,,,,not needed as transformed-cumulative twice (error),1,delete,transformed-cumx2error,0,0,0,0,0,0,,,,,,,,1448,,,,,,,,0,0,0,0,0,0,delete,,sus_glo_3.5_d302_m156
sus_glo_3.5Mar_d303_m157,sustainable fashion,Global,3.5,Market Formation,Partial up to max CumulativeStartups (sust fashion),Partial up to max cum. # companies,m1,0.19639,0.12478,3.504,2021,22.376,306.24,0.14992,1965.9,-6975.7,0.99453,0.99413,4.0824,3.0587,0.98512,0.98441,6.7342,3.9263,0.67957,0.66432,31.248,26.162,45,43,0.60084,0.0032654,0.59757,43,1,42,0,0,0,0.91226,0,0,y,y,y,y,y,y,y,y,y,y,y,,,,not needed as transformed-cumulative preferred,1,delete,transformed-partial,0,0,0,0,0,0,,,,,,,,1449,,,,,,,,0,0,0,0,0,0,delete,,sus_glo_3.5_d303_m157
sus_glo_3.5Mar_d304_m158,sustainable fashion,Global,3.5,Market Formation,cumulative NewStartups (2nd hand clothes),cumulative # companies,m1,0.29411,0.13392,1.2734,2017.8,14.941,82.748,3.4235,2000.4,-2535.4,0.99447,0.99406,1.5548,1.3748,0.96908,0.9676,3.6764,2.4855,0.62576,0.60794,12.789,10.679,45,44,0.82177,0.012085,0.80968,44,1,43,0,0,0,0.91236,0,1,y,y,y,y,y,y,y,y,y,y,y,,,,not needed as cumulative in original data,1,delete,transformed-cumulative,0,0,0,0,0,0,,,,,,,,1450,,,,,,,,0,0,0,0,0,0,delete,,sus_glo_3.5_d304_m158
sus_glo_3.5Mar_d305_m159,sustainable fashion,Global,3.5,Market Formation,Partial up to max NewStartups (2nd hand clothes),Partial up to max # companies,m1,0.46807,0.014972,0.14731,2012.8,9.3884,6.7775,1552.2,1.5774e+05,-293.23,0.89684,0.88869,0.76535,0.42476,-0.38379,-0.45475,2.8031,1.4762,0.56152,0.53903,1.5779,1.2616,42,17,1.4755,0.14755,1.3279,41,1,40,0,0,1,0.85152,0,1,y,y,y,m,m,m,y,y,y,m,m,,,,not needed as cumulative in original data,1,delete,transformed-partial,0,0,0,0,0,0,,,,,,,,1451,,,,,,,,0,0,0,0,0,0,delete,,sus_glo_3.5_d305_m159
sus_glo_3.5Mar_d306_m158,sustainable fashion,Global,3.5,Market Formation,cumulative NewStartups (sust fashion),cumulative # companies,m1,0.19639,0.12478,3.504,2021,22.376,306.24,0.14992,1965.9,-6975.7,0.99453,0.99413,4.0824,3.0587,0.98512,0.98441,6.7342,3.9263,0.67957,0.66432,31.248,26.162,45,43,0.60084,0.0032654,0.59757,43,1,42,0,0,0,0.91226,0,0,y,y,y,y,y,y,y,y,y,y,y,,,,not needed as cumulative in original data,1,delete,transformed-cumulative,0,0,0,0,0,0,,,,,,,,1452,,,,,,,,0,0,0,0,0,0,delete,,sus_glo_3.5_d306_m158
sus_glo_3.5Mar_d307_m159,sustainable fashion,Global,3.5,Market Formation,Partial up to max NewStartups (sust fashion),Partial up to max # companies,m1,0.25791,0.036709,0.37738,2015.2,17.039,21.521,1547.9,1.5817e+05,-751.02,0.86573,0.8554,2.1989,1.43,-0.47053,-0.54406,7.2769,4.1163,0.60905,0.58951,3.7521,3.0039,43,26,1.0223,0.046467,0.97581,41,1,40,0,0,1,0.86298,0,1,y,y,y,m,m,m,y,y,y,m,m,,,,not needed as cumulative in original data,1,delete,transformed-cumulative,0,0,0,0,0,0,,,,,,,,1453,,,,,,,,0,0,0,0,0,0,delete,,sus_glo_3.5_d307_m159
sus_glo_3.5Mar_d309_m161,sustainable fashion,Global,3.5,Market Formation,Partial up to max PrivateEquityDeals (2nd hand clothes),Partial up to max # deals,m1,0.56778,0.022093,0.22213,2013,7.7397,10.414,1550.7,1.5789e+05,-442.25,0.89319,0.88453,1.1571,0.58705,-0.31907,-0.38849,4.0665,2,0.55099,0.52736,2.3726,1.8859,41,16,1.2483,0.096023,1.1523,16,1,15,0,0,1,0.88643,0,1,y,y,y,y,y,y,y,y,y,y,y,,,,not needed as transformed-cumulative preferred,1,delete,transformed-cumulative,0,0,0,0,0,0,,,,,,,,1455,,,,,,,,0,0,0,0,0,0,delete,,sus_glo_3.5_d309_m161
sus_glo_3.5Mar_d311_m161,sustainable fashion,Global,3.5,Market Formation,Partial up to max PrivateEquityDeals (sust fashion),Partial up to max # deals,m1,0.51319,0.23595,0.46202,2020.1,8.563,45.014,1.2683,2008.4,-920.54,0.9589,0.95582,1.8309,1.0069,0.94114,0.93827,2.191,1.0782,0.42203,0.39384,6.8657,5.0353,44,19,0.84417,0.022215,0.82196,38,1,37,0,0,1,0.84052,0,1,y,y,y,m,m,m,y,y,y,m,m,,,,not needed as transformed-cumulative preferred,1,delete,transformed-partial,0,0,0,0,0,0,,,,,,,,1457,,,,,,,,0,0,0,0,0,0,delete,,sus_glo_3.5_d311_m161
sus_glo_3.5Mar_d313_m163,sustainable fashion,Global,3.5,Market Formation,Partial up to max PrivateEquityInvestment (2nd hand clothes),Partial up to max $ million,m1,0.79494,0.15692,2.1538,2014,5.5281,110.8,0.8694,1988.4,-4289.1,0.6054,0.5734,28.266,10.717,0.52343,0.49835,31.064,14.93,0.32074,0.28499,37.086,23.997,41,16,2.0901,0.0031588,2.087,16,1,11,0,1,1,0.49322,0,0,m,y,y,m,m,m,m,y,y,m,m,,,,not needed as transformed-cumulative preferred,1,delete,transformed-partial,0,0,0,0,0,0,,,,,,,,1459,,,,,,,,0,0,0,0,0,0,delete,,sus_glo_3.5_d313_m163
sus_glo_3.5Mar_d315_m163,sustainable fashion,Global,3.5,Market Formation,Partial up to max PrivateEquityInvestment (sust fashion),Partial up to max $ million,m1,57.609,0.34581,0.80801,2021,0.076281,105.23,1.8299,2011.6,-1610.2,0.72354,0.70281,13.247,4.5068,0.54287,0.52057,17.034,5.526,0.16587,0.12518,23.01,10.913,44,19,1.5417,0.00027239,1.5415,38,1,37,0,0,1,0.37923,0,0,y,y,y,m,m,m,m,y,m,m,m,,,,not needed as transformed-cumulative preferred,1,delete,transformed-partial,0,0,0,0,0,0,,,,,,,,1461,,,,,,,,0,0,0,0,0,0,delete,,sus_glo_3.5_d315_m163
sus_glo_3.5Mar_d317_m163,sustainable fashion,Global,3.5,Market Formation,Partial up to max TotalFundraisingAmount (2nd hand clothes),Partial up to max $ million,m1,38.336,0.21248,7.7075,2022.1,0.11463,893.85,3.5232e-05,1945.4,-15360,0.41892,0.3764,205.88,70.077,0.28777,0.25385,227.93,72.7,0.13736,0.096282,250.85,113.07,45,19,2,0.00039156,1.9996,19,0,14,0,1,1,0.036159,0,0,m,y,y,m,m,m,m,y,m,m,m,,,,not needed as transformed-cumulative preferred,1,delete,transformed-partial,0,0,0,0,0,0,,,,,,,,1463,,,,,,,,0,0,0,0,0,0,delete,,sus_glo_3.5_d317_m163
sus_glo_3.5Mar_d319_m163,sustainable fashion,Global,3.5,Market Formation,Partial up to max TotalFundraisingAmount (sust fashion),Partial up to max $ million,m1,423.8,0.35804,12.025,2017,0.010369,1624,9.9437e-07,1960.5,-23955,0.5627,0.52626,310.39,76.685,0.2962,0.25816,393.77,125.56,0.087462,0.038135,448.37,182.49,40,17,1.851,1.765e-05,1.8509,34,1,33,0,0,1,0.08083,0,0,m,y,y,m,m,m,m,y,m,m,m,,,,not needed as transformed-cumulative preferred,1,delete,transformed-partial,0,0,0,0,0,0,,,,,,,,1465,,,,,,,,0,0,0,0,0,0,delete,,sus_glo_3.5_d319_m163
sus_glo_3.5Mar_d321_m161,sustainable fashion,Global,3.5,Market Formation,Partial up to max TotalFundraisingDeals (2nd hand clothes),Partial up to max # deals,m1,0.7103,0.027647,0.28049,2013.2,6.1868,13.087,1549.5,1.58e+05,-558.49,0.89264,0.88393,1.4939,0.72078,-0.29775,-0.36605,5.1938,2.4878,0.52988,0.50513,3.126,2.4955,41,16,1.3755,0.076414,1.299,16,1,15,0,0,1,0.86347,0,1,y,y,y,y,y,y,y,y,y,y,y,,,,not needed as transformed-cumulative preferred,1,delete,transformed-partial,0,0,0,0,0,0,,,,,,,,1467,,,,,,,,0,0,0,0,0,0,delete,,sus_glo_3.5_d321_m161
sus_glo_3.5Mar_d323_m161,sustainable fashion,Global,3.5,Market Formation,Partial up to max TotalFundraisingDeals (sust fashion),Partial up to max # deals,m1,0.35508,0.22705,0.58767,2021.8,12.376,76.779,7.0992,2014.5,-1170.8,0.96433,0.96166,2.097,1.1387,0.95783,0.95577,2.2801,1.2106,0.45171,0.42497,8.2216,6.0529,44,21,0.57307,0.013024,0.56005,38,1,37,0,0,1,0.82898,0,1,y,y,y,m,m,m,y,y,y,m,m,,,,not needed as transformed-cumulative preferred,1,delete,transformed-partial,0,0,0,0,0,0,,,,,,,,1469,,,,,,,,0,0,0,0,0,0,delete,,sus_glo_3.5_d323_m161
sus_jap_3.5Mar_d302_m156,sustainable fashion,Japan,3.5,Market Formation,cumulative CumulativeStartups (sust fashion),cumulative cum. # companies,m1,0.57388,0.3132,0.1664,2021.9,7.6575,21.743,1.5928,2016.2,-331.74,0.99759,0.99742,0.1848,0.086534,0.98213,0.98128,0.50366,0.27464,0.329,0.29705,3.0863,2.172,45,8,0.78185,0.045991,0.73586,8,0,7,0,0,0,0.77304,0,1,y,y,y,y,y,y,y,y,y,y,y,,,,not needed as transformed-cumulative twice (error),1,delete,transformed-cumx2error,0,0,0,0,0,0,,,,,,,,1480,,,,,,,,0,0,0,0,0,0,delete,,sus_jap_3.5_d302_m156
sus_jap_3.5Mar_d303_m157,sustainable fashion,Japan,3.5,Market Formation,Partial up to max CumulativeStartups (sust fashion),Partial up to max cum. # companies,m1,0.71395,0.0046103,0.037914,2018.8,6.1551,3.027,1554.3,1.5753e+05,-75.567,0.97106,0.96889,0.1346,0.058212,-0.16172,-0.21839,0.8528,0.31818,0.37026,0.33954,0.62789,0.47138,44,7,0.99107,0.33036,0.66071,7,1,6,1,0,0,0.8125,0,1,y,y,y,y,y,y,y,y,y,y,y,,,,not needed as transformed-cumulative preferred,1,delete,transformed-partial,0,0,0,0,0,0,,,,,,,,1481,,,,,,,,0,0,0,0,0,0,delete,,sus_jap_3.5_d303_m157
sus_jap_3.5Mar_d306_m158,sustainable fashion,Japan,3.5,Market Formation,cumulative NewStartups (sust fashion),cumulative # companies,m1,0.70291,0.2146,0.043215,2018.8,6.2518,3.0583,6.2995,2026.5,-86.138,0.97692,0.97523,0.13318,0.057027,0.91732,0.91338,0.25205,0.1379,0.40993,0.38183,0.67336,0.52293,45,8,0.98094,0.32698,0.65396,8,2,7,1,0,0,0.85366,0,1,y,y,y,y,y,y,y,y,y,y,y,,,,not needed as cumulative in original data,1,delete,transformed-cumulative,0,0,0,0,0,0,,,,,,,,1482,,,,,,,,0,0,0,0,0,0,delete,,sus_jap_3.5_d306_m158
sus_jap_3.5Mar_d307_m159,sustainable fashion,Japan,3.5,Market Formation,Partial up to max NewStartups (sust fashion),Partial up to max # companies,m1,0.34668,,0.0036437,2039.4,12.676,594.25,,,-7.2582,0.23028,0.16431,0.13867,0.043772,,,,,0.067313,0.015497,0.15265,0.061096,39,1,0.0016828,0.0016828,0,1,0,0,0,0,,,1,1,n,n,m,m,m,m,m,m,m,n,n,,,,not needed as transformed-cumulative preferred,1,delete,transformed-partial,0,0,0,0,0,0,,,,,,,,1483,,,,,,,,0,0,0,0,0,0,delete,,sus_jap_3.5_d307_m159
sus_jap_3.5Mar_d311_m161,sustainable fashion,Japan,3.5,Market Formation,Partial up to max PrivateEquityDeals (sust fashion),Partial up to max # deals,m1,1814.8,0.25874,0.0078526,2020.3,0.0024215,1,0.04711,2011.8,-15.643,0.37379,0.32562,0.26414,0.069767,0.18352,0.1427,0.3016,0.11059,0.085235,0.039497,0.31924,0.15039,43,2,2,1,1,9,0,8,0,0,1,0,0,1,m,n,m,m,m,m,m,y,m,n,n,,,,not needed as transformed-cumulative preferred,1,delete,transformed-partial,0,0,0,0,0,0,,,,,,,,1485,,,,,,,,0,0,0,0,0,0,delete,,sus_jap_3.5_d311_m161
sus_jap_3.5Mar_d315_m163,sustainable fashion,Japan,3.5,Market Formation,Partial up to max PrivateEquityInvestment (sust fashion),Partial up to max $ million,m1,0.34682,0.00187,0.0090889,2034.2,12.671,781.01,1554.8,1.5746e+05,-18.093,0.22797,0.15326,0.29686,0.098904,-0.029412,-0.09375,0.34279,0.057942,0.073818,0.015931,0.32515,0.1364,35,1,0.0025966,0.0025966,0,1,0,0,0,0,,,0,1,n,n,m,m,m,m,m,m,m,n,n,,,,not needed as transformed-cumulative preferred,1,delete,transformed-partial,0,0,0,0,0,0,,,,,,,,1487,,,,,,,,0,0,0,0,0,0,delete,,sus_jap_3.5_d315_m163
sus_jap_3.5Mar_d319_m163,sustainable fashion,Japan,3.5,Market Formation,Partial up to max TotalFundraisingAmount (sust fashion),Partial up to max $ million,m1,0.34682,0.00187,0.0090889,2034.2,12.671,781.01,1554.8,1.5746e+05,-18.093,0.22797,0.15326,0.29686,0.098904,-0.029412,-0.09375,0.34279,0.057942,0.073818,0.015931,0.32515,0.1364,35,1,0.0025966,0.0025966,0,1,0,0,0,0,,,0,1,n,n,m,m,m,m,m,m,m,n,n,,,,not needed as transformed-cumulative preferred,1,delete,transformed-partial,0,0,0,0,0,0,,,,,,,,1489,,,,,,,,0,0,0,0,0,0,delete,,sus_jap_3.5_d319_m163
sus_jap_3.5Mar_d323_m161,sustainable fashion,Japan,3.5,Market Formation,Partial up to max TotalFundraisingDeals (sust fashion),Partial up to max # deals,m1,1814.8,0.25874,0.0078526,2020.3,0.0024215,1,0.04711,2011.8,-15.643,0.37379,0.32562,0.26414,0.069767,0.18352,0.1427,0.3016,0.11059,0.085235,0.039497,0.31924,0.15039,43,2,2,1,1,9,0,8,0,0,1,0,0,1,m,n,m,m,m,m,m,y,m,n,n,,,,not needed as transformed-cumulative preferred,1,delete,transformed-partial,0,0,0,0,0,0,,,,,,,,1491,,,,,,,,0,0,0,0,0,0,delete,,sus_jap_3.5_d323_m161
sus_uki_3.5Mar_d302_m156,sustainable fashion,UK,3.5,Market Formation,cumulative CumulativeStartups (sust fashion),cumulative cum. # companies,m1,0.11773,0.11773,4.6248,2118.1,37.327,1.7409e+07,0.024995,1945.2,-9206.3,0.99573,0.99542,4.579,3.987,0.99573,0.99553,4.579,3.987,0.73474,0.72211,36.089,29.007,45,34,1.5566e-05,5.744e-08,1.5509e-05,34,0,33,0,0,0,0.88704,0,0,y,y,y,y,y,y,y,m,y,m,y,,,,not needed as transformed-cumulative twice (error),1,delete,transformed-cumx2error,0,0,0,0,0,0,,,,,,,,1502,,,,,,,,0,0,0,0,0,0,delete,,sus_uki_3.5_d302_m156
sus_uki_3.5Mar_d303_m157,sustainable fashion,UK,3.5,Market Formation,Partial up to max CumulativeStartups (sust fashion),Partial up to max cum. # companies,m1,0.12272,0.12272,0.50975,2107.9,35.807,9.1343e+05,9.8388,2014.7,-1014.5,0.95628,0.95308,1.6777,1.1746,0.95628,0.9542,1.6777,1.1745,0.68079,0.66559,4.5332,3.6873,45,34,3.0654e-05,1.0948e-06,2.9559e-05,34,1,33,0,0,0,0.90152,0,1,y,y,y,y,y,y,y,m,y,m,y,,,,not needed as transformed-cumulative preferred,1,delete,transformed-partial,0,0,0,0,0,0,,,,,,,,1503,,,,,,,,0,0,0,0,0,0,delete,,sus_uki_3.5_d303_m157
sus_uki_3.5Mar_d306_m158,sustainable fashion,UK,3.5,Market Formation,cumulative NewStartups (sust fashion),cumulative # companies,m1,0.12272,0.12272,0.50975,2107.9,35.807,9.1343e+05,9.8388,2014.7,-1014.5,0.95628,0.95308,1.6777,1.1746,0.95628,0.9542,1.6777,1.1745,0.68079,0.66559,4.5332,3.6873,45,34,3.0654e-05,1.0948e-06,2.9559e-05,34,1,33,0,0,0,0.90152,0,1,y,y,y,y,y,y,y,m,y,m,y,,,,not needed as cumulative in original data,1,delete,transformed-cumulative,0,0,0,0,0,0,,,,,,,,1504,,,,,,,,0,0,0,0,0,0,delete,,sus_uki_3.5_d306_m158
sus_uki_3.5Mar_d307_m159,sustainable fashion,UK,3.5,Market Formation,Partial up to max NewStartups (sust fashion),Partial up to max # companies,m1,32.675,0.0059452,0.052091,2018,0.13449,5.5,1554,1.5755e+05,-103.64,0.65221,0.62401,0.80395,0.36586,-0.15493,-0.21572,1.465,0.53659,0.20441,0.16254,1.216,0.70216,41,11,1.4545,0.18182,1.2727,30,1,29,0,0,1,0.40909,0,1,m,y,y,m,m,m,m,y,m,m,m,,,,not needed as transformed-cumulative preferred,1,delete,transformed-partial,0,0,0,0,0,0,,,,,,,,1505,,,,,,,,0,0,0,0,0,0,delete,,sus_uki_3.5_d307_m159
sus_uki_3.5Mar_d311_m161,sustainable fashion,UK,3.5,Market Formation,Partial up to max PrivateEquityDeals (sust fashion),Partial up to max # deals,m1,1.2583,0.0081133,0.074771,2019.9,3.4924,6.8163,1553.5,1.5761e+05,-148.99,0.95129,0.94764,0.3643,0.16813,-0.15943,-0.21599,1.7774,0.65909,0.33086,0.29822,1.3503,0.90532,44,10,1.0269,0.14671,0.88024,18,1,17,0,0,1,0.79856,0,1,y,y,y,m,m,m,y,y,y,m,m,,,,not needed as transformed-cumulative preferred,1,delete,transformed-partial,0,0,0,0,0,0,,,,,,,,1507,,,,,,,,0,0,0,0,0,0,delete,,sus_uki_3.5_d311_m161
sus_uki_3.5Mar_d315_m163,sustainable fashion,UK,3.5,Market Formation,Partial up to max PrivateEquityInvestment (sust fashion),Partial up to max $ million,m1,33.678,0.53088,0.051467,2020.1,0.13048,6.5081,6.4041,2021.8,-102.54,0.92743,0.92184,0.37429,0.14212,0.79384,0.78353,0.63085,0.25441,0.21132,0.17189,1.2339,0.71052,43,9,1.0733,0.057043,1.0162,17,1,16,0,0,1,0.53786,0,1,y,y,y,m,m,m,m,y,m,m,m,,,,not needed as transformed-cumulative preferred,1,delete,transformed-partial,0,0,0,0,0,0,,,,,,,,1509,,,,,,,,0,0,0,0,0,0,delete,,sus_uki_3.5_d315_m163
sus_uki_3.5Mar_d319_m163,sustainable fashion,UK,3.5,Market Formation,Partial up to max TotalFundraisingAmount (sust fashion),Partial up to max $ million,m1,38.008,0.49176,0.056836,2020,0.11562,6.5123,6.3066,2021.8,-113.2,0.84354,0.83151,0.57019,0.21107,0.74377,0.73096,0.72969,0.31725,0.23939,0.20136,1.2572,0.77128,43,11,1.0726,0.0018043,1.0708,17,1,5,0,1,1,0.59855,0,1,y,y,y,m,m,m,m,y,m,m,m,,,,not needed as transformed-cumulative preferred,1,delete,transformed-partial,0,0,0,0,0,0,,,,,,,,1511,,,,,,,,0,0,0,0,0,0,delete,,sus_uki_3.5_d319_m163
sus_uki_3.5Mar_d323_m161,sustainable fashion,UK,3.5,Market Formation,Partial up to max TotalFundraisingDeals (sust fashion),Partial up to max # deals,m1,0.87142,0.36044,0.087134,2019.9,5.0428,10.208,6.7004,2021.1,-173.59,0.91722,0.91085,0.55096,0.24972,0.89527,0.89003,0.61971,0.28867,0.31886,0.2848,1.5804,1.0166,43,11,0.88168,0.097965,0.78372,17,1,16,0,0,1,0.72131,0,1,y,y,y,m,m,m,y,y,y,m,m,,,,not needed as transformed-cumulative preferred,1,delete,transformed-partial,0,0,0,0,0,0,,,,,,,,1513,,,,,,,,0,0,0,0,0,0,delete,,sus_uki_3.5_d323_m161
sus_usa_3.5Mar_d302_m156,sustainable fashion,US,3.5,Market Formation,cumulative CumulativeStartups (sust fashion),cumulative cum. # companies,m1,0.21361,0.14589,7.1542,2022.1,20.572,711.87,0.0055524,1946.4,-14251,0.99841,0.99829,4.6616,3.6081,0.991,0.99057,11.092,9.0924,0.63147,0.61392,70.979,58.156,45,25,0.60966,0.0014047,0.60826,25,0,24,0,0,0,0.88099,0,0,y,y,y,y,y,y,y,y,y,y,y,,,,not needed as transformed-cumulative twice (error),1,delete,transformed-cumx2error,0,0,0,0,0,0,,,,,,,,1524,,,,,,,,0,0,0,0,0,0,delete,,sus_usa_3.5_d302_m156
sus_usa_3.5Mar_d303_m157,sustainable fashion,US,3.5,Market Formation,Partial up to max CumulativeStartups (sust fashion),Partial up to max cum. # companies,m1,0.18862,0.11129,0.89315,2018.5,23.297,59.255,8.7769,2008.5,-1778.4,0.99114,0.99049,1.2658,0.95207,0.97426,0.97303,2.1578,1.7422,0.74379,0.73159,6.8079,5.6805,45,25,0.72568,0.016876,0.7088,25,1,24,0,0,1,0.9196,0,1,y,y,y,y,y,y,y,y,y,y,y,,,,not needed as transformed-cumulative preferred,1,delete,transformed-partial,0,0,0,0,0,0,,,,,,,,1525,,,,,,,,0,0,0,0,0,0,delete,,sus_usa_3.5_d303_m157
sus_usa_3.5Mar_d306_m158,sustainable fashion,US,3.5,Market Formation,cumulative NewStartups (sust fashion),cumulative # companies,m1,0.18862,0.11129,0.89315,2018.5,23.297,59.255,8.7769,2008.5,-1778.4,0.99114,0.99049,1.2658,0.95207,0.97426,0.97303,2.1578,1.7422,0.74379,0.73159,6.8079,5.6805,45,25,0.72568,0.016876,0.7088,25,1,24,0,0,1,0.9196,0,1,y,y,y,y,y,y,y,y,y,y,y,,,,not needed as cumulative in original data,1,delete,transformed-cumulative,0,0,0,0,0,0,,,,,,,,1526,,,,,,,,0,0,0,0,0,0,delete,,sus_usa_3.5_d306_m158
sus_usa_3.5Mar_d307_m159,sustainable fashion,US,3.5,Market Formation,Partial up to max NewStartups (sust fashion),Partial up to max # companies,m1,0.15631,0.0085781,0.080338,2014,28.114,4.1622,1553.5,1.576e+05,-159.83,0.56106,0.52729,0.94125,0.61301,-0.42872,-0.50016,1.6982,0.93023,0.49245,0.46707,1.0121,0.75913,43,17,1.4415,0.24026,1.2013,23,1,22,0,0,1,0.67742,0,1,m,y,y,m,m,m,m,y,y,m,m,,,,not needed as transformed-cumulative preferred,1,delete,transformed-partial,0,0,0,0,0,0,,,,,,,,1527,,,,,,,,0,0,0,0,0,0,delete,,sus_usa_3.5_d307_m159
sus_usa_3.5Mar_d311_m161,sustainable fashion,US,3.5,Market Formation,Partial up to max PrivateEquityDeals (sust fashion),Partial up to max # deals,m1,0.19642,0.011212,0.10752,2032.3,22.372,63.226,1552.9,1.5767e+05,-214.17,0.83377,0.82099,0.79374,0.41895,-0.25171,-0.3143,2.1781,0.97674,0.46973,0.44321,1.4177,1.0359,43,12,0.14235,0.015816,0.12653,12,1,7,0,1,1,0.78922,0,1,y,y,y,m,y,m,y,m,y,m,m,,,,not needed as transformed-cumulative preferred,1,delete,transformed-partial,0,0,0,0,0,0,,,,,,,,1529,,,,,,,,0,0,0,0,0,0,delete,,sus_usa_3.5_d311_m161
sus_usa_3.5Mar_d315_m163,sustainable fashion,US,3.5,Market Formation,Partial up to max PrivateEquityInvestment (sust fashion),Partial up to max $ million,m1,0.40096,0.40095,0.39344,2048.5,10.96,9.1703e+05,0.78652,2013.7,-784.34,0.90039,0.8931,3.0939,1.1252,0.90039,0.89565,3.0939,1.1252,0.27169,0.23701,8.3659,5.5692,45,13,5.5324e-05,1.6357e-08,5.5308e-05,14,0,9,0,1,1,0.52965,0,1,y,y,y,m,m,m,m,m,m,m,m,,,,not needed as transformed-cumulative preferred,1,delete,transformed-partial,0,0,0,0,0,0,,,,,,,,1531,,,,,,,,0,0,0,0,0,0,delete,,sus_usa_3.5_d315_m163
sus_usa_3.5Mar_d319_m163,sustainable fashion,US,3.5,Market Formation,Partial up to max TotalFundraisingAmount (sust fashion),Partial up to max $ million,m1,0.39196,0.39194,0.40506,2048.3,11.212,6.8545e+05,0.39506,2011.7,-807.34,0.87603,0.86696,3.4937,1.3796,0.87603,0.87013,3.4937,1.3796,0.28107,0.24683,8.4135,5.6916,45,15,7.4015e-05,4.3767e-08,7.3971e-05,18,0,6,0,1,1,0.52055,0,1,y,y,y,m,m,m,m,m,m,m,m,,,,not needed as transformed-cumulative preferred,1,delete,transformed-partial,0,0,0,0,0,0,,,,,,,,1533,,,,,,,,0,0,0,0,0,0,delete,,sus_usa_3.5_d319_m163
sus_usa_3.5Mar_d323_m161,sustainable fashion,US,3.5,Market Formation,Partial up to max TotalFundraisingDeals (sust fashion),Partial up to max # deals,m1,0.16849,0.013569,0.13244,2069.7,26.082,26512,1552.4,1.5772e+05,-263.77,0.87373,0.86401,0.80318,0.443,-0.29737,-0.36224,2.5745,1.2326,0.52873,0.50516,1.5516,1.1682,43,13,0.00033947,3.7719e-05,0.00030175,16,1,15,0,0,1,0.81754,0,1,y,y,y,y,y,y,y,m,y,m,y,,,,not needed as transformed-cumulative preferred,1,delete,transformed-partial,0,0,0,0,0,0,,,,,,,,1535,,,,,,,,0,0,0,0,0,0,delete,,sus_usa_3.5_d323_m161
tex_glo_3.5Mar_d242_m156,textile recycling,Global,3.5,Market Formation,cumulative CumulativeStartups,cumulative cum. # companies,m14,0.13494,0.13494,11.585,2119.5,32.565,2.8407e+08,0.0087568,1940.2,-23067,0.99808,0.99793,7.869,6.4959,0.99808,0.99798,7.869,6.4959,0.67149,0.65547,102.89,81.158,44,44,2.5276e-06,3.5203e-09,2.5241e-06,44,0,43,0,0,0,0.87389,0,0,y,y,y,y,y,y,y,m,y,m,y,,,,not needed as transformed-cumulative twice (error),1,delete,transformed-cumx2error,0,0,0,0,0,0,,,,,,,,1751,,,,,,,,0,0,0,0,0,0,delete,,tex_glo_3.5_d242_m156
tex_glo_3.5Mar_d243_m157,textile recycling,Global,3.5,Market Formation,Partial up to max CumulativeStartups,Partial up to max cum. # companies,m14,0.19432,0.13481,1.4593,2023,22.614,156.58,0.65116,1987.4,-2906,0.9912,0.99053,2.1608,1.8091,0.98592,0.98523,2.7327,1.7142,0.64762,0.63043,13.669,11.305,44,44,0.51091,0.0063863,0.50452,44,1,43,0,0,0,0.90148,0,1,y,y,y,y,y,y,y,y,y,y,y,,,,not needed as transformed-cumulative preferred,1,delete,transformed-partial,0,0,0,0,0,0,,,,,,,,1752,,,,,,,,0,0,0,0,0,0,delete,,tex_glo_3.5_d243_m157
tex_glo_3.5Mar_d244_m158,textile recycling,Global,3.5,Market Formation,cumulative NewStartups,cumulative # companies,m14,0.19432,0.13481,1.4593,2023,22.614,156.58,0.65116,1987.4,-2906,0.9912,0.99053,2.1608,1.8091,0.98592,0.98523,2.7327,1.7142,0.64762,0.63043,13.669,11.305,44,44,0.51091,0.0063863,0.50452,44,1,43,0,0,0,0.90148,0,1,y,y,y,y,y,y,y,y,y,y,y,,,,not needed as cumulative in original data,1,delete,transformed-cumulative,0,0,0,0,0,0,,,,,,,,1753,,,,,,,,0,0,0,0,0,0,delete,,tex_glo_3.5_d244_m158
tex_glo_3.5Mar_d245_m159,textile recycling,Global,3.5,Market Formation,Partial up to max NewStartups,Partial up to max # companies,m14,0.19236,0.015456,0.15235,2037.4,22.845,289.35,1552.1,1.5775e+05,-303.27,0.83271,0.81877,1.0547,0.6774,-0.33835,-0.41069,2.9833,1.5,0.46505,0.43614,1.8861,1.4766,40,17,0.03456,0.003456,0.031104,40,1,39,0,0,1,0.74438,0,1,y,y,y,m,m,m,y,m,y,m,m,,,,not needed as transformed-cumulative preferred,1,delete,transformed-partial,0,0,0,0,0,0,,,,,,,,1754,,,,,,,,0,0,0,0,0,0,delete,,tex_glo_3.5_d245_m159
tex_glo_3.5Mar_d247_m161,textile recycling,Global,3.5,Market Formation,Partial up to max PrivateEquityDeals,Partial up to max # deals,m14,0.51307,0.023983,0.24221,2018.3,8.565,15.03,1550.1,1.5796e+05,-482.83,0.82698,0.81401,1.938,0.80336,-0.22388,-0.28358,5.1544,2.2045,0.43578,0.40826,3.4997,2.4704,44,13,1.5303,0.066535,1.4638,14,1,12,0,0,1,0.76133,0,1,y,y,y,y,y,y,y,y,y,y,y,,,,not needed as transformed-cumulative preferred,1,delete,transformed-partial,0,0,0,0,0,0,,,,,,,,1756,,,,,,,,0,0,0,0,0,0,delete,,tex_glo_3.5_d247_m161
tex_glo_3.5Mar_d249_m163,textile recycling,Global,3.5,Market Formation,Partial up to max PrivateEquityInvestment,Partial up to max $ million,m14,41.659,0.26519,3.4876,2020.1,0.10549,310.7,0.010919,1984.3,-6953.5,0.79619,0.78051,38.918,13.493,0.64506,0.62731,51.359,22,0.25206,0.21466,74.554,46.773,43,12,1.4077,0.0011265,1.4066,13,1,12,0,0,1,0.6478,0,0,y,y,y,m,y,m,m,y,m,m,m,,,,not needed as transformed-cumulative preferred,1,delete,transformed-partial,0,0,0,0,0,0,,,,,,,,1758,,,,,,,,0,0,0,0,0,0,delete,,tex_glo_3.5_d249_m163
tex_glo_3.5Mar_d251_m163,textile recycling,Global,3.5,Market Formation,Partial up to max TotalFundraisingAmount,Partial up to max $ million,m14,58.957,0.26223,4.3061,2020,0.074537,362.8,0.0068022,1981.3,-8585.2,0.84652,0.83472,38.61,14.217,0.73933,0.7263,50.318,21.867,0.29399,0.25869,82.81,53.19,43,13,1.3386,0.00039554,1.3382,13,1,9,0,1,1,0.74126,0,0,y,y,y,m,y,m,y,y,m,m,m,,,,not needed as transformed-cumulative preferred,1,delete,transformed-partial,0,0,0,0,0,0,,,,,,,,1760,,,,,,,,0,0,0,0,0,0,delete,,tex_glo_3.5_d251_m163
tex_glo_3.5Mar_d253_m161,textile recycling,Global,3.5,Market Formation,Partial up to max TotalFundraisingDeals,Partial up to max # deals,m14,0.50394,0.033822,0.34602,2018.1,8.7201,20.994,1547.9,1.5817e+05,-689.72,0.8314,0.81875,2.6844,1.1264,-0.23688,-0.29721,7.2707,3.1818,0.45172,0.42497,4.8408,3.4671,44,15,1.5242,0.047632,1.4766,15,1,14,0,0,1,0.7816,0,1,y,y,y,y,y,y,y,y,y,y,y,,,,not needed as transformed-cumulative preferred,1,delete,transformed-partial,0,0,0,0,0,0,,,,,,,,1762,,,,,,,,0,0,0,0,0,0,delete,,tex_glo_3.5_d253_m161
dri_sto_1.1Ado_d006_m047,drivers licence,Stockholm,1.1,Adoption over Time,% of 18-19yr age group holding a drivers licence,% of 18-19yr olds,b9,0.018264,0.018264,0.004499,2570.4,240.6,6803.5,2.2448e-08,1122.9,-8.7965,0.76953,0.078113,0.017874,0.016363,0.76953,0.53906,0.017874,0.016363,0.73006,0.46013,0.019344,0.018109,5,5,4.8168e-05,3.1961e-05,1.6207e-05,21,0,3,0,1,0,0.75348,1,1,y,m,y,y,y,y,y,m,y,m,m,,,,*needs sign reversal * negative slope = LED innovation,0,duplicated in market share,,1,1,0,0,0,0,,1,1,0,0,0,0,212,,,,,,,,1,1,0,0,0,0,delete,,dri_sto_1.1_d006_m047
dri_swe_1.1Ado_d006_m044,drivers licence,Sweden,1.1,Adoption over Time,% of 18-19yr age group holding a drivers licence,% of 18-19yr age group,b9,-0.022396,-0.022396,-0.0092404,1514.9,-196.21,22427,1.3617,1948.4,18.918,0.74424,0.68943,0.045534,0.036586,0.74424,0.71014,0.045534,0.036587,0.67556,0.6323,0.051285,0.039707,18,18,3.139e-05,1.6364e-05,1.5026e-05,29,17,8,0,1,0,0.90776,1,1,y,y,y,y,y,y,y,m,y,m,y,,,,*needs sign reversal * negative slope = LED innovation,0,duplicated in market share,,1,1,0,0,0,0,,1,1,0,0,0,0,218,,,,,,,,1,1,0,0,0,0,delete,,dri_swe_1.1_d006_m044
cli_ban_1.1Ado_d072_m017,climate protest,Bangladesh,1.1,Adoption over Time,Count of participants at protest events related to climate,# people (estimated),s3,-0.027296,0.089972,18.132,987.17,-160.99,-637.76,0.023617,1923.1,-36460,-0.12339,-0.49785,336.55,111.54,0.026697,-0.16796,313.27,169.47,0.045649,-0.14522,310.2,161.88,13,3,-1.8816,-0.1568,-1.7248,3,2,1,0,1,1,0.091681,0,0,n,n,y,y,y,y,m,m,m,n,n,4,,convert to cum,,0,hide,original,0,1,0,0,0,0,,0,0,0,0,0,0,25,,check,,,,,,0,1,0,0,0,0,delete,,cli_ban_1.1_d072_m017
cli_ban_1.1Ado_d073_m019,climate protest,Bangladesh,1.1,Adoption over Time,Count of protest events related to climate,# protest events,s3,-0.068604,0.12799,1.8187,2528.3,-64.056,9.3846,9.1992,2017.2,-3658.9,-1.5987e-14,-0.33333,16.914,11.763,0.11556,-0.061327,15.907,10.359,0.16186,-0.0057636,15.485,9.6932,13,6,6.6066,0.31967,6.2869,13,4,12,1,0,1,0.43956,0,1,n,y,y,m,m,m,m,y,m,n,m,4,,convert to cum,,0,hide,original,0,1,0,0,0,0,,0,0,0,0,0,0,26,,check,,,,,,0,1,0,0,0,0,delete,,cli_ban_1.1_d073_m019
cli_ban_4.1Kso_d213_m100,climate protest,Bangladesh,4.1,Knowledge Flows (social networks),annualised Google search frequency (index 100=monthly max.),Index 0-100,s3,-174.65,-0.060495,-0.64935,2009.9,-0.025161,16.667,-1523.3,-1.5477e+05,1312.6,0.125,-0.029412,19.92,7.9365,-0.05,-0.16667,21.822,4.7619,0.034091,-0.073232,20.93,9.0703,21,1,6,6,0,1,0,0,0,0,,,0,1,n,n,m,m,m,m,m,m,m,n,n,,,,too few,0,hide,original,0,0,0,0,0,0,,0,0,0,0,0,0,30,,,,,,,,0,0,0,0,0,0,delete,,cli_ban_4.1_d213_m100
cli_ger_1.1Ado_d072_m017,climate protest,Germany,1.1,Adoption over Time,Count of participants at protest events related to climate,# people (estimated),s3,60.624,0.20014,45.856,2019.2,0.072487,528.29,0.00038393,1953,-92329,0.35984,0.14645,325.24,152.67,0.14896,-0.021243,375,229.31,0.17816,0.013788,368.51,227.02,13,4,2.8785,0.17053,2.708,4,2,1,1,1,1,0.30332,0,0,m,n,y,y,m,m,m,y,m,n,n,4,,convert to cum,,0,hide,original,0,1,0,0,0,0,,0,1,0,0,0,0,32,,,,,,,,0,1,0,0,0,0,delete,,cli_ger_1.1_d072_m017
cli_ger_1.1Ado_d073_m019,climate protest,Germany,1.1,Adoption over Time,Count of protest events related to climate,# protest events,s3,0.55455,0.51177,54.467,2026,7.9243,5218.4,3.6135e-08,1976.3,-1.097e+05,0.92641,0.90188,71.314,50.782,0.92613,0.91136,71.446,51.438,0.601,0.5212,166.05,124.63,13,4,0.16844,0.062088,0.10635,4,0,3,0,0,1,0.53716,0,0,y,n,y,y,y,y,m,m,y,n,n,1,,,,0,hide,original,0,1,0,0,0,0,,1,1,0,0,0,0,33,check,,,,,,,1,1,0,0,0,0,delete,,cli_ger_1.1_d073_m019
cli_ger_4.1Kso_d213_m100,climate protest,Germany,4.1,Knowledge Flows (social networks),annualised Google search frequency (index 100=monthly max.),Index 0-100,s3,212.17,0.51165,1.778,2022.1,0.020712,73.455,6.8564,2019.5,-3574,0.87386,0.8516,8.1921,2.5281,0.56273,0.51414,15.253,6.7587,0.21788,0.13098,20.399,13.075,21,2,1.3614,0.63861,0.72277,2,1,0,0,0,1,0.38449,0,1,y,n,m,y,y,y,m,y,m,n,n,,,,,0,hide,original,1,1,0,0,0,0,,1,1,0,0,0,0,37,,,,,,,,1,1,0,0,0,0,delete,,cli_ger_4.1_d213_m100
cli_glo_1.1Ado_d072_m017,climate protest,Global,1.1,Adoption over Time,Count of participants at protest events related to climate,# people (estimated),s3,31.314,0.22821,23497,2020,0.14034,2.8233e+05,1.1765e-10,1868.3,-4.7314e+07,0.53678,0.38238,1.082e+05,52394,0.28074,0.13688,1.3483e+05,80313,0.30582,0.16698,1.3246e+05,82335,13,6,2.1159,0.0025856,2.1133,6,2,5,1,0,1,0.47317,0,0,m,y,y,m,y,m,m,y,y,m,m,4,,convert to cum,,0,hide,original,0,1,0,0,0,0,,1,1,0,0,0,0,39,check,,,,,,,1,1,0,0,0,0,delete,,cli_glo_1.1_d072_m017
cli_glo_1.1Ado_d073_m019,climate protest,Global,1.1,Adoption over Time,Count of protest events related to climate,# protest events,s3,2.5665,0.32388,286.75,2019.6,1.7123,3020.5,1.4801e-08,1942,-5.7748e+05,0.98971,0.98629,130.03,65.57,0.8161,0.77932,549.83,425.8,0.70027,0.64032,701.95,606.4,13,11,1.0826,0.00066214,1.0819,13,2,9,1,1,1,0.78507,0,0,y,y,y,m,y,m,y,y,y,m,m,1,,,,0,hide,original,0,1,0,0,0,0,,1,1,0,0,0,0,40,check,,,,,,,1,1,0,0,0,0,delete,,cli_glo_1.1_d073_m019
cli_glo_4.1Kso_d213_m100,climate protest,Global,4.1,Knowledge Flows (social networks),annualised Google search frequency (index 100=monthly max.),Index 0-100,s3,0.4309,0.24422,4.2507,2021.4,10.198,125.07,0.12705,1996.5,-8539.3,0.94384,0.93393,7.3129,4.4112,0.92857,0.92063,8.2475,5.9196,0.69573,0.66192,17.022,14.887,21,13,0.79958,0.018351,0.78123,16,0,15,0,0,1,0.77068,0,1,y,y,y,m,y,m,y,y,y,m,m,,,,,0,hide,original,1,1,0,0,0,0,,1,1,0,0,0,0,45,,,,,,,,1,1,0,0,0,0,delete,,cli_glo_4.1_d213_m100
cli_ind_1.1Ado_d072_m017,climate protest,India,1.1,Adoption over Time,Count of participants at protest events related to climate,# people (estimated),s3,0.10969,0.075956,3.6184,2304.9,40.063,571.46,1.0927,1975.7,-7273.1,-0.083333,-0.44444,91.325,25.329,0.013221,-0.18413,87.16,47.056,0.02381,-0.17143,86.692,45.648,13,1,0.5762,0.5762,0,1,0,0,0,0,,,0,0,n,n,m,m,m,m,m,m,m,n,n,4,,convert to cum,,0,hide,original,0,1,0,0,0,0,,0,0,0,0,0,0,47,,check,,,,,,0,1,0,0,0,0,delete,,cli_ind_1.1_d072_m017
cli_ind_1.1Ado_d073_m019,climate protest,India,1.1,Adoption over Time,Count of protest events related to climate,# protest events,s3,35.876,0.11054,1.5165,2018.1,0.12249,21.032,10.015,2018.9,-3050.4,0.22756,-0.029918,18.389,9.2383,0.047804,-0.14264,20.417,11.21,0.073545,-0.11175,20.139,10.661,13,7,3.8038,0.095094,3.7087,8,4,7,1,0,1,0.067222,0,1,n,y,y,m,m,m,m,y,m,n,m,4,,convert to cum,,0,hide,original,0,1,0,0,0,0,,1,1,0,0,0,0,48,check,,,,,,,1,1,0,0,0,0,delete,,cli_ind_1.1_d073_m019
cli_ind_4.1Kso_d213_m100,climate protest,India,4.1,Knowledge Flows (social networks),annualised Google search frequency (index 100=monthly max.),Index 0-100,s3,14.147,0.12314,1.2987,2024.2,0.31062,1199.6,1518.4,1.6116e+05,-2610.8,1,1,1.7089e-05,3.8083e-06,-0.05,-0.16667,21.822,4.7619,0.13636,0.040404,19.791,10.719,21,1,0.083361,0.083361,0,1,0,0,0,0,,,0,1,y,n,m,m,m,m,m,m,m,n,n,,,,too few,0,hide,original,0,0,0,0,0,0,,1,0,0,0,0,0,52,check,,,,,,,1,0,0,0,0,0,delete,,cli_ind_4.1_d213_m100
cli_swe_1.1Ado_d072_m017,climate protest,Sweden,1.1,Adoption over Time,Count of participants at protest events related to climate,# people (estimated),s3,33.316,0.39541,9.4124,2021,0.1319,140.35,0.007599,1998.3,-18958,0.7728,0.69706,27.045,11.823,0.52763,0.43316,38.996,22.563,0.38528,0.26234,44.485,30.453,13,4,1.4826,0.12992,1.3527,4,1,3,1,0,1,0.49868,0,0,y,n,y,m,y,m,m,y,y,n,n,2,,,,0,hide,original,0,1,0,0,0,0,,1,1,0,0,0,0,54,check,,,,,,,1,1,0,0,0,0,delete,,cli_swe_1.1_d072_m017
cli_swe_1.1Ado_d073_m019,climate protest,Sweden,1.1,Adoption over Time,Count of protest events related to climate,# protest events,s3,12.04,0.32417,56.709,2019.8,0.36499,582.33,4.7697e-06,1964.9,-1.1421e+05,0.99913,0.99883,7.7889,3.3362,0.75556,0.70668,130.26,105.59,0.64864,0.57837,156.17,135.72,13,4,1.0372,0.91528,0.12192,4,1,3,1,0,0,0.76673,0,0,y,n,y,y,y,y,y,m,y,n,n,2,,,,0,hide,original,0,1,0,0,0,0,,1,1,0,0,0,0,55,check,,,,,,,1,1,0,0,0,0,delete,,cli_swe_1.1_d073_m019
cli_uki_1.1Ado_d072_m017,climate protest,UK,1.1,Adoption over Time,Count of participants at protest events related to climate,# people (estimated),s3,34.757,0.30546,7.7839,2020,0.12643,90.488,0.038129,1997.4,-15676,0.76956,0.69274,20.826,8.9841,0.50406,0.40488,30.552,18.916,0.45069,0.34083,32.154,22.168,13,4,1.6453,0.48173,1.1636,4,2,3,1,0,1,0.52026,0,0,y,n,y,y,y,y,m,y,y,n,n,,,,,0,hide,original,0,1,0,0,0,0,,1,1,0,0,0,0,59,check,,,,,,,1,1,0,0,0,0,delete,,cli_uki_1.1_d072_m017
cli_uki_1.1Ado_d073_m019,climate protest,UK,1.1,Adoption over Time,Count of protest events related to climate,# protest events,s3,142.71,0.24732,17.473,2019.3,0.030793,189.25,0.00079707,1972.8,-35184,0.87997,0.83996,32.259,14.538,0.47821,0.37385,67.26,53.355,0.49297,0.39156,66.302,56.159,13,4,1.2999,0.50198,0.79788,4,2,0,1,0,0,0.76721,0,0,y,n,y,y,y,y,y,y,y,n,n,,,,,0,hide,original,0,1,0,0,0,0,,1,1,0,0,0,0,60,check,,,,,,,1,1,0,0,0,0,delete,,cli_uki_1.1_d073_m019
cli_uki_4.1Kso_d213_m100,climate protest,UK,4.1,Knowledge Flows (social networks),annualised Google search frequency (index 100=monthly max.),Index 0-100,s3,0.67755,0.30176,3.9101,2021.2,6.4858,109.82,0.1268,2001.7,-7856.7,0.95278,0.94445,6.641,4.2123,0.92657,0.91841,8.2817,5.1799,0.6002,0.55577,19.324,15.549,21,8,0.91056,0.065414,0.84515,11,0,8,0,1,1,0.73322,0,1,y,y,y,y,y,y,y,y,y,y,y,,,,,0,hide,original,1,1,0,0,0,0,,1,1,0,0,0,0,64,,,,,,,,1,1,0,0,0,0,delete,,cli_uki_4.1_d213_m100
cli_usa_1.1Ado_d072_m017,climate protest,US,1.1,Adoption over Time,Count of participants at protest events related to climate,# people (estimated),s3,235.53,0.20397,16.902,2019.2,0.018658,201.62,0.0021963,1967.6,-34030,0.5588,0.41173,82.686,39.373,0.22131,0.065567,109.85,67.084,0.2581,0.10972,107.22,66.197,13,4,2.2694,0.46929,1.8001,4,3,1,0,1,1,0.36441,0,0,m,n,y,y,y,y,m,y,m,n,n,,,,,0,hide,original,0,1,0,0,0,0,,1,1,0,0,0,0,66,check,,,,,,,1,1,0,0,0,0,delete,,cli_usa_1.1_d072_m017
cli_usa_1.1Ado_d073_m019,climate protest,US,1.1,Adoption over Time,Count of protest events related to climate,# protest events,s3,30.267,0.32844,23.055,2020,0.14519,256,3.1735e-05,1974.2,-46432,0.97725,0.96966,16.59,7.2308,0.72468,0.66962,57.707,43.032,0.61523,0.53827,68.22,54.259,13,4,1.1836,0.57031,0.61328,4,2,3,1,0,1,0.77694,0,0,y,n,y,y,y,y,y,y,y,n,n,,,,,0,hide,original,0,1,0,0,0,0,,1,1,0,0,0,0,67,check,,,,,,,1,1,0,0,0,0,delete,,cli_usa_1.1_d073_m019
cli_usa_4.1Kso_d213_m100,climate protest,US,4.1,Knowledge Flows (social networks),annualised Google search frequency (index 100=monthly max.),Index 0-100,s3,0.53398,0.243,4.6225,2020.3,8.2297,111.88,0.089383,1994.6,-9286.9,0.92033,0.90626,9.6468,4.8701,0.89043,0.87826,11.313,8.219,0.67079,0.63421,19.609,17.283,21,12,0.89378,0.021376,0.8724,12,0,9,0,1,1,0.78065,0,1,y,y,y,m,y,m,y,y,y,m,m,,,,,0,hide,original,1,1,0,0,0,0,,1,1,0,0,0,0,71,,,,,,,,1,1,0,0,0,0,delete,,cli_usa_4.1_d213_m100
crz_ger_4.1Kso_d213_m100,mobesity,Germany,4.1,Knowledge Flows (social networks),annualised Google search frequency (index 100=monthly max.),Index 0-100,b3,0.0090896,-0.072543,-0.77922,-437.38,483.46,4.7619,-1519.5,-1.5515e+05,1574.1,-1.1471e-12,-0.17647,21.296,9.0703,-0.05,-0.16667,21.822,4.7619,0.049091,-0.056566,20.767,9.3342,21,1,21,21,0,1,0,0,0,0,,,0,1,n,n,m,m,m,m,m,m,m,n,n,,,,too few,0,hide,original,0,0,0,0,0,0,,0,0,0,0,0,0,154,,,,,,,,0,0,0,0,0,0,delete,,crz_ger_4.1_d213_m100
dri_usa_4.1Kso_d213_m100,drivers licence,US,4.1,Knowledge Flows (social networks),annualised Google search frequency (index 100=monthly max.),Index 0-100,b9,0.26977,0.085238,4.9335,2012.7,16.29,93.935,0.18858,1949.5,-9884.6,0.95274,0.9444,6.5953,5.5158,0.87577,0.86196,10.694,8.732,0.96958,0.9662,5.2912,4.1063,21,20,1.0646,0.0020874,1.0625,20,0,19,0,0,1,0.9275,0,1,y,y,y,y,y,y,y,y,y,y,y,,,,,0,hide,original,1,1,0,0,0,0,,1,1,0,0,0,0,243,,,,,,,,1,1,0,0,0,0,delete,,dri_usa_4.1_d213_m100
eat_ger_1.1Ado_d257_m167,eating less meat,Germany,1.1,Adoption over time,Partial max and after % poultry+pig in total meat consumption,Partial max and after % kg/yr,b1,-0.0028687,0.00070956,-0.00229,210.28,-1531.8,142.38,1555.7,1.5743e+05,5.4133,0.6816,0.60813,0.0076717,0.0062368,-3494.2,-3993.5,0.80379,0.80367,0.68085,0.63526,0.0076808,0.0062379,17,17,0.0057911,0.0054685,0.00032258,17,16,4,0,1,0,0.94023,1,1,m,y,y,y,y,y,y,m,y,m,y,,,,not interested in this part of curve,0,hide,transformed-partial,1,1,0,0,0,0,,1,1,0,0,0,0,264,,,,,,,,1,1,0,0,0,0,delete,,eat_ger_1.1_d257_m167
eat_ger_1.1Ado_d267_m171,eating less meat,Germany,1.1,Adoption over time,Partial max and after per capita poultry consumption,Partial max and after kg/yr,b1,-0.0058195,-0.0056857,-0.101,1375,-755.13,776.78,25.85,1954.2,221.8,0.11005,,0.32174,0.2768,0.11006,-1.6698,0.32174,0.27681,0.10963,-1.6711,0.32182,0.277,4,4,0.023443,0.022375,0.0010685,4,3,2,0,1,0,0.747,0,1,n,n,y,y,y,y,y,m,m,n,n,,,,too few,0,hide,transformed-partial,0,0,0,0,0,0,,1,1,0,0,0,0,274,check,check,,,,,,1,1,0,0,0,0,delete,,eat_ger_1.1_d267_m171
eat_ind_1.1Ado_d257_m167,eating less meat,India,1.1,Adoption over time,Partial max and after % poultry+pig in total meat consumption,Partial max and after % kg/yr,b1,0.46213,-0.071941,-0.046303,1930.9,9.5091,0.62074,0.81258,2015.2,94.107,-6.9558e-10,-3,0.072345,0.067531,0.79,0.58,0.033153,0.025925,0.81928,0.63856,0.030755,0.023247,5,5,1.1038,0.80974,0.29402,5,4,0,0,0,0,0.81088,1,1,n,n,y,y,y,y,y,y,y,n,n,,,,not interested in this part of curve,0,hide,transformed-partial,,,,,0,0,,1,1,0,0,0,0,330,,,,,,,,1,1,0,0,0,0,delete,,eat_ind_1.1_d257_m167
eat_ind_1.1Ado_d271_m171,eating less meat,India,1.1,Adoption over time,Partial max and after per capita total meat consumption,Partial max and after kg/yr,b1,,,-0.38,,,,,,773.67,,,,,,,,,1,1,6.6218e-14,6.5281e-14,2,2,,,,2,1,0,0,0,0,0.49896,0,1,n,n,y,y,y,y,m,m,y,n,n,,,,too few,0,hide,transformed-partial,0,0,,,0,0,,1,1,0,0,0,0,344,check,check,,,,,,1,1,0,0,0,0,delete,,eat_ind_1.1_d271_m171
fir_glo_4.1Kso_d213_m100,firm esg reporting,Global,4.1,Knowledge Flows (social networks),annualised Google search frequency (index 100=monthly max.),Index 0-100,m13,2.5409,0.087651,4.6841,2010,1.7295,68.08,0.20328,1953.1,-9386,0.8087,0.77494,14.036,9.9967,0.70368,0.67075,17.469,15.15,0.78122,0.75691,15.01,12.291,21,16,1.4689,0.29344,1.1754,17,1,16,0,0,1,0.90415,0,1,y,y,y,y,y,y,y,y,y,y,y,,,,,0,hide,original,1,1,0,0,0,0,,1,1,0,0,0,0,874,,,,,,,,1,1,0,0,0,0,delete,,fir_glo_4.1_d213_m100
low_ger_4.1Kso_d213_m100,low-carbon long distance travel,Germany,4.1,Knowledge Flows (social networks),annualised Google search frequency (index 100=monthly max.),Index 0-100,b4,0.0090896,-0.072543,-0.77922,-437.38,483.46,4.7619,-1519.5,-1.5515e+05,1574.1,-1.1471e-12,-0.17647,21.296,9.0703,-0.05,-0.16667,21.822,4.7619,0.049091,-0.056566,20.767,9.3342,21,1,21,21,0,1,0,0,0,0,,,0,1,n,n,m,m,m,m,m,m,m,n,n,,,,too few,0,hide,original,0,0,0,0,0,0,,0,0,0,0,0,0,891,,,,,,,,0,0,0,0,0,0,delete,,low_ger_4.1_d213_m100
mic_ban_1.1Ado_d285_m173,microfinance,Bangladesh,1.1,Adoption over time,Partial up to max Gross lender loan portfolio,Partial up to max USD,m10,0.070247,,3.7622e+08,2019.7,62.557,7.6014e+09,,,-7.5304e+11,0.45658,0.34789,1.5957e+09,1.1711e+09,,,,,0.90625,0.89453,6.6277e+08,5.3068e+08,19,19,1,0.021562,0.97844,19,1,17,0,0,1,0.89517,0,0,m,y,y,y,y,y,y,y,y,m,y,,,,* error in logfit,0,hide,transformed-partial,0,1,0,0,0,0,,1,1,0,0,0,0,896,check,,,,,,,1,1,0,0,0,0,delete,,mic_ban_1.1_d285_m173
mic_ban_4.1Kso_d239_m153,microfinance,Bangladesh,4.1,Knowledge Flows (social networks),Partial up to max annualised Google search frequency (index 100=monthly max.),Partial up to max Index 0-100,m10,597.68,7.5975e-05,0,2004.1,0.0073525,50,32.221,1560.1,33.333,0.25,2.5,40.825,33.333,-1.1246e-08,,47.14,44.443,0,,47.14,44.444,3,1,2,2,0,1,0,0,0,0,,,0,1,n,n,y,m,m,m,m,m,m,n,n,,,,too few,0,hide,transformed-partial,0,0,0,0,0,0,,0,0,0,0,0,0,904,,,,,,,,0,0,0,0,0,0,delete,,mic_ban_4.1_d239_m153
mic_glo_3.5Mar_d126_m008,microfinance,Global,3.5,Market Formation,NewStartups,# companies,m10,0.22596,0.017573,0.18748,1991.7,19.448,10.564,9.3223,2013.7,-367.63,0.36966,0.32354,4.3118,3.1175,0.14743,0.10683,5.0146,4.1,0.20101,0.16296,4.8544,3.7169,45,44,1.7985,0.094658,1.7038,44,17,42,1,0,1,0.88234,0,1,m,y,y,y,m,m,y,y,m,m,m,,,,,0,hide,original,1,1,0,0,0,0,,1,1,0,0,0,0,907,,,,,,,,1,1,0,0,0,0,delete,,mic_glo_3.5_d126_m008
mic_glo_3.5Mar_d171_m011,microfinance,Global,3.5,Market Formation,PrivateEquityDeals,# deals,m10,0.47424,0.067819,0.59578,2008.3,9.2663,20.53,10.543,2011.1,-1185.4,0.85301,0.84226,3.6562,2.0178,0.63236,0.61486,5.7823,4.4453,0.6583,0.64203,5.5746,4.5517,45,24,1.4126,0.04871,1.3639,36,7,35,1,0,1,0.95796,0,1,y,y,y,y,y,y,y,y,y,y,y,,,,,0,hide,original,1,1,0,0,0,0,,1,1,0,0,0,0,908,,,,,,,,1,1,0,0,0,0,delete,,mic_glo_3.5_d171_m011
mic_glo_3.5Mar_d175_m027,microfinance,Global,3.5,Market Formation,PrivateEquityInvestment,$ million,m10,0.4867,0.099826,7.2327,2015,9.029,334.88,0.08867,1940.5,-14403,0.54293,0.50948,103.27,42.171,0.46943,0.44417,111.26,57.983,0.37815,0.34854,120.46,78.694,45,20,2.4593,0.0085105,2.4508,21,3,20,1,0,1,0.6676,0,0,m,y,y,m,y,m,m,y,y,m,m,,,,,0,hide,original,1,1,0,0,0,0,,1,1,0,0,0,0,909,,,,,,,,1,1,0,0,0,0,delete,,mic_glo_3.5_d175_m027
mic_glo_3.5Mar_d200_m027,microfinance,Global,3.5,Market Formation,TotalFundraisingAmount,$ million,m10,57.858,0.073213,52.1,2012,0.075952,1967.9,0.044906,1876.1,-1.0369e+05,0.45737,0.41767,884.13,468.58,0.31822,0.28576,991.03,591.48,0.31782,0.28533,991.32,632.56,45,24,2.8543,0.00037379,2.8539,25,11,23,1,0,1,0.37656,0,0,m,y,y,m,m,m,m,y,y,m,m,,,,,0,hide,original,1,1,0,0,0,0,,0,1,0,0,0,0,910,check,,,,,,,1,1,0,0,0,0,delete,,mic_glo_3.5_d200_m027
mic_glo_3.5Mar_d204_m011,microfinance,Global,3.5,Market Formation,TotalFundraisingDeals,# deals,m10,0.4463,0.070184,1.7814,2008.4,9.8465,61.531,1.8658,1970.8,-3544.2,0.91971,0.91383,7.658,3.4251,0.72611,0.71307,14.144,10.979,0.73282,0.7201,13.97,11.526,45,34,1.2026,0.016252,1.1864,40,7,39,1,0,1,0.97386,0,1,y,y,y,y,y,y,y,y,y,y,y,,,,,0,hide,original,1,1,0,0,0,0,,1,1,0,0,0,0,911,,,,,,,,1,1,0,0,0,0,delete,,mic_glo_3.5_d204_m011
mic_ind_1.1Ado_d285_m173,microfinance,India,1.1,Adoption over time,Partial up to max Gross lender loan portfolio,Partial up to max USD,m10,0.31249,,1.0772e+09,2039.3,14.063,2.698e+10,,,-2.1591e+12,-0.55628,-0.84808,9.2687e+09,5.5586e+09,,,,,0.69892,0.6635,4.0768e+09,3.1407e+09,20,20,1,0.00022064,0.99978,20,0,19,0,0,1,0.75087,0,0,n,y,y,y,y,y,y,y,y,n,y,,,,* error in logfit,0,hide,transformed-partial,0,1,0,0,0,0,,0,1,0,0,0,0,926,,,,,,,,0,1,0,0,0,0,delete,,mic_ind_1.1_d285_m173
mic_ind_3.5Mar_d126_m008,microfinance,India,3.5,Market Formation,NewStartups,# companies,m10,0.0037862,0.0037882,0.0047431,4004.3,1160.7,1829.2,0.99527,2019.2,-8.5623,0.0019047,-0.071127,1.2172,0.8713,0.0019044,-0.045624,1.2172,0.8713,0.0025562,-0.044941,1.2168,0.87256,45,24,0.0027334,0.00054667,0.0021867,39,12,38,1,0,1,0.42453,0,1,n,y,y,m,m,m,m,m,m,n,m,,,,,0,hide,original,1,1,0,0,0,0,,0,1,0,0,0,0,934,check,,,,,,,1,1,0,0,0,0,delete,,mic_ind_3.5_d126_m008
mic_ind_3.5Mar_d171_m011,microfinance,India,3.5,Market Formation,PrivateEquityDeals,# deals,m10,0.49157,0.018102,0.18195,2007.5,8.9396,6.1205,1551.7,1.578e+05,-362,0.72257,0.70227,1.6745,0.98053,-0.50836,-0.58018,3.9044,2.2667,0.55249,0.53118,2.1267,1.6506,45,19,1.7972,0.32677,1.4705,19,7,13,1,1,1,0.90233,0,1,y,y,y,y,y,y,y,y,y,y,y,,,,,0,hide,original,1,1,0,0,0,0,,1,1,0,0,0,0,935,,,,,,,,1,1,0,0,0,0,delete,,mic_ind_3.5_d171_m011
mic_ind_3.5Mar_d175_m027,microfinance,India,3.5,Market Formation,PrivateEquityInvestment,$ million,m10,0.22857,0.093588,3.0823,2015.1,19.226,156.59,0.61832,1965,-6136.3,0.37287,0.32698,58.66,29.198,0.34564,0.31448,59.92,34.464,0.29205,0.25833,62.326,41.899,45,18,2.0838,0.026748,2.057,19,2,12,1,1,1,0.49129,0,0,m,y,y,m,m,m,m,y,m,m,m,,,,,0,hide,original,1,1,0,0,0,0,,1,1,0,0,0,0,936,,,,,,,,1,1,0,0,0,0,delete,,mic_ind_3.5_d175_m027
mic_ind_3.5Mar_d200_m027,microfinance,India,3.5,Market Formation,TotalFundraisingAmount,$ million,m10,1.8765,0.099876,16.263,2016.6,2.3419,772.09,0.0281,1920.9,-32388,0.4505,0.4103,287.91,111.31,0.36635,0.33617,309.17,128.53,0.29574,0.2622,325.94,163.33,45,21,3.1291,0.00069368,3.1284,24,5,23,1,0,1,0.43298,0,0,m,y,y,m,m,m,m,y,m,m,m,,,,,0,hide,original,1,1,0,0,0,0,,1,1,0,0,0,0,937,,,,,,,,1,1,0,0,0,0,delete,,mic_ind_3.5_d200_m027
mic_ind_3.5Mar_d204_m011,microfinance,India,3.5,Market Formation,TotalFundraisingDeals,# deals,m10,0.53516,0.038195,0.39539,2009.4,8.2115,14.262,1547.7,1.5819e+05,-786.63,0.79068,0.77536,3.0629,1.6352,-0.54304,-0.61652,8.316,4.9333,0.58834,0.56874,4.2953,3.2512,45,24,1.8931,0.070115,1.823,40,7,39,1,0,1,0.91195,0,1,y,y,y,m,y,m,y,y,y,m,m,,,,,0,hide,original,1,1,0,0,0,0,,1,1,0,0,0,0,938,,,,,,,,1,1,0,0,0,0,delete,,mic_ind_3.5_d204_m011
mic_ind_4.1Kso_d213_m100,microfinance,India,4.1,Knowledge Flows (social networks),annualised Google search frequency (index 100=monthly max.),Index 0-100,m10,0.053614,-0.086078,-2.8249,1492.4,81.965,24.274,44.321,2006.1,5713.6,-2.74e-13,-0.17647,26.408,20.86,0.33185,0.25761,21.586,15.764,0.41956,0.35507,20.12,14.236,21,20,4.1196,0.047284,4.0723,21,14,5,1,1,1,0.89392,0,1,n,y,y,m,m,m,y,y,y,n,m,,,,,0,hide,original,1,1,0,0,0,0,,0,1,0,0,0,0,951,check,,,,,,,1,1,0,0,0,0,delete,,mic_ind_4.1_d213_m100
mic_nig_1.1Ado_d285_m173,microfinance,Nigeria,1.1,Adoption over time,Partial up to max Gross lender loan portfolio,Partial up to max USD,m10,0.085824,,1.805e+08,2042.5,51.203,4.3282e+09,,,-3.6177e+11,0.0039692,-0.24504,1.3236e+09,5.6526e+08,,,,,0.39366,0.30037,1.0327e+09,8.0965e+08,16,16,1,0.0005155,0.99948,16,1,15,0,0,1,0.54386,0,0,n,y,y,m,y,m,m,y,y,n,m,,,,,0,hide,transformed-partial,0,1,0,0,0,0,,0,1,0,0,0,0,955,,,,,,,,0,1,0,0,0,0,delete,,mic_nig_1.1_d285_m173
mic_nig_3.5Mar_d126_m008,microfinance,Nigeria,3.5,Market Formation,NewStartups,# companies,m10,0.082052,0.0019704,0.010672,4046.9,53.557,11.575,1555,1.5747e+05,-21.032,-0.20833,-0.29675,0.80277,0.33333,-0.20833,-0.26587,0.80277,0.33333,0.036018,-0.0098861,0.71702,0.47619,45,11,0.34557,0.086393,0.25918,35,13,34,1,0,1,0.44828,0,1,n,y,y,m,m,m,m,y,m,n,m,,,,,0,hide,original,0,1,0,0,0,0,,0,1,0,0,0,0,963,,,,,,,,0,1,0,0,0,0,delete,,mic_nig_3.5_d126_m008
mic_nig_3.5Mar_d171_m011,microfinance,Nigeria,3.5,Market Formation,PrivateEquityDeals,# deals,m10,295.48,0.0016885,0.0073781,2008.2,0.014872,0.3125,1554.9,1.5747e+05,-14.66,0.11924,0.054798,0.40654,0.18056,-0.065789,-0.11654,0.44721,0.11111,0.048929,0.0036395,0.42246,0.20399,45,3,6.4,3.2,3.2,14,13,0,0,0,1,0,0,1,n,m,m,m,m,m,m,y,m,n,m,,,,,0,hide,original,0,1,0,0,0,0,,0,0,0,0,0,0,964,,check,,,,,,0,1,0,0,0,0,delete,,mic_nig_3.5_d171_m011
mic_nig_3.5Mar_d175_m027,microfinance,Nigeria,3.5,Market Formation,PrivateEquityInvestment,$ million,m10,0.20125,0.0010606,0.00063653,2074.7,21.836,1451.5,1555.1,1.5746e+05,-1.2689,0.12841,0.064632,0.03302,0.010225,-0.023594,-0.072336,0.035783,0.0054327,0.054631,0.0096134,0.034389,0.012618,45,2,0.00016534,3.0795e-06,0.00016226,14,0,13,0,0,1,0,1,1,n,m,m,m,m,m,m,m,m,n,m,,,,,0,hide,original,0,1,0,0,0,0,,0,0,0,0,0,0,965,,check,,,,,,0,1,0,0,0,0,delete,,mic_nig_3.5_d175_m027
mic_nig_3.5Mar_d200_m027,microfinance,Nigeria,3.5,Market Formation,TotalFundraisingAmount,$ million,m10,173.9,0.017596,0.17717,2011,0.02527,8.0227,1551.9,1.5778e+05,-352.33,0.18266,0.12285,7.6381,2.4324,-0.078137,-0.12948,8.7724,2.3616,0.07417,0.030083,8.1292,3.4177,45,11,6.8436,0.00055717,6.8431,15,10,13,1,0,1,0.072787,0,1,n,y,y,m,m,m,m,y,m,n,m,,,,,0,hide,original,0,1,0,0,0,0,,0,0,0,0,0,0,966,,check,,,,,,0,1,0,0,0,0,delete,,mic_nig_3.5_d200_m027
mic_nig_3.5Mar_d204_m011,microfinance,Nigeria,3.5,Market Formation,TotalFundraisingDeals,# deals,m10,540.41,0.0046111,0.038472,2007.7,0.0081317,1.2941,1554.4,1.5753e+05,-76.487,0.47201,0.43337,0.62413,0.35294,-0.38554,-0.45152,1.0111,0.53333,0.33837,0.30686,0.69867,0.52425,45,15,2.3182,0.77275,1.5455,34,5,33,1,0,1,0.54348,0,1,m,y,y,m,m,m,m,y,y,m,m,,,,,0,hide,original,1,1,0,0,0,0,,0,1,0,0,0,0,967,check,,,,,,,1,1,0,0,0,0,delete,,mic_nig_3.5_d204_m011
mic_nig_4.1Kso_d213_m100,microfinance,Nigeria,4.1,Knowledge Flows (social networks),annualised Google search frequency (index 100=monthly max.),Index 0-100,m10,0.0012803,0.0012486,0.046713,4882.7,3432.5,1366,87.95,2778.8,-60.231,0.00012321,-0.17633,24.262,18.378,0.00012293,-0.11097,24.262,18.378,0.00013591,-0.11096,24.262,18.376,21,19,0.073206,0.003735,0.069471,19,16,18,1,0,1,0.89171,0,1,n,y,y,y,y,y,y,m,m,n,m,,,,noisy,0,hide,original,0,0,0,0,0,0,,0,1,0,0,0,0,980,,check,,,,,,0,1,0,0,0,0,delete,,mic_nig_4.1_d213_m100
pas_aus_1.1Ado_d222_m146,passive building retrofits,Austria,1.1,Adoption over time,new building,number of buildings,m5,-0.58194,-0.012369,-0.72527,2018.3,-7.5514,47.505,80.659,1949.3,1496,0.30282,0.21188,22.644,17.563,0.028338,-0.052634,26.732,22.382,0.043391,-0.036327,26.524,22.215,27,27,1.8103,0.02105,1.7893,27,18,0,1,0,1,0.96282,0,1,m,y,y,y,m,m,y,y,m,m,m,4,,convert to cum.,noisy,0,hide,original,0,0,0,0,0,0,,,,,,,,1218,,,,,,,,0,0,0,0,0,0,delete,,pas_aus_1.1_d222_m146
pas_aus_1.1Ado_d234_m129,passive building retrofits,Austria,1.1,Adoption over time,renovation,floorspace,m5,-0.0013574,0.013637,88.745,24208,-3237.4,3860.3,14.749,1601.9,-1.7452e+05,-4.4409e-16,-0.13043,5468.7,4373,0.0095046,-0.073037,5442.6,4365.8,0.015976,-0.066026,5424.8,4333.5,27,17,4.833,0.029531,4.8035,27,14,6,1,1,1,0.47304,0,0,n,y,y,m,m,m,m,y,m,n,m,4,,convert to cum.,noisy,0,hide,original,0,0,0,0,0,0,,,,,,,,1219,,,,,,,,0,0,0,0,0,0,delete,,pas_aus_1.1_d234_m129
pas_aus_1.1Ado_d234_m146,passive building retrofits,Austria,1.1,Adoption over time,renovation,number of buildings,m5,-0.00064145,0.00055824,-0.0018315,-11097,-6850.8,7634.2,1556.1,1.5738e+05,5.385,2.2173e-05,-0.13041,2.3383,1.6785,-0.53086,-0.65843,2.8932,1.7037,3.7218e-05,-0.083293,2.3383,1.6781,27,17,0.0014409,0.00013099,0.0013099,27,14,26,1,0,1,0.66814,0,1,n,y,y,m,m,m,m,m,m,n,m,4,,convert to cum.,noisy,0,hide,original,0,0,0,0,0,0,,,,,,,,1220,,,,,,,,0,0,0,0,0,0,delete,,pas_aus_1.1_d234_m146
pas_aus_1.1Ado_d234_m147,passive building retrofits,Austria,1.1,Adoption over time,renovation,number of units,m5,0.024942,0.015477,2.0421,3998.8,176.19,2179.9,4.8346,1833.3,-4030,-0.17487,-0.32811,193.54,74.667,0.0045125,-0.078445,178.15,95.303,0.0079356,-0.074736,177.84,94.296,27,17,0.42111,0.00045873,0.42066,27,12,6,1,1,1,0.11709,0,0,n,y,y,m,m,m,m,y,m,n,m,4,1 hi pt,convert to cum.,noisy,0,hide,original,0,0,0,0,0,0,,,,,,,,1221,,,,,,,,0,0,0,0,0,0,delete,,pas_aus_1.1_d234_m147
pas_aus_4.1Kso_d213_m100,passive building retrofits,Austria,4.1,Knowledge Flows (social networks),annualised Google search frequency (index 100=monthly max.),Index 0-100,m5,-0.0038557,0.064301,0.84805,6003.6,-1139.7,8.5238,9.1496,2015.6,-1699.5,-6.0409e-10,-0.17647,26.471,15.424,0.025457,-0.082825,26.132,15.337,0.037633,-0.069297,25.968,14.778,21,2,11.732,9.2682,2.4637,7,6,0,0,0,1,0,0,1,n,n,m,m,m,m,m,y,m,n,n,,,,too few,0,hide,original,0,0,0,0,0,0,,,,,,,,1227,,,,,,,,0,0,0,0,0,0,delete,,pas_aus_4.1_d213_m100
pas_bel_1.1Ado_d222_m146,passive building retrofits,Belgium,1.1,Adoption over time,new building,number of buildings,m5,-96.631,-0.16096,-0.18346,2012,-0.045477,2.7143,3.3166,2005.5,370.68,0.64775,0.5817,0.87831,0.48572,0.52376,0.46773,1.0213,0.69715,0.511,0.45347,1.0348,0.74759,20,9,1.8421,0.36842,1.4737,12,5,7,1,1,1,0.63235,0,1,m,y,y,m,m,m,m,y,y,m,m,2,,convert to cum.,,0,hide,original,0,0,0,0,0,0,,,,,,,,1229,,,,,,,,0,0,0,0,0,0,delete,,pas_bel_1.1_d222_m146
pas_bel_1.1Ado_d234_m129,passive building retrofits,Belgium,1.1,Adoption over time,renovation,floorspace,m5,0.033823,-0.11303,-16.475,3129.6,129.92,-564.71,178.04,2008.3,33286,-0.10762,-0.3153,309.9,96.6,0.079925,-0.028319,282.45,171.65,0.10409,-0.0013134,278.71,169.84,20,2,-2.0028,-1.4184,-0.58437,3,2,0,0,0,1,0,0,0,n,n,y,m,y,m,m,m,m,n,n,3,messy,convert to cum.,,0,hide,original,0,0,0,0,0,0,,,,,,,,1230,,,,,,,,0,0,0,0,0,0,delete,,pas_bel_1.1_d234_m129
pas_bel_1.1Ado_d234_m146,passive building retrofits,Belgium,1.1,Adoption over time,renovation,number of buildings,m5,-172.16,-0.0014805,-0.026316,2010.8,-0.025526,0.5,-1544.4,-1.5266e+05,53.163,0.23077,0.086538,0.41833,0.2,-0.098901,-0.22818,0.5,0.15,0.10121,-0.0045249,0.45219,0.26526,20,2,4,2,2,3,2,0,0,0,1,0,0,1,n,n,y,m,y,m,m,y,m,n,n,3,messy,convert to cum.,,0,hide,original,0,0,0,0,0,0,,,,,,,,1231,,,,,,,,0,0,0,0,0,0,delete,,pas_bel_1.1_d234_m146
pas_bel_1.1Ado_d234_m147,passive building retrofits,Belgium,1.1,Adoption over time,renovation,number of units,m5,0.0055351,-0.0072487,-0.087218,-1868.7,793.92,0.6,-1542.3,-1.5287e+05,176.3,-1.8316e-12,-0.1875,2.2,1.08,-0.07438,-0.20078,2.2804,0.6,0.052259,-0.05924,2.1417,1.0265,20,2,16.667,3.3333,13.333,3,0,2,0,0,1,0,0,1,n,n,y,m,y,m,m,y,m,n,n,3,messy,convert to cum.,,0,hide,original,0,0,0,0,0,0,,,,,,,,1232,,,,,,,,0,0,0,0,0,0,delete,,pas_bel_1.1_d234_m147
pas_bel_4.1Kso_d213_m100,passive building retrofits,Belgium,4.1,Knowledge Flows (social networks),annualised Google search frequency (index 100=monthly max.),Index 0-100,m5,-311.87,-0.048426,-1.1688,2005.9,-0.014091,50,22.998,650.23,2358.8,0.475,0.38235,15.43,4.7619,-0.05,-0.16667,21.822,4.7619,0.11045,0.011616,20.085,10.357,21,1,2,2,0,1,0,0,0,0,,,0,1,m,n,m,m,m,m,m,m,m,n,n,,,,too few,0,hide,original,0,0,0,0,0,0,,,,,,,,1238,,,,,,,,0,0,0,0,0,0,delete,,pas_bel_4.1_d213_m100
pas_ger_1.1Ado_d222_m146,passive building retrofits,Germany,1.1,Adoption over time,new building,number of buildings,m5,-0.54686,-0.039567,-0.56233,2020,-8.0357,18.554,18.797,1999.2,1143.4,0.58055,0.44074,5.6509,4.1032,0.38752,0.26503,6.8285,5.5985,0.44834,0.33801,6.4806,5.172,13,13,1.563,0.053897,1.5091,27,10,0,0,0,1,0.86411,0,1,m,y,y,y,y,y,y,y,y,m,y,4,,convert to cum.,,0,hide,original,0,0,0,0,0,0,,,,,,,,1240,,,,,,,,0,0,0,0,0,0,delete,,pas_ger_1.1_d222_m146
pas_ger_1.1Ado_d234_m129,passive building retrofits,Germany,1.1,Adoption over time,renovation,floorspace,m5,-0.46843,-0.4684,-220.03,1995.5,-9.3812,8.4396e+07,1047.1,2019.6,4.454e+05,0.45245,-0.36886,446.34,342.99,0.45246,0.087426,446.34,343,0.3881,-0.01984,471.84,419.5,6,5,1.9693e-05,1.6233e-06,1.8069e-05,6,5,0,0,0,1,0.24122,0,0,m,n,y,m,m,m,m,m,y,n,n,3,,convert to cum.,,0,hide,original,0,0,0,0,0,0,,,,,,,,1241,,,,,,,,0,0,0,0,0,0,delete,,pas_ger_1.1_d234_m129
pas_ger_1.1Ado_d234_m146,passive building retrofits,Germany,1.1,Adoption over time,renovation,number of buildings,m5,-0.38723,-0.0019632,-0.009977,2024.2,-11.348,1.1469,-1410.4,-2.417e+05,21.058,0.10738,-0.19016,0.52407,0.37777,-3.25,-4.1,1.1435,1,0.034919,-0.1581,0.54493,0.36873,13,11,1.7438,0.87192,0.87192,26,7,11,1,0,1,0.82353,0,1,n,y,y,m,m,m,y,y,m,n,m,3,hi and low,convert to cum.,,0,hide,original,0,0,0,0,0,0,,,,,,,,1242,,,,,,,,0,0,0,0,0,0,delete,,pas_ger_1.1_d234_m146
pas_ger_1.1Ado_d234_m147,passive building retrofits,Germany,1.1,Adoption over time,renovation,number of units,m5,-0.66045,-0.66026,-2.8,2002.1,-6.6537,1.3076e+06,15.162,2019.4,5667.5,0.4081,-0.47976,6.5231,4.6469,0.4081,0.013498,6.5231,4.6475,0.31808,-0.13653,7.0016,6.1333,6,5,1.6824e-05,7.6473e-07,1.6059e-05,6,5,0,0,0,1,0.12997,0,1,m,n,y,m,m,m,m,m,y,n,n,3,,convert to cum.,,0,hide,original,0,0,0,0,0,0,,,,,,,,1243,,,,,,,,0,0,0,0,0,0,delete,,pas_ger_1.1_d234_m147
pas_ger_4.1Kso_d213_m100,passive building retrofits,Germany,4.1,Knowledge Flows (social networks),annualised Google search frequency (index 100=monthly max.),Index 0-100,m5,-112.46,-0.013741,-0.12987,2013.8,-0.039077,10,6.3875,1992.6,266.32,0.055,-0.11176,20.702,8.5714,0.00068839,-0.11035,21.289,9.0803,0.0013636,-0.1096,21.281,9.0579,21,1,10,10,0,1,0,0,0,0,,,0,1,n,n,m,m,m,m,m,m,m,n,n,,,,too few,0,hide,original,0,0,0,0,0,0,,,,,,,,1249,,,,,,,,0,0,0,0,0,0,delete,,pas_ger_4.1_d213_m100
pas_ire_4.1Kso_d213_m100,passive building retrofits,Ireland,4.1,Knowledge Flows (social networks),annualised Google search frequency (index 100=monthly max.),Index 0-100,m5,14.147,0.12314,1.2987,2024.2,0.31062,1199.6,1518.4,1.6116e+05,-2610.8,1,1,1.7089e-05,3.8083e-06,-0.05,-0.16667,21.822,4.7619,0.13636,0.040404,19.791,10.719,21,1,0.083361,0.083361,0,1,0,0,0,0,,,0,1,y,n,m,m,m,m,m,m,m,n,n,,,,too few,0,hide,original,0,0,0,0,0,0,,,,,,,,1256,,,,,,,,0,0,0,0,0,0,delete,,pas_ire_4.1_d213_m100
pos_uki_4.1Kso_d213_m100,postage stamps,UK,4.1,Knowledge Flows (social networks),annualised Google search frequency (index 100=monthly max.),Index 0-100,s8,0.017821,0.017811,0.34612,2477.5,246.59,1.1915e+05,5.2013,1914.1,-666.02,0.008697,-0.16624,28.284,23.722,0.0086984,-0.10145,28.284,23.722,0.0054431,-0.10506,28.331,23.57,21,20,0.00083925,1.4886e-05,0.00082436,20,0,4,0,1,1,0.5863,0,1,n,y,y,m,m,m,m,m,m,n,m,,,,noisy,0,hide,original,0,0,0,0,0,0,,,,,,,,1263,,,,,,,,0,0,0,0,0,0,delete,,pos_uki_4.1_d213_m100
pos_uki_4.2Kme_d293_m180,postage stamps,UK,4.2,Knowledge flows,"Partial up to max Frequency of the word ""postage stamp"" in ngram corpus",Partial up to max Frequency,s8,0.0024513,0.047412,6.1018e-11,3616.3,1792.7,5.5713e-08,29.903,2413.7,-1.1383e-07,-0.15285,-0.18429,2.6021e-09,1.5807e-09,0.9603,0.95958,4.8291e-10,3.6808e-10,0.68647,0.68082,1.357e-09,1.0796e-09,114,94,0.17897,0.00095279,0.17802,94,1,82,0,1,1,0.95386,1,1,n,y,y,y,y,y,y,m,y,n,y,,,,,0,hide,transform-partial,0,1,0,0,0,0,,,,,,,,1267,,,,,,,,0,1,0,0,0,0,delete,,pos_uki_4.2_d293_m180
sol_cal_4.1Kso_d213_m100,solar leasing,California,4.1,Knowledge Flows (social networks),annualised Google search frequency (index 100=monthly max.),Index 0-100,m11,1.0931,0.079867,5.493,2010.5,4.0201,84.654,0.18919,1943.8,-11007,0.92311,0.90954,10.372,7.9399,0.66029,0.62255,21.802,17.894,0.79071,0.76746,17.112,13.437,21,17,1.1813,0.10316,1.0781,17,1,16,0,0,1,0.93316,0,1,y,y,y,y,y,y,y,y,y,y,y,,,,,0,hide,original,1,1,0,0,0,0,,,,,,,,1367,,,,,,,,1,1,0,0,0,0,delete,,sol_cal_4.1_d213_m100
sol_con_4.1Kso_d239_m153,solar leasing,connecticut,4.1,Knowledge Flows (social networks),Partial up to max annualised Google search frequency (index 100=monthly max.),Partial up to max Index 0-100,m11,109.72,0.31475,8.5714,2007.1,0.040052,50,0.21653,1992.9,-17182,0.4,-0.5,28.868,16.667,0.1057,-0.4905,35.243,26.456,0.15429,-0.40952,34.272,25.079,6,1,2,2,0,1,0,0,0,0,,,0,1,m,n,y,m,m,m,m,m,m,n,n,,,,too few,0,hide,transformed-partial,0,0,0,0,0,0,,,,,,,,1383,,,,,,,,0,0,0,0,0,0,delete,,sol_con_4.1_d239_m153
sol_mas_4.1Kso_d213_m100,solar leasing,Massachusetts,4.1,Knowledge Flows (social networks),annualised Google search frequency (index 100=monthly max.),Index 0-100,m11,0.18362,0.18362,3.4061,2078.5,23.932,2.1665e+06,0.077987,1985.1,-6830.4,0.5581,0.48011,22.429,14.829,0.5581,0.509,22.429,14.829,0.37368,0.30409,26.702,20.496,21,12,4.6158e-05,4.4538e-06,4.1704e-05,20,0,11,0,1,1,0.60786,0,1,m,y,y,m,m,m,m,m,y,m,m,,,,no asympote,0,hide,original,0,1,0,0,0,0,,,,,,,,1398,,,,,,,,0,1,0,0,0,0,delete,,sol_mas_4.1_d213_m100
sol_new_4.1Kso_d213_m100,solar leasing,New Jersey,4.1,Knowledge Flows (social networks),annualised Google search frequency (index 100=monthly max.),Index 0-100,m11,0.17112,0.17111,3.6032,2080.8,25.681,1.3952e+06,0.19194,1988.5,-7232.3,0.70677,0.65503,15.038,12.153,0.70677,0.67419,15.038,12.153,0.61726,0.57474,17.181,14.216,21,13,7.1673e-05,6.54e-06,6.5133e-05,14,0,6,0,1,1,0.62767,0,1,y,y,y,m,y,m,m,m,y,m,m,,,,no asympote,0,hide,original,0,1,0,0,0,0,,,,,,,,1413,,,,,,,,0,1,0,0,0,0,delete,,sol_new_4.1_d213_m100
sol_usa_4.1Kso_d213_m100,solar leasing,US,4.1,Knowledge Flows (social networks),annualised Google search frequency (index 100=monthly max.),Index 0-100,m11,0.54293,0.073816,4.999,2009.9,8.0939,83.839,0.12707,1932.3,-10011,0.93132,0.9192,8.5099,7.505,0.74557,0.7173,16.379,13.425,0.869,0.85444,11.753,9.9238,21,18,1.1928,0.049468,1.1433,18,0,17,0,0,1,0.93325,0,1,y,y,y,y,y,y,y,y,y,y,y,,,,,0,hide,original,1,1,0,0,0,0,,,,,,,,1428,,,,,,,,1,1,0,0,0,0,delete,,sol_usa_4.1_d213_m100
sus_glo_3.5Mar_d127_m008,sustainable fashion,Global,3.5,Market Formation,NewStartups (2nd hand clothes),# companies,m1,0.88552,0.012644,0.12358,2011.4,4.9626,4.8339,1552.7,1.5769e+05,-245.9,0.71965,0.69914,1.2411,0.55764,-0.4156,-0.48301,2.7889,1.5111,0.46885,0.44356,1.7083,1.2877,45,19,2.0687,0.20687,1.8618,43,3,42,0,0,1,0.89429,0,1,y,y,y,m,m,m,y,y,y,m,m,4,,,innovation variant B - 2nd hand clothes [match with Adoption 1.1 or hide?],0,hide,original,1,1,0,0,0,0,,,,,,,,1436,,,,,,,,1,1,0,0,0,0,delete,,sus_glo_3.5_d127_m008
sus_glo_3.5Mar_d129_m008,sustainable fashion,Global,3.5,Market Formation,NewStartups (sust fashion),# companies,m1,0.41271,0.031631,0.3253,2011.5,10.648,13.1,1549,1.5806e+05,-647.15,0.67587,0.65215,3.3667,1.933,-0.4781,-0.54848,7.1895,4.0889,0.51038,0.48706,4.1379,3.0335,45,27,1.6794,0.076337,1.6031,42,2,41,0,0,1,0.8779,0,1,m,y,y,m,m,m,y,y,y,m,m,2,,,,0,hide,original,1,1,0,0,0,0,,,,,,,,1437,,,,,,,,1,1,0,0,0,0,delete,,sus_glo_3.5_d129_m008
sus_glo_3.5Mar_d172_m011,sustainable fashion,Global,3.5,Market Formation,PrivateEquityDeals (2nd hand clothes),# deals,m1,0.72636,0.022978,0.23281,2012.6,6.0499,9.1899,1550.5,1.5791e+05,-463.52,0.79027,0.77492,1.871,0.99558,-0.39127,-0.45752,4.8189,2.5556,0.54768,0.52614,2.7477,2.2067,45,20,1.4146,0.10881,1.3058,20,5,19,1,0,1,0.88325,0,1,y,y,y,y,y,y,y,y,y,y,y,4,,,innovation variant B - 2nd hand clothes [match with Adoption 1.1 or hide?],0,hide,original,1,1,0,0,0,0,,,,,,,,1438,,,,,,,,1,1,0,0,0,0,delete,,sus_glo_3.5_d172_m011
sus_glo_3.5Mar_d174_m011,sustainable fashion,Global,3.5,Market Formation,PrivateEquityDeals (sust fashion),# deals,m1,0.88278,0.043581,0.44875,2018.4,4.978,27.83,1546,1.5836e+05,-894.08,0.82677,0.81409,3.7339,1.6959,-0.23093,-0.28955,9.9532,4.3111,0.42203,0.39451,6.8202,4.9382,45,20,1.3655,0.035933,1.3295,39,2,38,0,0,1,0.89345,0,1,y,y,y,m,m,m,y,y,y,m,m,2,,,,0,hide,original,1,1,0,0,0,0,,,,,,,,1439,,,,,,,,1,1,0,0,0,0,delete,,sus_glo_3.5_d174_m011
sus_glo_3.5Mar_d176_m027,sustainable fashion,Global,3.5,Market Formation,PrivateEquityInvestment (2nd hand clothes),$ million,m1,1.0325,0.066618,1.5284,2012.3,4.2559,62.627,2.9184,1978.2,-3042.1,0.35964,0.31279,34.513,14.975,0.19671,0.15845,38.655,22.951,0.21181,0.17428,38.29,23.405,45,19,3.6979,0.0055886,3.6923,19,4,14,1,1,1,0.49306,0,0,m,y,y,m,m,m,m,y,m,m,m,4,,,innovation variant B - 2nd hand clothes [match with Adoption 1.1 or hide?],0,hide,original,1,1,0,0,0,0,,,,,,,,1440,,,,,,,,1,1,0,0,0,0,delete,,sus_glo_3.5_d176_m027
sus_glo_3.5Mar_d178_m027,sustainable fashion,Global,3.5,Market Formation,PrivateEquityInvestment (sust fashion),$ million,m1,94.1,0.24612,0.90113,2021,0.0467,89.275,4.3367,2011.9,-1795.9,0.69581,0.67356,14.336,5.1158,0.51654,0.49352,18.073,6.2374,0.20273,0.16476,23.209,12.061,45,20,1.8172,0.00032106,1.8169,39,2,38,0,0,1,0.42468,0,0,m,y,y,m,m,m,m,y,m,m,m,2,,,,0,hide,original,1,1,0,0,0,0,,,,,,,,1441,,,,,,,,1,1,0,0,0,0,delete,,sus_glo_3.5_d178_m027
sus_glo_3.5Mar_d201_m027,sustainable fashion,Global,3.5,Market Formation,TotalFundraisingAmount (2nd hand clothes),$ million,m1,38.336,0.21248,7.7075,2022.1,0.11463,893.85,3.5232e-05,1945.4,-15360,0.41892,0.3764,205.88,70.077,0.28777,0.25385,227.93,72.7,0.13736,0.096282,250.85,113.07,45,19,2,0.00039156,1.9996,19,0,14,0,1,1,0.036159,0,0,m,y,y,m,m,m,m,y,m,m,m,3,,,innovation variant B - 2nd hand clothes [match with Adoption 1.1 or hide?],0,hide,original,1,1,0,0,0,0,,,,,,,,1442,,,,,,,,1,1,0,0,0,0,delete,,sus_glo_3.5_d201_m027
sus_glo_3.5Mar_d203_m027,sustainable fashion,Global,3.5,Market Formation,TotalFundraisingAmount (sust fashion),$ million,m1,43.558,0.080951,8.1653,2017.1,0.10089,511.7,0.050689,1914.4,-16261,0.16947,0.1087,403.74,117.6,0.061317,0.016618,429.22,139.24,0.057296,0.012405,430.14,150.47,45,22,5.8744,5.6015e-05,5.8743,39,6,38,1,0,1,0.082913,0,0,n,y,y,m,m,m,m,y,m,n,m,2,,,,0,hide,original,1,1,0,0,0,0,,,,,,,,1443,,,,,,,,1,1,0,0,0,0,delete,,sus_glo_3.5_d203_m027
sus_glo_3.5Mar_d205_m011,sustainable fashion,Global,3.5,Market Formation,TotalFundraisingDeals (2nd hand clothes),# deals,m1,0.96977,0.028936,0.29578,2012.9,4.5314,11.712,1549.3,1.5803e+05,-588.96,0.82507,0.81227,2.1519,1.1537,-0.38684,-0.45288,6.059,3.2,0.55745,0.53638,3.4227,2.7899,45,20,1.5369,0.085383,1.4515,20,5,19,1,0,1,0.89104,0,1,y,y,y,y,y,y,y,y,y,y,y,4,,,innovation variant B - 2nd hand clothes [match with Adoption 1.1 or hide?],0,hide,original,1,1,0,0,0,0,,,,,,,,1444,,,,,,,,1,1,0,0,0,0,delete,,sus_glo_3.5_d205_m011
sus_glo_3.5Mar_d207_m011,sustainable fashion,Global,3.5,Market Formation,TotalFundraisingDeals (sust fashion),# deals,m1,0.6331,0.14681,0.56561,2018.1,6.9412,34.353,6.4782,2012.1,-1126.8,0.81197,0.79821,4.7744,2.2139,0.73486,0.72223,5.6694,2.6784,0.44511,0.41868,8.2017,5.9429,45,22,1.2808,0.029109,1.2517,39,2,38,0,0,1,0.882,0,1,y,y,y,m,m,m,y,y,y,m,m,2,,,,0,hide,original,1,1,0,0,0,0,,,,,,,,1445,,,,,,,,1,1,0,0,0,0,delete,,sus_glo_3.5_d207_m011
sus_glo_4.1Kso_d213_m100,sustainable fashion,Global,4.1,Knowledge Flows (social networks),annualised Google search frequency (index 100=monthly max.),Index 0-100,m1,0.5673,0.15265,5.3158,2017.8,7.7463,102.43,0.093049,1977.3,-10670,0.95069,0.94199,7.9302,6.8035,0.8835,0.87056,12.19,9.2887,0.81236,0.79151,15.47,13.541,21,20,0.97627,0.018286,0.95799,21,2,19,0,0,1,0.90166,0,1,y,y,y,y,y,y,y,y,y,y,y,,,,,0,hide,original,1,1,0,0,0,0,,,,,,,,1470,,,,,,,,1,1,0,0,0,0,delete,,sus_glo_4.1_d213_m100
sus_jap_3.5Mar_d129_m008,sustainable fashion,Japan,3.5,Market Formation,NewStartups (sust fashion),# companies,m1,395.73,0.0016491,0.0068511,2016.2,0.011105,0.375,1554.9,1.5747e+05,-13.649,0.33036,0.28136,0.20412,0.083333,-0.071429,-0.12245,0.2582,0.066667,0.12724,0.085675,0.23304,0.13343,45,3,2.6667,2.6667,0,6,5,5,0,0,1,0,1,1,m,n,m,m,m,m,m,m,m,n,n,,,,,0,hide,original,0,1,0,0,0,0,,,,,,,,1475,,,,,,,,0,1,0,0,0,0,delete,,sus_jap_3.5_d129_m008
sus_jap_3.5Mar_d174_m011,sustainable fashion,Japan,3.5,Market Formation,PrivateEquityDeals (sust fashion),# deals,m1,0.29025,0.10112,0.0064559,2015.1,15.14,0.32026,4.8583,2050.6,-12.858,0.095034,0.028817,0.31069,0.11813,0.082692,0.03901,0.3128,0.12657,0.065904,0.021423,0.31565,0.14006,45,2,6.245,3.1225,3.1225,9,0,8,0,0,1,0,0,1,n,n,m,m,m,m,m,y,m,n,n,,,,,0,hide,original,0,1,0,0,0,0,,,,,,,,1476,,,,,,,,0,1,0,0,0,0,delete,,sus_jap_3.5_d174_m011
sus_jap_3.5Mar_d178_m027,sustainable fashion,Japan,3.5,Market Formation,PrivateEquityInvestment (sust fashion),$ million,m1,0.0516,0.0013975,0.0042439,2203.5,85.164,1667.9,1555,1.5746e+05,-8.4395,0.025428,-0.045882,0.30303,0.10963,-0.034059,-0.0833,0.31214,0.056649,0.032241,-0.013843,0.30196,0.1105,45,2,0.0012159,0.0003125,0.00090337,9,8,0,0,0,1,0,0,1,n,n,m,m,m,m,m,m,m,n,n,,,,,0,hide,original,0,1,0,0,0,0,,,,,,,,1477,,,,,,,,0,1,0,0,0,0,delete,,sus_jap_3.5_d178_m027
sus_jap_3.5Mar_d203_m027,sustainable fashion,Japan,3.5,Market Formation,TotalFundraisingAmount (sust fashion),$ million,m1,0.0516,0.0013975,0.0042439,2203.5,85.164,1667.9,1555,1.5746e+05,-8.4395,0.025428,-0.045882,0.30303,0.10963,-0.034059,-0.0833,0.31214,0.056649,0.032241,-0.013843,0.30196,0.1105,45,2,0.0012159,0.0003125,0.00090337,9,8,0,0,0,1,0,0,1,n,n,m,m,m,m,m,m,m,n,n,,,,,0,hide,original,0,1,0,0,0,0,,,,,,,,1478,,,,,,,,0,1,0,0,0,0,delete,,sus_jap_3.5_d203_m027
sus_jap_3.5Mar_d207_m011,sustainable fashion,Japan,3.5,Market Formation,TotalFundraisingDeals (sust fashion),# deals,m1,0.29025,0.10112,0.0064559,2015.1,15.14,0.32026,4.8583,2050.6,-12.858,0.095034,0.028817,0.31069,0.11813,0.082692,0.03901,0.3128,0.12657,0.065904,0.021423,0.31565,0.14006,45,2,6.245,3.1225,3.1225,9,0,8,0,0,1,0,0,1,n,n,m,m,m,m,m,y,m,n,n,,,,,0,hide,original,0,1,0,0,0,0,,,,,,,,1479,,,,,,,,0,1,0,0,0,0,delete,,sus_jap_3.5_d207_m011
sus_jap_4.1Kso_d213_m100,sustainable fashion,Japan,4.1,Knowledge Flows (social networks),annualised Google search frequency (index 100=monthly max.),Index 0-100,m1,4.6889,0.18735,3.0806,2019.9,0.93719,60.737,0.52786,1998.2,-6187.7,0.70705,0.65535,14.444,6.8884,0.55635,0.50706,17.775,12.618,0.48861,0.43179,19.084,14.046,21,7,1.6465,0.48046,1.166,10,2,7,1,1,1,0.7091,0,1,y,y,y,m,y,m,y,y,y,m,m,,,,,0,hide,original,1,1,0,0,0,0,,,,,,,,1492,,,,,,,,1,1,0,0,0,0,delete,,sus_jap_4.1_d213_m100
sus_uki_3.5Mar_d129_m008,sustainable fashion,UK,3.5,Market Formation,NewStartups (sust fashion),# companies,m1,1.8812,0.0056318,0.049144,2016.4,2.336,2.6025,1554.2,1.5755e+05,-97.763,0.37503,0.32931,1.1216,0.48611,-0.19235,-0.24912,1.5492,0.62222,0.20237,0.16439,1.2671,0.76115,45,13,3.0739,0.38424,2.6897,33,4,32,1,0,1,0.44444,0,1,m,y,y,m,m,m,m,y,m,m,m,,,,,0,hide,original,0,1,0,0,0,0,,,,,,,,1497,,,,,,,,0,1,0,0,0,0,delete,,sus_uki_3.5_d129_m008
sus_uki_3.5Mar_d174_m011,sustainable fashion,UK,3.5,Market Formation,PrivateEquityDeals (sust fashion),# deals,m1,1.7513,0.0074527,0.067984,2019.2,2.5092,4.6389,1553.7,1.5759e+05,-135.46,0.69839,0.67632,0.89799,0.33991,-0.15534,-0.21035,1.7575,0.64444,0.29158,0.25784,1.3762,0.89695,45,10,1.509,0.21557,1.2934,18,1,17,0,0,1,0.79856,0,1,m,y,y,m,m,m,y,y,m,m,m,,,,,0,hide,original,0,1,0,0,0,0,,,,,,,,1498,,,,,,,,0,1,0,0,0,0,delete,,sus_uki_3.5_d174_m011
sus_uki_3.5Mar_d178_m027,sustainable fashion,UK,3.5,Market Formation,PrivateEquityInvestment (sust fashion),$ million,m1,38.605,0.15079,0.049501,2020,0.11383,3.8954,7.7067,2029.6,-98.623,0.58221,0.55164,0.90208,0.34685,0.36163,0.33123,1.1151,0.50853,0.21219,0.17468,1.2387,0.72292,45,10,1.7931,0.095302,1.6978,18,2,17,1,0,1,0.65967,0,1,m,y,y,m,m,m,m,y,m,m,m,,,,,0,hide,original,0,1,0,0,0,0,,,,,,,,1499,,,,,,,,0,1,0,0,0,0,delete,,sus_uki_3.5_d178_m027
sus_uki_3.5Mar_d203_m027,sustainable fashion,UK,3.5,Market Formation,TotalFundraisingAmount (sust fashion),$ million,m1,24.168,0.0065113,0.058192,2020,0.18183,4.3048,1553.9,1.5757e+05,-115.9,0.58901,0.55894,0.96919,0.37691,-0.15713,-0.21223,1.6262,0.59926,0.2499,0.21418,1.3093,0.84194,45,12,1.6226,0.0027295,1.6199,18,2,6,1,1,1,0.72293,0,1,m,y,y,m,m,m,y,y,m,m,m,,,,,0,hide,original,0,1,0,0,0,0,,,,,,,,1500,,,,,,,,0,1,0,0,0,0,delete,,sus_uki_3.5_d203_m027
sus_uki_3.5Mar_d207_m011,sustainable fashion,UK,3.5,Market Formation,TotalFundraisingDeals (sust fashion),# deals,m1,1.3774,0.010174,0.096706,2018.8,3.1905,6.2762,1553.1,1.5765e+05,-192.67,0.74395,0.72521,1.09,0.45981,-0.18774,-0.2443,2.3476,0.93333,0.33995,0.30852,1.75,1.1872,45,13,1.434,0.15933,1.2747,19,3,18,1,0,1,0.82258,0,1,y,y,y,m,m,m,y,y,y,m,m,,,,,0,hide,original,0,1,0,0,0,0,,,,,,,,1501,,,,,,,,0,1,0,0,0,0,delete,,sus_uki_3.5_d207_m011
sus_uki_4.1Kso_d213_m100,sustainable fashion,UK,4.1,Knowledge Flows (social networks),annualised Google search frequency (index 100=monthly max.),Index 0-100,m1,0.75894,0.14631,5.2603,2017.3,5.7902,90.811,0.12722,1978,-10561,0.94647,0.93702,8.1682,6.4797,0.82434,0.80482,14.797,11.727,0.81404,0.79337,15.224,13.033,21,17,1.1012,0.029795,1.0714,17,2,16,1,0,1,0.92018,0,1,y,y,y,y,y,y,y,y,y,y,y,,,,,0,hide,original,1,1,0,0,0,0,,,,,,,,1514,,,,,,,,1,1,0,0,0,0,delete,,sus_uki_4.1_d213_m100
sus_usa_3.5Mar_d129_m008,sustainable fashion,US,3.5,Market Formation,NewStartups (sust fashion),# companies,m1,0.2884,0.0078689,0.073123,2006.8,15.238,2.4684,1553.7,1.5759e+05,-145.44,0.49989,0.4633,1.0107,0.62997,-0.44705,-0.51596,1.7192,0.95556,0.44155,0.41495,1.068,0.78162,45,18,2.4308,0.40513,2.0256,24,2,23,0,0,1,0.65414,0,1,m,y,y,m,m,m,m,y,y,m,m,,,,,0,hide,original,0,1,0,0,0,0,,,,,,,,1519,,,,,,,,0,1,0,0,0,0,delete,,sus_usa_3.5_d129_m008
sus_usa_3.5Mar_d174_m011,sustainable fashion,US,3.5,Market Formation,PrivateEquityDeals (sust fashion),# deals,m1,0.32735,0.011216,0.10791,2015.5,13.424,5.4693,1552.9,1.5767e+05,-214.94,0.73738,0.71817,1.0239,0.46723,-0.29701,-0.35877,2.2755,1.0889,0.49194,0.46775,1.4242,1.0601,45,14,1.6455,0.18284,1.4627,14,3,9,1,1,1,0.86266,0,1,y,y,y,m,y,m,y,y,y,m,m,,,,,0,hide,original,1,1,0,0,0,0,,,,,,,,1520,,,,,,,,1,1,0,0,0,0,delete,,sus_usa_3.5_d174_m011
sus_usa_3.5Mar_d178_m027,sustainable fashion,US,3.5,Market Formation,PrivateEquityInvestment (sust fashion),$ million,m1,0.40096,0.40095,0.39344,2048.5,10.96,9.1703e+05,0.78652,2013.7,-784.34,0.90039,0.8931,3.0939,1.1252,0.90039,0.89565,3.0939,1.1252,0.27169,0.23701,8.3659,5.5692,45,13,5.5324e-05,1.6357e-08,5.5308e-05,14,0,9,0,1,1,0.52965,0,1,y,y,y,m,m,m,m,m,m,m,m,,,,,0,hide,original,1,1,0,0,0,0,,,,,,,,1521,,,,,,,,1,1,0,0,0,0,delete,,sus_usa_3.5_d178_m027
sus_usa_3.5Mar_d203_m027,sustainable fashion,US,3.5,Market Formation,TotalFundraisingAmount (sust fashion),$ million,m1,0.39196,0.39194,0.40506,2048.3,11.212,6.8545e+05,0.39506,2011.7,-807.34,0.87603,0.86696,3.4937,1.3796,0.87603,0.87013,3.4937,1.3796,0.28107,0.24683,8.4135,5.6916,45,15,7.4015e-05,4.3767e-08,7.3971e-05,18,0,6,0,1,1,0.52055,0,1,y,y,y,m,m,m,m,m,m,m,m,,,,,0,hide,original,1,1,0,0,0,0,,,,,,,,1522,,,,,,,,1,1,0,0,0,0,delete,,sus_usa_3.5_d203_m027
sus_usa_3.5Mar_d207_m011,sustainable fashion,US,3.5,Market Formation,TotalFundraisingDeals (sust fashion),# deals,m1,0.29607,0.013917,0.1365,2015.4,14.843,6.8756,1552.4,1.5773e+05,-271.86,0.7718,0.7551,1.1588,0.58784,-0.33308,-0.39656,2.8008,1.4,0.53402,0.51183,1.6559,1.2708,45,15,1.309,0.14544,1.1635,18,3,17,1,0,1,0.88669,0,1,y,y,y,y,y,y,y,y,y,y,y,,,,,0,hide,original,1,1,0,0,0,0,,,,,,,,1523,,,,,,,,1,1,0,0,0,0,delete,,sus_usa_3.5_d207_m011
sus_usa_4.1Kso_d213_m100,sustainable fashion,US,4.1,Knowledge Flows (social networks),annualised Google search frequency (index 100=monthly max.),Index 0-100,m1,0.51855,0.15666,5.3407,2017.9,8.4745,102.67,0.095319,1978.7,-10722,0.95605,0.94829,7.4517,6.2649,0.89212,0.88013,11.675,8.7245,0.82779,0.80865,14.751,12.671,21,18,0.97398,0.034255,0.93972,18,2,17,1,0,1,0.89218,0,1,y,y,y,y,y,y,y,y,y,y,y,,,,,0,hide,original,1,1,0,0,0,0,,,,,,,,1536,,,,,,,,1,1,0,0,0,0,delete,,sus_usa_4.1_d213_m100
tex_glo_3.5Mar_d126_m008,textile recycling,Global,3.5,Market Formation,NewStartups,# companies,m14,0.59539,0.015379,0.1525,2013.5,7.3808,6.397,1552.1,1.5775e+05,-303.57,0.65218,0.62609,1.6882,0.94584,-0.40343,-0.47189,3.3912,1.8182,0.45766,0.4312,2.1081,1.5864,44,20,1.5632,0.15632,1.4069,43,4,42,0,0,1,0.81028,0,1,m,y,y,m,m,m,y,y,y,m,m,2,,,,0,hide,original,1,1,0,0,0,0,,,,,,,,1746,,,,,,,,1,1,0,0,0,0,delete,,tex_glo_3.5_d126_m008
tex_glo_3.5Mar_d171_m011,textile recycling,Global,3.5,Market Formation,PrivateEquityDeals,# deals,m14,0.51307,0.023983,0.24221,2018.3,8.565,15.03,1550.1,1.5796e+05,-482.83,0.82698,0.81401,1.938,0.80336,-0.22388,-0.28358,5.1544,2.2045,0.43578,0.40826,3.4997,2.4704,44,13,1.5303,0.066535,1.4638,14,1,12,0,0,1,0.76133,0,1,y,y,y,y,y,y,y,y,y,y,y,2,,,,0,hide,original,1,1,0,0,0,0,,,,,,,,1747,,,,,,,,1,1,0,0,0,0,delete,,tex_glo_3.5_d171_m011
tex_glo_3.5Mar_d175_m027,textile recycling,Global,3.5,Market Formation,PrivateEquityInvestment,$ million,m14,34.461,0.18526,3.5458,2020.1,0.12752,264.19,0.040273,1976.6,-7069.6,0.72274,0.70195,45.501,17.415,0.54249,0.52017,58.449,26.871,0.27151,0.23597,73.754,46.507,44,13,1.6556,0.0013248,1.6542,14,2,13,1,0,1,0.67573,0,0,y,y,y,m,y,m,m,y,m,m,m,2,,,,0,hide,original,1,1,0,0,0,0,,,,,,,,1748,,,,,,,,1,1,0,0,0,0,delete,,tex_glo_3.5_d175_m027
tex_glo_3.5Mar_d200_m027,textile recycling,Global,3.5,Market Formation,TotalFundraisingAmount,$ million,m14,34.144,0.17793,4.2889,2020,0.1287,303.28,0.035219,1973,-8550.8,0.7494,0.73061,49.223,19.305,0.59255,0.57268,62.765,28.493,0.30678,0.27297,81.868,52.001,44,14,1.6013,0.00047315,1.6009,14,2,10,1,1,1,0.77445,0,0,y,y,y,m,y,m,y,y,y,m,m,2,,,,0,hide,original,1,1,0,0,0,0,,,,,,,,1749,,,,,,,,1,1,0,0,0,0,delete,,tex_glo_3.5_d200_m027
tex_glo_3.5Mar_d204_m011,textile recycling,Global,3.5,Market Formation,TotalFundraisingDeals,# deals,m14,0.50394,0.033822,0.34602,2018.1,8.7201,20.994,1547.9,1.5817e+05,-689.72,0.8314,0.81875,2.6844,1.1264,-0.23688,-0.29721,7.2707,3.1818,0.45172,0.42497,4.8408,3.4671,44,15,1.5242,0.047632,1.4766,15,1,14,0,0,1,0.7816,0,1,y,y,y,y,y,y,y,y,y,y,y,2,,,,0,hide,original,1,1,0,0,0,0,,,,,,,,1750,,,,,,,,1,1,0,0,0,0,delete,,tex_glo_3.5_d204_m011
tex_glo_4.1Kso_d213_m100,textile recycling,Global,4.1,Knowledge Flows (social networks),annualised Google search frequency (index 100=monthly max.),Index 0-100,m14,0.27156,0.27154,2.1811,2061.4,16.183,2.5491e+06,0.035218,1994.7,-4366.5,0.68719,0.63198,14.483,9.8013,0.68719,0.65243,14.483,9.8015,0.26011,0.1779,22.274,18.496,21,20,3.9229e-05,6.2934e-07,3.86e-05,21,0,9,0,1,1,0.73568,0,1,m,y,y,m,y,m,y,m,m,m,m,,,,no asympote,0,hide,original,0,1,0,0,0,0,,,,,,,,1763,,,,,,,,0,1,0,0,0,0,delete,,tex_glo_4.1_d213_m100
tex_usa_4.1Kso_d213_m100,textile recycling,US,4.1,Knowledge Flows (social networks),annualised Google search frequency (index 100=monthly max.),Index 0-100,m14,0.20689,0.20689,3.9715,2075.8,21.24,4.3079e+06,5.6166,2010.3,-7974.6,0.96994,0.96463,4.733,3.8503,0.96994,0.9666,4.733,3.8504,0.77614,0.75127,12.916,10.385,21,17,2.3213e-05,9.91e-07,2.2222e-05,17,0,14,0,1,1,0.78506,0,1,y,y,y,y,y,y,y,m,y,m,y,,,,no asympote,0,hide,original,0,1,0,0,0,0,,,,,,,,1767,,,,,,,,0,1,0,0,0,0,delete,,tex_usa_4.1_d213_m100
eco_chi_1.1Ado_d114_m074,e-commerce,China,1.1,Adoption over time,Internet sales as a percentage of total retail sales (ratio) (%),% of total retail,m4,0.29465,0.0030152,0.021776,2017.4,14.914,0.33643,1554.8,1.5755e+05,-43.762,0.97923,0.96884,0.0091577,0.0072892,-9.1592,-12.062,0.20253,0.1923,0.96894,0.96007,0.011198,0.0091224,10,10,0.82038,0.31507,0.5053,10,0,9,0,0,0,0.88721,1,1,y,y,y,y,y,y,y,y,y,y,y,1,,,,0,original,duplicated in market share,1,1,0,0,0,0,,1,1,0,0,0,0,583,,,,,,,,1,1,0,0,0,0,delete,,eco_chi_1.1_d114_m074
ego_est_1.1Ado_d034_m028,e-government,Estonia,1.1,Adoption over time,% people who interacted online with public authorities (in the past year),%,s2,0.21302,0.044441,0.031073,2009.5,20.629,0.88961,1.354,2032.1,-61.966,0.84816,0.81019,0.062292,0.043298,0.76113,0.72438,0.07813,0.061672,0.80288,0.77255,0.070975,0.05406,16,16,0.93423,0.4167,0.51753,16,0,15,0,0,0,0.93642,1,1,y,y,y,y,y,y,y,y,y,y,y,2,,,,0,original,duplicated in market share,1,1,0,0,0,0,,1,1,0,0,0,0,779,,,,,,,,1,1,0,0,0,0,delete,,ego_est_1.1_d034_m028
ego_hun_1.1Ado_d034_m028,e-government,Hungary,1.1,Adoption over time,% people who interacted online with public authorities (in the past year),%,s2,0.06119,0.061188,0.029056,2184.7,71.816,14635,1.0997,2029.5,-58.076,0.94091,0.92614,0.033949,0.026912,0.94091,0.93182,0.033949,0.026913,0.91983,0.90749,0.039544,0.034178,16,16,5.0009e-05,1.9221e-05,3.0788e-05,16,0,15,0,0,0,0.9183,1,1,y,y,y,y,y,y,y,m,y,m,y,1,,,,0,original,duplicated in market share,1,1,0,0,0,0,,1,1,0,0,0,0,792,,,,,,,,1,1,0,0,0,0,delete,,ego_hun_1.1_d034_m028
ego_lat_1.1Ado_d034_m028,e-government,Latvia,1.1,Adoption over time,% people who interacted online with public authorities (in the past year),%,s2,0.30711,0.052199,0.031526,2010.4,14.309,0.72463,1.2072,2031.2,-62.997,0.85287,0.81608,0.064114,0.052093,0.68404,0.63544,0.093952,0.078275,0.756,0.71846,0.082563,0.069012,16,16,1.0685,0.28263,0.78592,16,2,15,1,0,0,0.9442,1,1,y,y,y,y,y,y,y,y,y,y,y,1,,,,0,original,duplicated in market share,1,1,0,0,0,0,,1,1,0,0,0,0,803,,,,,,,,1,1,0,0,0,0,delete,,ego_lat_1.1_d034_m028
ego_por_1.1Ado_d034_m028,e-government,Portugal,1.1,Adoption over time,% people who interacted online with public authorities (in the past year),%,s2,0.20707,0.052509,0.022007,2010.2,21.222,0.57044,0.95769,2032.4,-43.95,0.83473,0.79342,0.045155,0.038398,0.80693,0.77723,0.048807,0.046019,0.83418,0.80867,0.045231,0.042818,16,16,1.0501,0.32606,0.724,16,0,15,0,0,0,0.92483,1,1,y,y,y,y,y,y,y,y,y,y,y,1,,,,0,original,duplicated in market share,1,1,0,0,0,0,,1,1,0,0,0,0,815,,,,,,,,1,1,0,0,0,0,delete,,ego_por_1.1_d034_m028
ego_swe_1.1Ado_d034_m028,e-government,Sweden,1.1,Adoption over time,% people who interacted online with public authorities (in the past year),%,s2,0.29597,0.018421,0.014876,2005.1,14.848,0.84991,2.994,2088.8,-29.204,0.8481,0.81012,0.031901,0.023702,0.67697,0.62728,0.04652,0.041122,0.70194,0.65609,0.044686,0.039451,16,16,1.0664,0.69196,0.37439,16,2,15,1,0,0,0.94608,1,1,y,y,y,y,y,y,y,y,y,y,y,1,,,,0,original,duplicated in market share,1,1,0,0,0,0,,1,1,0,0,0,0,827,,,,,,,,1,1,0,0,0,0,delete,,ego_swe_1.1_d034_m028
ego_uki_1.1Ado_d034_m028,e-government,UK,1.1,Adoption over time,% people who interacted online with public authorities (in the past year),%,s2,0.032087,0.032084,0.015379,2303.2,136.95,5238.4,2.2699,2061.8,-30.479,0.67178,0.56237,0.040789,0.035589,0.67178,0.60613,0.040789,0.035589,0.65319,0.58383,0.041928,0.035775,13,13,0.00012025,7.5595e-05,4.4651e-05,13,1,12,0,0,0,0.91782,1,1,m,y,y,y,y,y,y,m,y,m,y,,,,,0,original,duplicated in market share,1,1,0,0,0,0,,1,1,0,0,0,0,839,,,,,,,,1,1,0,0,0,0,delete,,ego_uki_1.1_d034_m028
ene_net_1.1Ado_d093_m066,energy community,The Netherlands,1.1,Adoption over time,Energy community members,% of households,s6,0.28641,0.11767,0.0013669,2018.7,15.343,0.02055,1.7043,2062.4,-2.7491,0.99151,0.98514,0.00029025,0.00022929,0.96817,0.95544,0.0005619,0.00049324,0.98879,0.98431,0.00033348,0.00024501,8,8,0.77186,0.32144,0.45042,8,0,7,0,0,0,0.86086,1,1,y,y,y,y,y,y,y,y,y,y,y,,,,,0,original,duplicated in market share,1,1,0,0,0,0,,1,1,0,0,0,0,853,,,,,,,,1,1,0,0,0,0,delete,,ene_net_1.1_d093_m066
foo_usa_1.1Ado_d101_m135,food waste reduction,US,1.1,Adoption over time,Food waste generated in the US,kg per capita,m3,-0.0025975,-0.0025644,-0.39307,364.15,-1691.8,11976,275.51,1808.5,954.21,0.0045505,-0.42207,21.891,16.433,0.0045539,-0.24431,21.891,16.433,0.0043233,-0.2446,21.894,16.421,11,11,0.016592,0.0091359,0.0074559,14,10,9,0,1,0,0.87405,0,0,n,y,y,y,y,y,y,m,m,n,m,,,,*needs sign reversal * negative slope = LED innovation,0,original,duplicated in market share,1,1,2,2,0,0,,0,1,0,0,0,0,885,check,,,,,,,1,1,0,0,0,0,delete,,foo_usa_1.1_d101_m135
mic_ban_1.1Ado_d107_m122,microfinance,Bangladesh,1.1,Adoption over time,Gross lender loan portfolio,USD,m10,0.062276,,3.4508e+08,2020.2,70.564,7.6014e+09,,,-6.9056e+11,0.43625,0.33055,1.6051e+09,1.2039e+09,,,,,0.86634,0.85062,7.8156e+08,5.7358e+08,20,20,1,0.021562,0.97844,20,2,18,1,0,1,0.9402,0,0,m,y,y,y,y,y,y,y,y,m,y,1,,,* error in logfit,0,original,,0,1,0,0,0,0,,1,1,0,0,0,0,894,check,,,,,,,1,1,0,0,0,0,delete,,mic_ban_1.1_d107_m122
mic_ban_1.1Ado_d132_m111,microfinance,Bangladesh,1.1,Adoption over time,Number of active borrowers,No.,m10,0.72066,0.029125,6.2647e+05,2002.6,6.0978,2.0684e+07,3.7703,1483.1,-1.2415e+09,0.70161,0.64566,3.5448e+06,2.4469e+06,0.25099,0.16287,5.6161e+06,4.6396e+06,0.30989,0.2287,5.3908e+06,4.2558e+06,20,20,1.3108,0.14903,1.1618,20,2,18,1,0,1,0.964,0,0,y,y,y,y,y,y,y,y,y,y,y,2,,,,0,original,,1,1,0,0,0,0,,1,1,0,0,0,0,895,,,,,,,,1,1,0,0,0,0,delete,,mic_ban_1.1_d132_m111
mic_ind_1.1Ado_d107_m122,microfinance,India,1.1,Adoption over time,Gross lender loan portfolio,USD,m10,0.31249,,1.0772e+09,2039.3,14.063,2.698e+10,,,-2.1591e+12,-0.55628,-0.84808,9.2687e+09,5.5586e+09,,,,,0.69892,0.6635,4.0768e+09,3.1407e+09,20,20,1,0.00022064,0.99978,20,0,19,0,0,1,0.75087,0,0,n,y,y,y,y,y,y,y,y,n,y,1,,,* error in logfit,0,original,,0,1,0,0,0,0,,0,1,0,0,0,0,924,,,,,,,,0,1,0,0,0,0,delete,,mic_ind_1.1_d107_m122
mic_ind_1.1Ado_d132_m111,microfinance,India,1.1,Adoption over time,Number of active borrowers,No.,m10,0.76612,0.10385,2.3949e+06,2008.8,5.736,3.4205e+07,1.1157e-06,1717.7,-4.7942e+09,0.95106,0.94188,3.3116e+06,2.3574e+06,0.71504,0.68151,7.9908e+06,6.9024e+06,0.85107,0.83355,5.7769e+06,4.4211e+06,20,20,1.1552,0.0017274,1.1535,20,4,19,1,0,1,0.94917,0,0,y,y,y,y,y,y,y,y,y,y,y,2,,,,0,original,,1,1,0,0,0,0,,1,1,0,0,0,0,925,,,,,,,,1,1,0,0,0,0,delete,,mic_ind_1.1_d132_m111
mic_nig_1.1Ado_d107_m122,microfinance,Nigeria,1.1,Adoption over time,Gross lender loan portfolio,USD,m10,0.076209,0.16435,1.7289e+08,2023.9,57.663,4.3282e+09,1.2402e-33,1424.4,-3.4649e+11,0.22382,0.068587,1.2932e+09,1.1392e+09,0.40055,0.32562,1.1365e+09,8.2124e+08,0.41621,0.34324,1.1215e+09,8.913e+08,19,19,1,0.0005155,0.99948,19,4,18,1,0,1,0.79033,0,0,n,y,y,m,m,m,y,y,y,n,m,4,,"reversal, use partial pre-peak",weird data,0,original,,0,1,0,0,0,0,,0,1,0,0,0,0,953,,,,,,,,0,1,0,0,0,0,delete,,mic_nig_1.1_d107_m122
mic_nig_1.1Ado_d132_m111,microfinance,Nigeria,1.1,Adoption over time,Number of active borrowers,No.,m10,-3.7748e-06,0.10728,1.1353e+05,1.9272e+06,-1.1642e+06,9.089e+05,7.0565e-06,1771.8,-2.2717e+08,-2.4859e-08,-0.2,8.4477e+05,7.1423e+05,0.48151,0.4167,6.0829e+05,3.4363e+05,0.5418,0.48453,5.7183e+05,3.2818e+05,19,19,3.4876,0.020317,3.4673,19,9,15,1,1,1,0.71053,0,0,n,y,y,y,y,y,y,y,y,n,y,2,1 high pt,,* error in logfit,0,original,,0,1,0,0,0,0,,0,1,0,0,0,0,954,,,,,,,,0,1,0,0,0,0,delete,,mic_nig_1.1_d132_m111
org_aus_1.1Ado_d164_m028,organic food consumption,Austria,1.1,Adoption over time,Organic retail sales share [%],%,b2,0.05769,0.057688,0.003994,2195.8,76.174,2645.5,8.8416e-29,939.49,-7.9666,0.98329,0.98015,0.0030454,0.0021624,0.98329,0.98132,0.0030454,0.0021623,0.95583,0.95064,0.0049506,0.0044213,20,20,4.347e-05,1.4364e-05,2.9106e-05,20,0,19,0,0,0,0.93187,1,1,y,y,y,y,y,y,y,m,y,m,y,1,,,,0,original,duplicated in market share,1,1,0,0,0,0,,,,,,,,1022,,,,,,,,1,1,0,0,0,0,delete,,org_aus_1.1_d164_m028
pas_glo_4.3Com_d002_m010,passive building retrofits,Global,4.3,Compatibility,# new countries with passive buildings,# countries,m5,-87.345,-0.0051331,-0.010237,2013.9,-0.050311,1.7826,2.3707,1875.7,21.756,0.29721,0.22693,1.2824,0.90537,0.0026023,-0.061746,1.5277,1.2818,0.0043104,-0.059928,1.5264,1.2819,34,17,2.8049,0.56098,2.2439,23,1,22,0,0,1,0.75969,0,1,n,y,y,m,y,m,y,y,m,n,m,3,zeroes,convert to cum.,noisy,0,original,,0,0,0,0,0,0,,,,,,,,1252,,,,,,,,0,0,0,0,0,0,delete,,pas_glo_4.3_d002_m010
pos_uki_4.2Kme_d104_m097,postage stamps,UK,4.2,Knowledge flows,"Frequency of the word ""postage stamp"" in ngram corpus",Frequency,s8,0.0032434,0.0067442,2.558e-11,2544.1,1354.9,2.0739e-08,7.2838,5162.4,-4.6812e-08,0.15581,0.14166,2.1168e-09,1.6165e-09,0.2419,0.23348,2.006e-09,1.4842e-09,0.344,0.33671,1.866e-09,1.2492e-09,183,163,0.4808,0.0025596,0.47824,163,70,151,1,0,1,0.99615,1,1,n,y,y,y,y,y,y,y,y,n,y,4,,"partial, pre-peak",reversal,0,original,,0,0,0,0,0,0,,,,,,,,1265,,,,,,,,0,0,0,0,0,0,delete,,pos_uki_4.2_d104_m097
pos_uki_4.2Kme_d104_m102,postage stamps,UK,4.2,Knowledge flows,"Frequency of the word ""postage stamp"" in ngram corpus",Indexed to max,s8,0.11317,0.0067444,0.0025654,1916,38.829,0.42932,12.049,2505.3,-4.6948,0.58711,0.58019,0.14847,0.096997,0.2419,0.23348,0.20118,0.14885,0.344,0.33671,0.18714,0.12528,183,163,2.3292,0.0124,2.3168,163,70,151,1,0,1,0.99615,1,1,m,y,y,y,y,y,y,y,y,m,y,4,,"partial, pre-peak",reversal,0,original,,0,0,0,0,0,0,,,,,,,,1266,,,,,,,,0,0,0,0,0,0,delete,,pos_uki_4.2_d104_m102
qui_bra_1.1Ado_d186_m059,quitting smoking,Brazil,1.1,Adoption over Time,Share of adults who smoke,% of adults,s7,-0.032356,0.00046694,-0.0054871,1896.7,-135.82,6.9809,1555.5,1.5745e+05,11.208,0.99882,0.99764,0.0013445,0.00092635,-17.817,-27.225,0.16986,0.16529,0.99219,0.98829,0.0034599,0.0032998,7,7,0.034093,0.018336,0.015757,21,6,0,0,0,0,0.81182,1,1,y,y,y,y,y,y,y,m,y,m,y,1,,,*needs sign reversal * negative slope = LED innovation,0,original,duplicated in market share,1,1,0,0,0,0,,,,,,,,1272,,,,,,,,1,1,0,0,0,0,delete,,qui_bra_1.1_d186_m059
qui_chi_1.1Ado_d186_m059,quitting smoking,China,1.1,Adoption over Time,Share of adults who smoke,% of adults,s7,-0.028395,-0.0022202,-0.00058158,2097.5,-154.76,0.28421,0.071712,2593.5,1.431,0.98708,0.97415,0.00047406,0.0004088,0.98216,0.97324,0.00055698,0.0004045,0.98296,0.97444,0.00054436,0.0003928,7,7,0.93946,0.90076,0.038704,21,6,0,0,0,0,0.85606,1,1,y,y,y,y,y,y,y,m,y,m,y,1,,,*needs sign reversal * negative slope = LED innovation,0,original,duplicated in market share,1,1,0,0,0,0,,,,,,,,1278,,,,,,,,1,1,0,0,0,0,delete,,qui_chi_1.1_d186_m059
qui_ind_1.1Ado_d186_m059,quitting smoking,India,1.1,Adoption over Time,Share of adults who smoke,% of adults,s7,-0.035318,-0.035318,-0.013512,1687.8,-124.42,33467,2.3268,1958.8,27.554,0.99881,0.99763,0.0033272,0.0026249,0.99881,0.99822,0.0033272,0.0026248,0.98862,0.98293,0.010305,0.0096792,7,7,1.6285e-05,8.1275e-06,8.1573e-06,21,6,0,0,0,0,0.80208,1,1,y,y,y,y,y,y,y,m,y,m,y,1,,,*needs sign reversal * negative slope = LED innovation,0,original,duplicated in market share,1,1,0,0,0,0,,,,,,,,1303,,,,,,,,1,1,0,0,0,0,delete,,qui_ind_1.1_d186_m059
qui_uki_1.1Ado_d186_m059,quitting smoking,UK,1.1,Adoption over Time,Share of adults who smoke,% of adults,s7,-0.045901,-0.045612,-0.011067,1898.3,-95.738,40.809,0.088115,2032,22.498,0.99901,0.99802,0.0024917,0.0018316,0.99901,0.99852,0.0024923,0.0018137,0.98514,0.97772,0.0096606,0.0090122,7,7,0.0092871,0.0037736,0.0055134,21,6,0,0,0,0,0.77733,1,1,y,y,y,y,y,y,y,m,y,m,y,1,,,*needs sign reversal * negative slope = LED innovation,0,original,duplicated in market share,1,1,0,0,0,0,,,,,,,,1309,,,,,,,,1,1,0,0,0,0,delete,,qui_uki_1.1_d186_m059
qui_usa_1.1Ado_d186_m059,quitting smoking,US,1.1,Adoption over Time,Share of adults who smoke,% of adults,s7,-0.022543,0.00046259,-0.0054297,1926.2,-194.94,2.1189,1555.5,1.5744e+05,11.195,0.99799,0.99599,0.0017323,0.0013603,-47.974,-72.461,0.27063,0.26786,0.99611,0.99417,0.0024107,0.0022105,7,7,0.15952,0.10855,0.05097,21,6,0,0,0,0,0.83426,1,1,y,y,y,y,y,y,y,m,y,m,y,,,,not needed as transformed-cumulative preferred,0,original,duplicated in market share,1,1,0,0,0,0,,,,,,,,1330,,,,,,,,1,1,0,0,0,0,delete,,qui_usa_1.1_d186_m059
sus_glo_1.1Ado_d181_m040,sustainable fashion,Global,1.1,Adoption over Time,Revenue share of the sustainable apparel market,% market share (sustainable apparel),m1,0.082832,0.082817,0.002714,2123,53.052,185.58,2.6326,2071.6,-5.4446,0.99875,0.99828,0.0003355,0.00029242,0.99875,0.99847,0.00033529,0.00029225,0.97452,0.96886,0.0015149,0.0013026,12,12,0.00027697,0.0001137,0.00016327,12,0,11,0,0,0,0.89141,1,1,y,y,y,y,y,y,y,m,y,m,y,1,,,,0,original,duplicated in market share,1,1,0,0,0,0,,,,,,,,1430,,,,,,,,1,1,0,0,0,0,delete,,sus_glo_1.1_d181_m040
tel_aus_1.1Ado_d091_m117,teleworking,Austria,1.1,Adoption over time,Employed persons teleworking as a percentage of the total employment (%),Percentage of total employment,b6,0.18106,0.001421,0.0046303,2011.6,24.27,0.15402,1555.3,1.5749e+05,-9.2283,0.23802,-0.14297,0.024385,0.019582,-17.842,-23.226,0.12126,0.118,0.22665,0.0056927,0.024567,0.019104,10,10,1.1752,0.61682,0.55838,10,3,6,1,1,0,0.89148,1,1,n,y,y,y,y,y,y,y,m,n,m,,,,,0,original,duplicated in market share,0,1,0,0,0,0,,,,,,,,1538,,,,,,,,0,1,0,0,0,0,delete,,tel_aus_1.1_d091_m117
tel_eun_1.1Ado_d090_m088,teleworking,EU,1.1,Adoption over time,Employed persons teleworking as a % of total employment,% teleworkers of total employment,b6,0.29087,0.001757,0.0081818,2017.6,15.108,0.13246,1555.1,1.5751e+05,-16.441,0.59311,0.38966,0.019821,0.016733,-5.702,-7.6169,0.080444,0.0742,0.57197,0.44968,0.020329,0.016785,10,10,0.98901,0.36239,0.62663,10,2,9,1,0,1,0.87792,1,1,m,y,y,y,y,y,y,y,y,m,y,,,,,0,original,duplicated in market share,1,1,0,0,0,0,,,,,,,,1561,,,,,,,,1,1,0,0,0,0,delete,,tel_eun_1.1_d090_m088
tel_fra_1.1Ado_d091_m117,teleworking,France,1.1,Adoption over time,Employed persons teleworking as a percentage of the total employment (%),Percentage of total employment,b6,0.25398,0.0018494,0.0091939,2017.1,17.302,0.1677,1555.1,1.5751e+05,-18.461,0.48986,0.23479,0.027406,0.022958,-6.3776,-8.4854,0.10422,0.0969,0.47366,0.32327,0.027838,0.022835,10,10,1.0137,0.39357,0.62017,10,2,5,1,1,1,0.87836,1,1,m,y,y,y,y,y,y,y,y,m,y,,,,,0,original,duplicated in market share,1,1,0,0,0,0,,,,,,,,1587,,,,,,,,1,1,0,0,0,0,delete,,tel_fra_1.1_d091_m117
tel_ger_1.1Ado_d091_m117,teleworking,Germany,1.1,Adoption over time,Employed persons teleworking as a percentage of the total employment (%),Percentage of total employment,b6,0.58091,0.17996,0.015855,2018.7,7.5647,0.16675,0.32452,2026.7,-31.92,0.80971,0.71457,0.022894,0.018782,0.72517,0.64664,0.027513,0.021466,0.75291,0.68231,0.026088,0.022185,10,10,1.0315,0.19191,0.8396,10,2,9,1,0,1,0.85801,1,1,y,y,y,y,y,y,y,y,y,y,y,,,,,0,original,duplicated in market share,1,1,0,0,0,0,,,,,,,,1610,,,,,,,,1,1,0,0,0,0,delete,,tel_ger_1.1_d091_m117
tel_ire_1.1Ado_d091_m117,teleworking,Ireland,1.1,Adoption over time,Employed persons teleworking as a percentage of the total employment (%),Percentage of total employment,b6,1.961,0.21458,0.030703,2019.3,2.241,0.2648,0.44127,2024.9,-61.844,0.85414,0.7812,0.039624,0.035283,0.68451,0.59436,0.058275,0.046316,0.72252,0.64324,0.054651,0.04627,10,10,1.216,0.12462,1.0914,10,2,7,1,1,1,0.84335,1,1,y,y,y,y,y,y,y,y,y,y,y,,,,,0,original,duplicated in market share,1,1,0,0,0,0,,,,,,,,1652,,,,,,,,1,1,0,0,0,0,delete,,tel_ire_1.1_d091_m117
tel_ita_1.1Ado_d091_m117,teleworking,Italy,1.1,Adoption over time,Employed persons teleworking as a percentage of the total employment (%),Percentage of total employment,b6,0.45146,0.0014163,0.0045152,2015.7,9.7339,0.070464,1555.2,1.575e+05,-9.0631,0.26481,-0.10278,0.023938,0.018353,-3.298,-4.526,0.057878,0.0507,0.21579,-0.0082692,0.024723,0.017432,10,10,1.7314,0.45413,1.2772,10,3,9,1,0,1,0.80728,1,1,n,y,y,y,y,y,y,y,m,n,m,,,,,0,original,duplicated in market share,1,1,0,0,0,0,,,,,,,,1675,,,,,,,,1,1,0,0,0,0,delete,,tel_ita_1.1_d091_m117
tel_net_1.1Ado_d091_m117,teleworking,The Netherlands,1.1,Adoption over time,Employed persons teleworking as a percentage of the total employment (%),Percentage of total employment,b6,0.284,0.022521,0.003503,2009.9,15.473,0.16498,0.00046253,1762.3,-6.9225,0.23186,-0.15221,0.020371,0.01504,0.17893,-0.055663,0.021061,0.01444,0.18739,-0.04478,0.020952,0.014238,10,10,1.2365,0.76977,0.46671,10,2,0,1,0,0,0.91462,1,1,n,y,y,y,y,y,y,y,m,n,m,,,,,0,original,duplicated in market share,1,1,0,0,0,0,,,,,,,,1698,,,,,,,,1,1,0,0,0,0,delete,,tel_net_1.1_d091_m117
tel_usa_1.1Ado_d091_m117,teleworking,US,1.1,Adoption over time,Employed persons teleworking as a percentage of the total employment (%),Percentage of total employment,b6,0.099701,0.0013676,0.0039119,2130.2,44.076,8726.3,1555.1,1.5747e+05,-7.7839,0.45522,0.38712,0.050424,0.034681,-1.2001,-1.3761,0.10133,0.074839,0.29345,0.23692,0.057424,0.037884,28,28,4.0109e-05,8.0217e-07,3.9307e-05,44,3,27,0,0,1,0.73108,1,1,m,y,y,m,y,m,y,m,m,m,m,,,,* error / discontinuity in data,0,original,duplicated in market share,0,1,0,0,0,0,,,,,,,,1721,,,,,,,,0,1,0,0,0,0,delete,,tel_usa_1.1_d091_m117
tex_usa_1.1Ado_d180_m028,textile recycling,US,1.1,Adoption over time,Recycled textiles as a share of textiles generation.,%,m14,0.13192,0.020045,0.0025345,1982.4,33.311,0.15586,2.0096e-07,1337.7,-4.9468,0.98803,0.98085,0.0048042,0.0037241,0.77726,0.70301,0.020727,0.01884,0.8734,0.83121,0.015626,0.014559,9,9,1.0201,0.1887,0.83137,49,4,8,1,0,1,0.91164,1,1,y,y,y,y,y,y,y,y,y,y,y,,,,,0,original,duplicated in market share,1,1,,,0,0,,,,,,,,1765,,,,,,,,1,1,0,0,0,0,delete,,tex_usa_1.1_d180_m028
cli_ban_4.1Kso_d239_m153,climate protest,Bangladesh,4.1,Knowledge Flows (social networks),Partial up to max annualised Google search frequency (index 100=monthly max.),Partial up to max Index 0-100,s3,79.318,0.33004,7.1429,2008.2,0.055403,49.994,0.6257,1997.8,-14321,0.41667,-0.16667,26.726,14.286,0.12757,-0.30865,32.685,23.139,0.16667,-0.25,31.944,22.449,7,1,2.0002,2.0002,0,1,0,0,0,0,,,0,1,m,n,y,m,m,m,m,m,m,n,n,,,,too few,0,prefer,transformed-partial,0,0,0,0,0,1,,0,0,0,0,0,1,31,,,,,,,,0,0,0,0,0,1,,,cli_ban_4.1_d239_m153
cli_ger_4.1Kso_d239_m153,climate protest,Germany,4.1,Knowledge Flows (social networks),Partial up to max annualised Google search frequency (index 100=monthly max.),Partial up to max Index 0-100,s3,212.17,0.51165,1.778,2022.1,0.020712,73.455,6.8564,2019.5,-3574,0.87386,0.8516,8.1921,2.5281,0.56273,0.51414,15.253,6.7587,0.21788,0.13098,20.399,13.075,21,2,1.3614,0.63861,0.72277,2,1,0,0,0,1,0.38449,0,1,y,n,m,y,y,y,m,y,m,n,n,,,,,0,prefer,transformed-partial,1,1,0,0,0,1,,1,1,0,0,0,1,38,,,,,,,,1,1,0,0,0,1,,,cli_ger_4.1_d239_m153
cli_glo_4.1Kso_d239_m153,climate protest,Global,4.1,Knowledge Flows (social networks),Partial up to max annualised Google search frequency (index 100=monthly max.),Partial up to max Index 0-100,s3,0.4309,0.24422,4.2507,2021.4,10.198,125.07,0.12705,1996.5,-8539.3,0.94384,0.93393,7.3129,4.4112,0.92857,0.92063,8.2475,5.9196,0.69573,0.66192,17.022,14.887,21,13,0.79958,0.018351,0.78123,16,0,15,0,0,1,0.77068,0,1,y,y,y,m,y,m,y,y,y,m,m,,,,,0,prefer,transformed-partial,1,1,0,0,0,1,,1,1,0,0,0,1,46,,,,,,,,1,1,0,0,0,1,,,cli_glo_4.1_d239_m153
cli_ind_4.1Kso_d239_m153,climate protest,India,4.1,Knowledge Flows (social networks),Partial up to max annualised Google search frequency (index 100=monthly max.),Partial up to max Index 0-100,s3,14.147,0.12314,1.2987,2024.2,0.31062,1199.6,1518.4,1.6116e+05,-2610.8,1,1,1.7089e-05,3.8083e-06,-0.05,-0.16667,21.822,4.7619,0.13636,0.040404,19.791,10.719,21,1,0.083361,0.083361,0,1,0,0,0,0,,,0,1,y,n,m,m,m,m,m,m,m,n,n,,,,too few,0,prefer,transformed-partial,0,0,0,0,0,1,,1,0,0,0,0,1,53,check,,,,,,,1,0,0,0,0,1,,,cli_ind_4.1_d239_m153
cli_uki_4.1Kso_d239_m153,climate protest,UK,4.1,Knowledge Flows (social networks),Partial up to max annualised Google search frequency (index 100=monthly max.),Partial up to max Index 0-100,s3,0.67755,0.30176,3.9101,2021.2,6.4858,109.82,0.1268,2001.7,-7856.7,0.95278,0.94445,6.641,4.2123,0.92657,0.91841,8.2817,5.1799,0.6002,0.55577,19.324,15.549,21,8,0.91056,0.065414,0.84515,11,0,8,0,1,1,0.73322,0,1,y,y,y,y,y,y,y,y,y,y,y,,,,,0,prefer,transformed-partial,1,1,0,0,0,1,,1,1,0,0,1,1,65,,,,,**check**,,,1,1,0,0,0,1,,,cli_uki_4.1_d239_m153
cli_usa_4.1Kso_d239_m153,climate protest,US,4.1,Knowledge Flows (social networks),Partial up to max annualised Google search frequency (index 100=monthly max.),Partial up to max Index 0-100,s3,0.53398,0.243,4.6225,2020.3,8.2297,111.88,0.089383,1994.6,-9286.9,0.92033,0.90626,9.6468,4.8701,0.89043,0.87826,11.313,8.219,0.67079,0.63421,19.609,17.283,21,12,0.89378,0.021376,0.8724,12,0,9,0,1,1,0.78065,0,1,y,y,y,m,y,m,y,y,y,m,m,,,,,0,prefer,transformed-partial,1,1,0,0,0,1,,1,1,0,0,0,1,72,,,,,,,,1,1,0,0,0,1,,,cli_usa_4.1_d239_m153
crz_ger_4.1Kso_d239_m153,mobesity,Germany,4.1,Knowledge Flows (social networks),Partial up to max annualised Google search frequency (index 100=monthly max.),Partial up to max Index 0-100,b3,109.72,0.31475,8.5714,2007.1,0.040052,50,0.21653,1992.9,-17182,0.4,-0.5,28.868,16.667,0.1057,-0.4905,35.243,26.456,0.15429,-0.40952,34.272,25.079,6,1,2,2,0,1,0,0,0,0,,,0,1,m,n,y,m,m,m,m,m,m,n,n,,,,too few,0,prefer,transformed-partial,0,0,0,0,0,1,,0,0,0,0,0,1,155,,,,,,,,0,0,0,0,0,1,,,crz_ger_4.1_d239_m153
dri_usa_4.1Kso_d239_m153,drivers licence,US,4.1,Knowledge Flows (social networks),Partial up to max annualised Google search frequency (index 100=monthly max.),Partial up to max Index 0-100,b9,0.26977,0.085238,4.9335,2012.7,16.29,93.935,0.18858,1949.5,-9884.6,0.95274,0.9444,6.5953,5.5158,0.87577,0.86196,10.694,8.732,0.96958,0.9662,5.2912,4.1063,21,20,1.0646,0.0020874,1.0625,20,0,19,0,0,1,0.9275,0,1,y,y,y,y,y,y,y,y,y,y,y,,,,,0,prefer,transformed-partial,1,1,0,0,0,1,,1,1,0,0,0,1,244,,,,,,,,1,1,0,0,0,1,,,dri_usa_4.1_d239_m153
eat_ger_1.1Ado_d256_m166,eating less meat,Germany,1.1,Adoption over time,Partial up to max % poultry+pig in total meat consumption,Partial up to max % kg/yr,b1,0.0047962,0.004793,0.003607,3516.1,916.24,1148.1,13.156,2584.9,-6.4169,0.95697,0.95306,0.0081724,0.0062675,0.95697,0.95444,0.0081723,0.0062674,0.95551,0.95289,0.0083102,0.0063018,37,37,0.00071819,0.00058966,0.00012853,37,1,36,0,0,0,0.97323,1,1,y,y,y,y,y,y,y,m,y,m,y,,,,part of curve consistent with LED innovation *probably positive slope = LED innovation,0,prefer,transformed-partial,1,1,0,0,0,0,,1,1,0,0,0,0,263,,,,,,,,1,1,0,0,0,0,delete,,eat_ger_1.1_d256_m166
eat_ger_1.1Ado_d259_m167,eating less meat,Germany,1.1,Adoption over time,Partial max and after % red in total meat consumption,Partial max and after % kg/yr,b1,-0.010721,0.00075227,-0.0023733,1032,-409.88,7031.2,1555.1,1.5743e+05,4.9684,0.82404,0.81304,0.016871,0.013012,-33.426,-34.831,0.23598,0.23252,0.78436,0.77556,0.018676,0.014878,52,52,4.5942e-05,2.4956e-05,2.0987e-05,52,51,16,0,1,0,0.9741,1,1,y,y,y,y,y,y,y,m,y,m,y,,,,part of curve consistent with LED innovation *needs sign reversal * negative slope = LED innovation,0,prefer,transformed-partial,1,1,0,0,0,0,,1,1,0,0,0,0,266,,,,,,,,1,1,0,0,0,0,delete,,eat_ger_1.1_d259_m167
eat_ger_1.1Ado_d261_m171,eating less meat,Germany,1.1,Adoption over time,Partial max and after per capita beef consumption,Partial max and after Kg/yr,b1,-0.018338,-0.018337,-0.28478,1419.4,-239.64,6.8305e+05,28.866,1968.6,586.29,0.74322,0.72397,2.2162,1.8588,0.74322,0.7307,2.2162,1.8588,0.68367,0.66824,2.4598,2.1249,44,44,3.4795e-05,1.5597e-05,1.9198e-05,44,43,20,0,1,0,0.9704,0,1,y,y,y,y,y,y,y,m,y,m,y,,,,part of curve consistent with LED innovation *needs sign reversal * negative slope = LED innovation,0,prefer,transformed-partial,1,1,0,0,0,0,,1,1,0,0,0,0,268,,,,,,,,1,1,0,0,0,0,delete,,eat_ger_1.1_d261_m171
eat_ger_1.1Ado_d263_m171,eating less meat,Germany,1.1,Adoption over time,Partial max and after per capita other meat consumption,Partial max and after kg/yr,b1,-0.045109,-0.045104,-0.10208,1809.5,-97.418,19420,2.6916,2006.5,207.56,0.42979,0.32916,0.71103,0.55061,0.42979,0.36643,0.71103,0.55062,0.43095,0.36772,0.7103,0.52525,21,21,0.00024604,4.0164e-05,0.00020588,21,20,2,0,0,1,0.85929,0,1,m,y,y,y,y,y,y,m,y,m,y,,,,part of curve consistent with LED innovation *needs sign reversal * negative slope = LED innovation,0,prefer,transformed-partial,1,1,0,0,0,0,,1,1,0,0,0,0,270,,,,,,,,1,1,0,0,0,0,delete,,eat_ger_1.1_d263_m171
eat_ger_1.1Ado_d265_m171,eating less meat,Germany,1.1,Adoption over time,Partial max and after per capita pig consumption,Partial max and after Kg/yr,b1,-0.11864,-0.0071591,-0.38654,2030.2,-37.039,57.547,87.403,1934.9,828.04,0.69245,0.66268,2.6874,2.1282,0.64191,0.61953,2.8997,2.6128,0.64901,0.62707,2.8709,2.5811,35,35,1.1142,0.75173,0.36243,35,34,0,0,0,0,0.96961,0,1,m,y,y,y,y,y,y,y,y,m,y,,,,part of curve consistent with LED innovation *needs sign reversal * negative slope = LED innovation,0,prefer,transformed-partial,1,1,0,0,0,0,,1,1,0,0,0,0,272,,,,,,,,1,1,0,0,0,0,delete,,eat_ger_1.1_d265_m171
eat_ger_1.1Ado_d266_m170,eating less meat,Germany,1.1,Adoption over time,Partial up to max per capita poultry consumption,Partial up to max kg/yr,b1,0.024792,0.018241,0.23111,2039.8,177.25,50.746,6.9815,1963.3,-448.19,0.96564,0.9634,0.6322,0.50791,0.96391,0.96238,0.64787,0.5069,0.95635,0.95449,0.71254,0.59258,50,50,0.35885,0.14847,0.21038,50,1,49,0,0,0,0.97827,0,1,y,y,y,y,y,y,y,y,y,y,y,,,,,0,prefer,transformed-partial,1,1,0,0,0,0,,1,1,0,0,0,0,273,,,,,,,,1,1,0,0,0,0,delete,,eat_ger_1.1_d266_m170
eat_ger_1.1Ado_d269_m171,eating less meat,Germany,1.1,Adoption over time,Partial max and after per capita sheep & goat consumption,Partial max and after Kg/yr,b1,-0.011772,-0.01177,-0.010166,1255.4,-373.3,6266.8,4.6666,1867.2,21.305,0.6236,0.57227,0.060056,0.045843,0.6236,0.59087,0.060056,0.045843,0.60663,0.57242,0.061395,0.046956,26,26,0.00017185,0.0001133,5.8558e-05,26,25,0,0,0,0,0.95637,0,1,m,y,y,y,y,y,y,m,y,m,y,,,,part of curve consistent with LED innovation *needs sign reversal * negative slope = LED innovation,0,prefer,transformed-partial,1,1,0,0,0,0,,1,1,0,0,0,0,276,,,,,,,,1,1,0,0,0,0,delete,,eat_ger_1.1_d269_m171
eat_ger_1.1Ado_d271_m171,eating less meat,Germany,1.1,Adoption over time,Partial max and after per capita total meat consumption,Partial max and after kg/yr,b1,-0.0040163,-0.004012,-0.34381,301.45,-1094.2,80618,154.49,1859,775.42,0.47947,0.4291,3.633,3.1435,0.47948,0.44694,3.633,3.1436,0.47549,0.44271,3.6469,3.1498,35,35,0.0012366,0.00095004,0.00028652,35,34,0,0,0,0,0.96952,0,1,m,y,y,y,y,y,y,m,y,m,y,,,,part of curve consistent with LED innovation *needs sign reversal * negative slope = LED innovation,0,prefer,transformed-partial,1,1,2,2,0,0,,1,1,0,0,0,0,278,,,,,,,,1,1,0,0,0,0,delete,,eat_ger_1.1_d271_m171
eat_ind_1.1Ado_d256_m166,eating less meat,India,1.1,Adoption over time,Partial up to max % poultry+pig in total meat consumption,Partial up to max % kg/yr,b1,0.040548,0.0020863,0.011622,2297.6,108.38,59476,1554.9,1.5745e+05,-22.859,0.98713,0.98627,0.019643,0.01552,-3.3068,-3.4941,0.35931,0.31484,0.90117,0.89688,0.054429,0.047789,49,49,1.152e-05,2.2356e-06,9.2841e-06,49,1,48,0,0,0,0.9622,1,1,y,y,y,y,y,y,y,m,y,m,y,,,,part of curve consistent with LED innovation *probably positive slope = LED innovation,0,prefer,transformed-partial,,1,,,0,0,,1,1,0,0,0,0,329,,,,,,,,1,1,0,0,0,0,delete,,eat_ind_1.1_d256_m166
eat_ind_1.1Ado_d270_m170,eating less meat,India,1.1,Adoption over time,Partial up to max per capita total meat consumption,Partial up to max kg/yr,b1,0.0055923,0.0027449,0.022242,3548.1,785.81,23954,1556.5,1.5729e+05,-40.309,0.50794,0.47718,0.33245,0.21638,-73.945,-77.004,4.1028,4.0754,0.49613,0.47556,0.33641,0.21617,52,52,0.0002534,0.00014935,0.00010406,52,1,49,0,0,0,0.97308,0,1,m,y,y,y,y,y,y,m,y,m,y,,,,*needs sign reversal * negative slope = LED innovation,0,prefer,transformed-partial,1,1,0,2,0,0,,1,1,0,0,0,0,343,,,,,,,,1,1,0,0,0,0,delete,,eat_ind_1.1_d270_m170
fir_glo_4.1Kso_d239_m153,firm esg reporting,Global,4.1,Knowledge Flows (social networks),Partial up to max annualised Google search frequency (index 100=monthly max.),Partial up to max Index 0-100,m13,2.5409,0.087651,4.6841,2010,1.7295,68.08,0.20328,1953.1,-9386,0.8087,0.77494,14.036,9.9967,0.70368,0.67075,17.469,15.15,0.78122,0.75691,15.01,12.291,21,16,1.4689,0.29344,1.1754,17,1,16,0,0,1,0.90415,0,1,y,y,y,y,y,y,y,y,y,y,y,,,,,0,prefer,transformed-partial,1,1,0,0,0,1,,1,1,0,0,0,1,875,,,,,,,,1,1,0,0,0,1,,,fir_glo_4.1_d239_m153
low_ger_4.1Kso_d239_m153,low-carbon long distance travel,Germany,4.1,Knowledge Flows (social networks),Partial up to max annualised Google search frequency (index 100=monthly max.),Partial up to max Index 0-100,b4,109.72,0.31475,8.5714,2007.1,0.040052,50,0.21653,1992.9,-17182,0.4,-0.5,28.868,16.667,0.1057,-0.4905,35.243,26.456,0.15429,-0.40952,34.272,25.079,6,1,2,2,0,1,0,0,0,0,,,0,1,m,n,y,m,m,m,m,m,m,n,n,,,,,0,prefer,transformed-partial,0,0,0,0,1,1,,0,0,0,0,1,1,892,,,,,,,,0,0,0,0,1,1,,,low_ger_4.1_d239_m153
mic_ban_4.1Kso_d213_m100,microfinance,Bangladesh,4.1,Knowledge Flows (social networks),annualised Google search frequency (index 100=monthly max.),Index 0-100,m10,-0.02702,-0.027007,-0.40779,1719.1,-162.64,52417,28.576,1997.2,839.72,0.017276,-0.15615,20.562,12.637,0.017277,-0.091914,20.562,12.637,0.014172,-0.095364,20.595,12.635,21,17,0.0019078,0.00022893,0.0016788,20,19,9,0,1,1,0.31113,0,1,n,y,y,y,y,y,m,m,m,n,m,,,,downward,0,prefer,original,1,1,0,0,0,1,,0,1,0,0,0,1,903,check,,,,,,,1,1,0,0,0,1,,,mic_ban_4.1_d213_m100
mic_glo_3.5Mar_d074_m128,microfinance,Global,3.5,Market Formation,CumulativeStartups,cum. # companies,m10,0.13604,0.059444,9.0875,2009.1,32.302,408.04,0.29303,1901.7,-18047,0.99781,0.99765,5.6538,4.54,0.94789,0.94541,27.58,23.369,0.95416,0.95198,25.868,22.681,45,45,0.85042,0.0073523,0.84306,45,1,44,0,0,0,0.96143,0,0,y,y,y,y,y,y,y,y,y,y,y,,,,,0,prefer,original,1,1,0,0,0,1,,1,1,0,0,0,1,906,,,,,,,,1,1,0,0,0,1,,,mic_glo_3.5_d074_m128
mic_glo_3.5Mar_d246_m160,microfinance,Global,3.5,Market Formation,cumulative PrivateEquityDeals,cumulative # deals,m10,0.2691,0.12365,6.7095,2016.8,16.33,385.3,0.013277,1940.8,-13363,0.99893,0.99885,3.4561,2.4299,0.96683,0.96525,19.225,14.811,0.6815,0.66633,59.57,51.437,45,36,0.86167,0.0025954,0.85907,36,0,35,0,0,0,0.91856,0,0,y,y,y,y,y,y,y,y,y,y,y,,,,,0,prefer,transformed-cumulative,1,1,0,0,0,0,,1,1,0,0,0,0,916,,,,,,,,1,1,0,0,0,0,delete,,mic_glo_3.5_d246_m160
mic_glo_3.5Mar_d248_m162,microfinance,Global,3.5,Market Formation,cumulative PrivateEquityInvestment,cumulative $ million,m10,0.25907,0.16528,56.581,2021.7,16.962,5677.3,3.7871e-05,1912.3,-1.1273e+05,0.99096,0.9903,92.503,58.152,0.98119,0.9803,133.41,74.032,0.57051,0.55005,637.57,510.97,45,21,0.60795,0.000502,0.60744,21,0,20,0,0,1,0.88172,0,0,y,y,y,y,y,y,y,y,y,y,y,,,,,0,prefer,transformed-cumulative,1,1,0,0,0,0,,1,1,0,0,0,0,918,,,,,,,,1,1,0,0,0,0,delete,,mic_glo_3.5_d248_m162
mic_glo_3.5Mar_d250_m162,microfinance,Global,3.5,Market Formation,cumulative TotalFundraisingAmount,cumulative $ million,m10,0.28607,0.13242,538.21,2017.3,15.361,32180,3.1954e-05,1867.4,-1.0721e+06,0.99426,0.99384,657.35,393.95,0.96314,0.96138,1666.5,1323.4,0.64855,0.63182,5145.5,4356.7,45,25,0.86112,3.729e-05,0.86108,25,0,24,0,0,1,0.90941,0,0,y,y,y,y,y,y,y,y,y,y,y,,,,,0,prefer,transformed-cumulative,1,1,0,0,0,0,,1,1,0,0,0,0,920,,,,,,,,1,1,0,0,0,0,delete,,mic_glo_3.5_d250_m162
mic_glo_3.5Mar_d252_m160,microfinance,Global,3.5,Market Formation,cumulative TotalFundraisingDeals,cumulative # deals,m10,0.23978,0.1205,20.002,2017.3,18.327,1212.5,0.0077296,1925.1,-39833,0.99916,0.99909,9.0292,6.7502,0.97436,0.97314,49.754,39.499,0.69879,0.68445,170.55,146.26,45,40,0.82554,0.00082471,0.82471,40,0,39,0,0,0,0.91679,0,0,y,y,y,y,y,y,y,y,y,y,y,,,,,0,prefer,transformed-cumulative,1,1,0,0,0,0,,1,1,0,0,0,0,922,,,,,,,,1,1,0,0,0,0,delete,,mic_glo_3.5_d252_m160
mic_ind_3.5Mar_d074_m128,microfinance,India,3.5,Market Formation,CumulativeStartups,cum. # companies,m10,0.12138,0.048101,1.0947,2004.9,36.204,47.06,3.4984,1968.4,-2171,0.98118,0.9798,1.9671,1.5816,0.9173,0.91336,4.1235,3.6565,0.98315,0.98235,1.8612,1.5942,45,42,0.89248,0.021249,0.87123,42,3,41,0,0,0,0.96716,0,1,y,y,y,y,y,y,y,y,y,y,y,,,,,0,prefer,original,1,1,0,0,1,1,,1,1,0,0,1,1,933,,,,,,,,1,1,0,0,1,1,,,mic_ind_3.5_d074_m128
mic_ind_3.5Mar_d246_m160,microfinance,India,3.5,Market Formation,cumulative PrivateEquityDeals,cumulative # deals,m10,0.2848,0.12345,2.11,2016.4,15.43,116.19,0.72792,1982.5,-4202.8,0.99705,0.99683,1.8091,1.2291,0.9584,0.95642,6.7902,5.0952,0.6775,0.66215,18.906,16.428,45,19,0.8779,0.025821,0.85208,19,0,18,0,0,0,0.92143,0,0,y,y,y,y,y,y,y,y,y,y,y,,,,,0,prefer,transformed-cumulative,1,1,0,0,0,0,,1,1,0,0,0,0,943,,,,,,,,1,1,0,0,0,0,delete,,mic_ind_3.5_d246_m160
mic_ind_3.5Mar_d248_m162,microfinance,India,3.5,Market Formation,cumulative PrivateEquityInvestment,cumulative $ million,m10,0.19175,0.14309,27.158,2024.2,22.917,3319.2,0.0011455,1924.6,-54098,0.98175,0.98041,59.828,41.234,0.97691,0.97581,67.292,48.742,0.63434,0.61692,267.79,217.67,45,19,0.46711,0.001331,0.46578,19,0,18,0,0,1,0.88888,0,0,y,y,y,y,y,y,y,y,y,y,y,,,,,0,prefer,transformed-cumulative,1,1,0,0,0,0,,1,1,0,0,0,0,945,,,,,,,,1,1,0,0,0,0,delete,,mic_ind_3.5_d248_m162
mic_ind_3.5Mar_d250_m162,microfinance,India,3.5,Market Formation,cumulative TotalFundraisingAmount,cumulative $ million,m10,0.33201,0.16576,125.6,2019.5,13.236,9619,2.5419e-05,1905.4,-2.5026e+05,0.98728,0.98635,247.01,131.67,0.96668,0.96509,399.87,251.79,0.55456,0.53334,1462,1217.8,45,24,0.80086,5.568e-05,0.8008,24,0,23,0,0,1,0.8796,0,0,y,y,y,y,y,y,y,y,y,y,y,,,,,0,prefer,transformed-cumulative,1,1,0,0,0,0,,1,1,0,0,0,0,947,,,,,,,,1,1,0,0,0,0,delete,,mic_ind_3.5_d250_m162
mic_ind_3.5Mar_d252_m160,microfinance,India,3.5,Market Formation,cumulative TotalFundraisingDeals,cumulative # deals,m10,0.27766,0.12323,4.4314,2016.8,15.826,254.96,0.088097,1959.1,-8824.8,0.9987,0.99861,2.5147,1.8419,0.96749,0.96594,12.593,9.1886,0.6791,0.66382,39.561,34.223,45,40,0.87073,0.0039222,0.86681,40,0,39,0,0,1,0.9176,0,0,y,y,y,y,y,y,y,y,y,y,y,,,,,0,prefer,transformed-cumulative,1,1,0,0,0,0,,1,1,0,0,0,0,949,,,,,,,,1,1,0,0,0,0,delete,,mic_ind_3.5_d252_m160
mic_ind_4.1Kso_d239_m153,microfinance,India,4.1,Knowledge Flows (social networks),Partial up to max annualised Google search frequency (index 100=monthly max.),Partial up to max Index 0-100,m10,0.73799,0.128,7.7441,2005.8,5.9546,73.887,0.043341,1952.5,-15495,0.6302,0.35285,14.789,10.01,0.45639,0.23894,17.931,13.862,0.53233,0.34527,16.631,11.302,8,8,1.3534,0.28544,1.068,8,1,7,1,0,1,0.86708,0,1,m,y,y,y,y,y,y,y,y,m,y,,,,,0,prefer,transformed-partial,1,1,0,0,1,1,,1,1,0,0,1,1,952,,,,,,,,1,1,0,0,1,1,,,mic_ind_4.1_d239_m153
mic_nig_3.5Mar_d074_m128,microfinance,Nigeria,3.5,Market Formation,CumulativeStartups,cum. # companies,m10,0.17177,0.065345,0.39592,2009.4,25.583,16.746,9.4071,2013.7,-786.76,0.96677,0.96434,0.99222,0.73319,0.91051,0.90625,1.6283,1.3792,0.89238,0.88726,1.7856,1.4514,45,38,0.89574,0.059716,0.83602,38,3,37,0,0,0,0.95593,0,1,y,y,y,y,y,y,y,y,y,y,y,,,,,0,prefer,original,1,1,0,0,0,1,,1,1,0,0,0,1,962,,,,,,,,1,1,0,0,0,1,,,mic_nig_3.5_d074_m128
mic_nig_3.5Mar_d246_m160,microfinance,Nigeria,3.5,Market Formation,cumulative PrivateEquityDeals,cumulative # deals,m10,0.57514,0.012489,0.12161,2011,7.6406,4.4254,1552.7,1.5769e+05,-242.15,0.97042,0.96826,0.32191,0.19271,-0.4907,-0.56168,2.2852,1.3111,0.712,0.69829,1.0044,0.86815,45,16,1.1298,0.45194,0.67791,16,2,15,1,0,0,0.92766,0,1,y,y,y,y,y,y,y,y,y,y,y,,,,,0,prefer,transformed-cumulative,1,1,0,0,0,0,,1,1,0,0,0,0,972,,,,,,,,1,1,0,0,0,0,delete,,mic_nig_3.5_d246_m160
mic_nig_3.5Mar_d248_m162,microfinance,Nigeria,3.5,Market Formation,cumulative PrivateEquityInvestment,cumulative $ million,m10,131.64,0.42114,0.0021287,2021.5,0.033383,0.24447,3.6189,2030,-4.2441,0.99843,0.99832,0.0024026,0.0012916,0.82353,0.81513,0.025486,0.0095983,0.20765,0.16992,0.054004,0.033876,45,16,0.99999,0.018284,0.9817,16,2,15,1,0,1,0.67312,1,1,y,y,y,m,y,m,m,y,m,m,m,,,,,0,prefer,transformed-cumulative,1,1,0,0,0,0,,0,1,0,0,0,0,974,check,,,,,,,1,1,0,0,0,0,delete,,mic_nig_3.5_d248_m162
mic_nig_3.5Mar_d250_m162,microfinance,Nigeria,3.5,Market Formation,cumulative TotalFundraisingAmount,cumulative $ million,m10,0.54794,0.11645,2.428,2013.3,8.0199,100.67,0.61441,1977.7,-4836.5,0.97307,0.9711,6.4589,3.3487,0.87815,0.87235,13.738,10.715,0.64192,0.62487,23.551,20.42,45,17,1.0557,0.0099338,1.0458,17,2,16,1,0,1,0.9236,0,0,y,y,y,y,y,y,y,y,y,y,y,,,,,0,prefer,transformed-cumulative,1,1,0,0,0,0,,1,1,0,0,0,0,976,,,,,,,,1,1,0,0,0,0,delete,,mic_nig_3.5_d250_m162
mic_nig_3.5Mar_d252_m160,microfinance,Nigeria,3.5,Market Formation,cumulative TotalFundraisingDeals,cumulative # deals,m10,0.20223,0.10511,0.5,2016.8,21.73,29.7,10.27,2014.7,-995.22,0.99046,0.98976,0.73269,0.55727,0.97022,0.96881,1.2943,0.97876,0.74947,0.73754,3.7543,3.1481,45,35,0.80809,0.03367,0.77442,35,1,34,0,0,0,0.92291,0,1,y,y,y,y,y,y,y,y,y,y,y,,,,,0,prefer,transformed-cumulative,1,1,0,0,0,0,,1,1,0,0,0,0,978,,,,,,,,1,1,0,0,0,0,delete,,mic_nig_3.5_d252_m160
mic_nig_4.1Kso_d239_m153,microfinance,Nigeria,4.1,Knowledge Flows (social networks),Partial up to max annualised Google search frequency (index 100=monthly max.),Partial up to max Index 0-100,m10,29.044,0.46384,21.738,2007,0.1513,91.709,0.00053094,1982.8,-43578,0.98362,0.95904,5.2203,3.6139,0.75268,0.58779,20.283,18.143,0.82861,0.71435,16.884,14.205,6,4,1.0904,0.055633,1.0348,4,1,3,1,0,1,0.69569,0,1,y,n,y,y,y,y,m,y,y,n,n,,,,too few,0,prefer,transformed-partial,0,0,0,0,0,1,,0,1,0,0,0,1,981,,check,,,,,,0,1,0,0,0,1,,,mic_nig_4.1_d239_m153
pas_aus_4.1Kso_d239_m153,passive building retrofits,Austria,4.1,Knowledge Flows (social networks),Partial up to max annualised Google search frequency (index 100=monthly max.),Partial up to max Index 0-100,m5,143.25,0.34624,2.7473,2014.2,0.030677,50,9.6152,2012.2,-5514.3,0.45833,0.27778,19.612,7.6923,0.18753,0.02504,24.019,13.034,0.14881,-0.021429,24.584,14.962,13,1,2,2,0,1,0,0,0,0,,,0,1,m,n,m,m,m,m,m,m,m,n,n,,,,too few,0,prefer,transformed-partial,0,0,0,0,0,1,,,,,,,,1228,,,,,,,,0,0,0,0,0,1,,,pas_aus_4.1_d239_m153
pas_bel_4.1Kso_d239_m153,passive building retrofits,Belgium,4.1,Knowledge Flows (social networks),Partial up to max annualised Google search frequency (index 100=monthly max.),Partial up to max Index 0-100,m5,597.68,7.5975e-05,0,2004.1,0.0073525,50,32.221,1560.1,33.333,0.25,2.5,40.825,33.333,-1.1246e-08,,47.14,44.443,0,,47.14,44.444,3,1,2,2,0,1,0,0,0,0,,,0,1,n,n,y,m,m,m,m,m,m,n,n,,,,too few,0,prefer,transformed-partial,0,0,0,0,0,1,,,,,,,,1239,,,,,,,,0,0,0,0,0,1,,,pas_bel_4.1_d239_m153
pas_ger_4.1Kso_d239_m153,passive building retrofits,Germany,4.1,Knowledge Flows (social networks),Partial up to max annualised Google search frequency (index 100=monthly max.),Partial up to max Index 0-100,m5,87.076,0.34515,3.6364,2012.2,0.050467,49.995,8.0922,2009.7,-7296.4,0.45,0.21429,21.32,9.0909,0.17514,-0.03108,26.109,15.298,0.16,-0.05,26.348,16.86,11,1,2.0002,2.0002,0,1,0,0,0,0,,,0,1,m,n,m,m,m,m,m,m,m,n,n,,,,too few,0,prefer,transformed-partial,0,0,0,0,1,1,,,,,,,,1250,,,,,,,,0,0,0,0,1,1,,,pas_ger_4.1_d239_m153
pas_glo_4.3Com_d215_m010,passive building retrofits,Global,4.3,Compatibility,cumulative # countries with passive buildings,# countries,m5,0.2946,0.061785,1.5977,2007.3,14.917,42.886,2.087,1971.6,-3185.3,0.98968,0.98865,1.6573,1.3611,0.8229,0.81147,6.8661,6.013,0.92298,0.91801,4.5281,3.7924,34,34,0.95602,0.023318,0.9327,34,11,33,1,0,0,0.9647,0,1,y,y,y,y,y,y,y,y,y,y,y,1,,convert to cum.,,0,prefer,transformed-cumulative,1,1,0,0,1,1,,,,,,,,1253,,,,,,,,1,1,0,0,1,1,,,pas_glo_4.3_d215_m010
pas_ire_4.1Kso_d239_m153,passive building retrofits,Ireland,4.1,Knowledge Flows (social networks),Partial up to max annualised Google search frequency (index 100=monthly max.),Partial up to max Index 0-100,m5,14.147,0.12314,1.2987,2024.2,0.31062,1199.6,1518.4,1.6116e+05,-2610.8,1,1,1.7089e-05,3.8083e-06,-0.05,-0.16667,21.822,4.7619,0.13636,0.040404,19.791,10.719,21,1,0.083361,0.083361,0,1,0,0,0,0,,,0,1,y,n,m,m,m,m,m,m,m,n,n,,,,too few,0,prefer,transformed-partial,0,0,0,0,0,1,,,,,,,,1257,,,,,,,,0,0,0,0,0,1,,,pas_ire_4.1_d239_m153
pos_uki_4.1Kso_d239_m153,postage stamps,UK,4.1,Knowledge Flows (social networks),Partial up to max annualised Google search frequency (index 100=monthly max.),Partial up to max Index 0-100,s8,0.017821,0.017811,0.34612,2477.5,246.59,1.1915e+05,5.2013,1914.1,-666.02,0.008697,-0.16624,28.284,23.722,0.0086984,-0.10145,28.284,23.722,0.0054431,-0.10506,28.331,23.57,21,20,0.00083925,1.4886e-05,0.00082436,20,0,4,0,1,1,0.5863,0,1,n,y,y,m,m,m,m,m,m,n,m,,,,noisy,0,prefer,transformed-partial,0,0,0,0,1,1,,,,,,,,1264,,,,,,,,0,0,0,0,1,1,,,pos_uki_4.1_d239_m153
pos_uki_4.2Kme_d293_m181,postage stamps,UK,4.2,Knowledge flows,"Partial up to max Frequency of the word ""postage stamp"" in ngram corpus",Partial up to max Indexed to max,s8,0.047412,0.0016356,0.0061195,2189.9,92.686,73665,1555.5,1.5744e+05,-11.416,0.9603,0.95921,0.04843,0.036914,-0.60748,-0.63644,0.30816,0.18944,0.68647,0.68082,0.13609,0.10828,114,94,1.3575e-05,7.2268e-08,1.3503e-05,94,1,82,0,1,1,0.95386,1,1,y,y,y,y,y,y,y,m,y,m,y,,,,,0,prefer,transform-partial,1,1,0,0,1,1,,,,,,,,1268,,,,,,,,1,1,0,0,1,1,,,pos_uki_4.2_d293_m181
sol_cal_4.1Kso_d239_m153,solar leasing,California,4.1,Knowledge Flows (social networks),Partial up to max annualised Google search frequency (index 100=monthly max.),Partial up to max Index 0-100,m11,1.0931,0.079867,5.493,2010.5,4.0201,84.654,0.18919,1943.8,-11007,0.92311,0.90954,10.372,7.9399,0.66029,0.62255,21.802,17.894,0.79071,0.76746,17.112,13.437,21,17,1.1813,0.10316,1.0781,17,1,16,0,0,1,0.93316,0,1,y,y,y,y,y,y,y,y,y,y,y,,,,,0,prefer,transformed-partial,1,1,0,0,0,1,,,,,,,,1368,,,,,,,,1,1,0,0,0,1,,,sol_cal_4.1_d239_m153
sol_con_4.1Kso_d213_m100,solar leasing,connecticut,4.1,Knowledge Flows (social networks),annualised Google search frequency (index 100=monthly max.),Index 0-100,m11,0.16792,0.1677,2.6675,2060.2,26.17,31476,0.30135,1991.3,-5349.7,0.35103,0.23651,25.796,15.943,0.35103,0.27892,25.796,15.946,0.25446,0.17162,27.649,19.206,21,9,0.003177,0.00066717,0.0025098,17,16,6,0,1,1,0.38902,0,1,m,y,y,m,m,m,m,m,m,m,m,,,,,0,prefer,original,0,1,0,0,0,1,,,,,,,,1382,,,,,,,,0,1,0,0,0,1,,,sol_con_4.1_d213_m100
sol_mas_4.1Kso_d239_m153,solar leasing,Massachusetts,4.1,Knowledge Flows (social networks),Partial up to max annualised Google search frequency (index 100=monthly max.),Partial up to max Index 0-100,m11,0.18362,0.18362,3.4061,2078.5,23.932,2.1665e+06,0.077987,1985.1,-6830.4,0.5581,0.48011,22.429,14.829,0.5581,0.509,22.429,14.829,0.37368,0.30409,26.702,20.496,21,12,4.6158e-05,4.4538e-06,4.1704e-05,20,0,11,0,1,1,0.60786,0,1,m,y,y,m,m,m,m,m,y,m,m,,,,no asympote,0,prefer,transformed-partial,0,1,0,0,1,1,,,,,,,,1399,,,,,,,,0,1,0,0,1,1,,,sol_mas_4.1_d239_m153
sol_new_4.1Kso_d239_m153,solar leasing,New Jersey,4.1,Knowledge Flows (social networks),Partial up to max annualised Google search frequency (index 100=monthly max.),Partial up to max Index 0-100,m11,0.17112,0.17111,3.6032,2080.8,25.681,1.3952e+06,0.19194,1988.5,-7232.3,0.70677,0.65503,15.038,12.153,0.70677,0.67419,15.038,12.153,0.61726,0.57474,17.181,14.216,21,13,7.1673e-05,6.54e-06,6.5133e-05,14,0,6,0,1,1,0.62767,0,1,y,y,y,m,y,m,m,m,y,m,m,,,,no asympote,0,prefer,transformed-partial,0,1,0,0,0,1,,,,,,,,1414,,,,,,,,0,1,0,0,0,1,,,sol_new_4.1_d239_m153
sol_usa_4.1Kso_d239_m153,solar leasing,US,4.1,Knowledge Flows (social networks),Partial up to max annualised Google search frequency (index 100=monthly max.),Partial up to max Index 0-100,m11,0.54293,0.073816,4.999,2009.9,8.0939,83.839,0.12707,1932.3,-10011,0.93132,0.9192,8.5099,7.505,0.74557,0.7173,16.379,13.425,0.869,0.85444,11.753,9.9238,21,18,1.1928,0.049468,1.1433,18,0,17,0,0,1,0.93325,0,1,y,y,y,y,y,y,y,y,y,y,y,,,,,0,prefer,transformed-partial,1,1,0,0,0,1,,,,,,,,1429,,,,,,,,1,1,0,0,0,1,,,sol_usa_4.1_d239_m153
sus_glo_3.5Mar_d077_m128,sustainable fashion,Global,3.5,Market Formation,CumulativeStartups (sust fashion),cum. # companies,m1,0.19639,0.12478,3.504,2021,22.376,306.24,0.14992,1965.9,-6975.7,0.99453,0.99413,4.0824,3.0587,0.98512,0.98441,6.7342,3.9263,0.67957,0.66432,31.248,26.162,45,43,0.60084,0.0032654,0.59757,43,1,42,0,0,0,0.91226,0,0,y,y,y,y,y,y,y,y,y,y,y,1,,,*needs sign reversal * negative slope = LED innovation,0,prefer,original,0,1,0,0,1,1,,,,,,,,1435,,,,,,,,0,1,0,0,1,1,,,sus_glo_3.5_d077_m128
sus_glo_3.5Mar_d310_m160,sustainable fashion,Global,3.5,Market Formation,cumulative PrivateEquityDeals (sust fashion),cumulative # deals,m1,0.31461,0.22606,2.4667,2024,13.968,408.82,0.095878,1989.9,-4914.8,0.99309,0.99259,3.922,2.675,0.98939,0.98889,4.8598,2.5667,0.46085,0.43517,34.65,25.644,45,39,0.47454,0.0024461,0.47209,39,0,38,0,0,0,0.83161,0,0,y,y,y,y,y,y,y,y,y,y,y,,,,*needs sign reversal * negative slope = LED innovation,0,prefer,transformed-cumulative,1,1,0,0,0,0,,,,,,,,1456,,,,,,,,1,1,0,0,0,0,delete,,sus_glo_3.5_d310_m160
sus_glo_3.5Mar_d314_m162,sustainable fashion,Global,3.5,Market Formation,cumulative PrivateEquityInvestment (sust fashion),cumulative $ million,m1,0.49298,0.32239,3.7124,2023.6,8.914,697.8,0.0010088,1984.1,-7396.2,0.9563,0.9531,16.317,10.808,0.95464,0.95248,16.623,10.62,0.38156,0.35211,61.382,40.073,45,39,0.52746,4.1076e-05,0.52742,39,0,38,0,0,1,0.74635,0,0,y,y,y,y,y,y,y,y,y,y,y,,,,*needs sign reversal * negative slope = LED innovation,0,prefer,transformed-cumulative,1,1,0,0,0,0,,,,,,,,1460,,,,,,,,1,1,0,0,0,0,delete,,sus_glo_3.5_d314_m162
sus_glo_3.5Mar_d318_m162,sustainable fashion,Global,3.5,Market Formation,cumulative TotalFundraisingAmount (sust fashion),cumulative $ million,m1,4.4711,0.17627,67.062,2017.5,0.98285,3708.3,8.4201e-05,1922.5,-1.3365e+05,0.99489,0.99452,93.558,52.737,0.84362,0.83617,517.73,301.75,0.44255,0.416,977.5,816.75,45,39,1.0486,7.7294e-06,1.0486,39,0,38,0,0,1,0.87066,0,0,y,y,y,m,y,m,y,y,y,m,m,,,,,0,prefer,transformed-cumulative,1,1,0,0,0,0,,,,,,,,1464,,,,,,,,1,1,0,0,0,0,delete,,sus_glo_3.5_d318_m162
sus_glo_3.5Mar_d322_m160,sustainable fashion,Global,3.5,Market Formation,cumulative TotalFundraisingDeals (sust fashion),cumulative # deals,m1,0.27661,0.21145,3.292,2025,15.887,604.94,0.031773,1981.2,-6559.2,0.99452,0.99412,4.5359,2.7618,0.99183,0.99144,5.5393,2.5839,0.48655,0.4621,43.919,32.969,45,39,0.40996,0.0016531,0.40831,39,0,38,0,0,0,0.83983,0,0,y,y,y,y,y,y,y,y,y,y,y,,,,,0,prefer,transformed-cumulative,1,1,0,0,0,0,,,,,,,,1468,,,,,,,,1,1,0,0,0,0,delete,,sus_glo_3.5_d322_m160
sus_glo_4.1Kso_d239_m153,sustainable fashion,Global,4.1,Knowledge Flows (social networks),Partial up to max annualised Google search frequency (index 100=monthly max.),Partial up to max Index 0-100,m1,0.48969,0.17668,5.2655,2018.2,8.974,111.25,0.072095,1981.3,-10569,0.94761,0.93778,7.8379,6.7275,0.90901,0.8983,10.329,7.5039,0.78622,0.76106,15.833,14.052,20,19,0.89891,0.016837,0.88207,20,1,18,0,0,1,0.88273,0,1,y,y,y,y,y,y,y,y,y,y,y,,,,,0,prefer,transformed-partial,1,1,0,0,1,1,,,,,,,,1471,,,,,,,,1,1,0,0,1,1,,,sus_glo_4.1_d239_m153
sus_jap_3.5Mar_d077_m128,sustainable fashion,Japan,3.5,Market Formation,CumulativeStartups (sust fashion),cum. # companies,m1,0.70291,0.2146,0.043215,2018.8,6.2518,3.0583,6.2995,2026.5,-86.138,0.97692,0.97523,0.13318,0.057027,0.91732,0.91338,0.25205,0.1379,0.40993,0.38183,0.67336,0.52293,45,8,0.98094,0.32698,0.65396,8,2,7,1,0,0,0.85366,0,1,y,y,y,y,y,y,y,y,y,y,y,,,,,0,prefer,original,1,1,0,0,0,1,,,,,,,,1474,,,,,,,,1,1,0,0,0,1,,,sus_jap_3.5_d077_m128
sus_jap_3.5Mar_d310_m160,sustainable fashion,Japan,3.5,Market Formation,cumulative PrivateEquityDeals (sust fashion),cumulative # deals,m1,0.26489,0.17986,0.047694,2022.7,16.59,5.6067,8.3699,2028.8,-95.04,0.91397,0.90768,0.25908,0.13977,0.90583,0.90135,0.27106,0.16175,0.49173,0.46753,0.62974,0.46599,45,12,0.53507,0.17836,0.35672,12,3,11,1,0,1,0.84091,0,1,y,y,y,y,y,y,y,y,y,y,y,,,,,0,prefer,transformed-cumulative,1,1,0,0,0,0,,,,,,,,1484,,,,,,,,1,1,0,0,0,0,delete,,sus_jap_3.5_d310_m160
sus_jap_3.5Mar_d314_m162,sustainable fashion,Japan,3.5,Market Formation,cumulative PrivateEquityInvestment (sust fashion),cumulative $ million,m1,9.5673,0.0065423,0.058535,2012.8,0.45932,2.2175,1553.9,1.5757e+05,-116.6,0.98406,0.98289,0.12396,0.059004,-0.35756,-0.42221,1.144,0.58712,0.59945,0.58037,0.62141,0.54798,45,12,1.1496,0.91453,0.23505,12,3,11,1,0,0,0.90761,0,1,y,y,y,y,y,y,y,y,y,y,y,,,,too few,0,prefer,transformed-cumulative,0,1,0,0,0,0,,,,,,,,1486,,,,,,,,0,1,0,0,0,0,delete,,sus_jap_3.5_d314_m162
sus_jap_3.5Mar_d318_m162,sustainable fashion,Japan,3.5,Market Formation,cumulative TotalFundraisingAmount (sust fashion),cumulative $ million,m1,9.5673,0.0065423,0.058535,2012.8,0.45932,2.2175,1553.9,1.5757e+05,-116.6,0.98406,0.98289,0.12396,0.059004,-0.35756,-0.42221,1.144,0.58712,0.59945,0.58037,0.62141,0.54798,45,12,1.1496,0.91453,0.23505,12,3,11,1,0,0,0.90761,0,1,y,y,y,y,y,y,y,y,y,y,y,,,,too few,0,prefer,transformed-cumulative,0,1,0,0,0,0,,,,,,,,1488,,,,,,,,0,1,0,0,0,0,delete,,sus_jap_3.5_d318_m162
sus_jap_3.5Mar_d322_m160,sustainable fashion,Japan,3.5,Market Formation,cumulative TotalFundraisingDeals (sust fashion),cumulative # deals,m1,0.26489,0.17986,0.047694,2022.7,16.59,5.6067,8.3699,2028.8,-95.04,0.91397,0.90768,0.25908,0.13977,0.90583,0.90135,0.27106,0.16175,0.49173,0.46753,0.62974,0.46599,45,12,0.53507,0.17836,0.35672,12,3,11,1,0,1,0.84091,0,1,y,y,y,y,y,y,y,y,y,y,y,,,,,0,prefer,transformed-cumulative,1,1,0,0,0,0,,,,,,,,1490,,,,,,,,1,1,0,0,0,0,delete,,sus_jap_3.5_d322_m160
sus_jap_4.1Kso_d239_m153,sustainable fashion,Japan,4.1,Knowledge Flows (social networks),Partial up to max annualised Google search frequency (index 100=monthly max.),Partial up to max Index 0-100,m1,2.5367,0.2678,3.2521,2020,1.7323,71.132,0.39089,2003.2,-6532.5,0.75504,0.7091,13.344,6.7409,0.6693,0.6304,15.504,10.55,0.48378,0.42305,19.371,14.159,20,6,1.4058,0.41025,0.9956,9,1,6,1,1,1,0.66333,0,1,y,y,y,m,y,m,m,y,y,m,m,,,,,0,prefer,transformed-partial,1,1,0,0,0,1,,,,,,,,1493,,,,,,,,1,1,0,0,0,1,,,sus_jap_4.1_d239_m153
sus_uki_3.5Mar_d077_m128,sustainable fashion,UK,3.5,Market Formation,CumulativeStartups (sust fashion),cum. # companies,m1,0.12272,0.12272,0.50975,2107.9,35.807,9.1343e+05,9.8388,2014.7,-1014.5,0.95628,0.95308,1.6777,1.1746,0.95628,0.9542,1.6777,1.1745,0.68079,0.66559,4.5332,3.6873,45,34,3.0654e-05,1.0948e-06,2.9559e-05,34,1,33,0,0,0,0.90152,0,1,y,y,y,y,y,y,y,m,y,m,y,,,,,0,prefer,original,1,1,0,0,0,1,,,,,,,,1496,,,,,,,,1,1,0,0,0,1,,,sus_uki_3.5_d077_m128
sus_uki_3.5Mar_d310_m160,sustainable fashion,UK,3.5,Market Formation,cumulative PrivateEquityDeals (sust fashion),cumulative # deals,m1,0.35166,0.025842,0.35982,2024.1,12.496,64.085,0.183,2931.7,-717,0.97307,0.9711,1.1554,0.69654,-0.22718,-0.28562,7.7989,3.3556,0.44059,0.41395,5.2655,3.7982,45,19,0.45252,0.015604,0.43692,19,1,18,0,0,0,0.82097,0,1,y,y,y,y,y,y,y,y,y,y,y,,,,,0,prefer,transformed-cumulative,1,1,0,0,0,0,,,,,,,,1506,,,,,,,,1,1,0,0,0,0,delete,,sus_uki_3.5_d310_m160
sus_uki_3.5Mar_d314_m162,sustainable fashion,UK,3.5,Market Formation,cumulative PrivateEquityInvestment (sust fashion),cumulative $ million,m1,0.26687,0.039625,0.28107,2028.4,16.467,101.3,-5.0153,4637.2,-560.04,0.95567,0.95242,1.1326,0.62948,-0.24481,-0.30409,6.0019,2.6617,0.46045,0.43476,3.9514,2.8967,45,19,0.21267,0.0036648,0.209,19,1,18,0,0,1,0.82664,0,1,y,y,y,y,y,y,y,y,y,y,y,,,,,0,prefer,transformed-cumulative,1,1,0,0,0,0,,,,,,,,1508,,,,,,,,1,1,0,0,0,0,delete,,sus_uki_3.5_d314_m162
sus_uki_3.5Mar_d318_m162,sustainable fashion,UK,3.5,Market Formation,cumulative TotalFundraisingAmount (sust fashion),cumulative $ million,m1,0.17491,0.038411,0.39483,2088.3,25.123,2.1606e+06,1547.2,1.5824e+05,-786.49,0.95177,0.94824,1.4987,0.96021,-0.33806,-0.40178,7.8942,3.968,0.56456,0.54383,4.5033,3.3667,45,19,1.2481e-05,1.7182e-07,1.2309e-05,19,1,18,0,0,1,0.84912,0,1,y,y,y,y,y,y,y,m,y,m,y,,,,,0,prefer,transformed-cumulative,1,1,0,0,0,0,,,,,,,,1510,,,,,,,,1,1,0,0,0,0,delete,,sus_uki_3.5_d318_m162
sus_uki_3.5Mar_d322_m160,sustainable fashion,UK,3.5,Market Formation,cumulative TotalFundraisingDeals (sust fashion),cumulative # deals,m1,0.25384,0.22581,0.54374,2029.5,17.312,228.66,0.40651,2003.1,-1083.4,0.97628,0.97455,1.5762,0.97057,0.97593,0.97479,1.5878,0.96667,0.47604,0.45109,7.4085,5.4633,45,19,0.18368,0.0043733,0.17931,19,0,18,0,0,1,0.82978,0,1,y,y,y,y,y,y,y,m,y,m,y,,,,,0,prefer,transformed-cumulative,1,1,0,0,0,0,,,,,,,,1512,,,,,,,,1,1,0,0,0,0,delete,,sus_uki_3.5_d322_m160
sus_uki_4.1Kso_d239_m153,sustainable fashion,UK,4.1,Knowledge Flows (social networks),Partial up to max annualised Google search frequency (index 100=monthly max.),Partial up to max Index 0-100,m1,0.62489,0.17719,5.4501,2017.6,7.0323,99.742,4.9303,2005.4,-10942,0.95795,0.95006,7.1692,5.8126,0.89001,0.87707,11.594,8.4966,0.80807,0.78549,15.316,13.083,20,16,1.0026,0.027127,0.97546,16,1,15,0,0,1,0.89027,0,1,y,y,y,y,y,y,y,y,y,y,y,,,,,0,prefer,transformed-partial,1,1,0,0,0,1,,,,,,,,1515,,,,,,,,1,1,0,0,0,1,,,sus_uki_4.1_d239_m153
sus_usa_3.5Mar_d077_m128,sustainable fashion,US,3.5,Market Formation,CumulativeStartups (sust fashion),cum. # companies,m1,0.18862,0.11129,0.89315,2018.5,23.297,59.255,8.7769,2008.5,-1778.4,0.99114,0.99049,1.2658,0.95207,0.97426,0.97303,2.1578,1.7422,0.74379,0.73159,6.8079,5.6805,45,25,0.72568,0.016876,0.7088,25,1,24,0,0,1,0.9196,0,1,y,y,y,y,y,y,y,y,y,y,y,,,,,0,prefer,original,1,1,0,0,0,1,,,,,,,,1518,,,,,,,,1,1,0,0,0,1,,,sus_usa_3.5_d077_m128
sus_usa_3.5Mar_d310_m160,sustainable fashion,US,3.5,Market Formation,cumulative PrivateEquityDeals (sust fashion),cumulative # deals,m1,0.29189,0.18244,0.73874,2021.5,15.055,74.943,6.1509,2012,-1472.1,0.99281,0.99229,1.1232,0.73804,0.98141,0.98053,1.8062,1.1353,0.52445,0.50181,9.1358,7.1191,45,14,0.65383,0.026687,0.62714,14,0,13,0,0,1,0.86838,0,1,y,y,y,y,y,y,y,y,y,y,y,,,,,0,prefer,transformed-cumulative,1,1,0,0,0,0,,,,,,,,1528,,,,,,,,1,1,0,0,0,0,delete,,sus_usa_3.5_d310_m160
sus_usa_3.5Mar_d314_m162,sustainable fashion,US,3.5,Market Formation,cumulative PrivateEquityInvestment (sust fashion),cumulative $ million,m1,0.39558,0.39348,1.2075,2035.5,11.109,14391,1.1512,2011.6,-2407.2,0.99575,0.99544,1.8563,0.78332,0.99575,0.99554,1.8565,0.77911,0.3035,0.27033,23.757,15.505,45,14,0.010412,2.694e-05,0.010385,14,0,13,0,0,1,0.66873,0,0,y,y,y,y,y,y,m,m,y,m,m,,,,,0,prefer,transformed-cumulative,1,1,0,0,0,0,,,,,,,,1530,,,,,,,,1,1,0,0,0,0,delete,,sus_usa_3.5_d314_m162
sus_usa_3.5Mar_d318_m162,sustainable fashion,US,3.5,Market Formation,cumulative TotalFundraisingAmount (sust fashion),cumulative $ million,m1,0.30603,0.30602,1.5518,2064.3,14.36,3.514e+07,1.2881,2008.3,-3092.3,0.98117,0.97979,4.3135,2.6187,0.98117,0.98027,4.3135,2.6187,0.41111,0.38307,24.121,16.319,45,18,4.6075e-06,2.8458e-07,4.3229e-06,18,0,17,0,0,1,0.70996,0,0,y,y,y,y,y,y,y,m,y,m,y,,,,,0,prefer,transformed-cumulative,1,1,0,0,0,0,,,,,,,,1532,,,,,,,,1,1,0,0,0,0,delete,,sus_usa_3.5_d318_m162
sus_usa_3.5Mar_d322_m160,sustainable fashion,US,3.5,Market Formation,cumulative TotalFundraisingDeals (sust fashion),cumulative # deals,m1,0.2669,0.17307,0.97602,2021.7,16.465,100.03,5.3216,2009.1,-1944.8,0.99359,0.99312,1.3694,0.91563,0.9838,0.98303,2.1768,1.4838,0.54915,0.52768,11.485,9.0065,45,18,0.62981,0.009997,0.61981,18,0,17,0,0,1,0.87256,0,1,y,y,y,y,y,y,y,y,y,y,y,,,,,0,prefer,transformed-cumulative,1,1,0,0,0,0,,,,,,,,1534,,,,,,,,1,1,0,0,0,0,delete,,sus_usa_3.5_d322_m160
sus_usa_4.1Kso_d239_m153,sustainable fashion,US,4.1,Knowledge Flows (social networks),Partial up to max annualised Google search frequency (index 100=monthly max.),Partial up to max Index 0-100,m1,0.46071,0.18042,5.27,2018.3,9.5384,111.05,0.086312,1983.3,-10580,0.95218,0.94322,7.4176,6.2017,0.91465,0.90461,9.9104,6.7994,0.80252,0.77929,15.074,13.071,20,17,0.90048,0.03167,0.86881,17,1,16,0,0,1,0.86997,0,1,y,y,y,y,y,y,y,y,y,y,y,,,,,0,prefer,transformed-partial,1,1,0,0,0,1,,,,,,,,1537,,,,,,,,1,1,0,0,0,1,,,sus_usa_4.1_d239_m153
tex_glo_3.5Mar_d074_m128,textile recycling,Global,3.5,Market Formation,CumulativeStartups,cum. # companies,m14,0.19432,0.13481,1.4593,2023,22.614,156.58,0.65116,1987.4,-2906,0.9912,0.99053,2.1608,1.8091,0.98592,0.98523,2.7327,1.7142,0.64762,0.63043,13.669,11.305,44,44,0.51091,0.0063863,0.50452,44,1,43,0,0,0,0.90148,0,1,y,y,y,y,y,y,y,y,y,y,y,1,,,,0,prefer,original,1,1,0,0,0,1,,,,,,,,1745,,,,,,,,1,1,0,0,0,1,,,tex_glo_3.5_d074_m128
tex_glo_3.5Mar_d246_m160,textile recycling,Global,3.5,Market Formation,cumulative PrivateEquityDeals,cumulative # deals,m14,0.36596,0.24205,1.2124,2022.8,12.008,162.3,2.0817,2007.8,-2417.3,0.99761,0.99743,1.141,0.57504,0.99055,0.99009,2.2687,1.3697,0.43511,0.40755,17.542,13.169,44,14,0.59766,0.018484,0.57918,14,0,13,0,0,0,0.81675,0,1,y,y,y,y,y,y,y,y,y,y,y,,,,,0,prefer,transformed-cumulative,1,1,0,0,0,0,,,,,,,,1755,,,,,,,,1,1,0,0,0,0,delete,,tex_glo_3.5_d246_m160
tex_glo_3.5Mar_d248_m162,textile recycling,Global,3.5,Market Formation,cumulative PrivateEquityInvestment,cumulative $ million,m14,0.65044,0.30594,14.771,2021.6,6.7561,1697.8,1.3655e-07,1948.4,-29455,0.98806,0.98717,34.985,13.998,0.96883,0.96731,56.536,26.1,0.34309,0.31104,259.54,181.86,44,14,0.80037,0.00020615,0.80017,14,0,13,0,0,1,0.78595,0,0,y,y,y,y,y,y,y,y,y,y,y,,,,,0,prefer,transformed-cumulative,1,1,0,0,0,0,,,,,,,,1757,,,,,,,,1,1,0,0,0,0,delete,,tex_glo_3.5_d248_m162
tex_glo_3.5Mar_d250_m162,textile recycling,Global,3.5,Market Formation,cumulative TotalFundraisingAmount,cumulative $ million,m14,0.63347,0.29478,18.659,2021.5,6.9371,2072,7.7449e-06,1958.5,-37208,0.99131,0.99066,36.861,17.656,0.97258,0.97124,65.49,30.744,0.35896,0.32769,316.63,224.18,44,14,0.80098,0.00016892,0.80081,14,0,13,0,0,1,0.79652,0,0,y,y,y,y,y,y,y,y,y,y,y,,,,,0,prefer,transformed-cumulative,1,1,0,0,0,0,,,,,,,,1759,,,,,,,,1,1,0,0,0,0,delete,,tex_glo_3.5_d250_m162
tex_glo_3.5Mar_d252_m160,textile recycling,Global,3.5,Market Formation,cumulative TotalFundraisingDeals,cumulative # deals,m14,0.34266,0.23227,1.8004,2023,12.824,244.35,0.25138,1996.4,-3589.4,0.99748,0.9973,1.7068,0.89894,0.99119,0.99076,3.1937,1.9544,0.45139,0.42462,25.204,19.11,44,15,0.57295,0.0040925,0.56886,15,0,14,0,0,1,0.82296,0,0,y,y,y,y,y,y,y,y,y,y,y,,,,,0,prefer,transformed-cumulative,1,1,0,0,0,0,,,,,,,,1761,,,,,,,,1,1,0,0,0,0,delete,,tex_glo_3.5_d252_m160
tex_glo_4.1Kso_d239_m153,textile recycling,Global,4.1,Knowledge Flows (social networks),Partial up to max annualised Google search frequency (index 100=monthly max.),Partial up to max Index 0-100,m14,0.27156,0.27154,2.1811,2061.4,16.183,2.5491e+06,0.035218,1994.7,-4366.5,0.68719,0.63198,14.483,9.8013,0.68719,0.65243,14.483,9.8015,0.26011,0.1779,22.274,18.496,21,20,3.9229e-05,6.2934e-07,3.86e-05,21,0,9,0,1,1,0.73568,0,1,m,y,y,m,y,m,y,m,m,m,m,,,,no asympote,0,prefer,transformed-partial,0,1,0,0,0,1,,,,,,,,1764,,,,,,,,0,1,0,0,0,1,,,tex_glo_4.1_d239_m153
tex_usa_4.1Kso_d239_m153,textile recycling,US,4.1,Knowledge Flows (social networks),Partial up to max annualised Google search frequency (index 100=monthly max.),Partial up to max Index 0-100,m14,0.20689,0.20689,3.9715,2075.8,21.24,4.3079e+06,5.6166,2010.3,-7974.6,0.96994,0.96463,4.733,3.8503,0.96994,0.9666,4.733,3.8504,0.77614,0.75127,12.916,10.385,21,17,2.3213e-05,9.91e-07,2.2222e-05,17,0,14,0,1,1,0.78506,0,1,y,y,y,y,y,y,y,m,y,m,y,,,,no asympote,0,prefer,transformed-partial,0,1,0,0,1,1,,,,,,,,1768,,,,,,,,0,1,0,0,1,1,,,tex_usa_4.1_d239_m153
act_net_1.1Ado_d167_m096,active mobility,The Netherlands,1.1,Adoption over time,Passenger kilometres travelled by¬†bike,Billion p.km,b7,0.17815,0.013226,0.21626,1998.6,24.668,17.492,6.6659,1947.9,-419.53,0.71531,0.64961,0.77647,0.6553,0.60366,0.54704,0.91615,0.789,0.62081,0.56664,0.89611,0.75497,17,17,1.0233,0.79466,0.22868,18,0,16,0,0,0,0.93926,0,1,y,y,y,y,y,y,y,y,y,y,y,1,,,,0,prefer-absolute,,1,1,2,2,0,0,,1,1,0,0,0,0,19,,,,,,,,1,1,0,0,0,0,delete,,act_net_1.1_d167_m096
cli_ban_1.1Ado_d241_m155,climate protest,Bangladesh,1.1,Adoption over Time,cumulative Count of protest events related to climate,cumulative # protest events,s3,1.771,0.2891,11.418,2019.1,2.4814,115.39,0.0021787,1984.6,-22989,0.98523,0.9803,5.9341,4.8395,0.8599,0.83188,18.274,15.554,0.76568,0.71882,23.633,19.856,13,13,1.0572,0.025998,1.0313,13,0,12,0,0,1,0.81021,0,0,y,y,y,m,y,m,y,y,y,m,m,,,,,0,prefer-absolute,transformed-cumulative,1,1,0,2,0,0,,1,1,0,0,0,0,28,,,,,,,,1,1,0,0,0,0,delete,,cli_ban_1.1_d241_m155
cli_ger_1.1Ado_d241_m155,climate protest,Germany,1.1,Adoption over Time,cumulative Count of protest events related to climate,cumulative # protest events,s3,0.88526,0.6116,119.76,2022.7,4.964,3602,8.3646e-12,1968.8,-2.4123e+05,0.99123,0.98831,56.143,36.018,0.98566,0.98279,71.805,45.767,0.55863,0.47035,398.3,314.95,13,4,0.56107,0.089949,0.47112,4,0,3,0,0,1,0.56235,0,0,y,n,y,y,y,y,m,y,y,n,n,,,,,0,prefer-absolute,transformed-cumulative,1,1,0,2,0,0,,1,1,0,0,0,0,35,,,,,,,,1,1,0,0,0,0,delete,,cli_ger_1.1_d241_m155
cli_glo_1.1Ado_d241_m155,climate protest,Global,1.1,Adoption over Time,cumulative Count of protest events related to climate,cumulative # protest events,s3,1.1151,0.48939,804.64,2021.3,3.941,13189,2.9411e-13,1944.8,-1.6207e+06,0.99673,0.99564,216.78,146.76,0.96643,0.95972,694.65,536.66,0.63057,0.55668,2304.5,1960.4,13,13,0.8874,0.00053074,0.88687,13,0,12,0,0,1,0.66871,0,0,y,y,y,m,y,m,m,y,y,m,m,,,,,0,prefer-absolute,transformed-cumulative,1,1,0,2,0,0,,1,1,0,0,0,0,42,,,,,,,,1,1,0,0,0,0,delete,,cli_glo_1.1_d241_m155
cli_ind_1.1Ado_d241_m155,climate protest,India,1.1,Adoption over Time,cumulative Count of protest events related to climate,cumulative # protest events,s3,4.7521,0.27198,10.907,2018.6,0.92473,98.854,0.0046435,1985.3,-21961,0.98958,0.98611,4.7477,2.5854,0.80288,0.76345,20.653,17.791,0.76959,0.72351,22.329,19.196,13,8,1.1026,0.020232,1.0824,8,0,7,0,0,1,0.80069,0,0,y,y,y,y,y,y,y,y,y,y,y,,,,,0,prefer-absolute,transformed-cumulative,1,1,0,2,0,0,,1,1,0,0,0,0,50,,,,,,,,1,1,0,0,0,0,delete,,cli_ind_1.1_d241_m155
cli_swe_1.1Ado_d241_m155,climate protest,Sweden,1.1,Adoption over Time,cumulative Count of protest events related to climate,cumulative # protest events,s3,1.2172,0.50547,155.48,2021.2,3.6102,2506.2,7.0126e-11,1961.3,-3.1318e+05,0.99421,0.99228,56.675,35.322,0.9586,0.95032,151.55,110.35,0.61008,0.53209,465.1,390.16,13,4,0.90975,0.21267,0.69708,4,0,3,0,0,1,0.66346,0,0,y,n,y,y,y,y,m,y,y,n,n,,,,,0,prefer-absolute,transformed-cumulative,1,1,2,2,0,0,,1,1,0,0,0,0,57,,,,,,,,1,1,0,0,0,0,delete,,cli_swe_1.1_d241_m155
cli_uki_1.1Ado_d241_m155,climate protest,UK,1.1,Adoption over Time,cumulative Count of protest events related to climate,cumulative # protest events,s3,1.583,0.44845,57.28,2020.7,2.7761,761.13,1.5162e-07,1973,-1.1537e+05,0.99558,0.99411,17.882,10.144,0.92288,0.90746,74.721,56.01,0.63448,0.56138,162.67,141.98,13,4,0.99458,0.29824,0.69634,4,0,3,0,0,1,0.71636,0,0,y,n,y,y,y,y,y,y,y,n,n,,,,,0,prefer-absolute,transformed-cumulative,1,1,0,2,0,0,,1,1,0,0,0,0,62,,,,,,,,1,1,0,0,0,0,delete,,cli_uki_1.1_d241_m155
cli_usa_1.1Ado_d241_m155,climate protest,US,1.1,Adoption over Time,cumulative Count of protest events related to climate,cumulative # protest events,s3,1.4067,0.52418,61.445,2021.2,3.1239,967.62,1.9579e-08,1976,-1.2377e+05,0.99597,0.99463,19.01,11.45,0.95383,0.9446,64.338,48.868,0.58953,0.50743,191.84,162.25,13,4,0.94458,0.15088,0.7937,4,0,3,0,0,1,0.65653,0,0,y,n,y,y,y,y,m,y,y,n,n,,,,,0,prefer-absolute,transformed-cumulative,1,1,0,2,0,0,,1,1,0,0,0,0,69,,,,,,,,1,1,0,0,0,0,delete,,cli_usa_1.1_d241_m155
coh_den_1.1Ado_d134_m007,co-housing,Denmark,1.1,Adoption over time,Number of cohousing communities,# communities,b11,0.22051,0.033741,2.6225,1984.9,19.929,101.42,1.6723,1886.7,-5160.5,0.98488,0.97731,4.8001,4.2608,0.78505,0.72364,18.096,15.686,0.91844,0.89514,11.147,9.6045,10,10,1.0846,0.0098597,1.0747,45,0,9,0,0,1,0.87616,0,0,y,y,y,y,y,y,y,y,y,y,y,1,,,,0,prefer-absolute,,1,1,2,2,0,0,,1,1,0,0,0,0,73,,,,,,,,1,1,0,0,0,0,delete,,coh_den_1.1_d134_m007
mic_ban_1.1Ado_d286_m174,microfinance,Bangladesh,1.1,Adoption over time,Partial up to max Number of active borrowers,Partial up to max No.,m10,0.66957,0.0394,8.3082e+05,2002.8,6.5631,2.1502e+07,0.28697,1554.2,-1.6515e+09,0.79845,0.75814,2.9277e+06,2.0255e+06,0.40935,0.33552,5.0119e+06,3.7261e+06,0.48693,0.4228,4.6712e+06,3.3411e+06,19,19,1.261,0.14336,1.1176,19,1,17,0,0,1,0.9623,0,0,y,y,y,y,y,y,y,y,y,y,y,,,,,0,prefer-absolute,transformed-partial,1,1,0,2,0,0,,1,1,0,0,0,0,897,,,,,,,,1,1,0,0,0,0,delete,,mic_ban_1.1_d286_m174
mic_ind_1.1Ado_d286_m174,microfinance,India,1.1,Adoption over time,Partial up to max Number of active borrowers,Partial up to max No.,m10,0.68315,0.16156,2.843e+06,2009,6.4326,3.5606e+07,5.4143e-10,1774.8,-5.6931e+09,0.96512,0.95707,2.7286e+06,1.897e+06,0.86292,0.84334,5.4089e+06,4.3515e+06,0.9089,0.89588,4.4096e+06,3.675e+06,17,17,1.1098,0.0016594,1.1081,17,1,16,0,0,1,0.88702,0,0,y,y,y,y,y,y,y,y,y,y,y,,,,,0,prefer-absolute,transformed-partial,1,1,2,2,0,0,,1,1,0,0,0,0,927,,,,,,,,1,1,0,0,0,0,delete,,mic_ind_1.1_d286_m174
act_ams_1.1Ado_d332_m185,active mobility,Amsterdam,1.1,Adoption over time,% trips by walking and biking,market share,b7,-0.0033267,-0.0033221,-0.0016503,0.22736,-1321,370.61,0.0026073,3568.5,3.7796,0.22113,-0.24619,0.077361,0.058997,0.22115,-0.038465,0.07736,0.058997,0.20825,-0.055671,0.077999,0.059339,9,9,0.0017809,0.00091741,0.00086344,84,8,7,0,1,0,0.82455,1,1,n,y,y,y,y,y,y,m,m,n,m,,,,,0,prefer-relative,transformed-marketshare,1,1,0,1,0,0,,1,1,0,1,0,0,4,,,,,,,,1,1,0,1,0,0,,use for … = CW if both GN and CW <> blank,act_ams_1.1_d332_m185
cli_ban_1.1Ado_d346_m185,climate protest,Bangladesh,1.1,Adoption over Time,cumulative share of population participating in protest events related to climate,market share,s3,0.27136,0.26242,9.1286e-07,2034.9,16.194,0.00028439,122.11,2084.9,-0.0018381,0.75136,0.66848,1.9842e-06,1.6944e-06,0.7489,0.69867,1.994e-06,1.7168e-06,0.73674,0.68409,2.0417e-06,1.7336e-06,13,5,0.030411,0.025587,0.0048243,5,2,4,1,0,0,0.81198,1,1,y,n,y,y,y,y,y,m,y,n,n,,,,weird data,0,prefer-relative,transformed-marketshare,0,1,0,1,0,0,,1,1,0,0,0,0,29,check,,,**check**,,,,1,1,0,1,0,0,,,cli_ban_1.1_d346_m185
cli_ger_1.1Ado_d346_m185,climate protest,Germany,1.1,Adoption over Time,cumulative share of population participating in protest events related to climate,market share,s3,0.040487,0.4186,2.0649e-06,2203.8,108.54,0.011051,6.8771,2052.5,-0.004159,0.13385,-0.15487,9.2889e-06,7.7171e-06,0.83679,0.80415,4.0322e-06,2.9704e-06,0.59922,0.51906,6.3186e-06,5.6597e-06,13,4,0.0022619,0.00043378,0.0018281,4,0,3,0,0,1,0.71961,1,1,n,n,y,y,y,y,y,m,y,n,n,,,,weird data,0,prefer-relative,transformed-marketshare,0,1,0,1,0,0,,1,1,0,0,0,0,36,check,,,**check**,,,,1,1,0,1,0,0,,,cli_ger_1.1_d346_m185
cli_glo_1.1Ado_d346_m185,climate protest,Global,1.1,Adoption over Time,cumulative share of population participating in protest events related to climate,market share,s3,0.039721,0.43329,1.0126e-05,2222.5,110.63,0.1129,8.9459,2048.4,-0.020396,0.14999,-0.13335,4.4224e-05,3.856e-05,0.88883,0.86659,1.5994e-05,1.2227e-05,0.62392,0.5487,2.9416e-05,2.6592e-05,13,6,0.0011409,8.365e-07,0.00114,6,0,5,0,0,1,0.71818,1,1,n,y,y,m,y,m,y,m,y,n,m,,,,weird data,0,prefer-relative,transformed-marketshare,0,1,0,1,0,0,,0,1,0,0,0,0,43,,,,check,,,,0,1,0,1,0,0,,,cli_glo_1.1_d346_m185
cli_ind_1.1Ado_d346_m185,climate protest,India,1.1,Adoption over Time,cumulative share of population participating in protest events related to climate,market share,s3,0.22143,0.24875,2.5487e-08,2034.7,19.846,3.6855e-06,10.397,2092.9,-5.1317e-05,0.6829,0.57721,6.3819e-08,5.4887e-08,0.69629,0.63555,6.2457e-08,5.2062e-08,0.70802,0.64962,6.1239e-08,5.139e-08,13,5,0.064322,0.062128,0.0021934,5,4,0,0,0,0,0.79979,1,1,m,n,y,y,y,y,y,m,y,n,n,,,,weird data,0,prefer-relative,transformed-marketshare,0,1,0,1,0,0,,1,1,0,0,0,0,51,check,,,**check**,,,,1,1,0,1,0,0,,,cli_ind_1.1_d346_m185
cli_swe_1.1Ado_d346_m185,climate protest,Sweden,1.1,Adoption over Time,cumulative share of population participating in protest events related to climate,market share,s3,0.074277,0.66216,1.9522e-06,2143.2,59.163,0.035284,245,2046.8,-0.0039326,0.082445,-0.22341,1.0078e-05,5.9486e-06,0.93382,0.92058,2.7066e-06,1.6697e-06,0.48205,0.37846,7.5717e-06,6.3947e-06,13,4,0.00092533,4.9913e-05,0.00087541,4,0,3,0,0,1,0.57122,1,1,n,n,y,m,y,m,m,m,y,n,n,,,,weird data,0,prefer-relative,transformed-marketshare,0,1,1,1,0,0,,1,1,0,0,0,0,58,check,,**check**,**check**,,,,1,1,1,1,0,0,,,cli_swe_1.1_d346_m185
cli_uki_1.1Ado_d346_m185,climate protest,UK,1.1,Adoption over Time,cumulative share of population participating in protest events related to climate,market share,s3,0.016279,0.49518,3.2014e-07,2293.9,269.94,8.2639e-05,9.5319,2052.2,-0.00064483,0.053633,-0.26182,1.5121e-06,1.2418e-06,0.9259,0.91109,4.231e-07,3.1176e-07,0.59388,0.51266,9.9055e-07,8.6926e-07,13,4,0.055507,0.0078317,0.047676,4,0,3,0,0,1,0.66527,1,1,n,n,y,y,y,y,m,m,y,n,n,,,,weird data,0,prefer-relative,transformed-marketshare,0,1,0,1,0,0,,0,1,0,0,0,0,63,,,,check,,,,0,1,0,1,0,0,,,cli_uki_1.1_d346_m185
cli_usa_1.1Ado_d346_m185,climate protest,US,1.1,Adoption over Time,cumulative share of population participating in protest events related to climate,market share,s3,0.023367,0.3836,1.9503e-07,2181.7,188.06,2.9584e-05,12.904,2063.1,-0.00039279,0.093721,-0.20837,8.4901e-07,7.7713e-07,0.87247,0.84696,3.1849e-07,2.5734e-07,0.66949,0.60339,5.1272e-07,4.4523e-07,13,4,0.079367,0.045564,0.033803,4,0,3,0,0,0,0.73875,1,1,n,n,y,y,y,y,y,m,y,n,n,,,,weird data,0,prefer-relative,transformed-marketshare,0,1,0,1,0,0,,1,1,0,0,0,0,70,check,,,**check**,,,,1,1,0,1,0,0,,,cli_usa_1.1_d346_m185
cro_ber_1.1Ado_d330_m185,car ownership,Berlin,1.1,Adaption over time,cars per person,market share,b5,0.46177,0.0019583,0.00065735,2002,9.5165,0.33489,1.0336,2596.5,-0.99356,0.57391,0.47558,0.004627,0.0038783,0.20393,0.090208,0.0063244,0.0052346,0.2064,0.093033,0.0063146,0.0052253,17,17,1.0197,0.94687,0.072859,17,12,15,1,0,0,0.94371,1,1,m,y,y,y,y,y,y,m,m,m,m,,,,*needs sign reversal * negative slope = LED innovation,0,prefer-relative,transformed-marketshare,0,1,0,1,0,0,,0,1,0,1,0,0,91,,,,,,,,0,1,0,1,0,0,,,cro_ber_1.1_d330_m185
crz_fra_1.1Ado_d328_m185,mobesity,France,1.1,Adoption over Time,Weight of all new car sales as a share of heaviest vehicle available in 2025.,market share,b3,0.0031322,0.0031245,0.0013211,3932.9,1403,174.51,0.012853,892.76,-2.2336,0.49632,0.41237,0.0084533,0.007691,0.49632,0.4433,0.0084533,0.007691,0.49518,0.44204,0.0084629,0.0076905,22,22,0.0025913,0.0022892,0.00030217,22,0,21,0,0,0,0.95385,1,1,m,y,y,y,y,y,y,m,y,m,y,,,,*needs sign reversal * negative slope = LED innovation,0,prefer-relative,transformed-marketshare,0,1,1,1,0,0,,1,1,1,1,0,0,150,check,,,,,,,1,1,1,1,0,0,,,crz_fra_1.1_d328_m185
crz_ger_1.1Ado_d328_m185,mobesity,Germany,1.1,Adoption over Time,Weight of all new car sales as a share of heaviest vehicle available in 2025.,market share,b3,0.0057979,0.0057937,0.0026987,3260.6,757.94,653.13,8.6885,2516,-4.9609,0.7495,0.70775,0.009917,0.0081068,0.7495,0.72314,0.0099169,0.0081068,0.74668,0.72002,0.0099726,0.0081237,22,22,0.00079808,0.00066401,0.00013407,22,0,21,0,0,0,0.95208,1,1,y,y,y,y,y,y,y,m,y,m,y,,,,*needs sign reversal * negative slope = LED innovation,0,prefer-relative,transformed-marketshare,0,1,0,1,0,0,,1,1,0,1,0,0,153,check,,,,,,,1,1,0,1,0,0,,,crz_ger_1.1_d328_m185
dig_den_1.1Ado_d344_m185,digital skills,Denmark,1.1,Adoption over time,share of people engaged in 6 online activities,market share,s1,0.081923,0.031693,0.018842,2007.6,53.641,0.98878,0.28973,1990.9,-37.335,0.79637,0.76243,0.060467,0.051885,0.78385,0.7611,0.062298,0.051882,0.79587,0.77439,0.06054,0.05168,22,22,0.89596,0.3563,0.53966,22,0,21,0,0,0,0.92857,1,1,y,y,y,y,y,y,y,y,y,y,y,,,,,0,prefer-relative,transformed-marketshare,1,1,0,1,0,0,,1,1,0,1,0,0,163,,,,,,,,1,1,0,1,0,0,,,dig_den_1.1_d344_m185
dig_ita_1.1Ado_d344_m185,digital skills,Italy,1.1,Adoption over time,share of people engaged in 6 online activities,market share,s1,0.069407,0.069406,0.019021,2175.6,63.314,19780,1.0135,2033.3,-38.022,0.90518,0.88621,0.034383,0.025475,0.90518,0.89333,0.034383,0.025475,0.87057,0.8544,0.04017,0.028256,19,19,2.9515e-05,7.2005e-06,2.2314e-05,19,0,18,0,0,0,0.88437,1,1,y,y,y,y,y,y,y,m,y,m,y,,,,,0,prefer-relative,transformed-marketshare,1,1,0,1,0,0,,1,1,0,1,0,0,172,,,,,,,,1,1,0,1,0,0,,,dig_ita_1.1_d344_m185
dig_nor_1.1Ado_d344_m185,digital skills,Norway,1.1,Adoption over time,share of people engaged in 6 online activities,market share,s1,0.029726,0.029719,0.01835,2292.6,147.83,2493.7,0.21598,1977.9,-36.316,0.77686,0.73748,0.059821,0.048189,0.77686,0.75207,0.059821,0.048189,0.76991,0.74434,0.060745,0.049934,21,21,0.00038304,0.00017822,0.00020482,21,0,20,0,0,0,0.9241,1,1,y,y,y,y,y,y,y,m,y,m,y,,,,,0,prefer-relative,transformed-marketshare,1,1,0,1,0,0,,1,1,0,1,0,0,180,,,,,,,,1,1,0,1,0,0,,,dig_nor_1.1_d344_m185
dig_pol_1.1Ado_d344_m185,digital skills,Poland,1.1,Adoption over time,share of people engaged in 6 online activities,market share,s1,0.12123,0.068094,0.022233,2017.3,36.249,0.80454,1.0912,2032.6,-44.446,0.90102,0.88246,0.042297,0.034238,0.89253,0.87989,0.044073,0.036119,0.90931,0.89864,0.040487,0.032086,20,20,0.80107,0.12112,0.67995,20,0,19,0,0,0,0.89777,1,1,y,y,y,y,y,y,y,y,y,y,y,,,,,0,prefer-relative,transformed-marketshare,1,1,0,1,0,0,,1,1,0,1,0,0,188,,,,,,,,1,1,0,1,0,0,,,dig_pol_1.1_d344_m185
dig_por_1.1Ado_d344_m185,digital skills,Portugal,1.1,Adoption over time,share of people engaged in 6 online activities,market share,s1,0.075823,0.07582,0.023129,2158.3,57.957,17499,1.2222,2032.1,-46.241,0.9161,0.9013,0.043237,0.031435,0.9161,0.90678,0.043237,0.031436,0.88031,0.86701,0.051643,0.038279,21,21,4.1819e-05,6.7888e-06,3.503e-05,21,0,20,0,0,0,0.87427,1,1,y,y,y,y,y,y,y,m,y,m,y,,,,,0,prefer-relative,transformed-marketshare,1,1,0,1,0,0,,1,1,0,1,0,0,196,,,,,,,,1,1,0,1,0,0,,,dig_por_1.1_d344_m185
dig_swe_1.1Ado_d344_m185,digital skills,Sweden,1.1,Adoption over time,share of people engaged in 6 online activities,market share,s1,0.027136,0.02713,0.015247,2320.2,161.94,2365.6,0.14,1961.4,-30.117,0.73384,0.68948,0.058546,0.04757,0.73384,0.70582,0.058546,0.04757,0.7266,0.69782,0.059336,0.048083,22,22,0.00036971,0.00017306,0.00019665,22,0,21,0,0,0,0.92436,1,1,y,y,y,y,y,y,y,m,y,m,y,,,,,0,prefer-relative,transformed-marketshare,1,1,1,1,0,0,,1,1,1,1,0,0,204,,,,,,,,1,1,1,1,0,0,,,dig_swe_1.1_d344_m185
dri_sto_1.1Ado_d334_m185,drivers licence,Stockholm,1.1,Adoption over Time,share of teenagers with drivers licenses,market share,b9,0.018264,0.018264,0.004499,2570.4,240.6,6803.5,2.2448e-08,1122.9,-8.7965,0.76953,0.078113,0.017874,0.016363,0.76953,0.53906,0.017874,0.016363,0.73006,0.46013,0.019344,0.018109,5,5,4.8168e-05,3.1961e-05,1.6207e-05,21,0,3,0,1,0,0.75348,1,1,y,m,y,y,y,y,y,m,y,m,m,,,,*needs sign reversal * negative slope = LED innovation,0,prefer-relative,transformed-marketshare,1,1,0,1,0,0,,1,1,0,1,0,0,217,,,,,,,,1,1,0,1,0,0,,,dri_sto_3.2_d334_m185
dri_swe_1.1Ado_d334_m185,drivers licence,Sweden,1.1,Adoption over Time,share of teenagers with drivers licenses,market share,b9,-0.022396,-0.022396,-0.0092404,1514.9,-196.21,22427,1.3617,1948.4,18.918,0.74424,0.68943,0.045534,0.036586,0.74424,0.71014,0.045534,0.036587,0.67556,0.6323,0.051285,0.039707,18,18,3.139e-05,1.6364e-05,1.5026e-05,29,17,8,0,1,0,0.90776,1,1,y,y,y,y,y,y,y,m,y,m,y,,,,*needs sign reversal * negative slope = LED innovation,0,prefer-relative,transformed-marketshare,1,1,1,1,0,0,,1,1,1,1,0,0,220,,,,,,,,1,1,1,1,0,0,,,dri_swe_3.2_d334_m185
eat_ind_1.1Ado_d326_m185,eating less meat,India,1.1,Adoption over time,red meat as a share of meat consumption,market share,b1,-0.077646,-0.036062,-0.011395,2012.3,-56.596,0.91215,-1544.4,-1.5261e+05,23.408,0.95416,0.9513,0.03858,0.022405,-13.81,-14.415,0.69348,0.66966,0.90068,0.89663,0.056789,0.04913,52,52,0.95054,0.34518,0.60536,52,51,4,0,0,0,0.97941,1,1,y,y,y,y,y,y,y,y,y,y,y,,,,*needs sign reversal * negative slope = LED innovation,0,prefer-relative,transformed-marketshare,1,1,0,1,0,0,,1,1,0,1,0,0,345,,,,,,,,1,1,0,1,0,0,,,eat_ind_1.1_d326_m185
eco_chi_1.1Ado_d338_m185,e-commerce,China,1.1,Adoption over time,Internet sales as a share of total retail sales,market share,m4,0.29465,0.0030152,0.021776,2017.4,14.914,0.33643,1554.8,1.5755e+05,-43.762,0.97923,0.96884,0.0091577,0.0072892,-9.1592,-12.062,0.20253,0.1923,0.96894,0.96007,0.011198,0.0091224,10,10,0.82038,0.31507,0.5053,10,0,9,0,0,0,0.88721,1,1,y,y,y,y,y,y,y,y,y,y,y,,,,,0,prefer-relative,transformed-marketshare,1,1,0,1,0,0,,1,1,0,1,0,0,584,,,,,,,,1,1,0,1,0,0,,,eco_chi_1.1_d338_m185
eco_ger_1.1Ado_d338_m185,e-commerce,Germany,1.1,Adoption over time,Internet sales as a share of total retail sales,market share,m4,,,-0.025,,,,,,50.668,,,,,,,,,1,1,5.7475e-15,5.7038e-15,2,2,,,,2,1,0,0,0,0,0.49091,1,1,n,n,y,y,y,y,m,m,y,n,n,,,,too few * missing data? *,0,prefer-relative,transformed-marketshare,0,0,0,1,0,0,,0,1,0,1,0,0,617,,check,,,,,,0,1,0,1,0,0,,,eco_ger_1.1_d338_m185
eco_sou_1.1Ado_d338_m185,e-commerce,South Korea,1.1,Adoption over time,Internet sales as a share of total retail sales,market share,m4,0.22238,0.11254,0.010115,2018.1,19.761,0.1972,3.0336e-10,1844.4,-20.315,0.9714,0.95914,0.0054939,0.0044474,0.953,0.94125,0.007042,0.0060512,0.96971,0.96214,0.005653,0.0044398,11,11,0.70082,0.20132,0.4995,11,1,10,0,0,0,0.89472,1,1,y,y,y,y,y,y,y,y,y,y,y,,,,,0,prefer-relative,transformed-marketshare,1,1,0,1,0,0,,1,1,0,1,0,0,679,,,,,,,,1,1,0,1,0,0,,,eco_sou_1.1_d338_m185
eco_uki_1.1Ado_d338_m185,e-commerce,UK,1.1,Adoption over time,Internet sales as a share of total retail sales,market share,m4,0.19446,0.0025354,0.016525,2019,22.599,0.43041,1554.9,1.5752e+05,-33.148,0.94405,0.93114,0.019953,0.014531,-3.1348,-3.7255,0.17153,0.14935,0.92097,0.90968,0.023714,0.018674,17,17,0.71328,0.078995,0.63428,17,2,16,1,0,0,0.91507,1,1,y,y,y,y,y,y,y,y,y,y,y,,,,,0,prefer-relative,transformed-marketshare,1,1,0,1,0,0,,1,1,0,1,0,0,713,,,,,,,,1,1,0,1,0,0,,,eco_uki_1.1_d338_m185
eco_usa_1.1Ado_d338_m185,e-commerce,US,1.1,Adoption over time,Internet sales as a share of total retail sales,market share,m4,0.13227,0.0015851,0.006277,2026.3,33.223,0.40748,1555.1,1.5749e+05,-12.562,0.9826,0.97999,0.0059789,0.0041124,-1.9902,-2.275,0.078371,0.063937,0.91911,0.9114,0.01289,0.011167,24,24,0.37548,0.022701,0.35278,24,0,23,0,0,0,0.91269,1,1,y,y,y,y,y,y,y,y,y,y,y,,,,,0,prefer-relative,transformed-marketshare,1,1,1,1,0,0,,1,1,1,1,0,0,752,,,,,,,,1,1,1,1,0,0,,,eco_usa_1.1_d338_m185
ego_est_1.1Ado_d345_m185,e-government,Estonia,1.1,Adoption over time,share of people who interacted with public authorities (in the past year),market share,s2,0.21302,0.044441,0.031073,2009.5,20.629,0.88961,1.354,2032.1,-61.966,0.84816,0.81019,0.062292,0.043298,0.76113,0.72438,0.07813,0.061672,0.80288,0.77255,0.070975,0.05406,16,16,0.93423,0.4167,0.51753,16,0,15,0,0,0,0.93642,1,1,y,y,y,y,y,y,y,y,y,y,y,,,,,0,prefer-relative,transformed-marketshare,1,1,0,1,0,0,,1,1,0,1,0,0,782,,,,,,,,1,1,0,1,0,0,,,ego_est_1.1_d345_m185
ego_hun_1.1Ado_d345_m185,e-government,Hungary,1.1,Adoption over time,share of people who interacted with public authorities (in the past year),market share,s2,0.06119,0.061188,0.029056,2184.7,71.816,14635,1.0997,2029.5,-58.076,0.94091,0.92614,0.033949,0.026912,0.94091,0.93182,0.033949,0.026913,0.91983,0.90749,0.039544,0.034178,16,16,5.0009e-05,1.9221e-05,3.0788e-05,16,0,15,0,0,0,0.9183,1,1,y,y,y,y,y,y,y,m,y,m,y,,,,,0,prefer-relative,transformed-marketshare,1,1,0,1,0,0,,1,1,0,1,0,0,794,,,,,,,,1,1,0,1,0,0,,,ego_hun_1.1_d345_m185
ego_lat_1.1Ado_d345_m185,e-government,Latvia,1.1,Adoption over time,share of people who interacted with public authorities (in the past year),market share,s2,0.30711,0.052199,0.031526,2010.4,14.309,0.72463,1.2072,2031.2,-62.997,0.85287,0.81608,0.064114,0.052093,0.68404,0.63544,0.093952,0.078275,0.756,0.71846,0.082563,0.069012,16,16,1.0685,0.28263,0.78592,16,2,15,1,0,0,0.9442,1,1,y,y,y,y,y,y,y,y,y,y,y,,,,,0,prefer-relative,transformed-marketshare,1,1,0,1,0,0,,1,1,0,1,0,0,806,,,,,,,,1,1,0,1,0,0,,,ego_lat_1.1_d345_m185
ego_por_1.1Ado_d345_m185,e-government,Portugal,1.1,Adoption over time,share of people who interacted with public authorities (in the past year),market share,s2,0.20707,0.052509,0.022007,2010.2,21.222,0.57044,0.95769,2032.4,-43.95,0.83473,0.79342,0.045155,0.038398,0.80693,0.77723,0.048807,0.046019,0.83418,0.80867,0.045231,0.042818,16,16,1.0501,0.32606,0.724,16,0,15,0,0,0,0.92483,1,1,y,y,y,y,y,y,y,y,y,y,y,,,,,0,prefer-relative,transformed-marketshare,1,1,0,1,0,0,,1,1,0,1,0,0,818,,,,,,,,1,1,0,1,0,0,,,ego_por_1.1_d345_m185
ego_swe_1.1Ado_d345_m185,e-government,Sweden,1.1,Adoption over time,share of people who interacted with public authorities (in the past year),market share,s2,0.29597,0.018421,0.014876,2005.1,14.848,0.84991,2.994,2088.8,-29.204,0.8481,0.81012,0.031901,0.023702,0.67697,0.62728,0.04652,0.041122,0.70194,0.65609,0.044686,0.039451,16,16,1.0664,0.69196,0.37439,16,2,15,1,0,0,0.94608,1,1,y,y,y,y,y,y,y,y,y,y,y,,,,,0,prefer-relative,transformed-marketshare,1,1,1,1,0,0,,1,1,1,1,0,0,830,,,,,,,,1,1,1,1,0,0,,,ego_swe_1.1_d345_m185
ego_uki_1.1Ado_d345_m185,e-government,UK,1.1,Adoption over time,share of people who interacted with public authorities (in the past year),market share,s2,0.032087,0.032084,0.015379,2303.2,136.95,5238.4,2.2699,2061.8,-30.479,0.67178,0.56237,0.040789,0.035589,0.67178,0.60613,0.040789,0.035589,0.65319,0.58383,0.041928,0.035775,13,13,0.00012025,7.5595e-05,4.4651e-05,13,1,12,0,0,0,0.91782,1,1,m,y,y,y,y,y,y,m,y,m,y,,,,,0,prefer-relative,transformed-marketshare,1,1,0,1,0,0,,1,1,0,1,0,0,842,,,,,,,,1,1,0,1,0,0,,,ego_uki_1.1_d345_m185
fir_eur_1.1Ado_d343_m185,firm esg reporting,Europe,1.1,Adoption over time,share of firms voluntarily adopting gri reporting,market share,m13,0.39011,0.0059264,0.052482,2009.4,11.265,0.84371,1553.9,1.5759e+05,-105.02,0.99302,0.99152,0.023307,0.016821,-1.464,-1.7925,0.43781,0.33747,0.953,0.94673,0.060469,0.051666,18,18,0.94727,0.0070548,0.94021,18,1,17,0,0,1,0.90342,1,1,y,y,y,y,y,y,y,y,y,y,y,,,,* mktshr only available for 1 region,0,prefer-relative,transformed-marketshare,1,1,1,1,0,0,,1,1,1,1,0,0,868,,,,,,,,1,1,1,1,0,0,,,fir_eur_1.1_d343_m185
low_ger_1.1Ado_d329_m185,low-carbon long distance travel,Germany,1.1,Adoption over Time,share of pkm by rail,market share,b4,0.0039154,0.001,4.3929e+09,2007.5,1122.3,1.122e+12,10,1950,-7.7945e+12,-75.283,-85.685,4.6589e+11,4.6334e+11,-368.74,-400.9,1.0257e+12,1.0243e+12,0.3815,0.32771,4.1951e+10,2.156e+10,26,26,1,0.79323,0.20677,26,4,0,1,0,0,0.96807,0,0,n,y,y,y,y,y,y,y,y,n,y,,,,* error in logfit,0,prefer-relative,transformed-marketshare,0,1,1,1,0,0,,0,1,1,1,0,0,890,,,,,,,,0,1,1,1,0,0,,,low_ger_1.1_d329_m185
mic_ban_1.1Ado_d341_m185,microfinance,Bangladesh,1.1,Adoption over time,active borrowers as a share of population,market share,m10,-0.078763,0.0012956,0.0032778,2401,-55.793,0.11381,1555.1,1.5747e+05,-6.473,-2.3128e-10,-0.1875,0.040468,0.034875,-7.9089,-8.957,0.12079,0.11381,0.21814,0.12616,0.035783,0.028199,20,20,1.4689,0.19799,1.2709,20,2,18,1,0,1,0.96569,1,1,n,y,y,y,y,y,y,y,m,n,m,,,,weird data,0,prefer-relative,transformed-marketshare,0,1,0,1,0,0,,0,1,0,1,0,0,898,,,,,,,,0,1,0,1,0,0,,,mic_ban_1.1_d341_m185
mic_ind_1.1Ado_d341_m185,microfinance,India,1.1,Adoption over time,active borrowers as a share of population,market share,m10,0.85215,0.0011652,0.0017687,2008.5,5.1569,0.025404,1555.1,1.5747e+05,-3.5401,0.94871,0.93909,0.0025376,0.0018335,-1.5754,-1.8784,0.017982,0.014064,0.82846,0.80828,0.0046409,0.0035774,20,20,1.1713,0.0021985,1.1691,20,4,19,1,0,1,0.95177,1,1,y,y,y,y,y,y,y,y,y,y,y,,,,,0,prefer-relative,transformed-marketshare,1,1,1,1,0,0,,1,1,1,1,0,0,928,,,,,,,,1,1,1,1,0,0,,,mic_ind_1.1_d341_m185
mic_nig_1.1Ado_d341_m185,microfinance,Nigeria,1.1,Adoption over time,active borrowers as a share of population,market share,m10,-0.05896,0.0010528,0.0005662,2535.2,-74.533,0.0050978,1555.2,1.5747e+05,-1.1324,-1.5321e-14,-0.2,0.0047333,0.0037716,-1.1599,-1.4299,0.0069564,0.0050978,0.42926,0.35792,0.0035759,0.0018653,19,19,3.8373,0.026402,3.8109,19,9,15,1,1,1,0.66912,1,1,n,y,y,y,y,y,m,y,y,n,m,,,,weird data,0,prefer-relative,transformed-marketshare,0,1,0,1,0,0,,1,1,0,1,0,0,957,check,,,,,,,1,1,0,1,0,0,,,mic_nig_1.1_d341_m185
non_swe_1.1Ado_d348_m185,non-cash transactions,Sweden,1.1,Adoption over time,share of payments that are non-cash,market share,s9,0.24738,0.0031158,0.023454,2007.8,17.764,0.9415,1555,1.5751e+05,-46.492,0.98153,0.96768,0.01493,0.012729,-54.7,-76.979,0.81989,0.8125,0.88242,0.83539,0.037669,0.034568,8,8,0.97717,0.64791,0.32926,14,1,7,0,0,0,0.888,1,1,y,y,y,y,y,y,y,y,y,y,y,,,,,0,prefer-relative,transformed-marketshare,1,1,1,1,0,0,,,,,,,,994,,,,,,,,1,1,1,1,0,0,,,non_swe_1.1_d348_m185
non_uki_1.1Ado_d348_m185,non-cash transactions,UK,1.1,Adoption over time,share of payments that are non-cash,market share,s9,0.08869,0.0043798,0.036731,2024.1,49.548,1.9199,1554.5,1.5756e+05,-73.41,0.97516,0.96838,0.025438,0.022853,-15.66,-18.437,0.65875,0.63868,0.96684,0.96131,0.029391,0.025887,15,15,0.45561,0.22303,0.23258,15,0,14,0,0,0,0.92568,1,1,y,y,y,y,y,y,y,y,y,y,y,,,,,0,prefer-relative,transformed-marketshare,1,1,0,1,0,0,,,,,,,,1000,,,,,,,,1,1,0,1,0,0,,,non_uki_1.1_d348_m185
non_usa_1.1Ado_d348_m185,non-cash transactions,US,1.1,Adoption over time,share of payments that are non-cash,market share,s9,0.14825,0.0031175,0.023473,2010.3,29.642,0.97309,1555,1.5753e+05,-46.635,0.93724,0.89017,0.013977,0.010518,-189.73,-266.02,0.77054,0.76851,0.92925,0.90095,0.01484,0.011051,8,8,0.86305,0.70849,0.15455,8,0,7,0,0,0,0.87487,1,1,y,y,y,y,y,y,y,m,y,m,y,,,,,0,prefer-relative,transformed-marketshare,1,1,0,1,0,0,,,,,,,,1008,,,,,,,,1,1,0,1,0,0,,,non_usa_1.1_d348_m185
org_aus_1.1Ado_d327_m185,organic food consumption,Austria,1.1,Adoption over time,organic as a share of retail sales,market share,b2,0.05769,0.057688,0.003994,2195.8,76.174,2645.5,8.8416e-29,939.49,-7.9666,0.98329,0.98015,0.0030454,0.0021624,0.98329,0.98132,0.0030454,0.0021623,0.95583,0.95064,0.0049506,0.0044213,20,20,4.347e-05,1.4364e-05,2.9106e-05,20,0,19,0,0,0,0.93187,1,1,y,y,y,y,y,y,y,m,y,m,y,,,,,0,prefer-relative,transformed-marketshare,1,1,0,1,0,0,,,,,,,,1023,,,,,,,,1,1,0,1,0,0,,,org_aus_1.1_d327_m185
org_can_1.1Ado_d327_m185,organic food consumption,Canada,1.1,Adoption over time,organic as a share of retail sales,market share,b2,0.023677,0.0010582,0.00064835,2423.4,185.6,436.97,1555.3,1.5748e+05,-1.2787,0.70542,0.61705,0.0017098,0.0013896,-79.408,-94.028,0.028248,0.028071,0.68835,0.63169,0.0017586,0.0014411,14,14,7.5521e-05,5.7213e-05,1.8308e-05,14,2,13,1,0,0,0.92105,1,1,y,y,y,y,y,y,y,m,y,m,y,,,,,0,prefer-relative,transformed-marketshare,1,1,0,1,0,0,,,,,,,,1058,,,,,,,,1,1,0,1,0,0,,,org_can_1.1_d327_m185
org_den_1.1Ado_d327_m185,organic food consumption,Denmark,1.1,Adoption over time,organic as a share of retail sales,market share,b2,0.13793,0.0015237,0.0056579,2014.6,31.861,0.17904,1555.1,1.5749e+05,-11.309,0.95885,0.95062,0.006422,0.0057774,-6.5209,-7.461,0.08682,0.080842,0.95821,0.95298,0.0064719,0.0055014,19,19,0.72608,0.16756,0.55852,19,2,18,1,0,0,0.94228,1,1,y,y,y,y,y,y,y,y,y,y,y,,,,,0,prefer-relative,transformed-marketshare,1,1,1,1,0,0,,,,,,,,1086,,,,,,,,1,1,1,1,0,0,,,org_den_1.1_d327_m185
org_jap_1.1Ado_d327_m185,organic food consumption,Japan,1.1,Adoption over time,organic as a share of retail sales,market share,b2,-0.064288,0.021425,0.00026198,2377.5,-68.356,0.0105,1.3888e-13,846.52,-0.51752,-3.1103e-11,-0.3,0.0034046,0.0025,0.082762,-0.084008,0.0032607,0.0021665,0.096216,-0.068109,0.0032367,0.0021581,14,14,1.3333,0.25714,1.0762,14,5,0,1,0,1,0.9408,1,1,n,y,y,y,m,m,y,y,m,n,m,,,,too few,0,prefer-relative,transformed-marketshare,0,1,0,1,0,0,,,,,,,,1134,,,,,,,,0,1,0,1,0,0,,,org_jap_1.1_d327_m185
org_swi_1.1Ado_d327_m185,organic food consumption,Switzerland,1.1,Adoption over time,organic as a share of retail sales,market share,b2,0.098497,0.062113,0.0045535,2020.5,44.615,0.21576,6.505,2086.4,-9.0944,0.99091,0.98896,0.0023151,0.0018249,0.98448,0.98241,0.0030244,0.0022639,0.98192,0.97951,0.0032646,0.0027478,18,18,0.5191,0.16222,0.35688,19,0,17,0,0,0,0.93468,1,1,y,y,y,y,y,y,y,y,y,y,y,,,,,0,prefer-relative,transformed-marketshare,1,1,0,1,0,0,,,,,,,,1163,,,,,,,,1,1,0,1,0,0,,,org_swi_1.1_d327_m185
org_uki_1.1Ado_d327_m185,organic food consumption,UK,1.1,Adoption over time,organic as a share of retail sales,market share,b2,0.31764,0.0010669,0.00073333,2012,13.835,0.019529,1555.3,1.5749e+05,-1.4634,0.92133,0.87413,0.00057345,0.00045081,-64.69,-86.587,0.016571,0.016444,0.85765,0.8102,0.0007714,0.00064198,9,9,0.93707,0.66568,0.27139,9,3,8,1,0,0,0.89601,1,1,y,y,y,y,y,y,y,y,y,y,y,,,,,0,prefer-relative,transformed-marketshare,1,1,0,1,0,0,,,,,,,,1192,,,,,,,,1,1,0,1,0,0,,,org_uki_1.1_d327_m185
pas_aus_1.1Ado_d339_m185,passive building retrofits,Austria,1.1,Adoption over time,share of building stock getting passive-bldg retrofits,market share,m5,-0.0018268,0.00099998,-6.903e-08,-4041.7,-2405.6,0.052206,922.96,94246,0.00015399,-0.42929,-0.61572,2.631e-05,1.5032e-05,-0.47985,-0.60318,2.6771e-05,1.5245e-05,0.00059689,-0.082687,2.2001e-05,1.546e-05,27,17,0.0019885,0.00013378,0.0018547,27,14,0,1,0,1,0.66731,1,1,n,y,y,m,m,m,m,m,m,n,m,,,,noisy,0,prefer-relative,transformed-marketshare,0,1,0,1,0,0,,,,,,,,1226,,,,,,,,0,1,0,1,0,0,,,pas_aus_1.1_d339_m185
pas_bel_1.1Ado_d339_m185,passive building retrofits,Belgium,1.1,Adoption over time,share of building stock getting passive-bldg retrofits,market share,m5,-0.011908,-0.11846,-1.7665e-07,1336.2,-369.04,0.0020238,0.17305,1911.9,0.00035687,-0.0054153,-0.19393,3.2114e-06,1.5024e-06,0.079812,-0.028446,3.0723e-06,1.7893e-06,0.10115,-0.0045929,3.0364e-06,1.7802e-06,20,2,0.0066412,0.0033065,0.0033347,3,2,0,0,0,1,0,1,1,n,n,y,m,y,m,m,m,m,n,n,,,,,0,prefer-relative,transformed-marketshare,0,0,0,1,0,0,,,,,,,,1237,,,,,,,,0,0,0,1,0,0,,,pas_bel_1.1_d339_m185
pas_ger_1.1Ado_d339_m185,passive building retrofits,Germany,1.1,Adoption over time,share of building stock getting passive-bldg retrofits,market share,m5,-0.0032475,,-6.3835e-09,1953.1,-1353.2,2.1975e-06,,,1.3831e-05,0.0069998,-0.324,5.4471e-07,3.4741e-07,,,,,0.01472,-0.18234,5.4259e-07,3.7332e-07,13,11,0.91149,0.42376,0.48773,26,6,8,1,1,1,0.81211,1,1,n,y,y,m,m,m,y,y,m,n,m,,,,,0,prefer-relative,transformed-marketshare,0,1,1,1,0,0,,,,,,,,1248,,,,,,,,0,1,1,1,0,0,,,pas_ger_1.1_d339_m185
sol_cal_1.1Ado_d342_m185,solar leasing,California,1.1,Adoption over Time,share of new solar owned by 3rd parties (HH<$100k),market share,m11,1.8875,0.0024829,0.001228,2010.3,2.3281,0.44903,0.11468,1495,-2.0576,0.50068,0.33424,0.076249,0.062277,0.0015328,-0.19816,0.10782,0.085979,0.0018133,-0.19782,0.10781,0.086058,13,13,1.2727,0.39975,0.87299,13,7,12,1,0,0,0.94783,1,1,m,y,y,y,y,y,y,y,m,m,m,,,,,0,prefer-relative,transformed-marketshare,1,1,0,1,0,0,,,,,,,,1366,,,,,,,,1,1,0,1,0,0,,,sol_cal_1.1_d342_m185
sol_con_1.1Ado_d342_m185,solar leasing,Connecticut,1.1,Adoption over Time,share of new solar owned by 3rd parties (HH<$100k),market share,m11,1.0141,0.004583,0.038907,2012.3,4.3335,0.64077,1554.4,1.5757e+05,-77.933,0.866,0.82134,0.077923,0.060657,-5.5801,-6.8961,0.54605,0.50285,0.46768,0.36121,0.15531,0.12586,13,13,1.1728,0.095978,1.0768,13,6,12,1,0,1,0.94605,1,1,y,y,y,y,y,y,y,y,y,y,y,,,,,0,prefer-relative,transformed-marketshare,1,1,0,1,0,0,,,,,,,,1381,,,,,,,,1,1,0,1,0,0,,,sol_con_1.1_d342_m185
sol_mas_1.1Ado_d342_m185,solar leasing,Massachusetts,1.1,Adoption over Time,share of new solar owned by 3rd parties (HH<$100k),market share,m11,0.82805,0.0056729,0.0505,2013,5.307,0.6806,1554,1.5761e+05,-101.31,0.79484,0.72646,0.10897,0.081987,-4.3198,-5.3838,0.55491,0.50004,0.61684,0.5402,0.14892,0.10712,13,13,1.171,0.13444,1.0366,13,7,12,1,0,1,0.90397,1,1,y,y,y,y,y,y,y,y,y,y,y,,,,,0,prefer-relative,transformed-marketshare,1,1,0,1,0,0,,,,,,,,1397,,,,,,,,1,1,0,1,0,0,,,sol_mas_1.1_d342_m185
sol_new_1.1Ado_d342_m185,solar leasing,New Jersey,1.1,Adoption over Time,share of new solar owned by 3rd parties (HH<$100k),market share,m11,3.6354,0.0015783,0.0070879,2010.7,1.2088,0.80742,1555.5,1.5746e+05,-13.554,0.72389,0.63186,0.12298,0.10139,-9.8609,-12.033,0.77133,0.73496,0.01284,-0.18459,0.23254,0.18221,13,13,1.1685,0.086695,1.0818,13,7,12,1,0,1,0.95547,1,1,y,y,y,y,y,y,y,y,m,y,m,,,,,0,prefer-relative,transformed-marketshare,1,1,1,1,0,0,,,,,,,,1412,,,,,,,,1,1,1,1,0,0,,,sol_new_1.1_d342_m185
sol_usa_1.1Ado_d342_m185,solar leasing,US,1.1,Adoption over Time,share of new solar owned by 3rd parties (HH<$100k),market share,m11,2.0616,0.0014689,0.0055577,2010.6,2.1316,0.49079,1555.4,1.5747e+05,-10.755,0.61896,0.49195,0.078857,0.056778,-12.383,-15.06,0.46734,0.44954,0.026498,-0.1682,0.12604,0.098988,13,13,1.301,0.27099,1.03,13,7,12,1,0,1,0.95587,1,1,m,y,y,y,y,y,y,y,m,m,m,,,,,0,prefer-relative,transformed-marketshare,1,1,0,1,0,0,,,,,,,,1427,,,,,,,,1,1,0,1,0,0,,,sol_usa_1.1_d342_m185
sus_glo_1.1Ado_d336_m185,sustainable fashion,Global,1.1,Adoption over Time,sustainable apparel as a share of apparel,market share,m1,0.082832,0.082817,0.002714,2123,53.052,185.58,2.6326,2071.6,-5.4446,0.99875,0.99828,0.0003355,0.00029242,0.99875,0.99847,0.00033529,0.00029225,0.97452,0.96886,0.0015149,0.0013026,12,12,0.00027697,0.0001137,0.00016327,12,0,11,0,0,0,0.89141,1,1,y,y,y,y,y,y,y,m,y,m,y,,,,,0,prefer-relative,transformed-marketshare,1,1,1,1,0,0,,,,,,,,1432,,,,,,,,1,1,1,1,0,0,,,sus_glo_1.1_d336_m185
tex_usa_1.1Ado_d180_m185,textile recycling,US,1.1,Adoption over time,recycled textiles as a share of textiles generation.,market share,m14,0.13192,0.020045,0.0025345,1982.4,33.311,0.15586,2.0096e-07,1337.7,-4.9468,0.98803,0.98085,0.0048042,0.0037241,0.77726,0.70301,0.020727,0.01884,0.8734,0.83121,0.015626,0.014559,9,9,1.0201,0.1887,0.83137,49,4,8,1,0,1,0.91164,1,1,y,y,y,y,y,y,y,y,y,y,y,,,,,0,prefer-relative,transformed-marketshare,1,1,1,1,0,0,,,,,,,,1766,,,,,,,,1,1,1,1,0,0,,,tex_usa_1.1_d180_m185
sus_glo_3.5Mar_d075_m128,sustainable fashion,Global,3.5,Market Formation,CumulativeStartups (2nd hand clothes),cum. # companies,m1,0.29411,0.13392,1.2734,2017.8,14.941,82.748,3.4235,2000.4,-2535.4,0.99447,0.99406,1.5548,1.3748,0.96908,0.9676,3.6764,2.4855,0.62576,0.60794,12.789,10.679,45,44,0.82177,0.012085,0.80968,44,1,43,0,0,0,0.91236,0,1,y,y,y,y,y,y,y,y,y,y,y,1,,,innovation variant B - 2nd hand clothes [match with Adoption 1.1 or hide?],0,prefer-variantB,original,1,1,0,0,0,0,,,,,,,,1434,,,,,,,,1,1,0,0,0,0,delete,,sus_glo_3.5_d075_m128
sus_glo_3.5Mar_d308_m160,sustainable fashion,Global,3.5,Market Formation,cumulative PrivateEquityDeals (2nd hand clothes),cumulative # deals,m1,0.32887,0.1534,2.0277,2018.5,13.362,136.65,0.22974,1982.4,-4039.9,0.99892,0.99884,1.1309,0.68511,0.97138,0.97002,5.8135,4.1977,0.58716,0.5675,22.081,18.441,45,20,0.84156,0.0073179,0.83424,20,0,19,0,0,0,0.89847,0,0,y,y,y,y,y,y,y,y,y,y,y,,,,innovation variant B - 2nd hand clothes [match with Adoption 1.1 or hide?],0,prefer-variantB,transformed-cumulative,1,1,0,0,0,0,,,,,,,,1454,,,,,,,,1,1,0,0,0,0,delete,,sus_glo_3.5_d308_m160
sus_glo_3.5Mar_d312_m162,sustainable fashion,Global,3.5,Market Formation,cumulative PrivateEquityInvestment (2nd hand clothes),cumulative $ million,m1,0.56891,0.14629,15.755,2016.6,7.7244,837.68,0.0045631,1939.8,-31392,0.99472,0.99433,19.817,9.5232,0.91697,0.91302,78.547,52.082,0.56346,0.54267,180.1,153.97,45,20,0.9522,0.00047751,0.95172,20,1,19,0,0,1,0.91572,0,0,y,y,y,y,y,y,y,y,y,y,y,,,,innovation variant B - 2nd hand clothes [match with Adoption 1.1 or hide?],0,prefer-variantB,transformed-cumulative,1,1,0,0,0,0,,,,,,,,1458,,,,,,,,1,1,0,0,0,0,delete,,sus_glo_3.5_d312_m162
sus_glo_3.5Mar_d316_m162,sustainable fashion,Global,3.5,Market Formation,cumulative TotalFundraisingAmount (2nd hand clothes),cumulative $ million,m1,0.25602,0.25601,35.698,2064.6,17.165,1.068e+08,1.6624e-06,1940.4,-71147,0.95948,0.95652,145,66.223,0.95948,0.95755,145,66.224,0.4142,0.38631,551.34,372.73,45,20,2.9665e-05,3.7454e-09,2.9661e-05,20,1,19,0,0,1,0.75763,0,0,y,y,y,y,y,y,y,m,y,m,y,,,,innovation variant B - 2nd hand clothes [match with Adoption 1.1 or hide?],0,prefer-variantB,transformed-cumulative,1,1,0,0,0,0,,,,,,,,1462,,,,,,,,1,1,0,0,0,0,delete,,sus_glo_3.5_d316_m162
sus_glo_3.5Mar_d320_m160,sustainable fashion,Global,3.5,Market Formation,cumulative TotalFundraisingDeals (2nd hand clothes),cumulative # deals,m1,0.34308,0.15748,2.4842,2018.5,12.809,168.4,0.29502,1983.7,-4949.6,0.99903,0.99896,1.3222,0.79424,0.97066,0.96926,7.2903,5.2341,0.57458,0.55432,27.761,23.027,45,20,0.8551,0.0059382,0.84917,20,0,19,0,0,0,0.89521,0,0,y,y,y,y,y,y,y,y,y,y,y,,,,innovation variant B - 2nd hand clothes [match with Adoption 1.1 or hide?],0,prefer-variantB,transformed-cumulative,1,1,0,0,0,0,,,,,,,,1466,,,,,,,,1,1,0,0,0,0,delete,,sus_glo_3.5_d320_m160
act_ams_1.1Ado_d063_m028,active mobility,Amsterdam,1.1,Adoption over time,Bike ownership,%,b7,-0.011465,0.0054776,0.0038502,4079.4,-383.29,0.69857,0.76729,2018.3,-7.0056,-1.4439e-10,-1,0.039071,0.030204,0.78529,0.67794,0.018104,0.017715,0.79629,0.69443,0.017635,0.017232,7,7,1.0736,0.88753,0.18609,29,1,6,0,0,0,0.86693,1,1,n,y,y,y,y,y,y,m,y,n,y,1,,,,0,,,0,1,0,0,0,0,,0,1,0,0,0,0,1,,,,,,,,0,1,0,0,0,0,delete,Current rules (fix in March),act_ams_1.1_d063_m028
act_ams_1.1Ado_d121_m090,active mobility,Amsterdam,1.1,Adoption over time,Modal share of all trips by residents (bike),% trips by bike,b7,-0.0023617,-0.0023613,-0.00056291,-1668,-1860.7,1393,0.67031,1566.4,1.3672,0.17886,-0.31382,0.03044,0.027427,0.17886,-0.094847,0.03044,0.027427,0.16499,-0.11334,0.030696,0.027808,9,9,0.00022255,0.00014358,7.8969e-05,84,8,2,0,0,0,0.84023,1,1,n,y,y,y,y,y,y,m,m,n,m,2,,,,0,,,1,1,0,0,0,0,,1,1,0,0,0,0,2,,,,,,,,1,1,0,0,0,0,delete,use logfit =1 IF either CW or GN =1,act_ams_1.1_d121_m090
act_ams_1.1Ado_d122_m091,active mobility,Amsterdam,1.1,Adoption over time,Modal share of all trips by residents (walk),% trips by walking,b7,-0.0042177,-0.0042167,-0.0010874,43.183,-1041.9,910.35,0.083316,2247.9,2.4124,0.1654,-0.33536,0.060446,0.045682,0.1654,-0.1128,0.060446,0.045681,0.15869,-0.12175,0.060688,0.045795,9,9,0.00038447,0.00013182,0.00025265,84,8,7,0,1,1,0.78584,1,1,n,y,y,y,y,y,y,m,m,n,m,4,,"ok, use logfit",,0,,,1,1,0,0,0,0,,1,1,0,0,0,0,3,,,,,,,,1,1,0,0,0,0,delete,use linfit =1 IF either CW or GN =1,act_ams_1.1_d122_m091
act_bei_1.1Ado_d060_m028,active mobility,Beijing,1.1,Adoption over time,Bicycle modal share,%,b7,-0.16166,-0.00040147,-0.01425,2004.6,-27.183,0.56684,-1544.5,-1.526e+05,28.852,1,1,2.154e-10,1.9821e-10,-9.2413,,0.4054,0.3851,0.96449,,0.023871,0.0221,3,3,0.95317,0.40576,0.54742,22,2,0,0,0,0,0.60149,1,1,y,m,y,y,y,y,m,y,y,m,m,2,,,,0,,,1,1,0,0,0,0,,1,1,0,0,0,0,5,,,,,,,,1,1,0,0,0,0,delete,delete if time series wont be used in Feb analysis,act_bei_1.1_d060_m028
act_chi_1.1Ado_d061_m002,active mobility,China,1.1,Adoption over time,Bicycle ownership,# bikes per hundred households,b7,0.1493,0.020393,2.6286,1980.8,29.433,156.33,3.2025,1817.7,-5121,0.31082,,51.343,50.265,0.20425,-1.3873,55.17,49.509,0.23213,-1.3036,54.195,50.322,4,4,1.2612,0.14636,1.1148,30,1,2,1,1,1,0.47132,0,0,m,m,y,m,y,m,m,y,m,m,m,4,,"reject, too few points",,0,,,0,1,0,0,0,0,,0,1,0,0,0,0,7,,,,,,,,0,1,0,0,0,0,delete,,act_chi_1.1_d061_m002
act_cop_1.1Ado_d121_m090,active mobility,Copenhagen,1.1,Adoption over time,Modal share of all trips by residents (bike),% trips by bike,b7,0.014241,0.0012979,0.0033675,2698.2,308.57,5178.5,1555.1,1.5745e+05,-6.4834,0.784,,0.018985,0.018338,-38.206,-116.62,0.25578,0.2525,0.7454,0.23619,0.020612,0.020026,4,4,6.1795e-05,4.2484e-05,1.9311e-05,28,0,3,0,0,0,0.7008,1,1,y,m,y,y,y,y,y,m,y,m,m,2,,,,0,,,1,1,0,0,0,0,,1,1,0,0,0,0,13,,,,,,,,1,1,0,0,0,0,delete,,act_cop_1.1_d121_m090
act_cop_1.1Ado_d122_m091,active mobility,Copenhagen,1.1,Adoption over time,Modal share of all trips by residents (walk),% trips by walking,b7,0.0018671,0.0010136,0.00030769,5398.8,2353.6,105.6,1555.1,1.5744e+05,-0.43046,0.0078745,,0.038254,0.031586,-23.203,-71.61,0.18894,0.185,0.0070404,-1.9789,0.03827,0.031692,4,4,0.0020834,0.0011364,0.000947,28,3,2,0,1,0,0.63305,1,1,n,m,y,y,y,y,m,m,m,n,m,4,,"ok, use logfit",,0,,,0,0,0,0,0,0,,1,1,0,0,0,0,14,check,check,,,,,,1,1,0,0,0,0,delete,,act_cop_1.1_d122_m091
act_net_1.1Ado_d168_m096,active mobility,The Netherlands,1.1,Adoption over time,Passenger kilometres travelled by¬†foot,Billion p.km,b7,0.046231,0.04623,0.21548,2241.6,95.054,1.8078e+05,7.9825,2024.7,-428.98,0.82968,0.79037,0.52885,0.38907,0.82968,0.80535,0.52885,0.38906,0.7949,0.7656,0.58034,0.44108,17,17,4.4806e-05,1.8807e-05,2.5998e-05,18,1,16,0,0,0,0.92009,0,1,y,y,y,y,y,y,y,m,y,m,y,2,,,,0,,,1,1,0,0,0,0,,1,1,0,0,0,0,20,,,,,,,,1,1,0,0,0,0,delete,,act_net_1.1_d168_m096
cli_ban_1.1Ado_d240_m154,climate protest,Bangladesh,1.1,Adoption over Time,cumulative Count of participants at protest events related to climate,cumulative # people (estimated),s3,7.7138,0.26593,154.12,2018.8,0.56968,1412.6,1.2771e-07,1935.1,-3.1033e+05,0.99711,0.99614,36.015,17.574,0.76035,0.71241,327.78,282.62,0.74177,0.69012,340.25,287.02,13,5,1.0265,0.84952,0.17698,5,2,4,1,0,0,0.8106,0,0,y,n,y,y,y,y,y,m,y,n,n,,,,,0,,transformed-cumulative,1,1,0,0,0,0,,1,1,0,1,0,0,27,,,,**check**,,,,1,1,0,0,0,0,delete,,cli_ban_1.1_d240_m154
cli_ger_1.1Ado_d240_m154,climate protest,Germany,1.1,Adoption over Time,cumulative Count of participants at protest events related to climate,cumulative # people (estimated),s3,4.0104,0.42036,173.78,2020.4,1.0958,2064.6,4.5604e-10,1953.2,-3.5001e+05,0.99946,0.99928,19.559,8.4271,0.83947,0.80737,336.47,247.98,0.59945,0.51934,531.5,476.34,13,4,1.0236,0.19417,0.82942,4,0,3,0,0,1,0.71867,0,0,y,n,y,y,y,y,y,y,y,n,n,,,,,0,,transformed-cumulative,1,1,0,0,0,0,,1,1,0,1,0,0,34,,,,**check**,,,,1,1,0,0,0,0,delete,,cli_ger_1.1_d240_m154
cli_glo_1.1Ado_d240_m154,climate protest,Global,1.1,Adoption over Time,cumulative Count of participants at protest events related to climate,cumulative # people (estimated),s3,2.5763,0.43694,81308,2020.5,1.7057,1.0063e+06,2.4566e-18,1898.2,-1.6377e+08,0.99742,0.99656,19581,11049,0.89207,0.87049,1.2666e+05,96862,0.62265,0.54718,2.3684e+05,2.139e+05,13,6,1.0357,0.00072541,1.0349,6,0,5,0,0,1,0.71552,0,0,y,y,y,m,y,m,y,y,y,m,m,,,,,0,,transformed-cumulative,1,1,0,0,0,0,,1,1,0,1,0,0,41,,,,**check**,,,,1,1,0,0,0,0,delete,,cli_glo_1.1_d240_m154
cli_glo_3.3Leg_d235_m020,climate protest,Global,3.3,Risk & Uncertainty (Shared Expectations),scientific publications,# publications,s3,1.1684,0.27203,0.87143,2020.4,3.7609,109.63,1.3702,2007.4,-1731.3,0.9816,0.98052,3.4645,1.5596,0.9218,0.9188,7.1429,2.9621,0.29329,0.2661,21.474,14.652,55,18,1.0946,0.0091219,1.0855,18,1,17,0,0,1,0.83129,0,0,y,y,y,y,y,y,y,y,m,y,m,,,,"good; only available global, apply to all EA regions",0,,,1,1,0,0,1,1,,1,1,0,0,1,1,44,,,,,,,,1,1,0,0,1,1,,,cli_glo_3.3_d235_m020
cli_ind_1.1Ado_d240_m154,climate protest,India,1.1,Adoption over Time,cumulative Count of participants at protest events related to climate,cumulative # people (estimated),s3,51.066,0.25163,36.184,2018.5,0.086055,329.28,0.00012215,1963.2,-72857,1,1,2.6079e-09,7.8001e-10,0.70751,0.64901,86.638,72.408,0.71429,0.65714,85.628,71.812,13,5,1,1,0,5,4,4,0,0,0,0.8,0,0,y,n,y,y,y,y,y,m,y,n,n,,,,,0,,transformed-cumulative,1,1,0,0,0,0,,1,0,0,1,0,0,49,,check,,**check**,,,,1,1,0,0,0,0,delete,,cli_ind_1.1_d240_m154
cli_swe_1.1Ado_d240_m154,climate protest,Sweden,1.1,Adoption over Time,cumulative Count of participants at protest events related to climate,cumulative # people (estimated),s3,2.6543,0.66529,20.529,2021.5,1.6556,352.53,6.7468e-07,1992.8,-41354,0.99895,0.9986,3.5866,1.3559,0.93473,0.92168,28.297,17.446,0.48096,0.37715,79.796,67.345,13,4,0.97722,0.051724,0.92549,4,0,3,0,0,1,0.56941,0,0,y,n,y,m,y,m,m,y,y,n,n,,,,,0,,transformed-cumulative,1,1,0,0,0,0,,1,1,1,1,0,0,56,,,**check**,**check**,,,,1,1,0,0,0,0,delete,,cli_swe_1.1_d240_m154
cli_uki_1.1Ado_d240_m154,climate protest,UK,1.1,Adoption over Time,cumulative Count of participants at protest events related to climate,cumulative # people (estimated),s3,1.8486,0.49875,21.862,2020.8,2.3772,299.76,7.557e-06,1987.7,-44036,0.98664,0.98219,12.283,7.1154,0.92823,0.91387,28.469,20.974,0.59255,0.51106,67.831,59.387,13,4,1.051,0.14542,0.90559,4,0,3,0,0,1,0.66258,0,0,y,n,y,y,y,y,m,y,y,n,n,,,,,0,,transformed-cumulative,1,1,0,0,0,0,,1,1,0,1,0,0,61,,,,**check**,,,,1,1,0,0,0,0,delete,,cli_uki_1.1_d240_m154
cli_usa_1.1Ado_d240_m154,climate protest,US,1.1,Adoption over Time,cumulative Count of participants at protest events related to climate,cumulative # people (estimated),s3,3.4006,0.38546,66.658,2019.9,1.2923,711.93,4.1231e-07,1967.2,-1.3425e+05,0.98408,0.97878,38.461,19.407,0.87506,0.85007,107.76,87.013,0.66935,0.60322,175.3,152.02,13,4,1.1328,0.64268,0.49012,4,0,3,0,0,0,0.73719,0,0,y,n,y,y,y,y,y,y,y,n,n,,,,,0,,transformed-cumulative,1,1,0,0,0,0,,1,1,0,1,0,0,68,,,,**check**,,,,1,1,0,0,0,0,delete,,cli_usa_1.1_d240_m154
coh_den_1.1Ado_d138_m021,co-housing,Denmark,1.1,Adoption over time,Number of housing units in cohousing communities,# residents,b11,0.21247,0.033852,58.453,1985.3,20.683,2285.2,0.12287,1718.9,-1.1503e+05,0.98448,0.97517,109.66,101.47,0.77105,0.69473,421.16,375.09,0.91189,0.88252,261.27,233.12,9,9,1.0542,0.028881,1.0253,45,0,8,0,0,1,0.85327,0,0,y,y,y,y,y,y,y,y,y,y,y,1,,,,0,,,1,1,0,0,0,0,,1,1,0,0,0,0,74,,,,,,,,1,1,0,0,0,0,delete,,coh_den_1.1_d138_m021
coh_ger_1.1Ado_d141_m018,co-housing,Germany,1.1,Adoption over time,Number of projects,# projects,b11,0.20463,0.079755,9.41,1994.8,21.475,316.23,0.013744,1880.2,-18604,0.99968,,1.9287,1.3164,0.96104,0.88313,21.387,19.667,0.94267,0.828,25.946,23.25,4,4,0.88859,0.02846,0.86013,31,0,3,0,0,1,0.48336,0,0,y,m,y,m,y,m,m,y,y,m,m,1,,,,0,,,1,1,0,2,0,0,,1,1,0,0,0,0,78,,,,,,,,1,1,0,0,0,0,delete,,coh_ger_1.1_d141_m018
coh_usa_1.1Ado_d142_m021,co-housing,US,1.1,Adoption over time,Number of residents living in cohousing communities,# residents,b11,0.47637,0.21446,213.23,1996.4,9.2249,3414.8,2.1402e-05,1912.4,-4.2394e+05,0.99947,0.99907,23.805,21.643,0.96347,0.94886,197.86,179.86,0.89095,0.84734,341.85,309.88,8,8,0.85099,0.015521,0.83547,15,0,7,0,0,1,0.70294,0,0,y,y,y,y,y,y,y,y,y,y,y,,,,,0,,,1,1,0,2,0,0,,1,1,0,0,0,0,85,,,,,,,,1,1,0,0,0,0,delete,,coh_usa_1.1_d142_m021
coh_vau_1.1Ado_d137_m009,co-housing,Canton de Vaud (Switzerland),1.1,Adoption over time,Number of housing cooperatives in Canton de Vaud (Switzerland),# cooperatives,b11,0.045173,0.028481,1.2003,2000.2,97.281,198.97,4.7043,1895.6,-2308.5,0.98344,0.97722,5.6478,4.5254,0.97105,0.96461,7.4671,6.7865,0.89851,0.87596,13.98,10.883,12,12,0.69859,0.0050258,0.69356,112,0,11,0,0,1,0.75851,0,0,y,y,y,y,y,y,y,y,y,y,y,1,,,,0,,,1,1,0,2,0,0,,1,1,0,1,0,0,89,,,,,,,,1,1,0,0,0,0,delete,,coh_vau_1.1_d137_m009
cro_ber_1.1Ado_d059_m126,car ownership,Berlin,1.1,Adaption over time,"Berlin Car density: 
2008-2024","cars per 1,000 inhabitants",b5,0.46191,0.0019583,0.65735,2002,9.5137,334.89,79.734,1288.1,-993.56,0.57391,0.47558,4.627,3.8783,0.20393,0.090208,6.3244,5.2346,0.2064,0.093033,6.3146,5.2253,17,17,1.0197,0.94687,0.072859,17,12,15,1,0,0,0.94371,0,0,m,y,y,y,y,y,y,m,m,m,m,2,,,*needs sign reversal * negative slope = LED innovation,0,,,0,1,0,0,0,0,,0,1,0,0,0,0,90,,,,,,,,0,1,0,0,0,0,delete,,cro_ber_1.1_d059_m126
cro_ham_1.1Ado_d108_m126,car ownership,Hamburg,1.1,Adaption over time,Hamburg Car density 2008-2024,"cars per 1,000 inhabitants",b5,-0.011421,0.0046092,1.9703,4384,-384.77,423.11,40.81,1508.7,-3549.1,-6.2637e-12,-0.23077,11.627,9.2644,0.68223,0.63684,6.554,5.7013,0.68928,0.64489,6.4809,5.5996,17,17,1.0376,0.94892,0.088629,17,2,15,1,0,0,0.94355,0,0,n,y,y,y,y,y,y,m,y,n,y,2,,,*needs sign reversal * negative slope = LED innovation,0,,,0,1,0,0,0,0,,1,1,0,0,0,0,95,check,,,,,,,1,1,0,0,0,0,delete,,cro_ham_1.1_d108_m126
cro_hei_1.1Ado_d109_m127,car ownership,Heidelberg,1.1,Adaption over time,Heidelberg Car density 1993-2024,cars per 1000 inhabitants,b5,-0.0063914,-0.0063893,-2.5196,755.23,-687.56,1.2051e+06,706.32,1919.5,5461.3,0.71221,0.679,14.224,12.267,0.71221,0.69089,14.224,12.267,0.70349,0.68152,14.438,12.341,30,30,0.00036096,0.00030702,5.3936e-05,32,28,7,0,1,0,0.96526,0,0,y,y,y,y,y,y,y,m,y,m,y,1,,,*needs sign reversal * negative slope = LED innovation,0,,,1,1,1,1,0,0,,1,1,1,1,0,0,99,,,,,,,,1,1,1,1,0,0,,,cro_hei_1.1_d109_m127
crs_ger_1.1Ado_d233_m012,car sharing,Germany,1.1,Adoption over time,registered drivers,# drivers,m9,0.21557,0.19421,1.5336e+05,2030.2,20.385,2.553e+07,8.8746e-11,1825,-3.0727e+08,0.98588,0.98412,1.75e+05,1.2482e+05,0.98533,0.98416,1.784e+05,1.3187e+05,0.70735,0.68394,7.9681e+05,6.2992e+05,28,28,0.21567,0.00074421,0.21492,28,0,27,0,0,0,0.8164,0,0,y,y,y,y,y,y,y,y,y,y,y,1,,,,0,,,1,1,2,2,0,0,,1,1,0,0,0,0,100,,,,,,,,1,1,0,0,0,0,delete,,crs_ger_1.1_d233_m012
crz_fra_1.1Ado_d058_m134,mobesity,France,1.1,Adoption over Time,Average weight of all new sales / registrations (kg),kg,b3,0.0031384,0.0031245,4.1338,3738.3,1400.2,3.0056e+05,120.58,1244.2,-6989,0.49631,0.41237,26.451,24.065,0.49632,0.4433,26.45,24.065,0.49518,0.44204,26.48,24.064,22,22,0.0047078,0.0041589,0.00054897,22,0,21,0,0,0,0.95385,0,0,m,y,y,y,y,y,y,m,y,m,y,1,,,*needs sign reversal * negative slope = LED innovation,0,,,1,1,2,2,0,0,,1,1,0,0,0,0,149,,,,,,,,1,1,0,0,0,0,delete,,crz_fra_1.1_d058_m134
crz_ger_1.1Ado_d053_m144,mobesity,Germany,1.1,Adoption over Time,Average length of all new car sales / registrations (kg),mm,b3,-0.00466,0.002317,10.033,7891.7,-943.02,4331.1,311,873.82,-15840,-4.5595e-12,-0.1875,61.826,55.5,0.8758,0.86119,21.789,12.5,0.87562,0.86098,21.805,12.46,20,20,1.0228,0.97666,0.046178,20,0,11,0,1,0,0.9499,0,0,n,y,y,y,y,y,y,m,y,n,y,1,,,*needs sign reversal * negative slope = LED innovation,0,,,0,1,0,0,0,0,,1,1,0,0,0,0,151,check,,,,,,,1,1,0,0,0,0,delete,,crz_ger_1.1_d053_m144
crz_ger_1.1Ado_d057_m134,mobesity,Germany,1.1,Adoption over Time,Average weight of all new car sales / registrations (kg),kg,b3,0.0057984,0.0057937,8.4444,3239.3,757.87,1.8081e+06,58.198,1455.1,-15523,0.7495,0.70775,31.03,25.366,0.7495,0.72314,31.03,25.366,0.74668,0.72002,31.204,25.419,22,22,0.00090207,0.00075052,0.00015154,22,0,21,0,0,0,0.95208,0,0,y,y,y,y,y,y,y,m,y,m,y,1,,,*needs sign reversal * negative slope = LED innovation,0,,,1,1,0,2,0,0,,1,1,0,0,0,0,152,,,,,,,,1,1,0,0,0,0,delete,,crz_ger_1.1_d057_m134
crz_glo_3.3Leg_d235_m020,mobesity,Global,3.3,Risk & Uncertainty (Shared Expectations),scientific publications,# publications,b3,0.18327,0.045079,0.29105,2001.5,23.978,13.101,9.9349,2013.8,-575.58,0.79504,0.78298,2.4498,1.7596,0.68038,0.66809,3.0592,2.3272,0.72906,0.71864,2.8166,2.1875,55,45,1.5266,0.076328,1.4502,50,5,49,1,0,1,0.90591,0,1,y,y,y,y,y,y,y,y,y,y,y,,,,"good; only available global, apply to all EA regions",0,,,1,1,0,0,1,1,,1,1,0,0,1,1,156,,,,,,,,1,1,0,0,1,1,,,crz_glo_3.3_d235_m020
dig_den_1.1Ado_d148_m037,digital skills,Denmark,1.1,Adoption over time,Online activity: banking,% individuals,s1,0.1985,0.0036922,0.029442,2005,22.138,0.97809,1554.7,1.5752e+05,-58.507,0.99462,0.99362,0.012872,0.010208,-18.015,-20.252,0.76551,0.74511,0.93522,0.9276,0.044681,0.038336,20,20,0.96709,0.3836,0.58348,20,1,19,0,0,0,0.95481,1,1,y,y,y,y,y,y,y,y,y,y,y,,,,,0,,,1,1,0,0,0,0,,1,1,0,0,0,0,157,,,,,,,,1,1,0,0,0,0,delete,,dig_den_1.1_d148_m037
dig_den_1.1Ado_d149_m037,digital skills,Denmark,1.1,Adoption over time,Online activity: doing online course,% individuals,s1,0.12111,-0.093751,0.0097976,2038.2,36.285,1.5124,-0.23844,1363.6,-19.642,0.83896,0.77858,0.022693,0.016335,-2.7197,-3.5463,0.10906,0.093258,0.79716,0.75208,0.025469,0.019454,12,12,0.14745,0.022019,0.12543,16,1,10,0,0,0,0.87309,1,1,y,y,y,y,y,y,y,m,y,m,y,,,,,0,,,1,1,0,0,0,0,,1,1,0,0,0,0,158,,,,,,,,1,1,0,0,0,0,delete,,dig_den_1.1_d149_m037
dig_den_1.1Ado_d150_m037,digital skills,Denmark,1.1,Adoption over time,Online activity: emailing,% individuals,s1,-0.074169,0.022031,0.018675,2411.5,-59.249,0.81949,2.7463,2067.3,-36.755,-1.5282e-09,-0.1875,0.12385,0.10549,0.84334,0.82491,0.049021,0.040747,0.87415,0.85934,0.043937,0.036484,20,20,1.1711,0.65346,0.51764,21,2,19,0,0,0,0.95551,1,1,n,y,y,y,y,y,y,y,y,n,y,,,,* fit error - check *,0,,,0,1,0,0,0,0,,0,1,0,0,0,0,159,,,,,,,,0,1,0,0,0,0,delete,,dig_den_1.1_d150_m037
dig_den_1.1Ado_d151_m037,digital skills,Denmark,1.1,Adoption over time,Online activity: finding info,% individuals,s1,-0.099995,0.021423,0.01699,2401,-43.947,0.76063,0.15096,1937.4,-33.432,-1.078e-10,-0.16667,0.11665,0.09705,0.81889,0.79983,0.049644,0.042608,0.85381,0.83843,0.044602,0.039323,22,22,1.1832,0.64657,0.53666,22,3,21,1,0,0,0.95826,1,1,n,y,y,y,y,y,y,y,y,n,y,,,,* fit error - check *,0,,,0,1,0,0,0,0,,0,1,0,0,0,0,160,,,,,,,,0,1,0,0,0,0,delete,,dig_den_1.1_d151_m037
dig_den_1.1Ado_d152_m037,digital skills,Denmark,1.1,Adoption over time,Online activity: selling,% individuals,s1,0.50056,0.053187,0.014317,2006.3,8.7791,0.30399,3.6251,2064.5,-28.574,0.88196,0.86112,0.034494,0.029377,0.64435,0.60484,0.059874,0.048166,0.7456,0.71734,0.050638,0.043354,21,21,1.2119,0.097372,1.1145,21,7,20,1,0,1,0.94463,1,1,y,y,y,y,y,y,y,y,y,y,y,,,,,0,,,1,1,0,0,0,0,,0,1,0,0,0,0,161,check,,,,,,,1,1,0,0,0,0,delete,,dig_den_1.1_d152_m037
dig_den_1.1Ado_d153_m037,digital skills,Denmark,1.1,Adoption over time,Online activity: social networks,% individuals,s1,0.15728,0.038018,0.02849,2009.6,27.941,0.98969,1.151,2028.7,-56.721,0.96678,0.95255,0.017652,0.012006,0.93265,0.91581,0.025136,0.021238,0.95106,0.93882,0.021427,0.017789,11,11,0.8631,0.55937,0.30373,12,1,10,0,0,0,0.91489,1,1,y,y,y,y,y,y,y,y,y,y,y,,,,,0,,,1,1,0,0,0,0,,1,1,0,0,0,0,162,,,,,,,,1,1,0,0,0,0,delete,,dig_den_1.1_d153_m037
dig_den_2.9Int_d004_m028,digital skills,Denmark,2.9,Inter-dependence with hardware,% households with a computer,%,s1,-0.083208,0.023104,0.019516,2444.8,-52.813,0.74064,1.086,2024.9,-38.438,-7.2558e-12,-0.10714,0.21178,0.17571,0.63618,0.61108,0.12774,0.11192,0.72394,0.7049,0.11127,0.099385,32,32,1.2827,0.31594,0.96673,32,7,31,1,0,0,0.97687,1,1,n,y,y,y,y,y,y,y,y,n,y,,,,,0,,,,1,,,,,,1,1,0,0,1,1,164,,,,,,,,1,1,0,0,1,1,,,dig_den_2.9_d004_m028
dig_ita_1.1Ado_d148_m037,digital skills,Italy,1.1,Adoption over time,Online activity: banking,% individuals,s1,0.1209,0.089434,0.022435,2024.4,36.347,1.1037,1.0223,2030.3,-44.92,0.98954,0.9873,0.012026,0.010764,0.98623,0.98439,0.0138,0.010956,0.97957,0.97685,0.016809,0.013059,18,18,0.43807,0.069221,0.36885,18,0,17,0,0,0,0.90973,1,1,y,y,y,y,y,y,y,y,y,y,y,,,,,0,,,1,1,0,0,0,0,,1,1,0,0,0,0,166,,,,,,,,1,1,0,0,0,0,delete,,dig_ita_1.1_d148_m037
dig_ita_1.1Ado_d149_m037,digital skills,Italy,1.1,Adoption over time,Online activity: doing online course,% individuals,s1,0.20457,-0.095635,0.0099873,2079.2,21.481,23542,0.37925,89.581,-20.049,0.90814,0.87752,0.017854,0.015248,-1.4295,-1.9155,0.091818,0.070431,0.71029,0.65235,0.031706,0.026612,13,13,8.262e-06,7.1363e-07,7.5483e-06,16,1,12,0,0,0,0.79837,1,1,y,y,y,y,y,y,y,m,y,m,y,,,,,0,,,1,1,0,0,0,0,,1,1,0,0,0,0,167,,,,,,,,1,1,0,0,0,0,delete,,dig_ita_1.1_d149_m037
dig_ita_1.1Ado_d150_m037,digital skills,Italy,1.1,Adoption over time,Online activity: emailing,% individuals,s1,0.1394,0.047924,0.023821,2009.4,31.524,0.77811,1.3363,2035.3,-47.479,0.97498,0.96921,0.020249,0.017523,0.94716,0.93961,0.029425,0.025328,0.97347,0.96968,0.02085,0.018532,17,17,0.90232,0.34018,0.56213,18,0,16,0,0,0,0.93334,1,1,y,y,y,y,y,y,y,y,y,y,y,,,,,0,,,1,1,0,0,0,0,,1,1,0,0,0,0,168,,,,,,,,1,1,0,0,0,0,delete,,dig_ita_1.1_d150_m037
dig_ita_1.1Ado_d151_m037,digital skills,Italy,1.1,Adoption over time,Online activity: finding info,% individuals,s1,0.042365,0.0024605,0.015946,2247.9,103.73,7479.7,1555,1.5751e+05,-31.733,0.83294,0.79953,0.039375,0.033858,-15.768,-17.864,0.39449,0.38254,0.82193,0.79967,0.040653,0.035112,19,19,7.8051e-05,2.829e-05,4.9761e-05,19,0,18,0,0,0,0.93104,1,1,y,y,y,y,y,y,y,m,y,m,y,,,,,0,,,1,1,0,0,0,0,,1,1,0,0,0,0,169,,,,,,,,1,1,0,0,0,0,delete,,dig_ita_1.1_d151_m037
dig_ita_1.1Ado_d152_m037,digital skills,Italy,1.1,Adoption over time,Online activity: selling,% individuals,s1,0.090971,0.0015421,0.0058495,2036.2,48.306,0.60139,1555.1,1.5749e+05,-11.705,0.7884,0.74306,0.015578,0.014271,-4.6283,-5.3787,0.080342,0.072856,0.80307,0.77682,0.015028,0.013123,18,18,0.24211,0.028268,0.21384,18,0,17,0,0,0,0.89211,1,1,y,y,y,y,y,y,y,y,y,y,y,,,,,0,,,1,1,0,0,0,0,,1,1,0,0,0,0,170,,,,,,,,1,1,0,0,0,0,delete,,dig_ita_1.1_d152_m037
dig_ita_1.1Ado_d153_m037,digital skills,Italy,1.1,Adoption over time,Online activity: social networks,% individuals,s1,-0.13191,0.053697,0.022662,2216.6,-33.315,0.41607,0.76923,2028.6,-45.292,-1.674e-11,-0.42857,0.077276,0.062357,0.92166,0.90207,0.02163,0.018344,0.94533,0.93166,0.018068,0.014455,11,11,1.2784,0.63234,0.64604,12,0,10,0,0,0,0.90694,1,1,n,y,y,y,y,y,y,y,y,n,y,,,,* fit error - check *,0,,,0,1,0,0,0,0,,1,1,0,0,0,0,171,check,,,,,,,1,1,0,0,0,0,delete,,dig_ita_1.1_d153_m037
dig_ita_2.9Int_d004_m028,digital skills,Italy,2.9,Inter-dependence with hardware,% households with a computer,%,s1,0.26892,0.0027294,0.018968,2001.2,16.341,0.67885,1554.9,1.575e+05,-37.587,0.97071,0.96671,0.028144,0.023768,-10.971,-12.012,0.56894,0.54466,0.79519,0.77738,0.074417,0.063119,26,26,1.048,0.246,0.80201,27,10,25,1,0,0,0.96842,1,1,y,y,y,y,y,y,y,y,y,y,y,,,,,0,,,1,1,,,,,,1,1,0,0,0,1,173,,,,,,,,1,1,0,0,0,1,,,dig_ita_2.9_d004_m028
dig_nor_1.1Ado_d148_m037,digital skills,Norway,1.1,Adoption over time,Online activity: banking,% individuals,s1,0.24092,0.0030396,0.022572,2002.7,18.24,0.95858,1555,1.575e+05,-44.609,0.99536,0.99449,0.0095237,0.0083767,-34.156,-38.292,0.82865,0.81678,0.86735,0.85174,0.050901,0.042017,20,20,1.0028,0.507,0.49584,20,1,19,0,0,0,0.95717,1,1,y,y,y,y,y,y,y,y,y,y,y,,,,,0,,,1,1,0,0,0,0,,1,1,0,0,0,0,174,,,,,,,,1,1,0,0,0,0,delete,,dig_nor_1.1_d148_m037
dig_nor_1.1Ado_d149_m037,digital skills,Norway,1.1,Adoption over time,Online activity: doing online course,% individuals,s1,0.12427,0.12427,0.013285,2117.3,35.361,35397,1.8982,2038.2,-26.642,0.96726,0.95635,0.012657,0.0097433,0.96726,0.96071,0.012657,0.0097433,0.89131,0.86957,0.023061,0.019493,13,13,7.4553e-06,1.1131e-06,6.3423e-06,16,0,12,0,0,0,0.84079,1,1,y,y,y,y,y,y,y,m,y,m,y,,,,,0,,,1,1,0,0,0,0,,1,1,0,0,0,0,175,,,,,,,,1,1,0,0,0,0,delete,,dig_nor_1.1_d149_m037
dig_nor_1.1Ado_d150_m037,digital skills,Norway,1.1,Adoption over time,Online activity: emailing,% individuals,s1,-0.34075,0.0024696,0.016518,2378.2,-12.896,0.84956,1555.2,1.5748e+05,-32.395,-2.3093e-14,-0.2,0.10326,0.087327,-67.686,-76.272,0.85581,0.84956,0.89241,0.87896,0.033871,0.029467,19,19,1.1373,0.75804,0.37926,20,1,18,0,0,0,0.95195,1,1,n,y,y,y,y,y,y,y,y,n,y,,,,* fit error - check *,0,,,0,1,0,0,0,0,,1,1,0,0,0,0,176,check,,,,,,,1,1,0,0,0,0,delete,,dig_nor_1.1_d150_m037
dig_nor_1.1Ado_d151_m037,digital skills,Norway,1.1,Adoption over time,Online activity: finding info,% individuals,s1,0.15155,0.017703,0.014879,1998.8,28.997,0.94917,0.096179,1892.1,-29.129,0.88834,0.86864,0.032808,0.026953,0.82346,0.80384,0.041254,0.034108,0.84202,0.82446,0.039025,0.032785,21,21,1.0075,0.64625,0.36126,21,1,20,0,0,0,0.95334,1,1,y,y,y,y,y,y,y,y,y,y,y,,,,,0,,,1,1,0,0,0,0,,1,1,0,0,0,0,177,,,,,,,,1,1,0,0,0,0,delete,,dig_nor_1.1_d151_m037
dig_nor_1.1Ado_d152_m037,digital skills,Norway,1.1,Adoption over time,Online activity: selling,% individuals,s1,0.32992,0.08005,0.019704,2010.3,13.32,0.36327,1.0687,2033.4,-39.436,0.95993,0.95242,0.023554,0.019232,0.8429,0.82441,0.046638,0.041226,0.93242,0.92447,0.030588,0.024539,20,20,1.0832,0.094419,0.98879,20,1,19,0,0,0,0.93329,1,1,y,y,y,y,y,y,y,y,y,y,y,,,,,0,,,1,1,0,0,0,0,,1,1,0,0,0,0,178,,,,,,,,1,1,0,0,0,0,delete,,dig_nor_1.1_d152_m037
dig_nor_1.1Ado_d153_m037,digital skills,Norway,1.1,Adoption over time,Online activity: social networks,% individuals,s1,0.18328,0.035188,0.028042,2008.8,23.976,0.98346,1.1893,2028.9,-55.773,0.98783,0.98261,0.010472,0.0087753,0.9373,0.92162,0.023771,0.018068,0.95913,0.94892,0.01919,0.013931,11,11,0.91158,0.59951,0.31206,12,0,10,0,0,0,0.91501,1,1,y,y,y,y,y,y,y,y,y,y,y,,,,,0,,,1,1,0,0,0,0,,1,1,0,0,0,0,179,,,,,,,,1,1,0,0,0,0,delete,,dig_nor_1.1_d153_m037
dig_nor_2.9Int_d004_m028,digital skills,Norway,2.9,Inter-dependence with hardware,% households with a computer,%,s1,0.13851,0.0031965,0.024041,1997,31.727,1.0333,1554.9,1.5749e+05,-47.459,0.96664,0.96075,0.029395,0.021318,-23.724,-26.471,0.80025,0.7839,0.93106,0.9234,0.042258,0.031692,21,21,0.94416,0.37743,0.56672,23,1,20,0,0,0,0.9593,1,1,y,y,y,y,y,y,y,y,y,y,y,,,,,0,,,1,1,,,,,,1,1,0,0,0,1,181,,,,,,,,1,1,0,0,0,1,,,dig_nor_2.9_d004_m028
dig_pol_1.1Ado_d148_m037,digital skills,Poland,1.1,Adoption over time,Online activity: banking,% individuals,s1,0.21109,0.0035768,0.027755,2012.8,20.818,0.6033,1554.6,1.5754e+05,-55.567,0.96738,0.96085,0.02771,0.022923,-3.9341,-4.5508,0.34078,0.30429,0.98191,0.97965,0.020635,0.01563,19,19,0.92076,0.066799,0.85397,19,0,18,0,0,0,0.92468,1,1,y,y,y,y,y,y,y,y,y,y,y,,,,,0,,,1,1,0,0,0,0,,1,1,0,0,0,0,182,,,,,,,,1,1,0,0,0,0,delete,,dig_pol_1.1_d148_m037
dig_pol_1.1Ado_d149_m037,digital skills,Poland,1.1,Adoption over time,Online activity: doing online course,% individuals,s1,0.15611,0.1561,0.0055907,2082.5,28.149,1258.4,3.516,2044.9,-11.222,0.86578,0.80826,0.011296,0.0079909,0.86578,0.83223,0.011296,0.0079907,0.76564,0.70706,0.014927,0.010967,11,11,9.1223e-05,1.033e-05,8.0893e-05,15,1,9,0,0,0,0.83341,1,1,y,y,y,y,y,y,y,m,y,m,y,,,,,0,,,1,1,0,0,0,0,,1,1,0,0,0,0,183,,,,,,,,1,1,0,0,0,0,delete,,dig_pol_1.1_d149_m037
dig_pol_1.1Ado_d150_m037,digital skills,Poland,1.1,Adoption over time,Online activity: emailing,% individuals,s1,0.21229,0.0034158,0.026241,2007.6,20.7,0.69794,1554.7,1.5753e+05,-52.333,0.97355,0.96788,0.024555,0.021389,-10.709,-12.271,0.51661,0.49406,0.94963,0.94292,0.033882,0.026721,18,18,0.99221,0.27596,0.71625,19,0,17,0,0,0,0.94406,1,1,y,y,y,y,y,y,y,y,y,y,y,,,,,0,,,1,1,0,0,0,0,,1,1,0,0,0,0,184,,,,,,,,1,1,0,0,0,0,delete,,dig_pol_1.1_d150_m037
dig_pol_1.1Ado_d151_m037,digital skills,Poland,1.1,Adoption over time,Online activity: finding info,% individuals,s1,0.1885,0.058067,0.028591,2010.2,23.313,0.74532,1.4887,2034.5,-57.107,0.95059,0.94132,0.037794,0.027844,0.88493,0.87139,0.057676,0.04958,0.94022,0.93319,0.04157,0.034143,20,20,0.99621,0.19763,0.79858,20,1,19,0,0,0,0.94695,1,1,y,y,y,y,y,y,y,y,y,y,y,,,,,0,,,1,1,0,0,0,0,,1,1,0,0,0,0,185,,,,,,,,1,1,0,0,0,0,delete,,dig_pol_1.1_d151_m037
dig_pol_1.1Ado_d152_m037,digital skills,Poland,1.1,Adoption over time,Online activity: selling,% individuals,s1,0.33428,0.064234,0.0069807,2009.4,13.146,0.13843,6.4071e-26,1147.7,-13.959,0.86754,0.84105,0.015733,0.012221,0.67631,0.63585,0.024594,0.019974,0.78231,0.7551,0.020169,0.016401,19,19,1.1255,0.06935,1.0561,19,6,18,1,0,1,0.93688,1,1,y,y,y,y,y,y,y,y,y,y,y,,,,,0,,,1,1,0,0,0,0,,1,1,0,0,0,0,186,,,,,,,,1,1,0,0,0,0,delete,,dig_pol_1.1_d152_m037
dig_pol_1.1Ado_d153_m037,digital skills,Poland,1.1,Adoption over time,Online activity: social networks,% individuals,s1,0.067991,0.0033164,0.025216,2038.2,64.633,2.4316,1554.8,1.5754e+05,-50.39,0.973,0.96143,0.013979,0.010648,-30.458,-38.322,0.47715,0.4695,0.96574,0.95717,0.015747,0.011448,11,11,0.24926,0.14513,0.10413,12,0,9,0,1,0,0.89965,1,1,y,y,y,y,y,y,y,m,y,m,y,,,,,0,,,1,1,0,0,0,0,,1,1,0,0,0,0,187,,,,,,,,1,1,0,0,0,0,delete,,dig_pol_1.1_d153_m037
dig_pol_2.9Int_d004_m028,digital skills,Poland,2.9,Inter-dependence with hardware,% households with a computer,%,s1,0.31138,0.0044591,0.037382,2005.2,14.113,0.83096,1554.4,1.5754e+05,-74.538,0.99586,0.99504,0.013756,0.011496,-7.8449,-8.9505,0.63614,0.5991,0.91627,0.90581,0.061892,0.052927,19,19,1.0003,0.22745,0.7729,19,0,18,0,0,0,0.95029,1,1,y,y,y,y,y,y,y,y,y,y,y,,,,,0,,,1,1,,,,,,1,1,0,0,0,1,189,,,,,,,,1,1,0,0,0,1,,,dig_pol_2.9_d004_m028
dig_por_1.1Ado_d148_m037,digital skills,Portugal,1.1,Adoption over time,Online activity: banking,% individuals,s1,0.10412,0.10175,0.025048,2052,42.207,13.634,1.2116,2029.3,-50.151,0.98466,0.98178,0.018418,0.013932,0.98463,0.98283,0.018431,0.013926,0.94353,0.93689,0.035334,0.0259,20,20,0.042137,0.0044594,0.037678,20,0,19,0,0,0,0.89948,1,1,y,y,y,y,y,y,y,m,y,m,y,,,,,0,,,1,1,0,0,0,0,,1,1,0,0,0,0,190,,,,,,,,1,1,0,0,0,0,delete,,dig_por_1.1_d148_m037
dig_por_1.1Ado_d149_m037,digital skills,Portugal,1.1,Adoption over time,Online activity: doing online course,% individuals,s1,0.22432,-0.097117,0.010046,2038.7,19.59,8.1795,0.4054,-66.306,-20.174,0.87167,0.82889,0.021515,0.016391,-1.0971,-1.5165,0.086974,0.062908,0.69133,0.6296,0.033368,0.0277,13,13,0.024635,0.0013082,0.023327,16,1,12,0,0,1,0.80154,1,1,y,y,y,y,y,y,y,m,y,m,y,,,,,0,,,1,1,0,0,0,0,,1,1,0,0,0,0,191,,,,,,,,1,1,0,0,0,0,delete,,dig_por_1.1_d149_m037
dig_por_1.1Ado_d150_m037,digital skills,Portugal,1.1,Adoption over time,Online activity: emailing,% individuals,s1,0.16064,0.054963,0.027688,2009.3,27.356,0.80269,1.6872,2036.1,-55.237,0.98494,0.98193,0.020243,0.016167,0.94302,0.9359,0.039378,0.031816,0.98245,0.98026,0.021854,0.017022,19,19,0.92477,0.24779,0.67697,20,0,18,0,0,0,0.93895,1,1,y,y,y,y,y,y,y,y,y,y,y,,,,,0,,,1,1,0,0,0,0,,1,1,0,0,0,0,192,,,,,,,,1,1,0,0,0,0,delete,,dig_por_1.1_d150_m037
dig_por_1.1Ado_d151_m037,digital skills,Portugal,1.1,Adoption over time,Online activity: finding info,% individuals,s1,0.13953,0.05323,0.027151,2010.8,31.494,0.8697,2.285,2042.8,-54.164,0.98534,0.98275,0.020072,0.015207,0.94847,0.94274,0.037631,0.029909,0.98367,0.98185,0.021186,0.016734,21,21,0.84144,0.24169,0.59975,21,0,20,0,0,0,0.94489,1,1,y,y,y,y,y,y,y,y,y,y,y,,,,,0,,,1,1,0,0,0,0,,1,1,0,0,0,0,193,,,,,,,,1,1,0,0,0,0,delete,,dig_por_1.1_d151_m037
dig_por_1.1Ado_d152_m037,digital skills,Portugal,1.1,Adoption over time,Online activity: selling,% individuals,s1,0.58332,0.10287,0.0058546,2012.3,7.5336,0.092278,1.0584e-08,1864.5,-11.733,0.9831,0.97948,0.0046227,0.0038269,0.83614,0.81429,0.014396,0.012814,0.9168,0.90571,0.010258,0.0086642,18,18,1.0674,0.057435,1.01,20,1,17,0,0,0,0.93205,1,1,y,y,y,y,y,y,y,y,y,y,y,,,,,0,,,1,1,0,0,0,0,,1,1,0,0,0,0,194,,,,,,,,1,1,0,0,0,0,delete,,dig_por_1.1_d152_m037
dig_por_1.1Ado_d153_m037,digital skills,Portugal,1.1,Adoption over time,Online activity: social networks,% individuals,s1,0.23754,0.054581,0.030203,2011.7,18.5,0.72043,0.94143,2027.4,-60.378,0.98927,0.98468,0.010567,0.008765,0.92794,0.90992,0.027389,0.020021,0.96322,0.95403,0.019566,0.015315,11,11,0.92611,0.43738,0.48873,12,0,10,0,0,0,0.91446,1,1,y,y,y,y,y,y,y,y,y,y,y,,,,,0,,,1,1,0,0,0,0,,1,1,0,0,0,0,195,,,,,,,,1,1,0,0,0,0,delete,,dig_por_1.1_d153_m037
dig_por_2.9Int_d004_m028,digital skills,Portugal,2.9,Inter-dependence with hardware,% households with a computer,%,s1,0.20112,0.0038986,0.031109,2004.3,21.85,0.78167,1554.5,1.5752e+05,-61.966,0.99349,0.99246,0.01681,0.012073,-4.4435,-4.9878,0.48612,0.4392,0.98088,0.97897,0.028808,0.024172,23,23,0.91459,0.14072,0.77387,23,0,22,0,0,0,0.94926,1,1,y,y,y,y,y,y,y,y,y,y,y,,,,,0,,,1,1,,,,,,1,1,0,0,0,1,197,,,,,,,,1,1,0,0,0,1,,,dig_por_2.9_d004_m028
dig_swe_1.1Ado_d148_m037,digital skills,Sweden,1.1,Adoption over time,Online activity: banking,% individuals,s1,0.30679,0.0031033,0.02317,2004,14.324,0.85247,1554.9,1.5751e+05,-45.909,0.98611,0.9835,0.017701,0.013989,-23.081,-25.914,0.73698,0.72151,0.79146,0.76693,0.068582,0.058565,20,20,1.0143,0.44987,0.56448,20,5,19,1,0,0,0.95966,1,1,y,y,y,y,y,y,y,y,y,y,y,,,,,0,,,1,1,0,0,0,0,,1,1,0,0,0,0,198,,,,,,,,1,1,0,0,0,0,delete,,dig_swe_1.1_d148_m037
dig_swe_1.1Ado_d149_m037,digital skills,Sweden,1.1,Adoption over time,Online activity: doing online course,% individuals,s1,0.21357,0.14751,0.015769,2021.6,20.577,0.51324,0.41631,2024.8,-31.649,0.92452,0.89936,0.023255,0.018608,0.91714,0.90056,0.024366,0.019567,0.85758,0.82909,0.031944,0.026032,13,13,0.52374,0.04988,0.47386,16,1,12,0,0,1,0.86494,1,1,y,y,y,y,y,y,y,y,y,y,y,,,,,0,,,1,1,0,0,0,0,,1,1,0,0,0,0,199,,,,,,,,1,1,0,0,0,0,delete,,dig_swe_1.1_d149_m037
dig_swe_1.1Ado_d150_m037,digital skills,Sweden,1.1,Adoption over time,Online activity: emailing,% individuals,s1,0.19635,0.017957,0.014971,1999.2,22.381,0.91166,3.8762,2100,-29.318,0.94161,0.93067,0.024693,0.019061,0.79461,0.77044,0.046313,0.039961,0.82516,0.80459,0.04273,0.037007,20,20,0.99621,0.62721,0.369,21,5,19,1,0,0,0.9557,1,1,y,y,y,y,y,y,y,y,y,y,y,,,,,0,,,1,1,0,0,0,0,,1,1,0,0,0,0,200,,,,,,,,1,1,0,0,0,0,delete,,dig_swe_1.1_d150_m037
dig_swe_1.1Ado_d151_m037,digital skills,Sweden,1.1,Adoption over time,Online activity: finding info,% individuals,s1,0.15651,0.014628,0.011674,1996.9,28.079,0.87521,2.9173,2103.1,-22.716,0.83526,0.8078,0.034394,0.026234,0.74472,0.71784,0.042816,0.034941,0.76392,0.73907,0.041174,0.033546,22,22,1.0138,0.67732,0.33649,22,1,19,0,0,0,0.95473,1,1,y,y,y,y,y,y,y,y,y,y,y,,,,,0,,,1,1,0,0,0,0,,1,1,0,0,0,0,201,,,,,,,,1,1,0,0,0,0,delete,,dig_swe_1.1_d151_m037
dig_swe_1.1Ado_d152_m037,digital skills,Sweden,1.1,Adoption over time,Online activity: selling,% individuals,s1,0.10703,0.06194,0.010663,2016.8,41.056,0.43607,3.8855,2063.8,-21.287,0.84375,0.81445,0.027281,0.024633,0.83425,0.81475,0.028098,0.024301,0.85765,0.84091,0.026039,0.023509,20,20,0.64393,0.091957,0.55197,21,2,19,0,0,0,0.93192,1,1,y,y,y,y,y,y,y,y,y,y,y,,,,,0,,,1,1,0,0,0,0,,1,1,0,0,0,0,202,,,,,,,,1,1,0,0,0,0,delete,,dig_swe_1.1_d152_m037
dig_swe_1.1Ado_d153_m037,digital skills,Sweden,1.1,Adoption over time,Online activity: social networks,% individuals,s1,0.29885,0.024277,0.016793,2008.1,14.705,0.73984,0.13955,1952.4,-33.2,0.90439,0.86341,0.019653,0.017019,0.73926,0.67408,0.032455,0.029616,0.7673,0.70912,0.03066,0.027881,11,11,0.98535,0.72394,0.26141,12,2,10,1,0,0,0.91894,1,1,y,y,y,y,y,y,y,y,y,y,y,,,,,0,,,1,1,0,0,0,0,,1,1,0,0,0,0,203,,,,,,,,1,1,0,0,0,0,delete,,dig_swe_1.1_d153_m037
dig_swe_2.9Int_d004_m028,digital skills,Sweden,2.9,Inter-dependence with hardware,% households with a computer,%,s1,0.28729,0.029801,0.024658,1997.3,15.296,0.9072,0.98083,2015,-48.703,0.98103,0.97768,0.022848,0.019241,0.74577,0.71752,0.083634,0.069902,0.81031,0.78923,0.072242,0.059427,21,21,1.0173,0.35273,0.66457,21,4,20,1,0,0,0.96347,1,1,y,y,y,y,y,y,y,y,y,y,y,,,,,0,,,1,1,,,,,,1,1,0,0,0,1,205,,,,,,,,1,1,0,0,0,1,,,dig_swe_2.9_d004_m028
dow_swi_1.1Ado_d191_m087,downsizing,Switzerland,1.1,Adoption over time,Share of people living in a small dwelling with high wellbeing,% people,b10,0.20989,0.16256,0.00266,2025.2,20.936,0.075453,4.3553,2053.5,-5.354,0.98713,0.94853,0.0004311,0.00036973,0.98638,0.97277,0.00044349,0.00040289,0.97973,0.95946,0.00054111,0.000416,5,5,0.29157,0.15771,0.13386,5,0,4,0,0,0,0.77169,1,1,y,n,y,y,y,y,y,m,y,n,n,1,,,,0,,original,1,1,0,0,0,0,,1,1,0,0,0,0,207,,,,,,,,1,1,0,0,0,0,delete,,dow_swi_1.1_d191_m087
dri_glo_3.3Leg_d235_m020,drivers licence,Global,3.3,Risk & Uncertainty (Shared Expectations),scientific publications,# publications,b9,0.52212,0.18566,3.8416,2019.7,8.4166,426.59,0.014262,1968.6,-7628.8,0.87574,0.86843,34.868,15.091,0.84453,0.83855,39.002,14.33,0.38008,0.35624,77.882,52.526,55,34,1.1627,0.0023442,1.1604,43,2,42,0,0,1,0.85432,0,0,y,y,y,y,y,y,y,y,y,y,y,,,,"good; only available global, apply to all EA regions",0,,,1,1,0,0,1,1,,1,1,0,0,1,1,211,,,,,,,,1,1,0,0,1,1,,,dri_glo_3.3_d235_m020
dri_sto_1.1Ado_d007_m045,drivers licence,Stockholm,1.1,Adoption over Time,"% of 18-19yr age group holding a drivers licence, by gender",% of 18-19yr old females,b9,-0.92567,0.032258,-0.0068741,1994.9,-4.7473,328.82,-4.2318,3105.8,13.874,0.99927,0.99708,0.0018687,0.0014419,-0.28305,-1.5661,0.078288,0.036771,0.49459,-0.010815,0.049136,0.041715,5,5,0.00053221,5.08e-06,0.00052713,21,4,3,0,1,1,0.010018,1,1,y,m,y,y,y,y,m,m,y,m,m,,,,* data error - missing data?,0,,,0,0,0,0,0,0,,1,1,0,0,0,0,213,check,check,,,,,,1,1,0,0,0,0,delete,,dri_sto_3.2_d007_m045
dri_sto_1.1Ado_d007_m046,drivers licence,Stockholm,1.1,Adoption over Time,"% of 18-19yr age group holding a drivers licence, by gender",% of 18-19yr old males,b9,-0.94072,-0.016873,-0.011887,1995.8,-4.6714,255.11,-1329,-5.9056e+05,23.991,0.99956,0.99824,0.0025006,0.0019356,-0.27652,-1.553,0.13464,0.062665,0.49749,-0.0050229,0.084476,0.071755,5,5,0.0011799,1.0489e-05,0.0011694,21,4,3,0,1,1,0.0091913,1,1,y,m,y,y,y,y,m,m,y,m,m,,,,* data error - missing data?,0,,,0,0,0,0,0,0,,1,1,0,0,0,0,214,check,check,,,,,,1,1,0,0,0,0,delete,,dri_sto_3.2_d007_m046
dri_sto_1.1Ado_d008_m048,drivers licence,Stockholm,1.1,Adoption over Time,% of 18-19yr age group in 2003 holding a drivers licence,% of 18-19yr olds in 2003 cohort,b9,-0.08856,0.0020636,0.011816,2451.2,-49.621,0.45238,1555.1,1.5749e+05,-23.333,-3.9662e-12,-3,0.11251,0.085982,-16.167,-33.333,0.46616,0.45238,0.55148,0.10297,0.075349,0.063955,5,5,1.2394,0.52484,0.71452,21,0,4,0,0,1,0.78866,1,1,n,m,y,y,y,y,y,y,y,n,m,,,,*needs sign reversal * negative slope = LED innovation,0,,,0,1,0,0,0,0,,0,1,0,0,0,0,215,,,,,,,,0,1,0,0,0,0,delete,,dri_sto_3.2_d008_m048
dri_sto_1.1Ado_d031_m072,drivers licence,Stockholm,1.1,Adoption over Time,% of population holding a drivers licence,% of population,b9,-0.00011746,-0.00010085,-5.3361e-05,-13366,-37411,3.7855,0.56004,1540.6,0.6414,0.0037638,-2.9849,0.0061621,0.0055958,0.0037694,-0.99246,0.006162,0.0055958,0.0037354,-0.99253,0.0061621,0.0055959,5,5,0.14317,0.13917,0.0039982,21,0,1,0,1,0,0.79465,1,1,n,m,y,y,y,y,y,m,m,n,m,,,,*needs sign reversal * negative slope = LED innovation,0,,,0,1,0,0,0,0,,1,1,0,0,0,0,216,check,,,,,,,1,1,0,0,0,0,delete,,dri_sto_1.1_d031_m072
dri_swe_1.1Ado_d031_m072,drivers licence,Sweden,1.1,Adoption over Time,% of population holding a drivers licence,% of population,b9,1.3446,0.0012141,0.00096677,1986.3,3.2683,0.8,0.17332,746.87,-1.1399,1,1,3.7468e-09,3.7425e-09,0.77033,,0.0045183,0.0042591,0.77341,,0.0044879,0.0042296,3,3,1,0.975,0.025,22,1,2,1,0,0,0.66935,1,1,y,m,y,y,y,y,m,m,y,m,m,,,,*needs sign reversal * negative slope = LED innovation,0,,,0,1,0,0,0,0,,0,1,0,0,0,0,219,,,,,,,,0,1,0,0,0,0,delete,,dri_swe_1.1_d031_m072
dri_usa_1.1Ado_d030_m072,drivers licence,US,1.1,Adoption over time,% of population (residents) holding a drivers licence,% of population,b9,-0.018048,0.0012346,0.0031067,3697.1,-243.48,0.63642,1555.2,1.5742e+05,-5.5491,-2.8599e-13,-0.050847,0.06455,0.053211,-97.205,-100.48,0.63968,0.63642,0.76595,0.75815,0.031229,0.027826,63,63,1.1093,0.77469,0.33459,63,0,62,0,0,0,0.98557,1,1,n,y,y,y,y,y,y,y,y,n,y,,,,*needs sign reversal * negative slope = LED innovation,0,,,0,1,0,1,0,0,,0,1,0,1,0,0,221,,,,,,,,0,1,0,1,0,0,,,dri_usa_4.3_d030_m072
dri_usa_2.2Rel_d051_m125,drivers licence,US,2.2,Relative Advantage (profitability),Average cost of mile traveled by bus / car,bus/car cost per mile traveled,b9,0.22464,0.010593,0.0075206,1998.5,19.563,0.72714,0.18661,1891.1,-14.459,0.54721,0.44272,0.044062,0.029971,0.37192,0.28219,0.051895,0.034375,0.38961,0.30241,0.051159,0.033317,17,17,1.0793,0.78984,0.28942,19,4,16,1,0,0,0.95555,1,1,m,y,y,y,y,y,y,y,y,m,y,,,,,0,,,,1,,,,,,1,1,0,0,0,1,222,,,,,,,,1,1,0,0,0,1,,,dri_usa_2.2_d051_m125
dri_usa_2.2Rel_d055_m026,drivers licence,US,2.2,Relative Advantage (profitability),Average total cost of mile traveled by bus,$ (constant 2022),b9,0.10122,0.0021684,0.01276,2009.1,43.413,0.54245,1555,1.575e+05,-25.364,0.99091,0.98882,0.0066512,0.0055446,-20.421,-23.481,0.32292,0.31529,0.98784,0.98611,0.0076924,0.0055572,17,17,0.77227,0.38578,0.38648,19,0,16,0,0,0,0.93706,1,1,y,y,y,y,y,y,y,y,y,y,y,,,,,0,,,1,1,,,,,,1,1,0,0,0,0,223,,,,,,,,1,1,0,0,0,0,delete,,dri_usa_2.2_d055_m026
dri_usa_2.2Rel_d056_m026,drivers licence,US,2.2,Relative Advantage (profitability),Average total cost of mile traveled by car,$ (constant 2022),b9,0.033059,0.0023437,0.014741,2326.5,132.93,14654,1555,1.5749e+05,-29.201,0.89445,0.87582,0.031015,0.022339,-22.911,-25.568,0.46681,0.45694,0.87423,0.86025,0.033856,0.021976,21,21,4.9132e-05,2.1143e-05,2.799e-05,21,0,20,0,0,0,0.93019,1,1,y,y,y,y,y,y,y,m,y,m,y,,,,,0,,,,1,,,,,,1,1,0,0,0,0,224,,,,,,,,1,1,0,0,0,0,delete,,dri_usa_2.2_d056_m026
dri_usa_2.2Rel_d105_m131,drivers licence,US,2.2,Relative Advantage (profitability),Fuel efficiency (VMT per gallon),index (1989=1),b9,0.028013,0.0077988,0.0076289,1958.4,156.87,1.3665,6.5383,2238.1,-14.228,0.90882,0.90419,0.044219,0.03492,0.88224,0.87831,0.050254,0.041248,0.8974,0.89398,0.046907,0.038396,63,63,0.85328,0.54884,0.30444,63,0,50,0,1,0,0.98334,0,1,y,y,y,y,y,y,y,y,y,y,y,,,,,0,,,1,1,,,,,,1,1,0,0,0,0,225,,,,,,,,1,1,0,0,0,0,delete,,dri_usa_2.2_d105_m131
dri_usa_2.3Rel_d208_m069,drivers licence,US,2.3,Relative Advantage (Co-Benefits),Traffic death rates,% of licensed drivers,b9,-0.0065663,,-4.6624e-06,745.27,-669.24,0.87291,,,0.0095505,0.50157,0.38654,2.6085e-05,1.6432e-05,,,,,0.88995,0.87422,1.2257e-05,1.0224e-05,17,17,0.00040279,0.00020575,0.00019704,29,16,0,0,0,0,0.91349,1,1,m,y,y,y,y,y,y,m,y,m,y,,,,,0,,,,1,,,,,,1,1,0,0,0,0,226,,,,,,,,1,1,0,0,0,0,delete,,dri_usa_2.3_d208_m069
dri_usa_2.9Int_d124_m131,drivers licence,US,2.9,Inter-dependence with Hardware,Motor fuel consumption,index (1989=1),b9,0.058448,0.013664,0.014717,1971.8,75.186,1.4247,0.92135,1986.2,-28.289,0.96314,0.96127,0.05337,0.045064,0.87233,0.86807,0.099333,0.078457,0.92667,0.92423,0.07528,0.059045,63,63,0.96163,0.30884,0.65278,63,3,62,0,0,0,0.98566,0,1,y,y,y,y,y,y,y,y,y,y,y,,,,,0,,,1,1,,,,,,1,1,0,0,0,1,227,,,,,,,,1,1,0,0,0,1,,,dri_usa_2.9_d124_m131
dri_usa_2.9Int_d198_m143,drivers licence,US,2.9,Inter-dependence with Hardware,Total number of vehicles registered,million vehicles,b9,0.050866,0.017431,3.3895,1981.5,86.393,309.93,6.1063,1797.8,-6563,0.99369,0.99337,4.9237,4.3744,0.94654,0.94476,14.329,12.851,0.98911,0.98875,6.4659,5.7872,63,63,0.9131,0.23876,0.67434,63,0,62,0,0,0,0.98204,0,0,y,y,y,y,y,y,y,y,y,y,y,,,,,0,,,1,1,,,,,,1,1,0,0,0,1,228,,,,,,,,1,1,0,0,0,1,,,dri_usa_2.9_d198_m143
dri_usa_3.2Adc_d011_m050,drivers licence,US,3.2,Adopter characteristics,% of age cohort 18 yrs in 1978 holding a drivers licence,% of 18yr olds in 1978,b9,0.41219,0.0011129,0.0021156,1973.7,10.661,0.93459,1555.5,1.5742e+05,-3.3266,0.99756,0.99512,0.0023729,0.0016643,-362.12,-543.68,0.91582,0.91456,0.49423,0.24135,0.034179,0.027189,7,7,1.0036,0.85278,0.15087,45,1,6,0,0,0,0.8701,1,1,y,y,y,y,y,y,y,m,y,m,y,,,,,0,,,,1,,,,,,0,1,0,0,0,0,229,,,,,,,,0,1,0,0,0,0,delete,,dri_usa_3.2_d011_m050
dri_usa_3.2Adc_d012_m051,drivers licence,US,3.2,Adopter characteristics,% of age cohort 18 yrs in 1988 holding a drivers licence,% of 18yr olds in 1988,b9,8.4277,0.0069052,0.0062562,1987.9,0.52143,0.93079,4.2925,2239,-11.689,0.98884,0.9721,0.01187,0.0082294,0.46723,0.11205,0.082009,0.063242,0.49239,0.15399,0.080049,0.062662,6,6,1.0265,0.67792,0.3486,35,4,5,1,0,0,0.8561,1,1,y,y,y,y,y,y,y,y,y,y,y,,,,,0,,,1,1,,,,,,0,1,0,0,0,0,230,check,,,,,,,1,1,0,0,0,0,delete,,dri_usa_3.2_d012_m051
dri_usa_3.2Adc_d013_m052,drivers licence,US,3.2,Adopter characteristics,% of age cohort 18 yrs in 2008 holding a drivers licence,% of 18yr olds in 2008,b9,-0.083132,0.0026862,0.018764,2456.9,-52.861,0.82907,1555.2,1.575e+05,-37.023,-3.3757e-11,,0.10291,0.087533,-64.898,-196.69,0.83543,0.82907,0.98694,0.96083,0.01176,0.0096661,4,4,1.0931,0.78884,0.30428,15,0,3,0,0,0,0.76864,1,1,n,m,y,y,y,y,y,y,y,n,m,,,,,0,,,,,,,,,,0,1,0,0,0,0,231,,,,,,,,0,1,0,0,0,0,delete,,dri_usa_3.2_d013_m052
dri_usa_3.2Adc_d014_m053,drivers licence,US,3.2,Adopter characteristics,% of age cohort 18 yrs in 2019 holding a drivers licence,% of 18yr olds in 2019,b9,0.33682,0.005666,0.050773,2016.7,13.047,0.89938,1554.1,1.5762e+05,-101.89,1,1,1.4721e-10,1.2837e-10,-117.39,,0.69071,0.68779,0.99516,,0.0044184,0.0040907,3,3,0.85655,0.68491,0.17163,4,0,2,0,0,0,0.65577,1,1,y,n,y,y,y,y,m,m,y,n,n,,,,,0,,,,,,,,,,1,1,0,0,0,0,232,,,,,,,,1,1,0,0,0,0,delete,,dri_usa_3.2_d014_m053
dri_usa_3.2Adc_d032_m042,drivers licence,US,3.2,Adopter characteristics,"% of population holding a drivers licence, by age group",% of 16yr olds,b9,-0.064251,-0.014538,-0.0054538,2020.3,-68.395,0.50181,2.9568,1855.2,11.278,0.96405,0.93709,0.017743,0.012073,0.9016,0.86224,0.029354,0.021859,0.93324,0.90654,0.024179,0.016733,8,8,0.92067,0.49596,0.42471,45,6,0,1,0,0,0.86819,1,1,y,y,y,y,y,y,y,y,y,y,y,,,,,0,,,1,1,,,,,,1,1,0,0,0,0,233,,,,,,,,1,1,0,0,0,0,delete,,dri_usa_3.2_d032_m042
dri_usa_3.2Adc_d032_m043,drivers licence,US,3.2,Adopter characteristics,"% of population holding a drivers licence, by age group",% of 17yr olds,b9,-0.0092333,-0.0092314,-0.0048884,1079.4,-475.94,2646.7,5.4514,1749.2,10.321,0.62644,0.34627,0.063041,0.041381,0.62644,0.47702,0.063041,0.04138,0.61712,0.46397,0.063822,0.042372,8,8,0.00026221,0.00016235,9.9859e-05,45,7,0,0,0,0,0.83987,1,1,m,y,y,y,y,y,y,m,y,m,y,,,,,0,,,,1,,,,,,1,1,0,0,0,0,234,,,,,,,,1,1,0,0,0,0,delete,,dri_usa_3.2_d032_m043
dri_usa_3.2Adc_d032_m049,drivers licence,US,3.2,Adopter characteristics,"% of population holding a drivers licence, by age group",% of 18yr olds,b9,-0.0063183,-0.006307,-0.0042911,999.68,-695.51,380.35,0.1967,2197.4,9.2692,0.70609,0.48566,0.045922,0.032018,0.70609,0.58853,0.045922,0.032018,0.7051,0.58714,0.046,0.032109,8,8,0.0021138,0.0015249,0.00058893,45,6,1,1,0,0,0.85988,1,1,y,y,y,y,y,y,y,m,y,m,y,,,,,0,,,,1,,,,,,1,1,0,0,0,0,235,,,,,,,,1,1,0,0,0,0,delete,,dri_usa_3.2_d032_m049
dri_usa_3.2Adc_d032_m054,drivers licence,US,3.2,Adopter characteristics,"% of population holding a drivers licence, by age group",% of 19yr olds,b9,0.01868,-0.0050108,-0.0038449,279.48,235.25,0.7637,0.89527,1969.6,8.4612,-6.2624e-11,-0.75,0.067791,0.056688,0.88313,0.83639,0.023175,0.018139,0.88384,0.83737,0.023105,0.01725,8,8,1.1431,0.88647,0.25665,45,6,1,1,0,0,0.87098,1,1,n,y,y,y,y,y,y,y,y,n,y,,,,,0,,,,1,,,,,,0,1,0,0,0,0,236,,,,,,,,0,1,0,0,0,0,delete,,dri_usa_3.2_d032_m054
dri_usa_3.2Adc_d032_m055,drivers licence,US,3.2,Adopter characteristics,"% of population holding a drivers licence, by age group",% of 20-24 yr olds,b9,-0.008377,-0.0038488,-0.0032878,2020,-524.58,1.5833,1.1679,1919.2,7.4332,0.9621,0.93367,0.010817,0.0098363,0.96158,0.94622,0.01089,0.0096286,0.96213,0.94698,0.010813,0.0097805,8,8,0.58801,0.48656,0.10146,45,7,0,0,0,0,0.87402,1,1,y,y,y,y,y,y,y,m,y,m,y,,,,,0,,,,1,,,,,,1,1,0,0,0,0,237,,,,,,,,1,1,0,0,0,0,delete,,dri_usa_3.2_d032_m055
dri_usa_3.2Adc_d032_m056,drivers licence,US,3.2,Adopter characteristics,"% of population holding a drivers licence, by age group",% of 25-29 yr olds,b9,-0.0034173,-0.0033574,-3.0565e-05,820.52,-1285.9,0.52554,0.14303,1181.9,0.070316,0.80952,0.66666,0.00024639,0.00022764,0.80959,0.73343,0.00024635,0.00022763,0.80534,0.72748,0.00024908,0.00022991,8,8,0.019237,0.015965,0.0032728,45,7,1,0,0,0,0.86353,1,1,y,y,y,y,y,y,y,m,y,m,y,,,,,0,,,,1,,,,,,1,1,0,0,0,0,238,,,,,,,,1,1,0,0,0,0,delete,,dri_usa_3.2_d032_m056
dri_usa_3.2Adc_d032_m057,drivers licence,US,3.2,Adopter characteristics,"% of population holding a drivers licence, by age group",% of <=19 yr olds,b9,-0.075899,0.00033889,-0.0063917,2024.5,-57.899,0.67678,1555.5,1.5742e+05,13.326,0.59835,0.29712,0.092151,0.083982,-13.3,-19.019,0.54985,0.53027,0.5309,0.34326,0.09959,0.090787,8,8,1.1821,0.48908,0.69299,45,5,1,1,0,0,0.85176,1,1,m,y,y,y,y,y,y,y,y,m,y,,,,,0,,,,1,,,,,,1,1,0,0,0,0,239,,,,,,,,1,1,0,0,0,0,delete,,dri_usa_3.2_d032_m057
dri_usa_3.2Adc_d033_m065,drivers licence,US,3.2,Adopter characteristics,"% of population holding a drivers licence, by gender",% of female population,b9,-0.01787,0.0013376,0.0043526,4076.9,-245.91,0.79508,1555.3,1.5741e+05,-7.8775,-5.2731e-12,-0.053571,0.085541,0.069542,-86.392,-89.459,0.79967,0.79508,0.77652,0.76868,0.040438,0.03566,60,60,1.1054,0.72255,0.38288,60,0,59,0,0,0,0.98557,1,1,n,y,y,y,y,y,y,y,y,n,y,,,,,0,,,,1,,,,,,0,1,0,0,0,0,240,,,,,,,,0,1,0,0,0,0,delete,,dri_usa_3.2_d033_m065
dri_usa_3.2Adc_d033_m070,drivers licence,US,3.2,Adopter characteristics,"% of population holding a drivers licence, by gender",% of male population,b9,-0.018262,0.00073867,-0.001779,2111.9,-240.63,1.0557,1555.5,1.5739e+05,4.4893,0.91468,0.91011,0.0094831,0.0075253,-846.62,-876.37,0.94522,0.94466,0.90049,0.897,0.010242,0.0078867,60,60,0.93901,0.83772,0.10128,60,55,8,0,1,0,0.98349,1,1,y,y,y,y,y,y,y,m,y,m,y,,,,,0,,,,1,,,,,,1,1,0,0,0,0,241,,,,,,,,1,1,0,0,0,0,delete,,dri_usa_3.2_d033_m070
dri_usa_3.2Adc_d334_m185,drivers licence,US,3.2,Adopter characteristics,share of teenagers with drivers licenses,market share,b9,-0.075899,0.00033889,-0.0063917,2024.5,-57.899,0.67678,1555.5,1.5742e+05,13.326,0.59835,0.29712,0.092151,0.083982,-13.3,-19.019,0.54985,0.53027,0.5309,0.34326,0.09959,0.090787,8,8,1.1821,0.48908,0.69299,45,5,1,1,0,0,0.85176,1,1,m,y,y,y,y,y,y,y,y,m,y,,,,* should be 1.1 Adoption over Time + *needs sign reversal * negative slope = LED innovation,0,,,1,1,0,1,0,0,,1,1,0,1,0,0,242,,,,,,,,1,1,0,1,0,0,,,dri_usa_3.2_d334_m185
dri_usa_4.2Kme_d143_m014,drivers licence,US,4.2,Knowledge Flows (Mass Media),"Number of times ""Drivers license"" appears in books",# mentions,b9,0.0082801,0.0053216,1.153e-10,1978.5,530.72,1.3924e-08,0.0028337,10672,-2.2142e-07,0.21102,0.16875,2.4967e-09,1.9773e-09,-5.6728,-5.9069,7.2609e-09,6.6948e-09,0.5046,0.48721,1.9784e-09,1.621e-09,60,60,1,0.25027,0.74973,60,5,57,0,0,0,0.97105,1,1,n,y,y,y,y,y,y,y,y,n,y,,,,,0,,,,1,,,,,,1,1,0,0,0,0,245,,,,,,,,1,1,0,0,0,0,delete,,dri_usa_4.2_d143_m014
dri_usa_4.2Kme_d255_m165,drivers licence,US,4.2,Knowledge Flows (Mass Media),"Partial up to max Number of times ""Drivers license"" appears in books",Partial up to max # mentions,b9,0.0069292,0.018173,9.456e-11,2006.3,634.19,1.4094e-08,12.137,3155.8,-1.8062e-07,0.17689,0.1294,2.2018e-09,1.6485e-09,0.47279,0.4529,1.7621e-09,1.4266e-09,0.39664,0.37387,1.8851e-09,1.5011e-09,56,56,0.98795,0.24726,0.74069,56,1,53,0,0,0,0.95529,1,1,n,y,y,y,y,y,y,y,y,n,y,,,,,0,,,,1,,,,,,1,1,0,0,0,1,246,,,,,,,,1,1,0,0,0,1,,,dri_usa_4.2_d255_m165
dri_usa_4.3Com_d211_m124,drivers licence,US,4.3,Compatibility,Vehicle Miles of Travel (VMT),billions,b9,0.061538,0.021592,43977,1983.1,71.41,3.58e+06,72.209,1518.7,-8.5428e+07,0.99232,0.99199,83262,60841,0.91945,0.91718,2.6959e+05,2.2558e+05,0.97795,0.97733,1.4105e+05,1.1323e+05,74,74,0.91523,0.11857,0.79666,74,3,73,0,0,0,0.9836,0,0,y,y,y,y,y,y,y,y,y,y,y,,,,,0,,,1,1,,,,,,1,1,0,0,0,1,247,,,,,,,,1,1,0,0,0,1,,,dri_usa_4.3_d211_m124
dri_usa_4.5Inf_d199_m141,drivers licence,US,4.5,Infrastructure Dependence,Total public road mileage,million miles,b9,0.028898,0.0028307,10974,1906.2,152.07,4.2889e+06,5876.3,-303.82,-1.7949e+07,0.95943,0.95769,49027,42656,0.91838,0.91608,69538,55072,0.92738,0.92534,65590,52791,74,74,0.98333,0.77245,0.21088,74,0,72,0,0,0,0.98682,0,0,y,y,y,y,y,y,y,y,y,y,y,,,,,0,,,1,1,,,,,,1,1,0,0,0,1,248,,,,,,,,1,1,0,0,0,1,,,dri_usa_4.5_d199_m141
dri_was_1.1Ado_d030_m072,drivers licence,Washington DC,1.1,Adoption over time,% of population (residents) holding a drivers licence,% of population,b9,0.021512,0.0084288,0.0047707,1967.4,204.28,0.9463,0.60916,1997.5,-8.9128,0.86167,0.85574,0.040849,0.033401,0.85108,0.84689,0.042383,0.03442,0.86085,0.85693,0.040971,0.033156,74,74,0.8205,0.39726,0.42324,74,2,73,0,0,0,0.98402,1,1,y,y,y,y,y,y,y,y,y,y,y,,,,*needs sign reversal * negative slope = LED innovation,0,,,1,1,0,1,0,0,,1,1,0,1,0,0,249,,,,,,,,1,1,0,1,0,0,,,dri_was_4.3_d030_m072
dri_was_3.2Adc_d032_m055,drivers licence,Washington DC,3.2,Adopter characteristics,"% of population holding a drivers licence, by age group",% of 20-24 yr olds,b9,-0.051167,-0.00121,-0.023009,1756.8,-85.885,1.8549e+05,-1544.4,-1.5267e+05,46.743,0.98882,0.95526,0.022825,0.021204,-3.7241,-8.4481,0.46909,0.41649,0.94381,0.88763,0.051158,0.042152,5,5,4.4391e-06,1.3428e-06,3.0962e-06,25,4,1,0,0,0,0.58555,1,1,y,m,y,y,y,y,m,m,y,m,m,,,,,0,,,,,,,,,,1,1,0,0,0,0,250,,,,,,,,1,1,0,0,0,0,delete,,dri_was_3.2_d032_m055
dri_was_3.2Adc_d032_m057,drivers licence,Washington DC,3.2,Adopter characteristics,"% of population holding a drivers licence, by age group",% of <=19 yr olds,b9,-0.14227,-0.053496,-0.012033,1912.6,-30.888,61328,-1544.9,-1.5262e+05,24.32,0.9963,0.98519,0.0072609,0.006048,-0.59679,-2.1936,0.15078,0.092178,0.84453,0.68906,0.047048,0.034591,5,5,5.3417e-06,2.5565e-07,5.0861e-06,25,4,1,0,0,1,0.22605,1,1,y,m,y,y,y,y,m,m,y,m,m,,,,,0,,,,,,,,,,1,1,0,0,0,0,251,,,,,,,,1,1,0,0,0,0,delete,,dri_was_3.2_d032_m057
dri_was_3.2Adc_d033_m065,drivers licence,Washington DC,3.2,Adopter characteristics,"% of population holding a drivers licence, by gender",% of female population,b9,0.011993,0.011992,0.0092807,2826.8,366.42,14283,4.2766,2150.3,-17.853,0.79296,0.17183,0.043915,0.040946,0.79296,0.58592,0.043915,0.040946,0.76787,0.53575,0.046499,0.042484,5,5,6.8541e-05,5.0529e-05,1.8012e-05,25,0,3,0,1,0,0.78303,1,1,y,m,y,y,y,y,y,m,y,m,m,,,,,0,,,,,,,,,,1,1,0,0,0,0,252,,,,,,,,1,1,0,0,0,0,delete,,dri_was_3.2_d033_m065
dri_was_3.2Adc_d033_m070,drivers licence,Washington DC,3.2,Adopter characteristics,"% of population holding a drivers licence, by gender",% of male population,b9,0.0036751,0.0036734,0.0032036,4084.2,1195.7,1838.6,3.4298,2374.6,-5.5396,0.26003,-1.9599,0.050012,0.040584,0.26003,-0.47993,0.050011,0.040584,0.25214,-0.49572,0.050278,0.040739,5,5,0.00052182,0.00043538,8.6446e-05,25,2,3,1,1,0,0.78495,1,1,n,m,y,y,y,y,y,m,m,n,m,,,,,0,,,,,,,,,,1,1,0,0,0,0,253,,,,,,,,1,1,0,0,0,0,delete,,dri_was_3.2_d033_m070
dri_was_3.2Adc_d334_m185,drivers licence,Washington DC,3.2,Adopter characteristics,share of teenagers with drivers licenses,market share,b9,-0.14227,-0.053496,-0.012033,1912.6,-30.888,61328,-1544.9,-1.5262e+05,24.32,0.9963,0.98519,0.0072609,0.006048,-0.59679,-2.1936,0.15078,0.092178,0.84453,0.68906,0.047048,0.034591,5,5,5.3417e-06,2.5565e-07,5.0861e-06,25,4,1,0,0,1,0.22605,1,1,y,m,y,y,y,y,m,m,y,m,m,,,,* should be 1.1 Adoption over Time + *needs sign reversal * negative slope = LED innovation,0,,,1,1,0,1,0,0,,1,1,0,1,0,0,254,,,,,,,,1,1,0,1,0,0,,,dri_was_3.2_d334_m185
eat_ger_1.1Ado_d038_m038,eating less meat,Germany,1.1,Adoption over time,% red in total meat consumption,% kg/yr,b1,-0.010721,0.00075227,-0.0023733,1032,-409.88,7031.2,1555.1,1.5743e+05,4.9684,0.82404,0.81304,0.016871,0.013012,-33.426,-34.831,0.23598,0.23252,0.78436,0.77556,0.018676,0.014878,52,52,4.5942e-05,2.4956e-05,2.0987e-05,52,51,16,0,1,0,0.9741,1,1,y,y,y,y,y,y,y,m,y,m,y,1,,,*needs sign reversal * negative slope = LED innovation,0,,,1,1,0,0,0,0,,1,1,0,0,0,0,256,,,,,,,,1,1,0,0,0,0,delete,,eat_ger_1.1_d038_m038
eat_ger_1.1Ado_d228_m137,eating less meat,Germany,1.1,Adoption over time,per capita total meat consumption,kg/yr,b1,-0.097442,-0.0018464,-0.16673,2040.2,-45.098,90.439,152.53,1696.1,420.48,0.30356,0.26003,4.8462,3.9859,0.18051,0.14707,5.2569,4.273,0.18567,0.15243,5.2404,4.2576,52,52,1.1023,0.84687,0.25541,52,34,0,1,0,0,0.98478,0,1,m,y,y,y,y,y,y,y,m,m,m,2,,,*needs sign reversal * negative slope = LED innovation,0,,,1,1,0,0,0,0,,1,1,0,0,0,0,262,,,,,,,,1,1,0,0,0,0,delete,,eat_ger_1.1_d228_m137
eat_ind_1.1Ado_d228_m137,eating less meat,India,1.1,Adoption over time,per capita total meat consumption,kg/yr,b1,0.0055923,0.0027449,0.022242,3548.1,785.81,23954,1556.5,1.5729e+05,-40.309,0.50794,0.47718,0.33245,0.21638,-73.945,-77.004,4.1028,4.0754,0.49613,0.47556,0.33641,0.21617,52,52,0.0002534,0.00014935,0.00010406,52,1,49,0,0,0,0.97308,0,1,m,y,y,y,y,y,y,m,y,m,y,1,,,*needs sign reversal * negative slope = LED innovation,0,,,,1,,,0,0,,1,1,0,0,0,0,328,,,,,,,,1,1,0,0,0,0,delete,,eat_ind_1.1_d228_m137
eat_ind_1.1Ado_d258_m166,eating less meat,India,1.1,Adoption over time,Partial up to max % red in total meat consumption,Partial up to max % kg/yr,b1,,,-0.0071459,,,,,,14.944,,,,,,,,,1,1,8.1961e-16,7.2164e-16,2,2,,,,2,1,0,0,0,0,0.49998,1,1,n,n,y,y,y,y,m,m,y,n,n,,,,,0,,transformed-partial,,,,,0,0,,1,1,0,0,0,0,331,,,,,,,,1,1,0,0,0,0,delete,,eat_ind_1.1_d258_m166
eat_ind_1.1Ado_d259_m167,eating less meat,India,1.1,Adoption over time,Partial max and after % red in total meat consumption,Partial max and after % kg/yr,b1,-0.077646,-0.036062,-0.011395,2012.3,-56.596,0.91215,-1544.4,-1.5261e+05,23.408,0.95416,0.9513,0.03858,0.022405,-13.81,-14.415,0.69348,0.66966,0.90068,0.89663,0.056789,0.04913,52,52,0.95054,0.34518,0.60536,52,51,4,0,0,0,0.97941,1,1,y,y,y,y,y,y,y,y,y,y,y,,,,,0,,transformed-partial,1,1,,,0,0,,1,1,0,0,0,0,332,,,,,,,,1,1,0,0,0,0,delete,,eat_ind_1.1_d259_m167
eat_ind_1.1Ado_d260_m170,eating less meat,India,1.1,Adoption over time,Partial up to max per capita beef consumption,Partial up to max Kg/yr,b1,0.0046749,0.0046688,0.010866,3394.5,940.01,1780.9,4.6546,2122.9,-19.127,0.5374,0.39862,0.040839,0.031418,0.5374,0.4533,0.040839,0.031417,0.53222,0.44717,0.041067,0.031497,14,14,0.0014025,0.001287,0.00011557,14,1,11,0,1,0,0.92535,0,1,m,y,y,y,y,y,y,m,y,m,y,,,,,0,,transformed-partial,,1,,,0,0,,1,1,0,0,0,0,333,,,,,,,,1,1,0,0,0,0,delete,,eat_ind_1.1_d260_m170
eat_ind_1.1Ado_d261_m171,eating less meat,India,1.1,Adoption over time,Partial max and after per capita beef consumption,Partial max and after Kg/yr,b1,-0.033193,-0.0028796,-0.039091,1979,-132.39,5.5622,-1543.2,-1.5274e+05,80.06,0.71898,0.69557,0.28461,0.16599,-11.478,-12.153,1.8965,1.8189,0.70643,0.69056,0.29089,0.16143,40,40,0.44906,0.15102,0.29804,40,39,8,0,1,0,0.95622,0,1,y,y,y,y,y,y,y,y,y,y,y,,,,,0,,transformed-partial,1,1,,,0,0,,1,1,0,0,0,0,334,,,,,,,,1,1,0,0,0,0,delete,,eat_ind_1.1_d261_m171
eat_ind_1.1Ado_d262_m170,eating less meat,India,1.1,Adoption over time,Partial up to max per capita other meat consumption,Partial up to max kg/yr,b1,0.0090313,0.0090273,0.0011687,2829.8,486.58,293.62,16.357,2510.4,-2.1779,0.24891,0.023581,0.0082668,0.0068562,0.24891,0.11235,0.0082668,0.0068561,0.24395,0.10649,0.0082941,0.0069035,14,14,0.00051246,0.000407,0.00010545,14,1,13,0,0,0,0.92917,1,1,n,y,y,y,y,y,y,m,m,n,m,,,,,0,,transformed-partial,,,,,0,0,,1,1,0,0,0,0,335,,,,,,,,1,1,0,0,0,0,delete,,eat_ind_1.1_d262_m170
eat_ind_1.1Ado_d263_m171,eating less meat,India,1.1,Adoption over time,Partial max and after per capita other meat consumption,Partial max and after kg/yr,b1,-9.2187,-0.036974,-0.0046166,2009.2,-0.47669,0.13938,5.3627e-05,2202.7,9.3373,0.99322,0.99266,0.0052609,0.0028664,0.55291,0.52875,0.042733,0.038197,0.6953,0.67883,0.035278,0.030345,40,28,1.0795,0.90715,0.17238,28,27,0,0,0,0,0.96379,1,1,y,y,y,y,y,y,y,m,y,m,y,,,,,0,,transformed-partial,,1,,,0,0,,0,1,0,0,0,0,336,,,,,,,,0,1,0,0,0,0,delete,,eat_ind_1.1_d263_m171
eat_ind_1.1Ado_d264_m170,eating less meat,India,1.1,Adoption over time,Partial up to max per capita pig consumption,Partial up to max Kg/yr,b1,0.020192,0.0017399,0.0080323,2374.7,217.64,1114.8,1554.8,1.5742e+05,-15.515,0.93641,0.92687,0.014547,0.011846,-48.327,-53.025,0.40517,0.40104,0.92893,0.92216,0.015379,0.012596,24,24,0.00043769,0.00027693,0.00016076,24,1,23,0,0,0,0.95697,1,1,y,y,y,y,y,y,y,m,y,m,y,,,,,0,,transformed-partial,,1,,,0,0,,1,1,0,0,0,0,337,,,,,,,,1,1,0,0,0,0,delete,,eat_ind_1.1_d264_m170
eat_ind_1.1Ado_d265_m171,eating less meat,India,1.1,Adoption over time,Partial max and after per capita pig consumption,Partial max and after Kg/yr,b1,-0.041858,-0.027295,-0.009741,1989.4,-104.98,1.0752,1.2234,1960.5,19.903,0.94238,0.93573,0.020928,0.017926,0.93921,0.93471,0.021495,0.018687,0.9352,0.9304,0.022194,0.018464,30,30,0.4538,0.21391,0.23989,30,29,0,0,0,0,0.96341,1,1,y,y,y,y,y,y,y,y,y,y,y,,,,,0,,transformed-partial,1,1,,,0,0,,1,1,0,0,0,0,338,,,,,,,,1,1,0,0,0,0,delete,,eat_ind_1.1_d265_m171
eat_ind_1.1Ado_d266_m170,eating less meat,India,1.1,Adoption over time,Partial up to max per capita poultry consumption,Partial up to max kg/yr,b1,0.086579,0.0064102,0.057363,2020.1,50.757,6.1502,1554.2,1.5752e+05,-113.44,0.98616,0.9853,0.10914,0.067554,-1.2202,-1.3108,1.3825,1.0249,0.86091,0.85523,0.34604,0.28993,52,52,0.52519,0.025925,0.49926,52,1,49,0,0,0,0.96117,0,1,y,y,y,y,y,y,y,y,y,y,y,,,,,0,,transformed-partial,1,1,,,0,0,,1,1,0,0,0,0,339,,,,,,,,1,1,0,0,0,0,delete,,eat_ind_1.1_d266_m170
eat_ind_1.1Ado_d267_m171,eating less meat,India,1.1,Adoption over time,Partial max and after per capita poultry consumption,Partial max and after kg/yr,b1,,,-0.6,,,,,,1215.2,,,,,,,,,1,1,7.99e-14,6.9056e-14,2,2,,,,2,1,0,0,0,0,0.48963,0,1,n,n,y,y,y,y,m,m,y,n,n,,,,,0,,transformed-partial,,,,,0,0,,1,1,0,0,0,0,340,,,,,,,,1,1,0,0,0,0,delete,,eat_ind_1.1_d267_m171
eat_ind_1.1Ado_d268_m170,eating less meat,India,1.1,Adoption over time,Partial up to max per capita sheep & goat consumption,Partial up to max Kg/yr,b1,0.0043051,0.0012062,0.0027657,3696.7,1020.7,1073,1555,1.5739e+05,-4.8143,0.3022,0.16264,0.023308,0.019233,-557.9,-627.76,0.65964,0.65905,0.29475,0.20659,0.023432,0.019333,19,19,0.00066218,0.00057803,8.4151e-05,19,1,11,0,1,0,0.9406,1,1,m,y,y,y,y,y,y,m,m,m,m,,,,,0,,transformed-partial,,,,,0,0,,1,1,0,0,0,0,341,,,,,,,,1,1,0,0,0,0,delete,,eat_ind_1.1_d268_m170
eat_ind_1.1Ado_d269_m171,eating less meat,India,1.1,Adoption over time,Partial max and after per capita sheep & goat consumption,Partial max and after Kg/yr,b1,-0.0073337,-0.007329,-0.0045885,1001.6,-599.21,977.51,0.45544,2047.6,9.8241,0.78929,0.7689,0.023998,0.014874,0.78929,0.77612,0.023998,0.014874,0.78574,0.77235,0.024199,0.015224,35,35,0.00072688,0.00052173,0.00020515,35,34,9,0,1,0,0.9693,1,1,y,y,y,y,y,y,y,m,y,m,y,,,,,0,,transformed-partial,,1,,,0,0,,1,1,0,0,0,0,342,,,,,,,,1,1,0,0,0,0,delete,,eat_ind_1.1_d269_m171
eat_jap_1.1Ado_d038_m038,eating less meat,Japan,1.1,Adoption over time,% red in total meat consumption,% kg/yr,b1,-0.019391,-0.0083265,-0.0019324,2009.3,-226.63,0.40892,0.11348,2080,4.0873,0.60172,0.57683,0.023566,0.019128,0.6004,0.58409,0.023605,0.019369,0.60324,0.58705,0.023521,0.01914,52,52,0.79705,0.41749,0.37956,52,51,0,0,0,0,0.97508,1,1,m,y,y,y,y,y,y,y,y,m,y,1,,,*needs sign reversal * negative slope = LED innovation,0,,,,1,,,0,0,,1,1,0,0,0,0,369,,,,,,,,1,1,0,0,0,0,delete,,eat_jap_1.1_d038_m038
eat_jap_1.1Ado_d228_m137,eating less meat,Japan,1.1,Adoption over time,per capita total meat consumption,kg/yr,b1,0.071994,0.015427,0.63308,1977.5,61.039,52.862,6.3403,1879.4,-1224.3,0.97337,0.9717,1.5995,1.1362,0.89384,0.88951,3.1933,2.6034,0.93979,0.93733,2.405,2.0111,52,52,1.0815,0.32661,0.75488,52,0,51,0,0,0,0.97826,0,1,y,y,y,y,y,y,y,y,y,y,y,1,,,*needs sign reversal * negative slope = LED innovation,0,,,1,1,,,0,0,,1,1,0,0,0,0,375,,,,,,,,1,1,0,0,0,0,delete,,eat_jap_1.1_d228_m137
eat_jap_1.1Ado_d256_m166,eating less meat,Japan,1.1,Adoption over time,Partial up to max % poultry+pig in total meat consumption,Partial up to max % kg/yr,b1,0.0025228,0.0011112,0.0019324,4302.5,1741.9,259.72,1555.3,1.5741e+05,-3.0873,0.60368,0.57891,0.023508,0.019095,-423.95,-441.3,0.76976,0.76886,0.60324,0.58705,0.023521,0.01914,52,52,0.0031929,0.0025954,0.00059759,52,0,51,0,0,0,0.98136,1,1,m,y,y,y,y,y,y,m,y,m,y,,,,,0,,,,1,,,0,0,,1,1,0,0,0,0,376,,,,,,,,1,1,0,0,0,0,delete,,eat_jap_1.1_d256_m166
eat_jap_1.1Ado_d257_m167,eating less meat,Japan,1.1,Adoption over time,Partial max and after % poultry+pig in total meat consumption,Partial max and after % kg/yr,b1,,,,,,,,,,,,,,,,,,,,,,1,1,,,,1,0,0,0,0,,,1,1,n,n,y,m,m,m,m,m,m,n,n,,,,,0,,,,,,,0,0,,0,0,0,0,0,0,377,,,,,,,,0,0,0,0,0,0,delete,,eat_jap_1.1_d257_m167
eat_jap_1.1Ado_d258_m166,eating less meat,Japan,1.1,Adoption over time,Partial up to max % red in total meat consumption,Partial up to max % kg/yr,b1,,,-0.0094379,,,,,,18.919,,,,,,,,,1,1,3.3613e-15,3.3584e-15,2,2,,,,2,1,0,0,0,0,0.49978,1,1,n,n,y,y,y,y,m,m,y,n,n,,,,,0,,,,,,,0,0,,0,1,0,0,0,0,378,,,,,,,,0,1,0,0,0,0,delete,,eat_jap_1.1_d258_m166
eat_jap_1.1Ado_d259_m167,eating less meat,Japan,1.1,Adoption over time,Partial max and after % red in total meat consumption,Partial max and after % kg/yr,b1,-0.019391,-0.0083265,-0.0019324,2009.3,-226.63,0.40892,0.11348,2080,4.0873,0.60172,0.57683,0.023566,0.019128,0.6004,0.58409,0.023605,0.019369,0.60324,0.58705,0.023521,0.01914,52,52,0.79705,0.41749,0.37956,52,51,0,0,0,0,0.97508,1,1,m,y,y,y,y,y,y,y,y,m,y,,,,,0,,,,1,,,0,0,,1,1,0,0,0,0,379,,,,,,,,1,1,0,0,0,0,delete,,eat_jap_1.1_d259_m167
eat_jap_1.1Ado_d260_m170,eating less meat,Japan,1.1,Adoption over time,Partial up to max per capita beef consumption,Partial up to max Kg/yr,b1,0.087765,0.042589,0.30206,1988.2,50.071,15.45,9.7641,1995.2,-592.8,0.97054,0.96739,0.48881,0.34893,0.94433,0.9405,0.67195,0.45931,0.95896,0.95613,0.57699,0.43947,32,32,0.73283,0.1853,0.54753,32,1,31,0,0,0,0.96647,0,1,y,y,y,y,y,y,y,y,y,y,y,,,,,0,,,1,1,,,0,0,,1,1,0,0,0,0,380,,,,,,,,1,1,0,0,0,0,delete,,eat_jap_1.1_d260_m170
eat_jap_1.1Ado_d261_m171,eating less meat,Japan,1.1,Adoption over time,Partial max and after per capita beef consumption,Partial max and after Kg/yr,b1,-0.00064922,-0.00063817,-0.0055381,-4316.4,-6768.8,565.26,9.6152,1932.3,20.281,0.0026246,-0.1636,0.70289,0.55788,0.002627,-0.10236,0.70289,0.55787,0.0024921,-0.10251,0.70294,0.55745,22,22,0.02003,0.014721,0.0053089,22,21,17,0,1,0,0.9392,0,1,n,y,y,y,y,y,y,m,m,n,m,,,,,0,,,,,,,0,0,,1,1,0,0,0,0,381,,,,,,,,1,1,0,0,0,0,delete,,eat_jap_1.1_d261_m171
eat_jap_1.1Ado_d262_m170,eating less meat,Japan,1.1,Adoption over time,Partial up to max per capita other meat consumption,Partial up to max kg/yr,b1,-42.246,-0.0012148,-0.020913,1974.1,-0.10402,1.7258,-1543.6,-1.5262e+05,42.938,0.88903,0.55611,0.019651,0.01459,-828.51,-1658,1.699,1.698,0.25135,-0.4973,0.051042,0.045203,5,5,1.0164,0.91943,0.096998,5,1,0,1,0,0,0.80903,0,1,y,n,y,y,y,y,y,m,m,n,n,,,,,0,,,,,,,0,0,,0,1,0,0,0,0,382,,,,,,,,0,1,0,0,0,0,delete,,eat_jap_1.1_d262_m170
eat_jap_1.1Ado_d263_m171,eating less meat,Japan,1.1,Adoption over time,Partial max and after per capita other meat consumption,Partial max and after kg/yr,b1,-0.078744,-0.078743,-0.027755,1835.4,-55.807,86717,0.58276,1986.6,55.884,0.98643,0.98553,0.052128,0.041493,0.98643,0.98585,0.052127,0.041493,0.76912,0.75908,0.21505,0.17304,49,49,2.0228e-05,1.0379e-06,1.919e-05,49,48,8,0,1,0,0.91865,0,1,y,y,y,y,y,y,y,m,y,m,y,,,,,0,,,,1,,,0,0,,1,1,0,0,0,0,383,,,,,,,,1,1,0,0,0,0,delete,,eat_jap_1.1_d263_m171
eat_jap_1.1Ado_d264_m170,eating less meat,Japan,1.1,Adoption over time,Partial up to max per capita pig consumption,Partial up to max Kg/yr,b1,0.059276,0.015845,0.2676,1979.1,74.136,23.421,7.2636,1946.1,-517.67,0.96904,0.96707,0.71038,0.56409,0.91289,0.90926,1.1917,0.93494,0.95177,0.94977,0.88664,0.70489,51,51,0.9466,0.29824,0.64836,51,1,50,0,0,0,0.98079,0,1,y,y,y,y,y,y,y,y,y,y,y,,,,,0,,,1,1,,,0,0,,1,1,0,0,0,0,384,,,,,,,,1,1,0,0,0,0,delete,,eat_jap_1.1_d264_m170
eat_jap_1.1Ado_d265_m171,eating less meat,Japan,1.1,Adoption over time,Partial max and after per capita pig consumption,Partial max and after Kg/yr,b1,-0.0053131,-0.005266,-0.115,1133.3,-827.09,2461.9,33.259,1941.1,254.25,0.2744,2.4512,0.15307,0.14431,0.27441,,0.15306,0.14431,0.27306,,0.15321,0.14444,3,3,0.0090051,0.0088263,0.00017872,3,2,1,0,1,0,0.6633,0,1,n,n,y,y,y,y,m,m,m,n,n,,,,,0,,,,,,,0,0,,1,1,0,0,0,0,385,,,,,,,,1,1,0,0,0,0,delete,,eat_jap_1.1_d265_m171
eat_jap_1.1Ado_d266_m170,eating less meat,Japan,1.1,Adoption over time,Partial up to max per capita poultry consumption,Partial up to max kg/yr,b1,0.058183,0.020182,0.29304,1986.6,75.528,22.996,7.985,1969.9,-570.79,0.93134,0.92705,1.191,0.8883,0.90054,0.89648,1.4334,1.1896,0.93627,0.93367,1.1474,0.91426,52,52,1.1076,0.20235,0.90521,52,0,51,0,0,0,0.96855,0,1,y,y,y,y,y,y,y,y,y,y,y,,,,,0,,,1,1,,,0,0,,1,1,0,0,0,0,386,,,,,,,,1,1,0,0,0,0,delete,,eat_jap_1.1_d266_m170
eat_jap_1.1Ado_d267_m171,eating less meat,Japan,1.1,Adoption over time,Partial max and after per capita poultry consumption,Partial max and after kg/yr,b1,,,,,,,,,,,,,,,,,,,,,,1,1,,,,1,0,0,0,0,,,0,1,n,n,y,m,m,m,m,m,m,n,n,,,,,0,,,,,,,0,0,,0,0,0,0,0,0,387,,,,,,,,0,0,0,0,0,0,delete,,eat_jap_1.1_d267_m171
eat_jap_1.1Ado_d268_m170,eating less meat,Japan,1.1,Adoption over time,Partial up to max per capita sheep & goat consumption,Partial up to max Kg/yr,b1,1.7633,0.051505,0.065644,1969.2,2.4921,1.2819,4.6656,1997.8,-128.21,0.67618,,0.067741,0.054769,0.35979,-0.92063,0.095248,0.085438,0.38011,-0.85968,0.093725,0.083839,4,4,1.0759,0.81349,0.26245,4,1,3,1,0,0,0.77705,0,1,m,n,y,y,y,y,y,y,y,n,n,,,,,0,,,,,,,0,0,,0,1,0,0,0,0,388,,,,,,,,0,1,0,0,0,0,delete,,eat_jap_1.1_d268_m170
eat_jap_1.1Ado_d269_m171,eating less meat,Japan,1.1,Adoption over time,Partial max and after per capita sheep & goat consumption,Partial max and after Kg/yr,b1,-0.058777,-0.054375,-0.022371,1942.1,-74.765,8.8449,3.8123,1952.4,45.128,0.93458,0.93031,0.090998,0.059278,0.93428,0.93148,0.091206,0.058842,0.82342,0.81591,0.1495,0.12411,50,50,0.15594,0.013567,0.14237,50,49,0,0,0,0,0.92879,0,1,y,y,y,y,y,y,y,m,y,m,y,,,,,0,,,,1,,,0,0,,1,1,0,0,0,0,389,,,,,,,,1,1,0,0,0,0,delete,,eat_jap_1.1_d269_m171
eat_jap_1.1Ado_d270_m170,eating less meat,Japan,1.1,Adoption over time,Partial up to max per capita total meat consumption,Partial up to max kg/yr,b1,0.071994,0.015427,0.63308,1977.5,61.039,52.862,6.3403,1879.4,-1224.3,0.97337,0.9717,1.5995,1.1362,0.89384,0.88951,3.1933,2.6034,0.93979,0.93733,2.405,2.0111,52,52,1.0815,0.32661,0.75488,52,0,51,0,0,0,0.97826,0,1,y,y,y,y,y,y,y,y,y,y,y,,,,,0,,,1,1,,,0,0,,1,1,0,0,0,0,390,,,,,,,,1,1,0,0,0,0,delete,,eat_jap_1.1_d270_m170
eat_jap_1.1Ado_d271_m171,eating less meat,Japan,1.1,Adoption over time,Partial max and after per capita total meat consumption,Partial max and after kg/yr,b1,,,,,,,,,,,,,,,,,,,,,,1,1,,,,1,0,0,0,0,,,0,1,n,n,y,m,m,m,m,m,m,n,n,,,,,0,,,,,,,0,0,,0,0,0,0,0,0,391,,,,,,,,0,0,0,0,0,0,delete,,eat_jap_1.1_d271_m171
eat_uki_1.1Ado_d038_m038,eating less meat,UK,1.1,Adoption over time,% red in total meat consumption,% kg/yr,b1,-0.01104,0.00059214,-0.0039166,1083.3,-398.04,8467.6,1555.2,1.5742e+05,8.1787,0.9008,0.8946,0.019734,0.015046,-33.582,-34.993,0.36846,0.3631,0.88012,0.87523,0.021694,0.016436,52,52,5.7563e-05,3.2089e-05,2.5473e-05,52,46,2,0,0,0,0.97774,1,1,y,y,y,y,y,y,y,m,y,m,y,,,,*needs sign reversal * negative slope = LED innovation,0,,,,1,,,0,0,,1,1,0,0,0,0,416,,,,,,,,1,1,0,0,0,0,delete,,eat_uki_1.1_d038_m038
eat_uki_1.1Ado_d228_m137,eating less meat,UK,1.1,Adoption over time,per capita total meat consumption,kg/yr,b1,0.0041358,0.0041322,0.31308,3698.1,1062.5,86976,20.82,1682.1,-548.59,0.74769,0.73192,2.7369,2.1483,0.7477,0.7374,2.7369,2.1484,0.74368,0.73321,2.7586,2.1832,52,52,0.00098631,0.00077362,0.00021268,52,15,45,1,1,0,0.9798,0,1,y,y,y,y,y,y,y,m,y,m,y,,,,*needs sign reversal * negative slope = LED innovation,0,,,,1,,,0,0,,1,1,0,0,0,0,422,,,,,,,,1,1,0,0,0,0,delete,,eat_uki_1.1_d228_m137
eat_uki_1.1Ado_d256_m166,eating less meat,UK,1.1,Adoption over time,Partial up to max % poultry+pig in total meat consumption,Partial up to max % kg/yr,b1,0.042243,0.0061049,0.0039494,1952.2,104.03,0.75392,5.5189,2349.8,-7.2439,0.9114,0.90574,0.018482,0.014975,0.86084,0.85505,0.023162,0.017578,0.8766,0.87146,0.021811,0.016608,51,51,0.96599,0.67989,0.2861,51,1,45,0,0,0,0.98138,1,1,y,y,y,y,y,y,y,y,y,y,y,,,,,0,,,1,1,,,0,0,,1,1,0,0,0,0,423,,,,,,,,1,1,0,0,0,0,delete,,eat_uki_1.1_d256_m166
eat_uki_1.1Ado_d257_m167,eating less meat,UK,1.1,Adoption over time,Partial max and after % poultry+pig in total meat consumption,Partial max and after % kg/yr,b1,-0.0039364,-0.0038471,-0.0027253,1061.1,-1116.4,31.96,1.9343,1762,6.2222,0.032968,2.9341,0.012123,0.011429,0.032977,,0.012123,0.011429,0.032583,,0.012125,0.011432,3,3,0.022787,0.021897,0.00089006,3,2,1,0,1,0,0.65831,1,1,n,n,y,y,y,y,m,m,m,n,n,,,,,0,,,,,,,0,0,,1,1,0,0,0,0,424,,,,,,,,1,1,0,0,0,0,delete,,eat_uki_1.1_d257_m167
eat_uki_1.1Ado_d258_m166,eating less meat,UK,1.1,Adoption over time,Partial up to max % red in total meat consumption,Partial up to max % kg/yr,b1,4.8453e-05,0.00095743,1.9156e-05,41864,90696,3.6552,1554.9,1.574e+05,0.42436,6.3215e-06,-0.99999,0.015338,0.012217,-907.94,-1362.4,0.46241,0.46215,6.2398e-06,-0.49999,0.015338,0.012217,7,7,0.13335,0.11954,0.013812,7,1,3,1,1,0,0.85302,1,1,n,y,y,y,y,y,y,m,m,n,m,,,,,0,,,,,,,0,0,,1,1,0,0,0,0,425,,,,,,,,1,1,0,0,0,0,delete,,eat_uki_1.1_d258_m166
eat_uki_1.1Ado_d259_m167,eating less meat,UK,1.1,Adoption over time,Partial max and after % red in total meat consumption,Partial max and after % kg/yr,b1,-0.011357,0.00059844,-0.0038739,1071.4,-386.95,12957,1555.3,1.5742e+05,8.0931,0.87388,0.86508,0.020303,0.015379,-38.128,-39.906,0.35762,0.35302,0.84481,0.83775,0.022522,0.01715,47,47,3.7617e-05,2.097e-05,1.6647e-05,47,46,2,0,0,0,0.97313,1,1,y,y,y,y,y,y,y,m,y,m,y,,,,,0,,,,1,,,0,0,,1,1,0,0,0,0,426,,,,,,,,1,1,0,0,0,0,delete,,eat_uki_1.1_d259_m167
eat_uki_1.1Ado_d260_m170,eating less meat,UK,1.1,Adoption over time,Partial up to max per capita beef consumption,Partial up to max Kg/yr,b1,-0.00059872,-0.00050832,-0.011982,-917.55,-7339.7,157.53,26.401,1761.4,47.35,0.0007082,-0.99858,0.90235,0.73631,0.00070894,-0.49894,0.90235,0.73631,0.00070482,-0.49894,0.90235,0.73635,7,7,0.15767,0.13971,0.017961,7,1,3,1,1,0,0.85684,0,1,n,y,y,y,y,y,y,m,m,n,m,,,,,0,,,,,,,0,0,,1,1,0,0,0,0,427,,,,,,,,1,1,0,0,0,0,delete,,eat_uki_1.1_d260_m170
eat_uki_1.1Ado_d261_m171,eating less meat,UK,1.1,Adoption over time,Partial max and after per capita beef consumption,Partial max and after Kg/yr,b1,-0.0054056,-0.0054045,-0.1045,435.05,-812.94,93558,34.632,1896.7,228.88,0.37809,0.3347,1.8528,1.4063,0.37809,0.34983,1.8528,1.4063,0.36401,0.33511,1.8737,1.4255,47,47,0.00026548,0.00016419,0.0001013,47,46,25,0,1,0,0.97374,0,1,m,y,y,y,y,y,y,m,y,m,y,,,,,0,,,,1,,,0,0,,1,1,0,0,0,0,428,,,,,,,,1,1,0,0,0,0,delete,,eat_uki_1.1_d261_m171
eat_uki_1.1Ado_d262_m170,eating less meat,UK,1.1,Adoption over time,Partial up to max per capita other meat consumption,Partial up to max kg/yr,b1,0.070742,0.0023728,0.014534,2169.7,62.119,80246,1554.8,1.5745e+05,-28.501,0.49233,0.45425,0.25504,0.21043,-1.5322,-1.6558,0.56961,0.44308,0.26583,0.23002,0.3067,0.23143,44,44,2.0188e-05,1.4995e-06,1.8689e-05,44,1,25,0,1,1,0.86525,0,1,m,y,y,y,y,y,y,m,m,m,m,,,,,0,,,,,,,0,0,,1,1,0,0,0,0,429,,,,,,,,1,1,0,0,0,0,delete,,eat_uki_1.1_d262_m170
eat_uki_1.1Ado_d263_m171,eating less meat,UK,1.1,Adoption over time,Partial max and after per capita other meat consumption,Partial max and after kg/yr,b1,-0.054803,-0.0055642,-0.068909,1871.6,-80.186,3549.2,-1542.5,-1.5286e+05,140.24,0.67971,0.51957,0.13717,0.10456,-27.932,-36.198,1.3037,1.281,0.66682,0.57162,0.13991,0.10902,10,10,0.00045645,0.00024795,0.0002085,10,9,3,0,1,0,0.87562,0,1,m,y,y,y,y,y,y,m,y,m,y,,,,,0,,,,1,,,0,0,,1,1,0,0,0,0,430,,,,,,,,1,1,0,0,0,0,delete,,eat_uki_1.1_d263_m171
eat_uki_1.1Ado_d264_m170,eating less meat,UK,1.1,Adoption over time,Partial up to max per capita pig consumption,Partial up to max Kg/yr,b1,-0.051711,0.020345,0.58524,2366.5,-84.981,28.479,7.0291,1902.2,-1125,-3.7707e-09,3,0.62777,0.58209,0.57358,,0.40994,0.38648,0.57939,,0.40714,0.38385,3,3,1.0202,0.96934,0.050877,3,1,2,1,0,0,0.67294,0,1,n,n,y,y,y,y,m,m,y,n,n,,,,,0,,,,,,,0,0,,0,1,0,0,0,0,431,,,,,,,,0,1,0,0,0,0,delete,,eat_uki_1.1_d264_m170
eat_uki_1.1Ado_d265_m171,eating less meat,UK,1.1,Adoption over time,Partial max and after per capita pig consumption,Partial max and after Kg/yr,b1,-0.00067189,-0.00066913,-0.016859,-6155.2,-6540.5,6149.3,35.405,1512.4,59.269,0.054619,-0.0057246,1.041,0.80309,0.054623,0.015232,1.041,0.80308,0.053725,0.014296,1.0415,0.8028,51,51,0.0047248,0.0038695,0.00085528,51,50,46,0,0,0,0.97735,0,1,n,y,y,y,y,y,y,m,m,n,m,,,,,0,,,,,,,0,0,,1,1,0,0,0,0,432,,,,,,,,1,1,0,0,0,0,delete,,eat_uki_1.1_d265_m171
eat_uki_1.1Ado_d266_m170,eating less meat,UK,1.1,Adoption over time,Partial up to max per capita poultry consumption,Partial up to max kg/yr,b1,0.074857,0.021904,0.52668,1985.3,58.705,35.836,5.4322,1931.3,-1027.8,0.95764,0.95488,1.6176,1.4592,0.88645,0.88162,2.6483,2.367,0.93522,0.93246,2.0004,1.7649,50,50,0.96243,0.29419,0.66824,50,1,49,0,0,0,0.97677,0,1,y,y,y,y,y,y,y,y,y,y,y,,,,,0,,,1,1,,,0,0,,1,1,0,0,0,0,433,,,,,,,,1,1,0,0,0,0,delete,,eat_uki_1.1_d266_m170
eat_uki_1.1Ado_d267_m171,eating less meat,UK,1.1,Adoption over time,Partial max and after per capita poultry consumption,Partial max and after kg/yr,b1,-0.0042231,-0.0041986,-0.143,802.08,-1040.6,5875.4,55.257,1905,322.96,0.47786,,0.1674,0.1422,0.47787,-0.5664,0.1674,0.1422,0.47628,-0.57117,0.16765,0.1425,4,4,0.0058702,0.0057596,0.00011063,4,3,1,0,1,0,0.74788,0,1,m,n,y,y,y,y,y,m,y,n,n,,,,,0,,,,,,,0,0,,1,1,0,0,0,0,434,,,,,,,,1,1,0,0,0,0,delete,,eat_uki_1.1_d267_m171
eat_uki_1.1Ado_d268_m170,eating less meat,UK,1.1,Adoption over time,Partial up to max per capita sheep & goat consumption,Partial up to max Kg/yr,b1,0.082148,-0.017243,-0.17262,1673.3,53.494,9.8194,10.585,1966.6,350.06,-4.5686e-11,3,0.30546,0.25551,0.20882,,0.27171,0.25616,0.2129,,0.271,0.25551,3,3,1.039,0.9629,0.076126,3,1,0,1,0,0,0.67851,0,1,n,n,y,y,y,y,m,m,m,n,n,,,,,0,,,,,,,0,0,,0,1,0,0,0,0,435,,,,,,,,0,1,0,0,0,0,delete,,eat_uki_1.1_d268_m170
eat_uki_1.1Ado_d269_m171,eating less meat,UK,1.1,Adoption over time,Partial max and after per capita sheep & goat consumption,Partial max and after Kg/yr,b1,-0.041706,-0.013673,-0.088103,2012.2,-105.37,9.731,8.9198,1969.4,182.18,0.8656,0.85702,0.511,0.38191,0.84931,0.84303,0.5411,0.44522,0.8656,0.86,0.51101,0.40327,51,51,1.0485,0.37406,0.6744,51,50,0,0,0,0,0.97052,0,1,y,y,y,y,y,y,y,y,y,y,y,,,,,0,,,1,1,,,0,0,,1,1,0,0,0,0,436,,,,,,,,1,1,0,0,0,0,delete,,eat_uki_1.1_d269_m171
eat_uki_1.1Ado_d270_m170,eating less meat,UK,1.1,Adoption over time,Partial up to max per capita total meat consumption,Partial up to max kg/yr,b1,0.0050118,0.0050112,0.36064,3771.5,876.82,5.631e+05,19.02,1717.2,-642.94,0.65431,0.62381,2.9187,2.4008,0.65431,0.63456,2.9186,2.4008,0.63468,0.61381,3.0004,2.476,38,38,0.00015235,0.00011949,3.2851e-05,38,1,31,0,1,0,0.96988,0,1,m,y,y,y,y,y,y,m,y,m,y,,,,,0,,,,1,,,0,0,,1,1,0,0,0,0,437,,,,,,,,1,1,0,0,0,0,delete,,eat_uki_1.1_d270_m170
eat_uki_1.1Ado_d271_m171,eating less meat,UK,1.1,Adoption over time,Partial max and after per capita total meat consumption,Partial max and after kg/yr,b1,0.00077415,0.00075131,0.060649,6513.7,5676.5,2753.5,50.263,1362.2,-40.125,0.01434,-0.23208,2.3355,1.9596,0.014346,-0.13729,2.3355,1.9596,0.014125,-0.13755,2.3357,1.9602,16,16,0.031155,0.028487,0.0026676,16,15,7,0,1,0,0.93411,0,1,n,y,y,y,y,y,y,m,m,n,m,,,,,0,,,,,,,0,0,,1,1,0,0,0,0,438,,,,,,,,1,1,0,0,0,0,delete,,eat_uki_1.1_d271_m171
eat_usa_1.1Ado_d038_m038,eating less meat,US,1.1,Adoption over time,% red in total meat consumption,% kg/yr,b1,-0.012099,0.00051081,-0.0047322,1129.9,-363.21,13922,1555.3,1.5742e+05,9.8434,0.93329,0.92912,0.01921,0.014155,-28.97,-30.193,0.40716,0.40031,0.9119,0.9083,0.022076,0.016528,52,52,3.9998e-05,2.1904e-05,1.8094e-05,52,46,2,0,0,0,0.97837,1,1,y,y,y,y,y,y,y,m,y,m,y,,,,*needs sign reversal * negative slope = LED innovation,0,,,,1,,,0,0,,1,1,0,0,0,0,463,,,,,,,,1,1,0,0,0,0,delete,,eat_usa_1.1_d038_m038
eat_usa_1.1Ado_d228_m137,eating less meat,US,1.1,Adoption over time,per capita total meat consumption,kg/yr,b1,0.04098,0.0024172,0.28675,1926.3,107.23,125.52,37.4,1522.4,-454.77,0.61249,0.58827,3.5489,3.0052,0.56412,0.54633,3.7639,3.0661,0.56984,0.55228,3.7392,3.0505,52,52,1.0114,0.83652,0.17487,52,1,48,0,0,0,0.98003,0,0,m,y,y,y,y,y,y,m,y,m,y,,,,*needs sign reversal * negative slope = LED innovation,0,,,,1,,,0,0,,1,1,0,0,0,0,469,,,,,,,,1,1,0,0,0,0,delete,,eat_usa_1.1_d228_m137
eat_usa_1.1Ado_d256_m166,eating less meat,US,1.1,Adoption over time,Partial up to max % poultry+pig in total meat consumption,Partial up to max % kg/yr,b1,0.044585,0.0078642,0.0048057,1960.1,98.564,0.74138,6.5222,2299.7,-8.9894,0.94312,0.93949,0.017656,0.012205,0.89363,0.8892,0.024143,0.018479,0.91311,0.90948,0.021822,0.016388,51,51,0.93751,0.59773,0.33977,51,1,45,0,0,0,0.98048,1,1,y,y,y,y,y,y,y,y,y,y,y,,,,,0,,,1,1,,,0,0,,1,1,0,0,0,0,470,,,,,,,,1,1,0,0,0,0,delete,,eat_usa_1.1_d256_m166
eat_usa_1.1Ado_d257_m167,eating less meat,US,1.1,Adoption over time,Partial max and after % poultry+pig in total meat consumption,Partial max and after % kg/yr,b1,0.010458,0.00065914,-0.002971,326.06,420.2,0.69266,1555.8,1.5744e+05,6.6941,-8.8586e-08,3,0.0025598,0.002366,-73217,,0.69267,0.69266,0.89803,,0.00081743,0.00077068,3,3,1.0035,0.99488,0.0085786,3,2,0,0,0,0,0.66721,1,1,n,n,y,y,y,y,m,m,y,n,n,,,,,0,,,,,,,0,0,,0,1,0,0,0,0,471,,,,,,,,0,1,0,0,0,0,delete,,eat_usa_1.1_d257_m167
eat_usa_1.1Ado_d258_m166,eating less meat,US,1.1,Adoption over time,Partial up to max % red in total meat consumption,Partial up to max % kg/yr,b1,0.016181,0.001767,0.0083656,2466.4,271.58,1540.4,1554.9,1.574e+05,-15.98,0.66616,0.33231,0.011934,0.010827,-646.17,-969.76,0.52543,0.52502,0.6562,0.48431,0.01211,0.011094,7,7,0.00036149,0.000325,3.6486e-05,7,1,5,1,1,0,0.85013,1,1,m,y,y,y,y,y,y,m,y,m,y,,,,,0,,,,1,,,0,0,,1,1,0,0,0,0,472,,,,,,,,1,1,0,0,0,0,delete,,eat_usa_1.1_d258_m166
eat_usa_1.1Ado_d259_m167,eating less meat,US,1.1,Adoption over time,Partial max and after % red in total meat consumption,Partial max and after % kg/yr,b1,-0.012648,0.00051414,-0.0047261,1114.7,-347.44,27213,1555.3,1.5742e+05,9.8311,0.92033,0.91477,0.019222,0.01463,-32.527,-34.051,0.39431,0.38838,0.88623,0.88106,0.02297,0.017356,47,47,2.0463e-05,1.1206e-05,9.2568e-06,47,46,2,0,0,0,0.97171,1,1,y,y,y,y,y,y,y,m,y,m,y,,,,,0,,,,1,,,0,0,,1,1,0,0,0,0,473,,,,,,,,1,1,0,0,0,0,delete,,eat_usa_1.1_d259_m167
eat_usa_1.1Ado_d260_m170,eating less meat,US,1.1,Adoption over time,Partial up to max per capita beef consumption,Partial up to max Kg/yr,b1,0.015937,0.015931,0.87541,2461.9,275.73,1.3443e+05,9.0262,1859,-1671.7,0.52719,0.17258,1.9167,1.4141,0.52719,0.33807,1.9167,1.4141,0.51778,0.32489,1.9357,1.4052,8,8,0.00045432,0.00038394,7.0384e-05,8,1,4,1,1,0,0.86996,0,1,m,y,y,y,y,y,y,m,y,m,y,,,,,0,,,,1,,,0,0,,1,1,0,0,0,0,474,,,,,,,,1,1,0,0,0,0,delete,,eat_usa_1.1_d260_m170
eat_usa_1.1Ado_d261_m171,eating less meat,US,1.1,Adoption over time,Partial max and after per capita beef consumption,Partial max and after Kg/yr,b1,-0.009635,-0.0096345,-0.41512,968.68,-456.09,8.8721e+05,63.437,1959.4,873.52,0.87212,0.86299,2.1295,1.6481,0.87212,0.86618,2.1295,1.6481,0.85647,0.84979,2.2561,1.6811,46,46,6.8837e-05,3.919e-05,2.9646e-05,46,45,6,0,1,0,0.9709,0,1,y,y,y,y,y,y,y,m,y,m,y,,,,,0,,,,1,,,0,0,,1,1,0,0,0,0,475,,,,,,,,1,1,0,0,0,0,delete,,eat_usa_1.1_d261_m171
eat_usa_1.1Ado_d262_m170,eating less meat,US,1.1,Adoption over time,Partial up to max per capita other meat consumption,Partial up to max kg/yr,b1,,,-0.014958,,,,,,30.651,,,,,,,,,1,1,1.143e-15,9.992e-16,2,2,,,,2,1,0,0,0,0,0.49996,0,1,n,n,y,y,y,y,m,m,y,n,n,,,,,0,,,,,,,0,0,,0,1,0,0,0,0,476,,,,,,,,0,1,0,0,0,0,delete,,eat_usa_1.1_d262_m170
eat_usa_1.1Ado_d263_m171,eating less meat,US,1.1,Adoption over time,Partial max and after per capita other meat consumption,Partial max and after kg/yr,b1,-0.0085031,0.00028197,-0.0067266,807.55,-516.8,21002,1555.6,1.5739e+05,14.292,0.55847,0.53087,0.094059,0.08208,-37.709,-39.289,0.8807,0.86925,0.50864,0.48859,0.099225,0.086333,52,52,5.6373e-05,3.0721e-05,2.5652e-05,52,51,24,0,1,0,0.97126,0,1,m,y,y,y,y,y,y,m,y,m,y,,,,,0,,,,1,,,0,0,,1,1,0,0,0,0,477,,,,,,,,1,1,0,0,0,0,delete,,eat_usa_1.1_d263_m171
eat_usa_1.1Ado_d264_m170,eating less meat,US,1.1,Adoption over time,Partial up to max per capita pig consumption,Partial up to max Kg/yr,b1,0.0010998,0.0010699,0.030276,5216.8,3995.5,1094.3,22.777,1714.4,-29.692,0.0015369,-0.37289,2.7456,2.4182,0.0015397,-0.22034,2.7456,2.4182,0.0014468,-0.22045,2.7457,2.4178,12,12,0.031059,0.022902,0.008157,12,1,6,0,1,0,0.90443,0,1,n,y,y,y,y,y,y,m,m,n,m,,,,,0,,,,,,,0,0,,1,1,0,0,0,0,478,,,,,,,,1,1,0,0,0,0,delete,,eat_usa_1.1_d264_m170
eat_usa_1.1Ado_d265_m171,eating less meat,US,1.1,Adoption over time,Partial max and after per capita pig consumption,Partial max and after Kg/yr,b1,-0.002503,-0.0024864,-0.072702,1.9247,-1755.6,4400.9,44.136,1836.8,174.83,0.30155,0.24641,1.3446,1.1235,0.30156,0.26574,1.3446,1.1235,0.29998,0.26408,1.3462,1.1214,42,42,0.0077232,0.0058784,0.0018449,42,41,7,0,1,0,0.97114,0,1,m,y,y,y,y,y,y,m,m,m,m,,,,,0,,,,,,,0,0,,1,1,0,0,0,0,479,,,,,,,,1,1,0,0,0,0,delete,,eat_usa_1.1_d265_m171
eat_usa_1.1Ado_d266_m170,eating less meat,US,1.1,Adoption over time,Partial up to max per capita poultry consumption,Partial up to max kg/yr,b1,0.071971,0.017386,0.76179,1980.9,61.059,59.22,6.394,1889.9,-1478.8,0.97438,0.97278,1.8872,1.5531,0.88935,0.88483,3.9222,3.6669,0.94023,0.93779,2.8827,2.6324,52,52,0.97754,0.37112,0.60642,52,1,46,0,0,0,0.97962,0,1,y,y,y,y,y,y,y,y,y,y,y,,,,,0,,,1,1,,,0,0,,1,1,0,0,0,0,480,,,,,,,,1,1,0,0,0,0,delete,,eat_usa_1.1_d266_m170
eat_usa_1.1Ado_d267_m171,eating less meat,US,1.1,Adoption over time,Partial max and after per capita poultry consumption,Partial max and after kg/yr,b1,,,-0.22,,,,,,502.28,,,,,,,,,1,1,1.0049e-14,7.1054e-15,2,2,,,,2,1,0,0,0,0,0.5,0,1,n,n,y,y,y,y,m,m,y,n,n,,,,,0,,,,,,,0,0,,0,1,0,0,0,0,481,,,,,,,,0,1,0,0,0,0,delete,,eat_usa_1.1_d267_m171
eat_usa_1.1Ado_d268_m170,eating less meat,US,1.1,Adoption over time,Partial up to max per capita sheep & goat consumption,Partial up to max Kg/yr,b1,,,-0.026315,,,,,,53.266,,,,,,,,,1,1,2.5559e-15,2.5535e-15,2,2,,,,2,1,0,0,0,0,0.49991,0,1,n,n,y,y,y,y,m,m,y,n,n,,,,,0,,,,,,,0,0,,0,1,0,0,0,0,482,,,,,,,,0,1,0,0,0,0,delete,,eat_usa_1.1_d268_m170
eat_usa_1.1Ado_d269_m171,eating less meat,US,1.1,Adoption over time,Partial max and after per capita sheep & goat consumption,Partial max and after Kg/yr,b1,-0.021271,-0.021271,-0.01241,1456,-206.59,61885,6.1196,1889.5,25.443,0.70705,0.68874,0.12882,0.089169,0.70705,0.69509,0.12882,0.089169,0.61237,0.59655,0.14818,0.10559,52,52,2.3025e-05,6.4636e-06,1.6562e-05,52,51,10,0,1,0,0.95052,0,1,y,y,y,y,y,y,y,m,y,m,y,,,,,0,,,,1,,,0,0,,1,1,0,0,0,0,483,,,,,,,,1,1,0,0,0,0,delete,,eat_usa_1.1_d269_m171
eat_usa_1.1Ado_d270_m170,eating less meat,US,1.1,Adoption over time,Partial up to max per capita total meat consumption,Partial up to max kg/yr,b1,0.04098,0.0024172,0.28675,1926.3,107.23,125.52,37.4,1522.4,-454.77,0.61249,0.58827,3.5489,3.0052,0.56412,0.54633,3.7639,3.0661,0.56984,0.55228,3.7392,3.0505,52,52,1.0114,0.83652,0.17487,52,1,48,0,0,0,0.98003,0,0,m,y,y,y,y,y,y,m,y,m,y,,,,,0,,,,1,,,0,0,,1,1,0,0,0,0,484,,,,,,,,1,1,0,0,0,0,delete,,eat_usa_1.1_d270_m170
eat_usa_1.1Ado_d271_m171,eating less meat,US,1.1,Adoption over time,Partial max and after per capita total meat consumption,Partial max and after kg/yr,b1,,,-0.11999,,,,,,369.34,,,,,,,,,1,1,1.4211e-14,1.4211e-14,2,2,,,,2,1,0,0,0,0,0.5,0,0,n,n,y,y,y,y,m,m,y,n,n,,,,,0,,,,,,,0,0,,0,1,0,0,0,0,485,,,,,,,,0,1,0,0,0,0,delete,,eat_usa_1.1_d271_m171
ebi_chi_1.1Ado_d086_m015,e-bikes,China,1.1,Adoption over time,E-bike sales volumes,# million,b8,0.54491,0.074769,3.0129,2016,8.0645,46.449,0.50064,1961.5,-6045.8,0.76508,0.41271,2.9832,2.4456,0.67148,0.45246,3.5278,2.5902,0.69886,0.4981,3.3776,2.4617,6,6,1.0248,0.65663,0.36814,6,2,5,1,0,0,0.83327,0,1,y,y,y,y,y,y,y,y,y,y,y,2,,,,0,,,1,1,0,2,0,0,,1,1,0,0,0,0,509,,,,,,,,1,1,0,0,0,0,delete,,ebi_chi_1.1_d086_m015
ebi_chi_1.1Ado_d196_m015,e-bikes,China,1.1,Adoption over time,Total e-bike manufacturing volumes,# million,b8,0.014458,0.014454,0.4675,2577.2,303.94,1.0438e+05,5.815,1899.7,-911.24,0.80733,0.61467,0.45889,0.3717,0.80734,0.711,0.45889,0.37169,0.79985,0.69977,0.46773,0.38388,7,7,0.00032928,0.00029824,3.1041e-05,7,0,5,0,1,0,0.85151,0,1,y,y,y,y,y,y,y,m,y,m,y,2,,,,0,,,1,1,0,0,0,0,,1,1,0,0,0,0,510,,,,,,,,1,1,0,0,0,0,delete,,ebi_chi_1.1_d196_m015
ebi_eun_1.1Ado_d086_m022,e-bikes,EU,1.1,Adoption over time,E-bike sales volumes,# thousands,b8,0.40594,0.051256,0.54167,2018.8,10.825,6.1685,1539.5,1.5907e+05,-1090.4,0.99713,0.99541,0.075224,0.065785,-5.1391,-7.1854,3.4781,3.1822,0.99265,0.9902,0.12036,0.10605,9,9,0.83651,0.1767,0.6598,9,0,8,0,0,0,0.86151,0,1,y,y,y,y,y,y,y,y,y,y,y,1,,,,0,,,1,1,0,2,0,0,,1,1,0,0,0,0,532,,,,,,,,1,1,0,0,0,0,delete,,ebi_eun_1.1_d086_m022
ebi_net_1.1Ado_d050_m001,e-bikes,The Netherlands,1.1,Adoption over time,Annual production,#,b8,0.1868,0.11264,27568,2018.5,23.525,7.9588e+05,4.8462e-06,1795.8,-5.5253e+07,0.95215,0.94259,34149,27276,0.9351,0.92699,39771,31951,0.93549,0.92742,39653,30394,19,19,0.68729,0.031412,0.65588,19,2,18,1,0,1,0.91063,0,0,y,y,y,y,y,y,y,y,y,y,y,1,,,,0,,,1,1,2,2,0,0,,1,1,0,0,0,0,553,,,,,,,,1,1,0,0,0,0,delete,,ebi_net_1.1_d050_m001
ebi_net_1.1Ado_d118_m030,e-bikes,The Netherlands,1.1,Adoption over time,Market share,% bikes sold,b8,0.18359,0.1091,0.044881,2020.1,23.937,1.0616,5.8045,2042,-90.136,0.97412,0.9547,0.016805,0.014543,0.96906,0.95669,0.018372,0.01525,0.96922,0.9569,0.018327,0.01503,8,8,0.53695,0.26376,0.27318,8,0,7,0,0,0,0.85364,1,1,y,y,y,y,y,y,y,y,y,y,y,,,,,0,,,1,1,0,0,0,0,,1,1,0,0,0,0,554,,,,,,,,1,1,0,0,0,0,delete,,ebi_net_1.1_d118_m030
ebi_net_1.1Ado_d192_m089,e-bikes,The Netherlands,1.1,Adoption over time,Share of trips,% trips,b8,0.20587,0.1905,0.0056962,2031.6,21.345,0.57232,1.0126e-17,1830.5,-11.453,1,1,4.3939e-09,3.7521e-09,0.9998,,0.00034949,0.00032647,0.94937,,0.0055118,0.0050633,3,3,0.12231,0.017473,0.10484,11,0,2,0,0,1,0.48485,1,1,y,m,y,y,y,y,m,m,y,m,m,,,,,0,,,1,1,0,0,0,0,,1,1,0,0,0,0,555,,,,,,,,1,1,0,0,0,0,delete,,ebi_net_1.1_d192_m089
ebi_net_3.2Adc_d099_m028,e-bikes,The Netherlands,3.2,Adopter characteristics,Female>male share by age group (50-59),%,b8,,,0.0026667,,,,,,-5.24,,,,,,,,,1,1,7.494e-16,7.494e-16,2,2,,,,4,0,1,0,0,0,0.49927,1,1,n,n,y,y,y,y,m,m,y,n,n,3,2 points,reject too few data points,,0,,,,,,,,,,0,1,0,0,1,1,560,,,,,,,,0,1,0,0,1,1,,,ebi_net_3.2_d099_m028
ebi_net_3.2Adc_d100_m028,e-bikes,The Netherlands,3.2,Adopter characteristics,Female>male share by age group (60-64),%,b8,,,0.002,,,,,,-3.849,,,,,,,,,1,1,7.7119e-16,6.6613e-16,2,2,,,,4,0,1,0,0,0,0.49976,1,1,n,n,y,y,y,y,m,m,y,n,n,3,2 points,reject too few data points,,0,,,,,,,,,,0,1,0,0,0,0,561,,,,,,,,0,1,0,0,0,0,delete,,ebi_net_3.2_d100_m028
eco_ger_1.1Ado_d113_m074,e-commerce,Germany,1.1,Adoption over time,Internet sales as a percentage of total retail (B2C) sales (ratio) (%),% of total retail,m4,,,-0.025,,,,,,50.668,,,,,,,,,1,1,5.7475e-15,5.7038e-15,2,2,,,,2,1,0,0,0,0,0.49091,1,1,n,n,y,y,y,y,m,m,y,n,n,3,,"no logfit, use lin",too few,0,,,0,0,0,0,0,0,,0,1,0,0,0,0,615,,check,,,,,,0,1,0,0,0,0,delete,,eco_ger_1.1_d113_m074
eco_ger_1.1Ado_d123_m108,e-commerce,Germany,1.1,Adoption over time,"Monetary value of e-commerce sales (all activities - B2B, B2C, B2G)",Million euro,m4,0.014362,0.014334,13576,2470.4,305.99,6.5015e+08,84.718,1365.4,-2.6417e+07,0.040539,-0.91892,1.3625e+05,1.1614e+05,0.040543,-0.43919,1.3625e+05,1.1614e+05,0.038105,-0.44284,1.3642e+05,1.1647e+05,7,7,0.0018417,0.0012471,0.00059456,7,6,5,0,1,0,0.79755,0,0,n,y,y,y,y,y,y,m,m,n,m,3,,"no logfit, use lin",,0,,,1,1,0,2,0,0,,0,1,0,0,0,0,616,check,,,,,,,1,1,0,0,0,0,delete,,eco_ger_1.1_d123_m108
eco_sou_1.1Ado_d049_m121,e-commerce,South Korea,1.1,Adoption over time,Annual e-commerce sales value,Trillion Korean Won,m4,0.26654,0.16947,16.52,2021.3,16.487,380.81,0.0033428,1956.9,-33211,0.99558,0.99425,4.5796,3.6886,0.98354,0.98055,8.8336,7.7197,0.9354,0.92366,17.5,15.313,14,14,0.60099,0.066175,0.53481,14,0,13,0,0,0,0.86367,0,0,y,y,y,y,y,y,y,y,y,y,y,1,,,,0,,,1,1,0,2,0,0,,1,1,0,0,0,0,677,,,,,,,,1,1,0,0,0,0,delete,,eco_sou_1.1_d049_m121
eco_sou_1.1Ado_d114_m028,e-commerce,South Korea,1.1,Adoption over time,Internet sales as a percentage of total retail sales (ratio) (%),%,m4,0.22238,0.11254,0.010115,2018.1,19.761,0.1972,3.0336e-10,1844.4,-20.315,0.9714,0.95914,0.0054939,0.0044474,0.953,0.94125,0.007042,0.0060512,0.96971,0.96214,0.005653,0.0044398,11,11,0.70082,0.20132,0.4995,11,1,10,0,0,0,0.89472,1,1,y,y,y,y,y,y,y,y,y,y,y,1,,,,0,,,1,1,0,0,0,0,,1,1,0,0,0,0,678,,,,,,,,1,1,0,0,0,0,delete,,eco_sou_1.1_d114_m028
eco_uki_1.1Ado_d113_m074,e-commerce,UK,1.1,Adoption over time,Internet sales as a percentage of total retail (B2C) sales (ratio) (%),% of total retail,m4,0.19446,0.0025354,0.016525,2019,22.599,0.43041,1554.9,1.5752e+05,-33.148,0.94405,0.93114,0.019953,0.014531,-3.1348,-3.7255,0.17153,0.14935,0.92097,0.90968,0.023714,0.018674,17,17,0.71328,0.078995,0.63428,17,2,16,1,0,0,0.91507,1,1,y,y,y,y,y,y,y,y,y,y,y,2,,,,0,,,1,1,0,0,0,0,,1,1,0,0,0,0,711,,,,,,,,1,1,0,0,0,0,delete,,eco_uki_1.1_d113_m074
eco_uki_1.1Ado_d123_m108,e-commerce,UK,1.1,Adoption over time,"Monetary value of e-commerce sales (all activities - B2B, B2C, B2G)",Million euro,m4,0.2955,0.086471,59383,2015.6,14.871,9.7492e+05,0.0001028,1757,-1.1918e+08,0.96048,,13494,12117,0.95073,0.8522,15067,12448,0.95661,0.86984,14139,12198,4,4,0.78166,0.61144,0.17022,4,0,3,0,0,0,0.74837,0,0,y,n,y,y,y,y,y,m,y,n,n,1,,,,0,,,1,1,0,2,0,0,,1,1,0,0,0,0,712,,,,,,,,1,1,0,0,0,0,delete,,eco_uki_1.1_d123_m108
eco_usa_1.1Ado_d049_m109,e-commerce,US,1.1,Adoption over time,Annual e-commerce sales value,Millions of US dollars,m4,0.15561,0.15561,35325,2099.4,28.24,1.7613e+11,3.1495e-08,1822,-7.0721e+07,0.98915,0.9876,29515,21893,0.98915,0.98816,29515,21893,0.80825,0.79082,1.2408e+05,1.0109e+05,25,25,5.7495e-06,2.8298e-08,5.7212e-06,25,0,24,0,0,1,0.85906,0,0,y,y,y,y,y,y,y,m,y,m,y,,,,,0,,,1,1,0,2,0,0,,1,1,0,0,0,0,750,,,,,,,,1,1,0,0,0,0,delete,,eco_usa_1.1_d049_m109
eco_usa_1.1Ado_d114_m074,e-commerce,US,1.1,Adoption over time,Internet sales as a percentage of total retail sales (ratio) (%),% of total retail,m4,0.13227,0.0015851,0.006277,2026.3,33.223,0.40748,1555.1,1.5749e+05,-12.562,0.9826,0.97999,0.0059789,0.0041124,-1.9902,-2.275,0.078371,0.063937,0.91911,0.9114,0.01289,0.011167,24,24,0.37548,0.022701,0.35278,24,0,23,0,0,0,0.91269,1,1,y,y,y,y,y,y,y,y,y,y,y,,,,,0,,,1,1,0,0,0,0,,1,1,0,0,0,0,751,,,,,,,,1,1,0,0,0,0,delete,,eco_usa_1.1_d114_m074
ego_est_1.1Ado_d035_m028,e-government,Estonia,1.1,Adoption over time,% people who obtained information from public authorities' web sites (in the past year),%,s2,0.16775,0.042658,0.025069,2008.4,26.197,0.79436,1.1859,2032,-49.931,0.79705,0.73616,0.051592,0.038632,0.75566,0.71123,0.056609,0.044522,0.77868,0.73844,0.053876,0.042086,14,14,0.88826,0.45987,0.4284,14,6,13,1,0,0,0.92835,1,1,y,y,y,y,y,y,y,y,y,y,y,2,,,,0,,,1,1,0,0,0,0,,1,1,0,0,0,0,780,,,,,,,,1,1,0,0,0,0,delete,,ego_est_1.1_d035_m028
ego_est_1.1Ado_d036_m028,e-government,Estonia,1.1,Adoption over time,% people who submitted completed public authorities' forms online (in the past year),%,s2,0.18197,0.08097,0.043446,2014.5,24.15,1.0545,6.3085,2045.8,-86.995,0.79622,0.73508,0.089312,0.069746,0.77246,0.73109,0.094373,0.076362,0.78361,0.74426,0.092033,0.07331,14,14,0.71978,0.25775,0.46202,14,0,13,0,0,1,0.90788,1,1,y,y,y,y,y,y,y,y,y,y,y,4,,"use, discontinuous but OK (upward trend)",,0,,,1,1,0,0,0,0,,1,1,0,0,0,0,781,,,,,,,,1,1,0,0,0,0,delete,,ego_est_1.1_d036_m028
ego_est_2.2Rel_d110_m028,e-government,Estonia,2.2,Relative Advantge (profitability),"ICT service exports (% of service exports, BoP)",%,s2,0.097471,0.09747,0.0058208,2145,45.085,33172,1.7508,2043.9,-11.607,0.95806,0.95259,0.013196,0.011007,0.95806,0.95456,0.013196,0.011007,0.81026,0.79445,0.028068,0.023199,27,27,7.1268e-06,4.1298e-07,6.7139e-06,32,0,21,0,1,1,0.89074,1,1,y,y,y,y,y,y,y,m,y,m,y,1,,,,0,,,,1,,,,,,1,1,0,0,0,1,783,,,,,,,,1,1,0,0,0,1,,,ego_est_2.2_d110_m028
ego_est_2.4Eas_d003_m028,e-government,Estonia,2.4,Ease of Use / Acccessibility,% households who can not afford a computer,%,s2,-0.25917,-0.25917,-0.011049,1956.5,-16.956,67108,1838.1,1970.4,22.32,0.96333,0.95645,0.015318,0.014301,0.96333,0.95901,0.015318,0.014301,0.63441,0.5914,0.048364,0.03727,20,20,4.7237e-06,2.3842e-07,4.4853e-06,20,19,0,0,0,0,0.75,1,1,y,y,y,y,y,y,y,m,y,m,y,1,,,,0,,,,1,,,,,,0,0,0,0,0,1,784,,check,,,,,,0,1,0,0,0,1,,,ego_est_2.4_d003_m028
ego_est_2.9Int_d004_m028,e-government,Estonia,2.9,Inter-dependence with hardware,% households with a computer,%,s2,0.27188,0.065615,0.044489,2005.6,16.163,0.91825,6.0291,2044.6,-88.772,0.98994,0.98743,0.02101,0.017618,0.89122,0.87449,0.069101,0.058158,0.95816,0.95172,0.042855,0.034409,16,16,0.97555,0.23741,0.73814,16,1,15,0,0,0,0.94007,1,1,y,y,y,y,y,y,y,y,y,y,y,1,,,,0,,,1,1,,,,,,1,1,0,0,0,1,787,,,,,,,,1,1,0,0,0,1,,,ego_est_2.9_d004_m028
ego_est_4.5Inf_d005_m028,e-government,Estonia,4.5,Physical Infrastructure dependence,% households with broadband internet connection (fixed or mobile),%,s2,0.32041,0.0047281,0.040429,2007.3,13.715,0.91337,1554.4,1.5756e+05,-80.681,0.99087,0.98892,0.021143,0.015983,-9.4832,-10.881,0.71652,0.68149,0.89834,0.88478,0.07056,0.060987,18,18,0.99488,0.22236,0.77252,18,0,17,0,0,0,0.95041,1,1,y,y,y,y,y,y,y,y,y,y,y,1,,,,0,,,1,1,,,,,,1,1,0,0,0,1,790,,,,,,,,1,1,0,0,0,1,,,ego_est_4.5_d005_m028
ego_hun_1.1Ado_d036_m028,e-government,Hungary,1.1,Adoption over time,% people who submitted completed public authorities' forms online (in the past year),%,s2,0.12635,0.12635,0.029669,2112.5,34.781,56561,0.88921,2025,-59.497,0.8684,0.82892,0.049587,0.036691,0.8684,0.84447,0.049587,0.03669,0.76556,0.72293,0.066185,0.046697,14,14,1.172e-05,2.2224e-06,9.4977e-06,14,0,13,0,0,0,0.78494,1,1,y,y,y,y,y,y,y,m,y,m,y,1,,,,0,,,1,1,0,0,0,0,,1,1,0,0,0,0,793,,,,,,,,1,1,0,0,0,0,delete,,ego_hun_1.1_d036_m028
ego_hun_2.2Rel_d110_m028,e-government,Hungary,2.2,Relative Advantge (profitability),"ICT service exports (% of service exports, BoP)",%,s2,0.19465,0.0013371,0.0036465,2004.9,22.576,0.10626,1555.1,1.5747e+05,-7.2596,0.92136,0.91192,0.0089939,0.0070907,-4.2737,-4.6794,0.073653,0.066303,0.9049,0.89758,0.0098907,0.0076181,29,29,1.1962,0.13709,1.0591,29,3,25,1,1,0,0.96069,1,1,y,y,y,y,y,y,y,y,y,y,y,1,,,,0,,,1,1,,,,,,1,1,0,0,0,1,795,,,,,,,,1,1,0,0,0,1,,,ego_hun_2.2_d110_m028
ego_hun_2.4Eas_d003_m028,e-government,Hungary,2.4,Ease of Use / Acccessibility,% households who can not afford a computer,%,s2,-0.076872,-0.0632,-0.0067214,1991.9,-57.166,0.64728,7.6729,1945.2,13.641,0.94263,0.93034,0.0086622,0.0072154,0.9419,0.93415,0.0087178,0.0074378,0.92968,0.92031,0.0095902,0.007571,18,18,0.26727,0.086515,0.18076,18,17,2,0,1,0,0.91825,1,1,y,y,y,y,y,y,y,m,y,m,y,1,,,,0,,,,1,,,,,,1,1,0,0,0,1,796,,,,,,,,1,1,0,0,0,1,,,ego_hun_2.4_d003_m028
ego_hun_2.9Int_d004_m028,e-government,Hungary,2.9,Inter-dependence with hardware,% households with a computer,%,s2,0.31104,0.0047307,0.040008,2004.6,14.128,0.7861,1554.3,1.5755e+05,-79.818,0.99685,0.99629,0.013908,0.0092637,-3.7196,-4.244,0.53808,0.47769,0.95667,0.95185,0.05156,0.045397,21,21,0.98979,0.11449,0.8753,21,0,20,0,0,0,0.94646,1,1,y,y,y,y,y,y,y,y,y,y,y,1,,,,0,,,1,1,,,,,,1,1,0,0,0,1,799,,,,,,,,1,1,0,0,0,1,,,ego_hun_2.9_d004_m028
ego_hun_4.5Inf_d005_m028,e-government,Hungary,4.5,Physical Infrastructure dependence,% households with broadband internet connection (fixed or mobile),%,s2,0.32041,0.0047281,0.040429,2007.3,13.715,0.91337,1554.4,1.5756e+05,-80.681,0.99087,0.98892,0.021143,0.015983,-9.4832,-10.881,0.71652,0.68149,0.89834,0.88478,0.07056,0.060987,18,18,0.99488,0.22236,0.77252,18,0,17,0,0,0,0.95041,1,1,y,y,y,y,y,y,y,y,y,y,y,1,,,,0,,,1,1,,,,,,1,1,0,0,0,1,802,,,,,,,,1,1,0,0,0,1,,,ego_hun_4.5_d005_m028
ego_lat_1.1Ado_d035_m028,e-government,Latvia,1.1,Adoption over time,% people who obtained information from public authorities' web sites (in the past year),%,s2,0.28414,0.063125,0.033412,2010.2,15.466,0.69021,1.1309,2028,-66.811,0.83239,0.78211,0.061719,0.051014,0.74967,0.70416,0.075427,0.06345,0.79819,0.7615,0.067724,0.056918,14,14,0.99259,0.27948,0.71311,14,4,13,1,0,0,0.91691,1,1,y,y,y,y,y,y,y,y,y,y,y,1,,,,0,,,1,1,0,0,0,0,,1,1,0,0,0,0,804,,,,,,,,1,1,0,0,0,0,delete,,ego_lat_1.1_d035_m028
ego_lat_1.1Ado_d036_m028,e-government,Latvia,1.1,Adoption over time,% people who submitted completed public authorities' forms online (in the past year),%,s2,0.19328,0.0051609,0.044647,2024.1,22.737,1.9519,1554.1,1.576e+05,-89.629,0.95947,0.94731,0.038451,0.03127,-2.6731,-3.3409,0.36605,0.31227,0.88795,0.86758,0.063934,0.058318,14,14,0.33271,0.050259,0.28245,14,0,13,0,0,0,0.87071,1,1,y,y,y,y,y,y,y,y,y,y,y,1,,,,0,,,1,1,0,0,0,0,,1,1,0,0,0,0,805,,,,,,,,1,1,0,0,0,0,delete,,ego_lat_1.1_d036_m028
ego_lat_2.2Rel_d110_m028,e-government,Latvia,2.2,Relative Advantge (profitability),"ICT service exports (% of service exports, BoP)",%,s2,0.11922,0.090678,0.0052456,2026.5,36.861,0.48518,8.267,2064.1,-10.459,0.94424,0.93588,0.013916,0.011939,0.94119,0.93559,0.014292,0.012879,0.83037,0.81421,0.024272,0.02127,24,24,0.37294,0.00048161,0.37245,32,2,23,0,0,1,0.9315,1,1,y,y,y,y,y,y,y,y,y,y,y,1,,,,0,,,1,1,,,,,,1,1,0,0,0,1,807,,,,,,,,1,1,0,0,0,1,,,ego_lat_2.2_d110_m028
ego_lat_2.4Eas_d003_m028,e-government,Latvia,2.4,Ease of Use / Acccessibility,% households who can not afford a computer,%,s2,-0.13376,-0.00035469,-0.014344,1915.9,-32.852,47049,-1544.8,-1.5263e+05,29.011,0.96282,0.95539,0.016406,0.011491,-2.0877,-2.4737,0.14952,0.12295,0.8525,0.83406,0.03268,0.025138,19,19,7.354e-06,6.5888e-07,6.6951e-06,19,18,2,0,1,0,0.83996,1,1,y,y,y,y,y,y,y,m,y,m,y,2,,,,0,,,,1,,,,,,1,1,0,0,0,1,808,,,,,,,,1,1,0,0,0,1,,,ego_lat_2.4_d003_m028
ego_lat_2.9Int_d004_m028,e-government,Latvia,2.9,Inter-dependence with hardware,% households with a computer,%,s2,0.38698,0.0052026,0.045145,2005.8,11.356,0.76972,1554.2,1.5757e+05,-90.179,0.99486,0.99367,0.016398,0.013195,-5.1131,-5.9863,0.56543,0.51712,0.93525,0.926,0.058192,0.050981,17,17,1.0054,0.14291,0.86252,17,0,16,0,0,0,0.93995,1,1,y,y,y,y,y,y,y,y,y,y,y,1,,,,0,,,1,1,,,,,,1,1,0,0,0,1,811,,,,,,,,1,1,0,0,0,1,,,ego_lat_2.9_d004_m028
ego_lat_4.5Inf_d005_m028,e-government,Latvia,4.5,Physical Infrastructure dependence,% households with broadband internet connection (fixed or mobile),%,s2,0.39332,0.0053008,0.046427,2008.5,11.173,0.83355,1554.2,1.5758e+05,-92.849,0.98139,0.9774,0.034296,0.02827,-5.395,-6.2476,0.63578,0.58396,0.91785,0.9069,0.072058,0.063463,18,18,1.0735,0.064423,1.0091,18,0,17,0,0,1,0.94073,1,1,y,y,y,y,y,y,y,y,y,y,y,1,,,,0,,,1,1,,,,,,1,1,0,0,0,1,814,,,,,,,,1,1,0,0,0,1,,,ego_lat_4.5_d005_m028
ego_por_1.1Ado_d035_m028,e-government,Portugal,1.1,Adoption over time,% people who obtained information from public authorities' web sites (in the past year),%,s2,0.62867,0.042776,0.016138,2008.9,6.9901,0.39532,0.10496,1987.4,-32.171,0.91725,0.89242,0.023522,0.020647,0.56997,0.49178,0.053621,0.050103,0.63299,0.56626,0.049536,0.047276,14,14,1.0591,0.40904,0.65011,14,5,13,1,0,0,0.935,1,1,y,y,y,y,y,y,y,y,y,y,y,1,,,,0,,,1,1,0,0,0,0,,1,1,0,0,0,0,816,,,,,,,,1,1,0,0,0,0,delete,,ego_por_1.1_d035_m028
ego_por_1.1Ado_d036_m028,e-government,Portugal,1.1,Adoption over time,% people who submitted completed public authorities' forms online (in the past year),%,s2,0.45731,0.0021888,0.012965,2008.5,9.6094,0.31711,1555,1.575e+05,-25.849,0.90965,0.88254,0.017684,0.015005,-21.016,-25.019,0.27604,0.2697,0.78924,0.75092,0.027009,0.022725,14,14,1.0798,0.43676,0.643,14,0,13,0,0,0,0.93041,1,1,y,y,y,y,y,y,y,y,y,y,y,1,,,,0,,,1,1,0,0,0,0,,1,1,0,0,0,0,817,,,,,,,,1,1,0,0,0,0,delete,,ego_por_1.1_d036_m028
ego_por_2.2Rel_d110_m028,e-government,Portugal,2.2,Relative Advantge (profitability),"ICT service exports (% of service exports, BoP)",%,s2,0.042102,0.042101,0.0016724,2275.7,104.38,3534.6,6.6803,2126.7,-3.3093,0.57599,0.52888,0.014162,0.010385,0.57599,0.54571,0.014162,0.010386,0.47306,0.43542,0.015787,0.012243,31,31,3.3492e-05,6.7721e-06,2.672e-05,31,2,22,0,1,0,0.92393,1,1,m,y,y,y,y,y,y,m,y,m,y,4,,"use, ok (upward trend) but volatile",,0,,,,1,,,,,,1,1,0,0,0,1,819,,,,,,,,1,1,0,0,0,1,,,ego_por_2.2_d110_m028
ego_por_2.4Eas_d003_m028,e-government,Portugal,2.4,Ease of Use / Acccessibility,% households who can not afford a computer,%,s2,-0.1036,-0.1036,-0.0085754,1894,-42.418,18661,12.788,1964.4,17.361,0.92414,0.90897,0.014563,0.012379,0.92415,0.91466,0.014563,0.012379,0.78909,0.76273,0.024283,0.021627,19,19,1.1307e-05,2.6257e-06,8.681e-06,19,18,0,0,0,0,0.8922,1,1,y,y,y,y,y,y,y,m,y,m,y,1,,,,0,,,,1,,,,,,1,1,0,0,0,1,820,,,,,,,,1,1,0,0,0,1,,,ego_por_2.4_d003_m028
ego_por_2.9Int_d004_m028,e-government,Portugal,2.9,Inter-dependence with hardware,% households with a computer,%,s2,0.20112,0.0038986,0.031109,2004.3,21.85,0.78167,1554.5,1.5752e+05,-61.966,0.99349,0.99246,0.01681,0.012073,-4.4435,-4.9878,0.48612,0.4392,0.98088,0.97897,0.028808,0.024172,23,23,0.91459,0.14072,0.77387,23,0,22,0,0,0,0.94926,1,1,y,y,y,y,y,y,y,y,y,y,y,1,,,,0,,,1,1,,,,,,0,1,0,0,0,1,823,check,,,,,,,1,1,0,0,0,1,,,ego_por_2.9_d004_m028
ego_por_4.5Inf_d005_m028,e-government,Portugal,4.5,Physical Infrastructure dependence,% households with broadband internet connection (fixed or mobile),%,s2,0.30674,0.0049505,0.042606,2008.8,14.326,0.81948,1554.2,1.5757e+05,-85.192,0.98886,0.98663,0.02517,0.020021,-4.9707,-5.717,0.5826,0.53157,0.95797,0.95272,0.04888,0.044361,19,19,1.0263,0.096036,0.93022,19,0,18,0,0,0,0.94149,1,1,y,y,y,y,y,y,y,y,y,y,y,1,,,,0,,,1,1,,,,,,1,1,0,0,0,1,826,,,,,,,,1,1,0,0,0,1,,,ego_por_4.5_d005_m028
ego_swe_1.1Ado_d035_m028,e-government,Sweden,1.1,Adoption over time,% people who obtained information from public authorities' web sites (in the past year),%,s2,-0.067514,0.025204,0.01866,2521.7,-65.09,0.71974,0.26836,1975.6,-36.87,-5.107e-15,-0.3,0.086694,0.068402,0.73153,0.68272,0.04492,0.035716,0.75281,0.70786,0.043103,0.0358,14,14,1.1874,0.73234,0.45502,14,0,13,0,0,0,0.92937,1,1,n,y,y,y,y,y,y,y,y,n,y,1,,,* error in fit,0,,,0,1,0,0,0,0,,0,1,0,0,0,0,828,,,,,,,,0,1,0,0,0,0,delete,,ego_swe_1.1_d035_m028
ego_swe_1.1Ado_d036_m028,e-government,Sweden,1.1,Adoption over time,% people who submitted completed public authorities' forms online (in the past year),%,s2,0.089626,0.072987,0.038789,2032.3,49.031,3.0795,5.7365,2047.5,-77.602,0.9016,0.87208,0.052056,0.038496,0.90079,0.88275,0.052269,0.039417,0.88784,0.86745,0.055577,0.040728,14,14,0.25816,0.10024,0.15791,14,0,13,0,0,0,0.90998,1,1,y,y,y,y,y,y,y,m,y,m,y,1,,,,0,,,1,1,0,0,0,0,,1,1,0,0,0,0,829,,,,,,,,1,1,0,0,0,0,delete,,ego_swe_1.1_d036_m028
ego_swe_2.2Rel_d110_m028,e-government,Sweden,2.2,Relative Advantge (profitability),"ICT service exports (% of service exports, BoP)",%,s2,0.15179,0.001664,0.0071753,2004.5,28.951,0.2473,1555,1.5748e+05,-14.261,0.96599,0.96247,0.01294,0.010384,-3.9628,-4.2936,0.15631,0.13968,0.94809,0.94463,0.015986,0.012285,33,33,1.003,0.068637,0.93436,33,3,31,0,0,1,0.96706,1,1,y,y,y,y,y,y,y,y,y,y,y,1,,,,0,,,1,1,,,,,,1,1,0,0,1,1,831,,,,,,,,1,1,0,0,1,1,,,ego_swe_2.2_d110_m028
ego_swe_2.4Eas_d003_m028,e-government,Sweden,2.4,Ease of Use / Acccessibility,% households who can not afford a computer,%,s2,-0.0034835,0.00099515,-3.985e-05,78.538,-1261.5,12.66,1555.3,1.5747e+05,0.095187,0.0032702,-0.18362,0.0045802,0.0041581,-10.619,-11.986,0.015638,0.01495,0.0025086,-0.11484,0.004582,0.00416,20,20,0.0018168,0.00063193,0.0011849,20,19,7,0,1,0,0.88755,1,1,n,y,y,y,y,y,y,m,m,n,m,4,,"reversal, use partial fit to pre-minimum",,0,,,,,,,,,,0,1,0,0,1,1,832,,,,,,,,0,1,0,0,1,1,,,ego_swe_2.4_d003_m028
ego_swe_2.9Int_d004_m028,e-government,Sweden,2.9,Inter-dependence with hardware,% households with a computer,%,s2,0.28729,0.029801,0.024658,1997.3,15.296,0.9072,0.98083,2015,-48.703,0.98103,0.97768,0.022848,0.019241,0.74577,0.71752,0.083634,0.069902,0.81031,0.78923,0.072242,0.059427,21,21,1.0173,0.35273,0.66457,21,4,20,1,0,0,0.96347,1,1,y,y,y,y,y,y,y,y,y,y,y,1,,,,0,,,1,1,,,,,,1,1,0,0,1,1,835,,,,,,,,1,1,0,0,1,1,,,ego_swe_2.9_d004_m028
ego_swe_4.5Inf_d005_m028,e-government,Sweden,4.5,Physical Infrastructure dependence,% households with broadband internet connection (fixed or mobile),%,s2,0.52334,0.0032804,0.025146,2005.4,8.3969,0.90233,1554.9,1.5751e+05,-49.818,0.97137,0.96421,0.025611,0.018752,-28.04,-32.508,0.81565,0.80148,0.70383,0.65827,0.082371,0.064283,16,16,1.0511,0.44529,0.60577,17,2,15,1,0,0,0.95087,1,1,y,y,y,y,y,y,y,y,y,y,y,1,,,,0,,,1,1,,,,,,1,1,0,0,1,1,838,,,,,,,,1,1,0,0,1,1,,,ego_swe_4.5_d005_m028
ego_uki_1.1Ado_d035_m028,e-government,UK,1.1,Adoption over time,% people who obtained information from public authorities' web sites (in the past year),%,s2,0.026365,0.026361,0.0096786,2345.5,166.67,2369.2,2.839,2090.4,-19.112,0.44058,0.25411,0.041574,0.034796,0.44059,0.3287,0.041574,0.034796,0.42447,0.30937,0.042168,0.035709,13,13,0.00019766,0.00011742,8.0236e-05,13,2,9,1,1,0,0.90466,1,1,m,y,y,y,y,y,y,m,y,m,y,,,,,0,,,1,1,0,0,0,0,,1,1,0,0,0,0,840,,,,,,,,1,1,0,0,0,0,delete,,ego_uki_1.1_d035_m028
ego_uki_1.1Ado_d036_m028,e-government,UK,1.1,Adoption over time,% people who submitted completed public authorities' forms online (in the past year),%,s2,0.12403,0.074863,0.023235,2018.4,35.431,0.83231,0.8811,2028.5,-46.486,0.82361,0.76482,0.040372,0.031973,0.81775,0.7813,0.041037,0.031476,0.81797,0.78156,0.041012,0.032469,13,13,0.61155,0.19176,0.4198,13,1,12,0,0,0,0.91602,1,1,y,y,y,y,y,y,y,y,y,y,y,,,,,0,,,1,1,0,0,0,0,,1,1,0,0,0,0,841,,,,,,,,1,1,0,0,0,0,delete,,ego_uki_1.1_d036_m028
ego_uki_2.2Rel_d110_m028,e-government,UK,2.2,Relative Advantge (profitability),"ICT service exports (% of service exports, BoP)",%,s2,0.06321,0.0011553,0.0017078,2003.5,69.521,0.11515,1555.1,1.5747e+05,-3.3643,0.94049,0.93434,0.0040947,0.0031405,-14.244,-15.261,0.065538,0.063352,0.93857,0.93448,0.0041603,0.0032075,33,33,0.81848,0.30973,0.50875,33,3,28,0,1,0,0.96466,1,1,y,y,y,y,y,y,y,y,y,y,y,,,,,0,,,1,1,,,,,,1,1,0,0,0,1,843,,,,,,,,1,1,0,0,0,1,,,ego_uki_2.2_d110_m028
ego_uki_2.4Eas_d003_m028,e-government,UK,2.4,Ease of Use / Acccessibility,% households who can not afford a computer,%,s2,-0.05141,-0.051382,-0.0020396,1861.1,-85.478,87.745,0.00011943,2123.9,4.1419,0.32044,0.11657,0.011874,0.01082,0.32044,0.19688,0.011874,0.010819,0.32578,0.2032,0.011828,0.01086,14,14,0.00074079,9.1174e-05,0.00064961,14,13,1,0,0,1,0.86354,1,1,m,y,y,y,m,m,y,m,y,m,m,,,,,0,,,,,,,,,,1,1,0,0,0,1,844,,,,,,,,1,1,0,0,0,1,,,ego_uki_2.4_d003_m028
ego_uki_2.9Int_d004_m028,e-government,UK,2.9,Inter-dependence with hardware,% households with a computer,%,s2,0.18895,0.0039121,0.031402,2000.2,23.258,0.95302,1554.6,1.5751e+05,-62.334,0.98443,0.9821,0.029819,0.020718,-7.0332,-7.7983,0.67743,0.63386,0.94217,0.93666,0.057479,0.049502,24,24,0.94244,0.22035,0.72209,27,2,23,0,0,0,0.96108,1,1,y,y,y,y,y,y,y,y,y,y,y,,,,,0,,,1,1,,,,,,1,1,0,0,0,1,847,,,,,,,,1,1,0,0,0,1,,,ego_uki_2.9_d004_m028
ego_uki_4.5Inf_d005_m028,e-government,UK,4.5,Physical Infrastructure dependence,% households with broadband internet connection (fixed or mobile),%,s2,0.49183,0.0058054,0.051837,2006.5,8.9349,0.9249,1554.1,1.5758e+05,-103.56,0.99049,0.98812,0.027262,0.02363,-6.012,-7.0908,0.74039,0.68556,0.8742,0.85484,0.099171,0.087243,16,16,1.0362,0.11558,0.92064,17,0,15,0,0,0,0.9422,1,1,y,y,y,y,y,y,y,y,y,y,y,,,,,0,,,1,1,,,,,,1,1,0,0,0,1,850,,,,,,,,1,1,0,0,0,1,,,ego_uki_4.5_d005_m028
ene_net_1.1Ado_d093_m013,energy community,The Netherlands,1.1,Adoption over time,Energy community members,# members,s6,0.27763,0.12664,11742,2019.4,15.828,1.7933e+05,2.4199e-06,1827.5,-2.3622e+07,0.99324,0.98818,2220.7,1726.3,0.97498,0.96497,4273.6,3741.4,0.99174,0.98844,2455,1866.4,8,8,0.73152,0.2844,0.44712,8,0,7,0,0,0,0.85561,0,0,y,y,y,y,y,y,y,y,y,y,y,,,,,0,,,1,1,0,0,0,0,,1,1,0,0,0,0,852,,,,,,,,1,1,0,0,0,0,delete,,ene_net_1.1_d093_m013
ene_net_1.1Ado_d094_m018,energy community,The Netherlands,1.1,Adoption over time,Energy community projects,# projects,s6,0.49977,0.23193,22.417,2019.4,8.7929,1525.4,5.8228e-05,1949.5,-44757,0.99863,0.99851,13.044,9.8336,0.97573,0.97434,54.871,33.714,0.48711,0.45781,252.24,200.85,38,36,0.86993,0.00065556,0.86927,36,0,35,0,0,0,0.83468,0,0,y,y,y,y,y,y,y,y,y,y,y,,,,,0,,,1,1,0,0,0,0,,1,1,0,0,0,0,854,,,,,,,,1,1,0,0,0,0,delete,,ene_net_1.1_d094_m018
ene_net_1.1Ado_d197_m007,energy community,The Netherlands,1.1,Adoption over time,Total energy communities,# communities,s6,0.43106,0.15918,13.009,2016.8,10.195,622.28,0.00040499,1932.9,-25961,0.99702,0.99676,9.9699,8.9774,0.95233,0.9496,39.907,27.979,0.60923,0.5869,114.25,97.142,38,38,0.92403,0.001607,0.92242,38,0,37,0,0,1,0.89962,0,0,y,y,y,y,y,y,y,y,y,y,y,,,,,0,,,1,1,0,0,0,0,,1,1,0,0,0,0,855,,,,,,,,1,1,0,0,0,0,delete,,ene_net_1.1_d197_m007
ene_net_2.1Lea_d214_m133,energy community,The Netherlands,2.1,Interdependence with Hardware,avg size of new project in year,kW,s6,-0.0044442,0.013863,17.342,10090,-988.81,807.1,8.203,1673.9,-33956,-6.6613e-16,-0.088235,1460.6,846.27,0.010996,-0.045518,1452.5,839.34,0.016953,-0.039221,1448.2,830.37,38,28,8.9357,0.018474,8.9173,36,20,12,1,1,1,0.25856,0,0,n,y,y,m,m,m,m,y,m,n,m,,,,,0,,,,,,,,,,0,1,0,0,0,0,857,,,,,,,,0,1,0,0,0,0,delete,,ene_net_2.1_d214_m133
ene_net_2.1Lea_d219_m133,energy community,The Netherlands,2.1,Interdependence with Hardware,max size of new project in year,kW,s6,1.56,0.10981,400.62,2015.8,2.817,15856,0.0002599,1858.9,-7.9893e+05,0.59111,0.55504,4518.1,2230,0.47491,0.4449,5120,2811,0.38657,0.35152,5534,3640.4,38,28,2.2194,0.0009536,2.2184,36,5,12,1,1,1,0.58444,0,0,m,y,y,m,m,m,m,y,y,m,m,,,,,0,,,,,,,,,,1,1,0,0,1,1,858,,,,,,,,1,1,0,0,1,1,,,ene_net_2.1_d219_m133
ene_net_2.1Lea_d220_m133,energy community,The Netherlands,2.1,Interdependence with Hardware,min size of new project in year,kW,s6,0.00056242,0.00054481,0.51406,8507.7,7813.4,21369,231.81,461.69,-493.08,1.3142e-05,-0.088221,1176.9,742.39,1.2987e-05,-0.057129,1176.9,742.34,2.2943e-05,-0.057119,1176.9,742.48,38,28,0.21527,0.00010707,0.21516,36,13,11,1,1,1,0.24232,0,0,n,y,y,m,m,m,m,y,m,n,m,,,,,0,,,,,,,,,,0,0,0,0,0,0,859,,,,,,,,0,0,0,0,0,0,delete,,ene_net_2.1_d220_m133
ene_net_2.9Int_d092_m106,energy community,The Netherlands,2.9,Interdependence with Hardware,Energy community installed capacity,MW,s6,0.34125,0.22424,11.727,2021.9,12.877,1196.5,2.6635e-05,1946.5,-23409,0.99405,0.99352,13.683,9.6689,0.98836,0.9877,19.135,10.605,0.52567,0.49857,122.15,95.08,38,36,0.57488,0.0002591,0.57462,36,0,35,0,0,1,0.83066,0,0,y,y,y,y,y,y,y,y,y,y,y,,,,,0,,,1,1,,,,,,1,1,0,0,1,1,862,,,,,,,,1,1,0,0,1,1,,,ene_net_2.9_d092_m106
fir_afr_1.1Ado_d212_m016,firm esg reporting,Africa,1.1,Adoption over time,Voluntary adoption of GRI reporting,# of companies,m13,0.81416,0.13421,14.679,2009.1,5.3975,164.41,0.021638,1948.3,-29408,0.92688,0.90495,17.643,13.628,0.69932,0.64465,35.777,29.807,0.82252,0.79025,27.487,21.531,14,14,1.1678,0.030411,1.1374,14,4,13,1,0,0,0.91919,0,0,y,y,y,y,y,y,y,y,y,y,y,4,,"ok, use logfit",,0,,,1,1,0,2,0,0,,1,1,0,1,0,0,865,,,,,,,,1,1,0,0,0,0,delete,,fir_afr_1.1_d212_m016
fir_asi_1.1Ado_d212_m016,firm esg reporting,Asia,1.1,Adoption over time,Voluntary adoption of GRI reporting,# of companies,m13,0.31003,0.22678,88.777,2016,14.174,3119.2,6.2188e-07,1920.4,-1.7782e+05,0.98924,0.98676,49.341,33.306,0.98343,0.98106,61.239,49.608,0.83573,0.81227,192.82,165.17,17,17,0.48666,0.003206,0.48346,17,0,16,0,0,1,0.8157,0,0,y,y,y,y,y,y,y,y,y,y,y,1,,,,0,,,1,1,0,2,0,0,,1,1,0,1,0,0,866,,,,,,,,1,1,0,0,0,0,delete,,fir_asi_1.1_d212_m016
fir_eur_1.1Ado_d212_m016,firm esg reporting,Europe,1.1,Adoption over time,Voluntary adoption of GRI reporting,# of companies,m13,0.39011,0.14434,96.989,2009.4,11.265,1559.2,0.00033469,1909,-1.9408e+05,0.99302,0.99152,43.072,31.086,0.92397,0.91383,142.13,124.28,0.953,0.94673,111.75,95.481,18,18,0.94727,0.0070548,0.94021,18,1,17,0,0,1,0.90342,0,0,y,y,y,y,y,y,y,y,y,y,y,1,,,,0,,,1,1,2,2,0,0,,1,1,0,0,0,0,867,,,,,,,,1,1,0,0,0,0,delete,,fir_eur_1.1_d212_m016
fir_glo_1.1Ado_d010_m063,firm esg reporting,global,1.1,Adoption over time,% of S&P 500 companies with sustainability reporting (all standards),% of companies,m13,1.4837,0.099929,0.078333,2011.7,2.9619,0.82645,6.1069,2036.5,-157.11,0.98518,0.97407,0.025678,0.021026,0.63994,0.49592,0.12657,0.096799,0.72402,0.61363,0.11081,0.090833,8,8,1.0406,0.242,0.7986,8,0,7,0,0,1,0.88906,1,1,y,y,y,y,y,y,y,y,y,y,y,1,,,,0,,,1,1,0,1,0,0,,1,1,0,1,0,0,869,,,,,,,,1,1,0,1,0,0,,,fir_glo_1.1_d010_m063
fir_glo_1.1Ado_d182_m016,firm esg reporting,global,1.1,Adoption over time,S&P 500 companies with sustainability reporting (all standards),# of companies,m13,-0.030388,0.037475,14.167,2970.2,-144.61,383.75,0.66472,1844.9,-28155,-1.783e-13,-0.75,49.984,37.813,0.42833,0.19966,37.793,22.688,0.42172,0.19041,38.01,22.708,8,8,1.1205,0.69055,0.42997,8,0,6,0,1,0,0.84411,0,0,n,y,y,y,y,y,y,y,y,n,y,1,,,,0,,,0,1,0,0,0,0,,0,1,0,0,0,0,870,,,,,,,,0,1,0,0,0,0,delete,,fir_glo_1.1_d182_m016
fir_glo_1.1Ado_d195_m063,firm esg reporting,global,1.1,Adoption over time,"Sustainability reporting by world's 250 largest companies by revenue (all standards, GRI, SASB, etc.)",% of companies,m13,0.26388,0.0034447,0.026831,2001.9,16.653,0.9715,1554.8,1.5751e+05,-53.17,0.97945,0.96918,0.031167,0.026025,-13.268,-17.345,0.8213,0.792,0.80341,0.74724,0.096406,0.083465,10,10,0.98816,0.36027,0.62789,24,1,9,0,0,0,0.91533,1,1,y,y,y,y,y,y,y,y,y,y,y,1,,,,0,,,1,1,0,0,0,0,,1,1,0,0,0,0,871,,,,,,,,1,1,0,0,0,0,delete,,fir_glo_1.1_d195_m063
fir_glo_1.1Ado_d212_m016,firm esg reporting,global,1.1,Adoption over time,Voluntary adoption of GRI reporting,# of companies,m13,0.41225,0.17582,281.79,2010.9,10.66,4910.3,6.8681e-06,1899.9,-5.6411e+05,0.99478,0.99366,110.77,64.357,0.94854,0.94168,347.69,306.86,0.90984,0.89782,460.21,397.87,18,18,0.89852,0.0022402,0.89628,18,1,17,0,0,1,0.87899,0,0,y,y,y,y,y,y,y,y,y,y,y,1,,,,0,,,1,1,0,2,0,0,,1,1,0,0,0,0,872,,,,,,,,1,1,0,0,0,0,delete,,fir_glo_1.1_d212_m016
fir_glo_3.3Leg_d235_m020,firm esg reporting,Global,3.3,Risk & Uncertainty (Shared Expectations),scientific publications,# publications,m13,0.4276,0.36336,5.5069,2026.3,10.277,3385.6,9.6531e-06,1973.4,-10939,0.99389,0.99353,12.871,7.4911,0.99328,0.99302,13.496,7.4888,0.28193,0.25431,139.52,85.548,55,37,0.26702,0.00029537,0.26672,44,0,43,0,0,1,0.71084,0,0,y,y,y,y,y,y,y,y,m,y,m,,,,"good; only available global, apply to all EA regions",0,,,1,1,0,0,1,1,,1,1,0,0,1,1,873,,,,,,,,1,1,0,0,1,1,,,fir_glo_3.3_d235_m020
fir_glo_4.2Kme_d103_m098,firm esg reporting,global,4.2,Knowledge flows,"Frequency of the word ""GRI"" in a corpus (books, internet)",Frequency index to max=1,m13,-0.3441,-0.002909,-0.041241,2004.3,-12.771,1.1094,-1543.8,-1.527e+05,83.241,0.97137,0.96746,0.058392,0.048674,-1.129,-1.3141,0.5035,0.36666,0.80343,0.78634,0.15299,0.13686,26,26,0.90136,0.062207,0.83915,26,23,7,0,1,0,0.92647,1,1,y,y,y,y,y,y,y,y,y,y,y,1,,,,0,,,1,1,,,,,,1,1,0,0,0,1,876,,,,,,,,1,1,0,0,0,1,,,fir_glo_4.2_d103_m098
fir_glo_4.2Kme_d284_m172,firm esg reporting,global,4.2,Knowledge flows,"Partial up to max Frequency of the word ""GRI"" in a corpus (books, internet)",Partial up to max Frequency index to max=1,m13,31.706,0.0020344,0.011848,1996.9,0.1386,0.98681,1555.2,1.5743e+05,-22.707,0.77835,,0.014231,0.011584,-1032.8,-3100.3,0.97188,0.97141,0.19205,-1.4239,0.02717,0.026979,4,4,1.0134,0.93759,0.075777,4,1,3,1,0,0,0.76297,1,1,y,n,y,y,y,y,y,m,m,n,n,,,,,0,,,,,,,,,,0,1,0,0,0,0,877,,,,,,,,0,1,0,0,0,0,delete,,fir_glo_4.2_d284_m172
fir_lam_1.1Ado_d212_m016,firm esg reporting,LatinAmericaCarib,1.1,Adoption over time,Voluntary adoption of GRI reporting,# of companies,m13,0.50711,0.19578,57.404,2011.1,8.6657,758.76,0.00012778,1936,-1.1505e+05,0.97079,0.96282,44.328,33.603,0.90923,0.8941,78.14,71.529,0.91445,0.90019,75.857,60.382,15,15,0.99109,0.0065897,0.9845,15,1,14,0,0,1,0.86461,0,0,y,y,y,y,y,y,y,y,y,y,y,1,,,,0,,,1,1,0,2,0,0,,1,1,0,1,0,0,878,,,,,,,,1,1,0,0,0,0,delete,,fir_lam_1.1_d212_m016
fir_nam_1.1Ado_d212_m016,firm esg reporting,North America,1.1,Adoption over time,Voluntary adoption of GRI reporting,# of companies,m13,0.32091,0.32089,56.752,2053.5,13.694,1.9867e+08,1.8255e-06,1952.7,-1.1369e+05,0.81114,0.76756,155.24,96.139,0.81114,0.78416,155.24,96.139,0.60579,0.54947,224.28,144.51,17,17,7.6408e-06,2.5167e-08,7.6157e-06,17,0,16,0,0,1,0.48871,0,0,y,y,y,y,y,y,m,m,y,m,m,2,1 high pt,,* error in fit,0,,,0,1,0,2,0,0,,1,1,0,1,0,0,879,check,,,,,,,1,1,0,0,0,0,delete,,fir_nam_1.1_d212_m016
fir_oce_1.1Ado_d212_m016,firm esg reporting,Oceania,1.1,Adoption over time,Voluntary adoption of GRI reporting,# of companies,m13,0.98282,0.14987,15.769,2009.6,4.4713,159.33,0.013574,1952.3,-31609,0.94495,0.9266,15.013,11.487,0.73485,0.68182,32.947,28.093,0.85037,0.82044,24.75,19.621,13,13,1.0168,0.031382,0.9854,13,5,12,1,0,1,0.89396,0,0,y,y,y,y,y,y,y,y,y,y,y,3,,"ok, use",,0,,,1,1,0,2,0,0,,1,1,0,1,0,0,880,,,,,,,,1,1,0,0,0,0,delete,,fir_oce_1.1_d212_m016
foo_glo_1.1Ado_d106_m136,food waste reduction,Global,1.1,Adoption over time,"Global edible food waste per capita, total",kg/capita,m3,0.059404,0.059402,5.2424,2198,73.976,4.5673e+06,0.16291,1909.3,-10474,0.79884,0.64798,10.484,8.6769,0.79884,0.71838,10.484,8.6768,0.74183,0.63856,11.878,10.233,8,8,2.8901e-05,1.5042e-05,1.386e-05,13,0,2,0,1,0,0.79469,0,0,y,y,y,y,y,y,y,m,y,m,y,2,,,*needs sign reversal * negative slope = LED innovation,0,,,0,1,0,2,0,0,,0,1,0,1,0,0,881,,,,,,,,0,1,0,0,0,0,delete,,foo_glo_1.1_d106_m136
low_ger_1.1Ado_d169_m142,low-carbon long distance travel,Germany,1.1,Adoption over Time,Passengers carried in railways,million passenger-km,b4,0.050692,0.011034,906.21,1982.6,86.69,1.0493e+05,55.652,1347.7,-1.7382e+06,0.45066,0.37576,7568.6,4304.4,0.43735,0.38842,7659.8,4026,0.44299,0.39455,7621.3,4088.5,26,26,0.97234,0.56059,0.41175,26,1,0,0,0,0,0.96981,0,0,m,y,y,y,y,y,y,y,y,m,y,1,covid,,,0,,,1,1,2,2,0,0,,1,1,0,0,0,0,889,,,,,,,,1,1,0,0,0,0,delete,,low_ger_1.1_d169_m142
low_ger_4.5Inf_d232_m120,low-carbon long distance travel,Germany,4.5,Physical Infrastructure dependence,rail infrastructure,Total route-km,b4,-0.0074787,-0.007478,-262.09,770.47,-587.59,3.716e+08,65368,1926.5,5.619e+05,0.84081,0.80897,1052.5,846.06,0.84081,0.82091,1052.5,846.06,0.82777,0.80624,1094.7,870.48,19,19,0.00011227,8.9699e-05,2.2567e-05,27,18,6,0,1,0,0.94058,0,0,y,y,y,y,y,y,y,m,y,m,y,1,,,,0,,,,1,,,,,,1,1,0,0,1,1,893,,,,,,,,1,1,0,0,1,1,,,low_ger_4.5_d232_m120
mic_ban_2.1Lea_d154_m028,microfinance,Bangladesh,2.1,Learning,Operating expense / loan portfolio,%,m10,-0.14802,-0.046797,-0.009463,2012.8,-29.688,0.31273,1.0128,1973,19.205,0.18682,0.034348,0.11664,0.064464,0.16832,0.070479,0.11796,0.061251,0.17795,0.081242,0.11728,0.062689,20,20,2.2609,0.38111,1.8798,20,16,0,1,0,1,0.73408,1,1,n,y,y,y,y,y,y,y,m,n,m,2,,,* negative consistent with LED innovation,0,,,1,1,0,0,0,1,,1,1,0,0,0,1,899,,,,,,,,1,1,0,0,0,1,,,mic_ban_2.1_d154_m028
mic_ban_2.7Gra_d054_m028,microfinance,Bangladesh,2.7,Granularity (Unit Size),Average loan balance per borrower / GNI per capita,%,m10,-0.00067652,0.00096837,-0.00013323,-2654.5,-6495.7,5.7158,1555.3,1.5745e+05,0.50142,0.00012026,-0.19986,0.071299,0.062078,-10.748,-12.216,0.24439,0.23376,0.00010474,-0.12488,0.0713,0.062084,19,19,0.0638,0.021984,0.041816,19,16,18,1,0,1,0.90149,1,1,n,y,y,y,y,y,y,m,m,n,m,3,,"reversal, use partial pre-peak",,0,,,0,1,0,0,0,1,,0,1,0,0,0,1,900,,,,,,,,0,1,0,0,0,1,,,mic_ban_2.7_d054_m028
mic_ban_3.2Adc_d068_m028,microfinance,Bangladesh,3.2,Adopter Characteristics,Clients below poverty line,%,m10,0.07621,0.065657,963.61,2044.3,57.662,88070,0.013312,1811.5,-1.9325e+06,0.01019,-0.36099,24687,13775,0.0096756,-0.2104,24693,13766,0.017971,-0.20026,24590,13473,12,12,1.0215,0.00015329,1.0214,12,4,0,1,0,1,0.018315,0,0,n,y,y,m,m,m,m,y,m,n,m,2,1 pt high,,* error in data,0,,,0,0,0,0,0,0,,0,0,0,0,0,0,901,,,,,,,,0,0,0,0,0,0,delete,,mic_ban_3.2_d068_m028
mic_ban_3.2Adc_d097_m028,microfinance,Bangladesh,3.2,Adopter characteristics,Female borrowers,%,m10,0.60378,0.0022069,0.0020528,1996.9,7.2782,0.92033,3.2293,2585.6,-3.2194,0.534,0.44662,0.028784,0.021874,0.076736,-0.031883,0.040516,0.031104,0.078808,-0.029567,0.040471,0.031075,20,20,1.0335,0.85317,0.18035,20,12,18,1,0,0,0.95514,1,1,m,y,y,y,y,y,y,m,m,m,m,2,,,,0,,prefer,1,1,0,0,0,1,,0,1,0,0,0,1,902,check,,,,,,,1,1,0,0,0,1,,,mic_ban_3.2_d097_m028
mic_glo_3.3Leg_d235_m020,microfinance,Global,3.3,Risk & Uncertainty (Shared Expectations),scientific publications,# publications,m10,0.26566,0.10864,82.995,2014.7,16.542,5561.9,0.0030976,1890.4,-1.6474e+05,0.99121,0.9907,154.95,93.435,0.94981,0.94787,370.38,291.48,0.63512,0.62109,998.62,836.32,55,39,0.96927,0.00017979,0.96909,46,0,45,0,0,1,0.92392,0,0,y,y,y,y,y,y,y,y,y,y,y,,,,"good; only available global, apply to all EA regions",0,,,1,1,0,0,1,1,,1,1,0,0,1,1,905,,,,,,,,1,1,0,0,1,1,,,mic_glo_3.3_d235_m020
mic_ind_2.1Lea_d154_m028,microfinance,India,2.1,Learning,Operating expense / loan portfolio,%,m10,-0.097127,-0.00066289,-0.017487,1897.3,-45.244,10069,-1544.6,-1.5263e+05,35.354,0.70764,0.64917,0.06543,0.046892,-2.8549,-3.3368,0.23759,0.20446,0.62651,0.57982,0.073954,0.061483,19,19,4.5827e-05,1.0721e-05,3.5106e-05,19,18,1,0,0,1,0.78088,1,1,y,y,y,y,y,y,y,m,y,m,y,1,,,* negative consistent with LED innovation,0,,,1,1,0,0,1,1,,1,1,0,0,1,1,929,,,,,,,,1,1,0,0,1,1,,,mic_ind_2.1_d154_m028
mic_ind_2.7Gra_d054_m028,microfinance,India,2.7,Granularity (Unit Size),Average loan balance per borrower / GNI per capita,%,m10,-0.037251,0.00046574,-0.0055212,1737.9,-117.97,3834.6,1555.4,1.5744e+05,11.253,0.58088,0.49706,0.026787,0.022851,-15.145,-17.163,0.16625,0.16102,0.53415,0.47592,0.028241,0.024435,19,19,6.5464e-05,2.9569e-05,3.5895e-05,19,16,5,1,1,0,0.92516,1,1,m,y,y,y,y,y,y,m,y,m,y,2,,,,0,,,1,1,0,0,1,1,,1,1,0,0,1,1,930,,,,,,,,1,1,0,0,1,1,,,mic_ind_2.7_d054_m028
mic_ind_3.2Adc_d068_m028,microfinance,India,3.2,Adopter Characteristics,Clients below poverty line,%,m10,-0.2515,-0.034055,-0.020676,2021.4,-17.473,0.70751,0.31905,2031.9,42.233,0.31513,0.0583,0.106,0.073694,0.30745,0.15356,0.1066,0.079598,0.31049,0.15726,0.10636,0.078444,12,12,1.3145,0.65017,0.6643,12,11,10,0,0,1,0.85051,1,1,m,y,y,y,y,y,y,y,y,m,y,4,,"reversal, use partial pre-peak",,0,,,1,1,0,0,0,0,,1,1,0,0,0,0,931,,,,,,,,1,1,0,0,0,0,delete,,mic_ind_3.2_d068_m028
mic_ind_3.2Adc_d097_m028,microfinance,India,3.2,Adopter Characteristics,Female borrowers,%,m10,0.047257,0.0064388,0.0060352,1970.3,92.991,1.0844,4.5471,2255.4,-11.194,0.8591,0.83268,0.014153,0.011371,0.84905,0.83129,0.014649,0.011502,0.85194,0.83452,0.014508,0.011491,20,20,0.91502,0.79004,0.12497,20,1,16,0,1,0,0.95029,1,1,y,y,y,y,y,y,y,m,y,m,y,1,,,,0,,,1,1,0,0,1,1,,1,1,0,0,1,1,932,,,,,,,,1,1,0,0,1,1,,,mic_ind_3.2_d097_m028
mic_nig_1.1Ado_d286_m174,microfinance,Nigeria,1.1,Adoption over time,Partial up to max Number of active borrowers,Partial up to max No.,m10,51.805,0.31676,1.5188e+05,2008,0.084826,1.9143e+06,4.0555e-14,1867.5,-3.0402e+08,0.57635,0.39478,5.6406e+05,3.4207e+05,0.35759,0.19699,6.9459e+05,4.1984e+05,0.30714,0.13393,7.2135e+05,4.9992e+05,11,11,1.6559,0.0096464,1.6463,11,1,7,0,1,1,0.33537,0,0,m,y,y,m,y,m,m,y,y,m,m,,,,,0,,transformed-marketshare,0,1,0,2,0,0,,1,1,0,0,0,0,956,check,,,,,,,1,1,0,0,0,0,delete,,mic_nig_1.1_d286_m174
mic_nig_2.1Lea_d154_m028,microfinance,Nigeria,2.1,Learning,Operating expense / loan portfolio,%,m10,-0.070794,-0.070792,-2.8565,1852.7,-62.074,2.7937e+06,88.156,1999.1,5786,0.47256,0.36707,17.75,12.407,0.47256,0.40663,17.75,12.407,0.40976,0.33598,18.777,12.753,19,19,4.8325e-05,9.169e-06,3.9156e-05,19,18,2,0,1,1,0.69964,0,0,m,y,y,y,y,y,m,m,y,m,m,2,,,* negative consistent with LED innovation,0,,,1,1,0,0,0,1,,1,1,0,0,0,1,958,,,,,,,,1,1,0,0,0,1,,,mic_nig_2.1_d154_m028
mic_nig_2.7Gra_d054_m028,microfinance,Nigeria,2.7,Granularity (Unit Size),Average loan balance per borrower / GNI per capita,%,m10,0.41159,0.050106,2.6136,2301.3,10.677,463.63,1.1883,1938.8,-5209.7,-0.99373,-1.3925,58.113,41.028,0.096723,-0.016187,39.116,22.719,0.12098,0.011104,38.587,21.682,19,19,0.43536,0.01949,0.41587,19,3,14,1,1,1,0.49919,0,0,n,y,y,m,m,m,m,y,m,n,m,4,,"reversal, use partial pre-peak",,0,,,1,1,0,0,0,1,,1,1,0,0,0,1,959,,,,,,,,1,1,0,0,0,1,,,mic_nig_2.7_d054_m028
mic_nig_3.2Adc_d068_m028,microfinance,Nigeria,3.2,Adopter Characteristics,Clients below poverty line,%,m10,-0.45956,-0.020618,-0.0092266,2019.7,-9.5623,0.46733,1.6006,1948.7,18.999,0.15412,-0.69176,0.086057,0.071051,0.10624,-0.34065,0.088459,0.077713,0.11033,-0.3345,0.088256,0.077549,7,7,1.1341,0.53496,0.59915,10,4,2,1,1,1,0.82717,1,1,n,y,y,y,y,y,y,y,m,n,m,3,,"reversal, use partial pre-peak",,0,,,1,1,0,0,0,0,,1,1,0,0,0,0,960,,,,,,,,1,1,0,0,0,0,delete,,mic_nig_3.2_d068_m028
mic_nig_3.2Adc_d097_m028,microfinance,Nigeria,3.2,Adopter Characteristics,Female borrowers,%,m10,-0.018644,-0.00027019,-0.012788,1575.7,-235.71,2234,-1544.5,-1.5264e+05,26.389,0.45519,0.34623,0.077193,0.059172,-44.361,-50.031,0.70437,0.69656,0.44858,0.37966,0.07766,0.059295,19,19,0.00040688,0.00022925,0.00017763,19,18,7,0,1,0,0.92972,1,1,m,y,y,y,y,y,y,m,y,m,y,2,,,,0,,,1,1,0,0,0,1,,1,1,0,0,0,1,961,,,,,,,,1,1,0,0,0,1,,,mic_nig_3.2_d097_m028
non_glo_1.1Ado_d119_m119,non-cash transactions,Global,1.1,Adoption over time,Market size of payments worldwide (also by world region),Total payments revenue (trillion $),s9,0.05318,0.053179,0.078638,2218,82.633,74092,5.3468,2038.7,-156.88,0.93429,0.92021,0.11009,0.079115,0.93429,0.92553,0.11009,0.079114,0.90244,0.88943,0.13414,0.10636,18,18,3.3742e-05,1.2147e-05,2.1595e-05,18,0,17,0,0,0,0.91718,0,1,y,y,y,y,y,y,y,m,y,m,y,1,,,,0,,,1,1,0,0,0,0,,,,,,,,982,,,,,,,,1,1,0,0,0,0,delete,,non_glo_1.1_d119_m119
non_glo_1.1Ado_d135_m113,non-cash transactions,Global,1.1,Adoption over time,Number of digital payments worldwide (also by world region),Number (billion) of cashless transactions,s9,0.14478,0.14478,97.965,2106.9,30.353,2.5156e+08,0.00013235,1911.7,-1.9698e+05,0.9971,0.99586,17.136,14.294,0.9971,0.99638,17.136,14.294,0.94764,0.93455,72.819,64.157,11,11,5.3069e-06,1.2367e-06,4.0702e-06,11,0,10,0,0,0,0.85072,0,0,y,y,y,y,y,y,y,m,y,m,y,1,,,,0,,,1,1,0,2,0,0,,,,,,,,983,,,,,,,,1,1,0,0,0,0,delete,,non_glo_1.1_d135_m113
non_swe_1.1Ado_d170_m041,non-cash transactions,Sweden,1.1,Adoption over time,Percentage of people who paid cash for their last in-store purchase,% most recent in-store purchase in cash,s9,-0.1361,-0.0012093,-0.023454,1935.4,-32.288,10244,-1544.5,-1.5266e+05,47.492,0.97251,0.95189,0.018215,0.014167,-2.913,-4.4782,0.21731,0.1875,0.88242,0.83539,0.037669,0.034568,8,8,3.8072e-05,7.8096e-06,3.0262e-05,14,7,1,0,0,0,0.75569,1,1,y,y,y,y,y,y,y,m,y,m,y,1,,,,0,,,1,1,0,0,0,0,,,,,,,,993,,,,,,,,1,1,0,0,0,0,delete,,non_swe_1.1_d170_m041
non_uki_1.1Ado_d229_m032,non-cash transactions,UK,1.1,Adoption over time,proportion of cash payment methods to all payment methods (point of sale),% cash payments as total number of PoS payments,s9,-0.48593,-0.15568,-0.027,2020.9,-9.0433,0.27773,0.18098,2019.1,54.704,0.67932,0.19829,0.037385,0.031259,0.61894,0.36489,0.040753,0.030505,0.65048,0.41746,0.03903,0.032,6,6,0.97218,0.36007,0.61211,7,4,1,1,1,1,0.76218,1,1,m,y,y,y,y,y,y,y,y,m,y,,,,,0,,,1,1,0,0,0,0,,,,,,,,997,,,,,,,,1,1,0,0,0,0,delete,,non_uki_1.1_d229_m032
non_uki_1.1Ado_d230_m033,non-cash transactions,UK,1.1,Adoption over time,proportion of cash payments to all payment types (in store PoS),% cash payments as total number of in-store PoS payments,s9,-0.12968,-0.056555,-0.017994,2010.8,-33.887,0.60499,2.3239,1973.7,36.484,0.99267,0.99145,0.0097935,0.0082165,0.96514,0.96148,0.02136,0.016616,0.99556,0.99509,0.0076239,0.0066159,22,22,0.83473,0.18017,0.65456,22,21,0,0,0,0,0.94182,1,1,y,y,y,y,y,y,y,y,y,y,y,,,,,0,,,1,1,0,0,0,0,,,,,,,,998,,,,,,,,1,1,0,0,0,0,delete,,non_uki_1.1_d230_m033
non_uki_1.1Ado_d231_m034,non-cash transactions,UK,1.1,Adoption over time,proportion of cash payments to all payment types (total numbers),% cash payments of total number of payments,s9,-0.31988,-0.0024734,-0.036731,2017.7,-13.738,0.60898,-1544,-1.5271e+05,74.41,0.99245,0.99039,0.014025,0.011462,-5.0122,-6.0142,0.39573,0.36132,0.96684,0.96131,0.029391,0.025887,15,15,0.93895,0.20571,0.73324,15,14,0,0,0,0,0.92301,1,1,y,y,y,y,y,y,y,y,y,y,y,,,,,0,,,1,1,0,0,0,0,,,,,,,,999,,,,,,,,1,1,0,0,0,0,delete,,non_uki_1.1_d231_m034
non_usa_1.1Ado_d190_m031,non-cash transactions,US,1.1,Adoption over time,Share of payment instrument use for all payments,% cash payments as % of all payments,s9,-0.13854,-0.0012108,-0.023473,2011.5,-31.719,0.9141,-1544.5,-1.5268e+05,47.635,0.93706,0.88985,0.013997,0.010635,-17.214,-24.5,0.23812,0.23149,0.92925,0.90095,0.01484,0.011051,8,8,0.33976,0.17523,0.16453,8,7,0,0,0,0,0.85654,1,1,y,y,y,y,y,y,y,m,y,m,y,,,,,0,,,1,1,0,0,0,0,,,,,,,,1007,,,,,,,,1,1,0,0,0,0,delete,,non_usa_1.1_d190_m031
non_usa_3.2Adc_d189_m081,non-cash transactions,US,3.2,Adopter characteristics,Share of cash and credit card payments by income bracket,"% payments by cash (income $100,000 ‚Äì $149,999)",s9,-0.15379,-0.00021056,-0.012896,1950.7,-28.575,3361.1,-1544.9,-1.5263e+05,26.134,0.80614,0.66074,0.015036,0.011405,-7.034,-10.248,0.096798,0.090573,0.74862,0.64807,0.017122,0.013704,8,8,4.4628e-05,1.3686e-05,3.0942e-05,8,7,3,0,1,1,0.78503,1,1,y,y,y,y,y,y,y,m,y,m,y,,,,,0,,,1,1,0,0,0,0,,,,,,,,1012,,,,,,,,1,1,0,0,0,0,delete,,non_usa_3.2_d189_m081
non_usa_3.2Adc_d189_m082,non-cash transactions,US,3.2,Adopter characteristics,Share of cash and credit card payments by income bracket,"% payments by cash (income $25,000 ‚Äì $49,999)",s9,-0.098356,-0.098352,-0.0099516,1916.1,-44.679,2705.2,1.0957,1995.5,20.204,0.76807,0.59412,0.012864,0.010657,0.76807,0.6753,0.012864,0.010657,0.72865,0.62011,0.013915,0.012058,8,8,5.397e-05,2.7975e-05,2.5994e-05,8,7,1,0,1,0,0.82727,1,1,y,y,y,y,y,y,y,m,y,m,y,,,,,0,,,1,1,0,0,0,0,,,,,,,,1013,,,,,,,,1,1,0,0,0,0,delete,,non_usa_3.2_d189_m082
non_usa_3.2Adc_d189_m083,non-cash transactions,US,3.2,Adopter characteristics,Share of cash and credit card payments by income bracket,"% payments by cash (income $50,000 ‚Äì $74,999)",s9,-0.11018,-0.11007,-0.0099508,1955.4,-39.885,104.36,1.411,1994.4,20.188,0.82128,0.68723,0.010754,0.0089184,0.82128,0.74979,0.010754,0.0089183,0.80335,0.72469,0.011281,0.0096973,8,8,0.0012553,0.00062285,0.00063243,8,7,3,0,1,0,0.83432,1,1,y,y,y,y,y,y,y,m,y,m,y,,,,,0,,,1,1,0,0,0,0,,,,,,,,1014,,,,,,,,1,1,0,0,0,0,delete,,non_usa_3.2_d189_m083
non_usa_3.2Adc_d189_m084,non-cash transactions,US,3.2,Adopter characteristics,Share of cash and credit card payments by income bracket,"% payments by cash (income $75,000 ‚Äì $99,999)",s9,-0.14726,-0.020994,-0.011879,1944.8,-29.842,5055.2,-1152.1,-5.8938e+05,24.08,0.79193,0.63588,0.014663,0.011956,-7.7183,-11.206,0.094917,0.089308,0.71697,0.60376,0.017102,0.014085,8,8,2.7695e-05,9.6931e-06,1.8001e-05,8,7,3,0,1,0,0.81025,1,1,y,y,y,y,y,y,y,m,y,m,y,,,,,0,,,1,1,0,0,0,0,,,,,,,,1015,,,,,,,,1,1,0,0,0,0,delete,,non_usa_3.2_d189_m084
org_aus_1.1Ado_d160_m152,organic food consumption,Austria,1.1,Adoption over time,Organic per capita consumption [‚Ç¨/person],‚Ç¨/person,b2,0.1287,0.087699,11.328,2020.5,34.145,503.74,0.063093,1925.8,-22651,0.98645,0.98431,8.8864,7.7508,0.97869,0.97656,11.145,9.8434,0.96857,0.96543,13.535,10.624,23,23,0.54421,0.055684,0.48853,23,0,21,0,0,0,0.92257,0,0,y,y,y,y,y,y,y,y,y,y,y,1,,,,0,,,1,1,0,0,0,0,,,,,,,,1020,,,,,,,,1,1,0,0,0,0,delete,,org_aus_2.2_d160_m152
org_aus_1.1Ado_d163_m140,organic food consumption,Austria,1.1,Adoption over time,Organic retail sales market size [million],million EUR,b2,0.12714,0.093474,102.88,2023,34.564,5348.6,0.0034579,1877.1,-2.0577e+05,0.98853,0.98671,74.618,65.209,0.98343,0.98177,89.674,79.069,0.95972,0.95569,139.81,109.97,23,23,0.46666,0.042067,0.42459,23,0,22,0,0,0,0.91677,0,0,y,y,y,y,y,y,y,y,y,y,y,1,,,,0,,,1,1,0,2,0,0,,,,,,,,1021,,,,,,,,1,1,0,0,0,0,delete,,org_aus_1.1_d163_m140
org_aus_2.2Rel_d046_m148,organic food consumption,Austria,2.2,Relative Advantage (Profitability),All qualities MILK price,price (‚Ç¨c/kg),b2,0.018599,0.018598,0.61495,2547.3,236.28,7.5537e+05,5.1168,1907.4,-1201.1,0.71103,0.67769,3.471,2.8001,0.71103,0.68963,3.471,2.8001,0.67952,0.65579,3.6553,2.9007,30,30,6.8298e-05,3.6148e-05,3.2151e-05,30,1,29,0,0,0,0.95211,0,1,y,y,y,y,y,y,y,m,y,m,y,2,,,,0,,,1,1,0,0,0,0,,,,,,,,1024,,,,,,,,1,1,0,0,0,0,delete,,org_aus_2.2_d046_m148
org_aus_2.2Rel_d069_m149,organic food consumption,Austria,2.2,Relative Advantage (Profitability),Conventional EGGS price,sales price (‚Ç¨/100 pieces),b2,0.029166,0.029165,0.30308,2367.4,150.67,3.4808e+05,8.0062,2001.2,-598.59,0.85113,0.83083,0.96597,0.73058,0.85113,0.83818,0.96596,0.73058,0.82439,0.80912,1.0491,0.75998,26,26,5.0621e-05,2.0628e-05,2.9994e-05,26,0,24,0,0,0,0.93638,0,1,y,y,y,y,y,y,y,m,y,m,y,2,,,* need to create new variable = Conventional:Organic price ratio,0,,,1,1,0,0,0,0,,,,,,,,1025,,,,,,,,1,1,0,0,0,0,delete,,org_aus_2.2_d069_m149
org_aus_2.2Rel_d070_m148,organic food consumption,Austria,2.2,Relative Advantage (Profitability),Conventional MILK price,price (‚Ç¨c/kg),b2,0.016061,0.01606,0.51388,2619.3,273.61,5.9506e+05,5.7528,1900.4,-999.13,0.60623,0.56079,3.6663,2.9236,0.60623,0.57706,3.6663,2.9236,0.57955,0.5484,3.7885,2.9783,30,30,8.3268e-05,4.5886e-05,3.7382e-05,30,1,29,0,0,0,0.95129,0,1,m,y,y,y,y,y,y,m,y,m,y,2,,,* need to create new variable = Conventional:Organic price ratio,0,,,1,1,0,0,0,0,,,,,,,,1026,,,,,,,,1,1,0,0,0,0,delete,,org_aus_2.2_d070_m148
org_aus_2.2Rel_d102_m149,organic food consumption,Austria,2.2,Relative Advantage (Profitability),Free range EGGS price,sales price (‚Ç¨/100 pieces),b2,0.026066,0.026065,0.38252,2400.5,168.59,3.5319e+05,5.6205,1976.6,-755.37,0.70079,0.63174,1.254,1.0469,0.70079,0.65804,1.254,1.0469,0.66818,0.62078,1.3206,1.0531,17,17,6.0563e-05,3.375e-05,2.6813e-05,17,0,16,0,0,0,0.92474,0,1,y,y,y,y,y,y,y,m,y,m,y,2,,,* need to create new variable = Conventional:Organic price ratio,0,,,1,1,0,0,0,0,,,,,,,,1027,,,,,,,,1,1,0,0,0,0,delete,,org_aus_2.2_d102_m149
org_aus_2.2Rel_d155_m149,organic food consumption,Austria,2.2,Relative Advantage (Profitability),Organic EGGS price,sales price (‚Ç¨/100 pieces),b2,0.039026,0.039026,0.82724,2297.7,112.6,1.3774e+06,2.9553,1963.3,-1644.2,0.79243,0.74054,2.0336,1.7064,0.79243,0.7605,2.0336,1.7064,0.72985,0.68829,2.32,1.9297,16,16,2.4228e-05,1.4296e-05,9.9321e-06,16,0,15,0,0,0,0.91298,0,1,y,y,y,y,y,y,y,m,y,m,y,2,,,* need to create new variable = Conventional:Organic price ratio,0,,,1,1,0,0,0,0,,,,,,,,1028,,,,,,,,1,1,0,0,0,0,delete,,org_aus_2.2_d155_m149
org_aus_2.2Rel_d156_m148,organic food consumption,Austria,2.2,Relative Advantage (Profitability),Organic MILK price,price (‚Ç¨c/kg),b2,0.020901,0.0209,0.82144,2477.7,210.25,7.004e+05,4.1409,1901.7,-1610.7,0.84929,0.83191,3.0208,2.4916,0.8493,0.83813,3.0208,2.4916,0.83484,0.82261,3.1623,2.5815,30,30,8.2274e-05,3.8985e-05,4.3289e-05,30,2,29,0,0,0,0.95845,0,1,y,y,y,y,y,y,y,m,y,m,y,2,,,* need to create new variable = Conventional:Organic price ratio,0,,,1,1,0,0,0,0,,,,,,,,1029,,,,,,,,1,1,0,0,0,0,delete,,org_aus_2.2_d156_m148
org_aus_4.5Inf_d158_m028,organic food consumption,Austria,4.5,Physical Infrastructure dependence,Organic area share of total farmland [%],%,b2,0.025966,0.0014793,0.0052981,2392.1,169.24,4034.7,1555.2,1.5748e+05,-10.448,0.95604,0.9491,0.0075711,0.0057796,-32.577,-35.935,0.20925,0.20611,0.94715,0.94186,0.008302,0.0067295,23,23,6.8209e-05,3.4129e-05,3.408e-05,23,0,22,0,0,0,0.9521,1,1,y,y,y,y,y,y,y,m,y,m,y,1,,,,0,,,1,1,0,0,0,0,,,,,,,,1054,,,,,,,,1,1,0,0,0,0,delete,,org_aus_4.5_d158_m028
org_can_1.1Ado_d160_m152,organic food consumption,Canada,1.1,Adoption over time,Organic per capita consumption [‚Ç¨/person],‚Ç¨/person,b2,0.087828,0.087827,6.7076,2148.8,50.035,9.4916e+06,0.070498,1935.6,-13435,0.9389,0.92223,7.575,6.4423,0.9389,0.92871,7.575,6.4423,0.89435,0.87674,9.9608,7.8839,15,15,1.5443e-05,4.0078e-06,1.1435e-05,15,0,14,0,0,0,0.88955,0,0,y,y,y,y,y,y,y,m,y,m,y,1,,,,0,,,1,1,0,0,0,0,,,,,,,,1055,,,,,,,,1,1,0,0,0,0,delete,,org_can_2.2_d160_m152
org_can_1.1Ado_d163_m140,organic food consumption,Canada,1.1,Adoption over time,Organic retail sales market size [million],million EUR,b2,0.10347,0.10347,222.79,2132.7,42.471,5.1612e+08,0.00090264,1871.1,-4.4589e+05,0.96967,0.96431,248.6,204.83,0.96967,0.9663,248.6,204.83,0.89326,0.8814,466.33,363.89,21,21,1.1237e-05,1.3618e-06,9.8757e-06,21,0,16,0,1,0,0.88273,0,0,y,y,y,y,y,y,y,m,y,m,y,1,,,,0,,,1,1,0,2,0,0,,,,,,,,1056,,,,,,,,1,1,0,0,0,0,delete,,org_can_1.1_d163_m140
org_can_1.1Ado_d164_m028,organic food consumption,Canada,1.1,Adoption over time,Organic retail sales share [%],%,b2,0.023677,0.0010582,0.00064835,2423.4,185.6,436.97,1555.3,1.5748e+05,-1.2787,0.70542,0.61705,0.0017098,0.0013896,-79.408,-94.028,0.028248,0.028071,0.68835,0.63169,0.0017586,0.0014411,14,14,7.5521e-05,5.7213e-05,1.8308e-05,14,2,13,1,0,0,0.92105,1,1,y,y,y,y,y,y,y,m,y,m,y,2,,,,0,,,1,1,0,0,0,0,,,,,,,,1057,,,,,,,,1,1,0,0,0,0,delete,,org_can_1.1_d164_m028
org_can_4.5Inf_d158_m028,organic food consumption,Canada,4.5,Physical Infrastructure dependence,Organic area share of total farmland [%],%,b2,0.080498,0.0010876,0.00094328,2041.2,54.591,0.15185,1555.2,1.5747e+05,-1.8833,0.96489,0.95935,0.0012218,0.0009506,-4.4031,-4.9434,0.015157,0.013683,0.92077,0.91285,0.0018354,0.0016457,23,23,0.1811,0.032926,0.14817,23,0,22,0,0,0,0.91819,1,1,y,y,y,y,y,y,y,m,y,m,y,1,,,,0,,,1,1,0,0,0,0,,,,,,,,1082,,,,,,,,1,1,0,0,0,0,delete,,org_can_4.5_d158_m028
org_den_1.1Ado_d160_m152,organic food consumption,Denmark,1.1,Adoption over time,Organic per capita consumption [‚Ç¨/person],‚Ç¨/person,b2,0.12476,0.094851,16.074,2024.6,35.224,963.46,0.028679,1920.9,-32147,0.96738,0.96223,20.178,16.297,0.96305,0.95935,21.477,17.864,0.91072,0.9018,33.384,26.28,23,23,0.39813,0.052197,0.34593,23,2,20,0,0,0,0.92631,0,0,y,y,y,y,y,y,y,y,y,y,y,1,,,,0,,,1,1,0,0,0,0,,,,,,,,1083,,,,,,,,1,1,0,0,0,0,delete,,org_den_2.2_d160_m152
org_den_1.1Ado_d163_m140,organic food consumption,Denmark,1.1,Adoption over time,Organic retail sales market size [million],million EUR,b2,0.13135,0.099362,95.527,2024.1,33.456,5535.8,0.0024516,1882.9,-1.9109e+05,0.97288,0.96859,109.39,87.67,0.96824,0.96507,118.37,96.498,0.91003,0.90103,199.24,159.42,23,23,0.40464,0.048773,0.35586,23,2,21,0,0,0,0.92297,0,0,y,y,y,y,y,y,y,y,y,y,y,1,,,,0,,,1,1,2,2,0,0,,,,,,,,1084,,,,,,,,1,1,0,0,0,0,delete,,org_den_1.1_d163_m140
org_den_1.1Ado_d164_m028,organic food consumption,Denmark,1.1,Adoption over time,Organic retail sales share [%],%,b2,0.13793,0.0015237,0.0056579,2014.6,31.861,0.17904,1555.1,1.5749e+05,-11.309,0.95885,0.95062,0.006422,0.0057774,-6.5209,-7.461,0.08682,0.080842,0.95821,0.95298,0.0064719,0.0055014,19,19,0.72608,0.16756,0.55852,19,2,18,1,0,0,0.94228,1,1,y,y,y,y,y,y,y,y,y,y,y,1,,,,0,,,1,1,0,0,0,0,,,,,,,,1085,,,,,,,,1,1,0,0,0,0,delete,,org_den_1.1_d164_m028
org_den_4.5Inf_d158_m028,organic food consumption,Denmark,4.5,Physical Infrastructure dependence,Organic area share of total farmland [%],%,b2,0.040606,0.0012363,0.0025748,2297.3,108.22,7830.4,1555.2,1.5747e+05,-5.1051,0.74797,0.70818,0.010603,0.0094423,-11.877,-13.165,0.075789,0.072787,0.65397,0.61936,0.012424,0.011464,23,23,1.4737e-05,6.6152e-06,8.1222e-06,23,1,17,0,1,0,0.93439,1,1,y,y,y,y,y,y,y,m,y,m,y,2,,,,0,,,1,1,0,0,0,0,,,,,,,,1111,,,,,,,,1,1,0,0,0,0,delete,,org_den_4.5_d158_m028
org_jap_1.1Ado_d160_m152,organic food consumption,Japan,1.1,Adoption over time,Organic per capita consumption [‚Ç¨/person],‚Ç¨/person,b2,0.11908,0.04534,0.45738,2012.1,36.904,16.704,8.947,2013.5,-911.91,0.36215,0.17079,2.4583,1.4301,0.35449,0.23712,2.473,1.3466,0.35882,0.24224,2.4647,1.3999,14,14,1.1345,0.46876,0.66572,14,5,13,1,0,1,0.8613,0,1,m,y,y,y,y,y,y,y,y,m,y,2,,,,0,,,1,1,0,0,0,0,,,,,,,,1131,,,,,,,,1,1,0,0,0,0,delete,,org_jap_2.2_d160_m152
org_jap_1.1Ado_d163_m140,organic food consumption,Japan,1.1,Adoption over time,Organic retail sales market size [million],million EUR,b2,0.09667,0.053216,58.507,2017.1,45.458,2537.7,0.078757,1835.5,-1.1674e+05,0.8646,0.83335,113.23,98.056,0.85833,0.83809,115.82,100.24,0.8676,0.84869,111.97,95.543,17,17,0.63949,0.23556,0.40394,17,0,16,0,0,0,0.92267,0,0,y,y,y,y,y,y,y,y,y,y,y,2,,,,0,,,1,1,0,2,0,0,,,,,,,,1132,,,,,,,,1,1,0,0,0,0,delete,,org_jap_1.1_d163_m140
org_jap_1.1Ado_d164_m028,organic food consumption,Japan,1.1,Adoption over time,Organic retail sales share [%],%,b2,-0.064288,0.021425,0.00026198,2377.5,-68.356,0.0105,1.3888e-13,846.52,-0.51752,-3.1103e-11,-0.3,0.0034046,0.0025,0.082762,-0.084008,0.0032607,0.0021665,0.096216,-0.068109,0.0032367,0.0021581,14,14,1.3333,0.25714,1.0762,14,5,0,1,0,1,0.9408,1,1,n,y,y,y,m,m,y,y,m,n,m,2,drop at end,use lin fit,,0,,,0,1,0,0,0,0,,,,,,,,1133,,,,,,,,0,1,0,0,0,0,delete,,org_jap_1.1_d164_m028
org_jap_4.5Inf_d158_m028,organic food consumption,Japan,4.5,Physical Infrastructure dependence,Organic area share of total farmland [%],%,b2,-0.0084686,0.00077126,-0.0021739,1427.3,-518.91,37.451,1555.4,1.5745e+05,4.6374,0.0086928,-0.14783,0.15618,0.093248,-2.8679,-3.2547,0.30851,0.26565,0.0084504,-0.090705,0.1562,0.09327,23,23,0.020026,0.0034712,0.016555,23,19,22,1,0,1,0.81358,1,1,n,y,y,y,y,y,y,m,m,n,m,2,1 hi pt,,noisy,0,,,0,0,0,0,0,0,,,,,,,,1159,,,,,,,,0,0,0,0,0,0,delete,,org_jap_4.5_d158_m028
org_swi_1.1Ado_d160_m152,organic food consumption,Switzerland,1.1,Adoption over time,Organic per capita consumption [‚Ç¨/person],‚Ç¨/person,b2,0.086049,0.086046,16.496,2133.8,51.069,6.834e+06,0.041018,1913.8,-32966,0.98626,0.98409,13.416,10.758,0.98626,0.98489,13.416,10.757,0.91397,0.90537,33.57,29.478,23,23,6.3937e-05,1.0455e-05,5.3482e-05,23,0,22,0,0,0,0.91894,0,0,y,y,y,y,y,y,y,m,y,m,y,1,,,,0,,,1,1,0,0,0,0,,,,,,,,1160,,,,,,,,1,1,0,0,0,0,delete,,org_swi_2.2_d160_m152
org_swi_1.1Ado_d163_m140,organic food consumption,Switzerland,1.1,Adoption over time,Organic retail sales market size [million],million EUR,b2,0.098236,0.097071,149.82,2060.6,44.734,1.8137e+05,0.00044457,1857,-2.9959e+05,0.98943,0.98776,107.51,86.828,0.98942,0.98836,107.54,86.366,0.9036,0.89396,324.59,285.78,23,23,0.021255,0.0028065,0.018448,23,0,22,0,0,0,0.91141,0,0,y,y,y,y,y,y,y,m,y,m,y,1,,,,0,,,1,1,0,2,0,0,,,,,,,,1161,,,,,,,,1,1,0,0,0,0,delete,,org_swi_1.1_d163_m140
org_swi_1.1Ado_d164_m028,organic food consumption,Switzerland,1.1,Adoption over time,Organic retail sales share [%],%,b2,0.098497,0.062113,0.0045535,2020.5,44.615,0.21576,6.505,2086.4,-9.0944,0.99091,0.98896,0.0023151,0.0018249,0.98448,0.98241,0.0030244,0.0022639,0.98192,0.97951,0.0032646,0.0027478,18,18,0.5191,0.16222,0.35688,19,0,17,0,0,0,0.93468,1,1,y,y,y,y,y,y,y,y,y,y,y,1,,,,0,,,1,1,0,0,0,0,,,,,,,,1162,,,,,,,,1,1,0,0,0,0,delete,,org_swi_1.1_d164_m028
org_swi_4.5Inf_d158_m028,organic food consumption,Switzerland,4.5,Physical Infrastructure dependence,Organic area share of total farmland [%],%,b2,0.03312,0.033119,0.0039447,2344.5,132.68,7575.4,6.644,2132,-7.8088,0.9295,0.91837,0.0073444,0.0067034,0.9295,0.92245,0.0073444,0.0067033,0.89483,0.88431,0.0089704,0.0082371,23,23,2.3603e-05,1.0178e-05,1.3425e-05,23,0,22,0,0,0,0.94782,1,1,y,y,y,y,y,y,y,m,y,m,y,1,,,,0,,,1,1,0,0,0,0,,,,,,,,1188,,,,,,,,1,1,0,0,0,0,delete,,org_swi_4.5_d158_m028
org_uki_1.1Ado_d160_m152,organic food consumption,UK,1.1,Adoption over time,Organic per capita consumption [‚Ç¨/person],‚Ç¨/person,b2,0.028416,0.028404,0.99396,2286,154.65,85332,3.0965,1926.2,-1963.8,0.58117,0.51504,5.5932,4.6247,0.58117,0.53929,5.5932,4.6248,0.58199,0.54019,5.5877,4.6697,23,23,0.00060517,0.00019336,0.00041181,23,1,22,0,0,0,0.94554,0,1,m,y,y,y,y,y,y,m,y,m,y,2,,,,0,,,1,1,0,0,0,0,,,,,,,,1189,,,,,,,,1,1,0,0,0,0,delete,,org_uki_2.2_d160_m152
org_uki_1.1Ado_d163_m140,organic food consumption,UK,1.1,Adoption over time,Organic retail sales market size [million],million EUR,b2,-0.0051613,0.033779,75.903,5881.4,-851.43,2257.8,0.29542,1747,-1.5038e+05,-3.9955e-10,-0.15789,641.57,519.26,0.61654,0.57819,397.29,316.03,0.61586,0.57744,397.64,326.51,23,23,1.533,0.42961,1.1034,23,1,22,0,0,0,0.94283,0,0,n,y,y,y,y,y,y,y,y,n,y,2,,,* error in logfit,0,,,0,1,0,2,0,0,,,,,,,,1190,,,,,,,,0,1,0,0,0,0,delete,,org_uki_1.1_d163_m140
org_uki_1.1Ado_d164_m028,organic food consumption,UK,1.1,Adoption over time,Organic retail sales share [%],%,b2,0.31764,0.0010669,0.00073333,2012,13.835,0.019529,1555.3,1.5749e+05,-1.4634,0.92133,0.87413,0.00057345,0.00045081,-64.69,-86.587,0.016571,0.016444,0.85765,0.8102,0.0007714,0.00064198,9,9,0.93707,0.66568,0.27139,9,3,8,1,0,0,0.89601,1,1,y,y,y,y,y,y,y,y,y,y,y,2,,,,0,,,1,1,0,0,0,0,,,,,,,,1191,,,,,,,,1,1,0,0,0,0,delete,,org_uki_1.1_d164_m028
org_uki_4.5Inf_d158_m028,organic food consumption,UK,4.5,Physical Infrastructure dependence,Organic area share of total farmland [%],%,b2,-0.12361,0.00093692,-0.00063528,2025.3,-35.552,0.040851,1555.2,1.5747e+05,1.3113,0.67902,0.62833,0.0030259,0.0025097,-39.918,-44.01,0.034164,0.033743,0.62254,0.58479,0.0032813,0.0025761,23,23,1.0257,0.64135,0.38432,23,20,3,0,1,0,0.96263,1,1,m,y,y,y,y,y,y,y,y,m,y,2,,,,0,,,1,1,0,0,0,0,,,,,,,,1217,,,,,,,,1,1,0,0,0,0,delete,,org_uki_4.5_d158_m028
pas_aus_1.1Ado_d290_m176,passive building retrofits,Austria,1.1,Adoption over time,cumulative new building,cumulative number of buildings,m5,0.32118,0.069613,47.777,2007.9,13.682,1016.4,0.0048493,1843.7,-95454,0.99461,0.99391,27.891,26.188,0.83168,0.81765,155.89,140.82,0.95922,0.95582,76.731,65.932,27,27,1.0133,0.0029515,1.0104,27,0,26,0,0,1,0.95666,0,0,y,y,y,y,y,y,y,y,y,y,y,,,,,0,,transformed-cumulative,1,1,0,2,0,0,,,,,,,,1222,,,,,,,,1,1,0,0,0,0,delete,,pas_aus_1.1_d290_m176
pas_aus_1.1Ado_d291_m176,passive building retrofits,Austria,1.1,Adoption over time,cumulative renovation,cumulative number of buildings,m5,0.507,0.078811,2.2808,2009,8.6676,44.452,1.2205,1974,-4560.5,0.99581,0.99527,1.2025,0.89066,0.79296,0.77571,8.4551,7.9191,0.914,0.90683,5.4494,4.9454,27,27,1.0348,0.022496,1.0123,27,0,26,0,0,0,0.95283,0,1,y,y,y,y,y,y,y,y,y,y,y,,,,,0,,transformed-cumulative,1,1,0,0,0,0,,,,,,,,1223,,,,,,,,1,1,0,0,0,0,delete,,pas_aus_1.1_d291_m176
pas_aus_1.1Ado_d291_m177,passive building retrofits,Austria,1.1,Adoption over time,cumulative renovation,cumulative floorspace,m5,0.45427,0.090146,5211.7,2010.3,9.6737,1.0083e+05,0.00028366,1801.7,-1.0427e+07,0.99382,0.99301,3312.3,2669.5,0.82999,0.81582,17369,16144,0.92865,0.92271,11252,9703.3,27,27,1.0338,0.0017853,1.032,27,0,26,0,0,1,0.94602,0,0,y,y,y,y,y,y,y,y,y,y,y,,,,,0,,transformed-cumulative,1,1,0,0,0,0,,,,,,,,1224,,,,,,,,1,1,0,0,0,0,delete,,pas_aus_1.1_d291_m177
pas_aus_1.1Ado_d291_m178,passive building retrofits,Austria,1.1,Adoption over time,cumulative renovation,cumulative number of units,m5,0.68855,0.09435,103.69,2010.6,6.3822,1922.9,0.0036868,1880.3,-2.0749e+05,0.9855,0.98361,103.23,66.072,0.79801,0.78118,385.36,359.49,0.88717,0.87777,288.01,256.4,27,27,1.0484,0.0010401,1.0474,27,0,26,0,0,1,0.94067,0,0,y,y,y,y,y,y,y,y,y,y,y,,,,,0,,transformed-cumulative,1,1,0,0,0,0,,,,,,,,1225,,,,,,,,1,1,0,0,0,0,delete,,pas_aus_1.1_d291_m178
pas_bel_1.1Ado_d290_m176,passive building retrofits,Belgium,1.1,Adoption over time,cumulative new building,cumulative number of buildings,m5,0.46142,0.043353,0.88195,2008.1,9.5238,22.073,3.1265,1975.2,-1759,0.98127,0.97776,0.80175,0.59051,0.65557,0.61505,3.4385,2.8909,0.75343,0.72442,2.9093,2.45,20,20,0.9967,0.13591,0.86079,20,8,19,1,0,1,0.9601,0,1,y,y,y,y,y,y,y,y,y,y,y,,,,,0,,transformed-cumulative,1,1,0,2,0,0,,,,,,,,1233,,,,,,,,1,1,0,0,0,0,delete,,pas_bel_1.1_d290_m176
pas_bel_1.1Ado_d291_m176,passive building retrofits,Belgium,1.1,Adoption over time,cumulative renovation,cumulative number of buildings,m5,1.7405,0.013196,0.13308,2008,2.5249,2.9882,1552.5,1.5776e+05,-265.65,0.96645,0.96016,0.1962,0.094228,-5.2309,-5.964,2.6739,2.45,0.51319,0.45592,0.7474,0.62459,20,17,1.0039,0.66929,0.33465,17,14,16,1,0,0,0.95105,0,1,y,y,y,y,y,y,y,y,y,y,y,,,,,0,,transformed-cumulative,1,1,0,0,0,0,,,,,,,,1234,,,,,,,,1,1,0,0,0,0,delete,,pas_bel_1.1_d291_m176
pas_bel_1.1Ado_d291_m177,passive building retrofits,Belgium,1.1,Adoption over time,cumulative renovation,cumulative floorspace,m5,1.4473,0.045807,88.538,2008.3,3.0363,1935.4,0.036383,1782.2,-1.768e+05,0.96788,0.96186,125.09,61.368,0.43375,0.36713,525.25,410.46,0.53496,0.48025,476,392.78,20,17,0.99825,0.58438,0.41387,17,14,16,1,0,0,0.95172,0,0,y,y,y,y,y,y,y,y,y,y,y,,,,,0,,transformed-cumulative,1,1,0,0,0,0,,,,,,,,1235,,,,,,,,1,1,0,0,0,0,delete,,pas_bel_1.1_d291_m177
pas_bel_1.1Ado_d291_m178,passive building retrofits,Belgium,1.1,Adoption over time,cumulative renovation,cumulative number of units,m5,6.5193,0.054883,0.6406,2009.2,0.67407,12.006,6.1069,2007.7,-1281.3,0.9916,0.99002,0.44682,0.10835,0.45617,0.39219,3.5946,3.1404,0.57428,0.52419,3.1804,2.8083,20,17,0.99952,0.16659,0.83293,17,14,16,1,0,1,0.9428,0,1,y,y,y,y,y,y,y,y,y,y,y,,,,,0,,transformed-cumulative,1,1,0,0,0,0,,,,,,,,1236,,,,,,,,1,1,0,0,0,0,delete,,pas_bel_1.1_d291_m178
pas_ger_1.1Ado_d290_m176,passive building retrofits,Germany,1.1,Adoption over time,cumulative new building,cumulative number of buildings,m5,0.6388,0.044032,4.8917,2001.8,6.8792,157.79,0.37085,1883.9,-9727.2,0.98251,0.97668,7.4105,6.5309,0.77709,0.73251,26.456,17.809,0.8226,0.78712,23.601,16.313,13,13,1.0583,0.044362,1.014,27,0,12,0,0,1,0.91876,0,0,y,y,y,y,y,y,y,y,y,y,y,,,,,0,,transformed-cumulative,1,1,2,2,0,0,,,,,,,,1244,,,,,,,,1,1,0,0,0,0,delete,,pas_ger_1.1_d290_m176
pas_ger_1.1Ado_d291_m176,passive building retrofits,Germany,1.1,Adoption over time,cumulative renovation,cumulative number of buildings,m5,0.6468,0.0582,0.4005,2002.7,6.7941,11.172,9.627,2018.9,-798.2,0.95465,0.93954,0.93756,0.67617,0.86018,0.83222,1.6463,1.1398,0.89319,0.87183,1.4389,1.0649,13,12,1.1636,0.089508,1.0741,26,0,11,0,0,0,0.89539,0,1,y,y,y,y,y,y,y,y,y,y,y,,,,,0,,transformed-cumulative,1,1,0,0,0,0,,,,,,,,1245,,,,,,,,1,1,0,0,0,0,delete,,pas_ger_1.1_d291_m176
pas_ger_1.1Ado_d291_m177,passive building retrofits,Germany,1.1,Adoption over time,cumulative renovation,cumulative floorspace,m5,0.56313,0.15632,457.69,2020,7.8036,4199.5,1.4549e-05,1899.7,-9.2243e+05,0.92763,0.81907,221.69,182.75,0.85741,0.76234,311.18,258.09,0.8997,0.83284,260.98,203.45,6,6,0.87511,0.39576,0.47935,6,0,5,0,0,0,0.82283,0,0,y,y,y,y,y,y,y,y,y,y,y,,,,,0,,transformed-cumulative,1,1,0,0,0,0,,,,,,,,1246,,,,,,,,1,1,0,0,0,0,delete,,pas_ger_1.1_d291_m177
pas_ger_1.1Ado_d291_m178,passive building retrofits,Germany,1.1,Adoption over time,cumulative renovation,cumulative number of units,m5,0.47275,0.14898,5.2286,2020.1,9.2955,53.241,0.11433,1983.5,-10536,0.88088,0.70221,3.3189,2.8345,0.83263,0.72106,3.934,3.2593,0.86227,0.77044,3.5688,3.0381,6,6,0.82643,0.41322,0.41322,6,0,5,0,0,0,0.81881,0,1,y,y,y,y,y,y,y,y,y,y,y,,,,,0,,transformed-cumulative,1,1,0,0,0,0,,,,,,,,1247,,,,,,,,1,1,0,0,0,0,delete,,pas_ger_1.1_d291_m178
pas_glo_3.3Leg_d235_m020,passive building retrofits,Global,3.3,Risk & Uncertainty (Shared Expectations),scientific publications,# publications,m5,0.37765,0.086631,3.5219,2011.6,11.636,188.52,0.31937,1947.9,-6987.2,0.97317,0.97159,11.215,6.679,0.86517,0.85998,25.141,18.009,0.66676,0.65395,39.524,34.142,55,43,1.0715,0.0053046,1.0662,47,6,46,1,0,1,0.95894,0,0,y,y,y,y,y,y,y,y,y,y,y,,,,"good; only available global, apply to all EA regions",0,,,1,1,0,0,1,1,,,,,,,,1251,,,,,,,,1,1,0,0,1,1,,,pas_glo_3.3_d235_m020
pas_ire_1.1Ado_d064_m145,passive building retrofits,Ireland,1.1,Adoption over time,Building Energy Rating issuances,number of A1 rated buildings certificates,m5,6.2902,0.49854,226.94,2022,0.69862,3610.3,5.1475e-11,1959.8,-4.5718e+05,0.99354,0.99161,101.47,62.089,0.88115,0.85954,435.41,259.45,0.52469,0.43828,870.71,716.44,14,13,1.0359,0.00027699,1.0357,14,1,13,0,0,1,0.6741,0,0,y,y,y,m,y,m,m,y,y,m,m,1,,,,0,,original,1,1,0,0,0,0,,,,,,,,1254,,,,,,,,1,1,0,0,0,0,delete,,pas_ire_1.1_d064_m145
pas_ire_1.1Ado_d292_m179,passive building retrofits,Ireland,1.1,Adoption over time,cumulative Building Energy Rating issuances,cumulative number of A1 rated buildings certificates,m5,1.4698,0.68525,467.05,2023,2.9899,11436,1.8699e-15,1961.1,-9.4093e+05,0.99932,0.99911,70.841,41.31,0.983,0.97991,353.56,207.35,0.48198,0.38779,1951.9,1573.8,14,14,0.81966,8.744e-05,0.81957,14,0,13,0,0,1,0.54456,0,0,y,y,y,m,y,m,m,y,y,m,m,,,,,0,,transformed-cumulative,1,1,0,2,0,0,,,,,,,,1255,,,,,,,,1,1,0,0,0,0,delete,,pas_ire_1.1_d292_m179
pos_glo_3.3Leg_d235_m020,postage stamps,Global,3.3,Risk & Uncertainty (Shared Expectations),scientific publications,# publications,s8,0.065902,0.041699,0.55722,2015.8,66.682,50.289,8.4417,1990.4,-1099.2,0.77679,0.76366,4.8472,3.5091,0.7655,0.75648,4.9683,3.6578,0.7433,0.73343,5.1982,3.81,55,54,0.99425,0.019885,0.97437,54,3,52,0,0,1,0.90709,0,1,y,y,y,y,y,y,y,y,y,y,y,,,,"good; only available global, apply to all EA regions",0,,,1,1,0,0,1,1,,,,,,,,1258,,,,,,,,1,1,0,0,1,1,,,pos_glo_3.3_d235_m020
pos_uki_1.1Ado_d130_m095,postage stamps,UK,1.1,Adoption over time,No. of letters posted via Royal Mail (excludes parcels),Billion letters,s8,0.016874,0.016265,0.13337,2161,260.43,325.63,6.7713,1932.6,-249.73,0.92837,0.9259,1.3834,1.1026,0.92833,0.9267,1.3838,1.1041,0.85053,0.84713,1.9984,1.5536,91,91,0.062034,0.00025182,0.061783,163,5,90,0,0,1,0.98801,0,1,y,y,y,y,y,y,y,m,y,m,y,1,,,,0,,,1,1,2,2,0,0,,,,,,,,1259,,,,,,,,1,1,0,0,0,0,delete,,pos_uki_1.1_d130_m095
pos_uki_1.1Ado_d130_m105,postage stamps,UK,1.1,Adoption over time,No. of letters posted via Royal Mail (excludes parcels),Letters per capita,s8,0.06358,0.02698,1.4999,1889.8,69.117,139.27,3.7903,1787.9,-2762.3,0.99309,0.98964,3.4851,2.8704,0.93923,0.92187,10.337,9.3857,0.96112,0.95001,8.2688,6.639,10,10,0.84011,0.022259,0.81785,82,0,9,0,0,1,0.81936,0,0,y,y,y,y,y,y,y,y,y,y,y,1,,,,0,,,1,1,0,0,0,0,,,,,,,,1260,,,,,,,,1,1,0,0,0,0,delete,,pos_uki_1.1_d130_m105
pos_uki_2.1Lea_d071_m112,postage stamps,UK,2.1,Learning,Costs of a standard letter,Nominal cost (uninflated),s8,0.086201,0.042184,0.13116,1991.2,50.979,40.816,5.7259,1964.4,-246.67,0.97579,0.97536,1.3975,1.2124,0.96282,0.96238,1.7319,1.2698,0.52562,0.52001,6.1866,5.0646,172,172,0.95552,0.0245,0.93102,172,0,171,0,0,0,0.95929,0,1,y,y,y,y,y,y,y,y,y,y,y,1,,,,0,,,1,1,0,0,1,1,,,,,,,,1261,,,,,,,,1,1,0,0,1,1,,,pos_uki_2.1_d071_m112
pos_uki_2.2Rel_d125_m151,postage stamps,UK,2.2,Relative Advantage [Profitability]:,Net Revenue,¬£,s8,0.035951,0.024812,55582,1909.4,122.23,8.9394e+06,7.746,1373.6,-1.0195e+08,0.92416,0.92071,3.5858e+05,2.7998e+05,0.91862,0.91619,3.7145e+05,2.9755e+05,0.8926,0.88939,4.2671e+05,3.1379e+05,70,70,0.60699,0.05602,0.55097,75,1,67,0,0,1,0.96264,0,0,y,y,y,y,y,y,y,y,y,y,y,1,,,,0,,,1,1,0,0,1,1,,,,,,,,1262,,,,,,,,1,1,0,0,1,1,,,pos_uki_2.2_d125_m151
pos_uki_4.4Pro_d136_m023,postage stamps,UK,4.4,Provisioning System,Number of employees,# thousands (only in post offices since 1970),s8,0.035973,0.0055681,1069.8,1942.8,122.16,2.2669e+05,773.74,1002.1,-1.9392e+06,0.66096,0.63347,9181.2,7474.6,0.63688,0.61776,9501.7,7378.7,0.6445,0.62579,9401.4,7371.1,41,41,0.98509,0.7247,0.26038,41,7,40,1,0,0,0.97894,0,0,m,y,y,y,y,y,y,y,y,m,y,1,,,,0,,,1,1,0,0,0,0,,,,,,,,1269,,,,,,,,1,1,0,0,0,0,delete,,pos_uki_4.4_d136_m023
pos_uki_4.4Pro_d136_m024,postage stamps,UK,4.4,Provisioning System,Number of employees,# thousands (total),s8,0.031747,0.015515,3706.2,1933.7,138.42,5.4577e+05,0.39315,1074.2,-6.8894e+06,0.9666,0.96562,25266,21714,0.93771,0.9365,34506,27029,0.9774,0.97696,20786,17569,106,106,0.83561,0.043481,0.79213,125,6,105,0,0,0,0.98606,0,0,y,y,y,y,y,y,y,y,y,y,y,1,,,,0,,,1,1,0,0,1,1,,,,,,,,1270,,,,,,,,1,1,0,0,1,1,,,pos_uki_4.4_d136_m024
pos_uki_4.5Inf_d131_m022,postage stamps,UK,4.5,Physical Infrastructure Dependence,Number of Post offices,# thousands,s8,0.063971,0.0017618,0.04027,1863.1,68.695,22.185,8.7628,1471.4,-58.043,0.58534,0.57452,2.976,2.3653,0.15463,0.14006,4.2492,3.6918,0.17801,0.16384,4.19,3.6327,119,119,1.1294,0.44954,0.67988,157,46,118,1,0,0,0.99744,0,1,m,y,y,y,y,y,y,y,m,m,m,4,,"reversal, partial pre-peak",reversal,0,,,0,0,0,0,1,1,,,,,,,,1271,,,,,,,,0,0,0,0,1,1,,,pos_uki_4.5_d131_m022
qui_bra_2.2Rel_d009_m028,quitting smoking,Brazil,2.2,Relative Advantage (Profitability),% of GDP required to purchase 2000 cigarettes of the most sold brand,%,s7,-0.34867,0.00093459,-0.00068,2023.3,-12.603,0.019624,1555.4,1.5748e+05,1.3882,0.74087,0.35218,0.0015074,0.0012565,-31.678,-53.463,0.016928,0.016667,0.61521,0.35868,0.0018369,0.0015733,6,6,1.0395,0.62167,0.41785,11,3,0,1,0,0,0.85474,1,1,y,y,y,y,y,y,y,y,y,y,y,2,,,,0,,,1,1,0,0,0,1,,,,,,,,1274,,,,,,,,1,1,0,0,0,1,,,qui_bra_2.2_d009_m028
qui_chi_2.2Rel_d009_m028,quitting smoking,China,2.2,Relative Advantage (Profitability),% of GDP required to purchase 2000 cigarettes of the most sold brand,%,s7,-0.080376,0.00092702,-0.00075571,2021.3,-54.673,0.039089,1555.4,1.5748e+05,1.5471,0.97339,0.93347,0.00042679,0.00039953,-76.059,-127.43,0.022966,0.022817,0.97343,0.95572,0.00042643,0.00039429,6,6,0.68305,0.47839,0.20466,11,5,0,0,0,0,0.82949,1,1,y,y,y,y,y,y,y,y,y,y,y,1,,,,0,,,1,1,0,0,0,1,,,,,,,,1280,,,,,,,,1,1,0,0,0,1,,,qui_chi_2.2_d009_m028
qui_ind_2.2Rel_d009_m028,quitting smoking,India,2.2,Relative Advantage (Profitability),% of GDP required to purchase 2000 cigarettes of the most sold brand,%,s7,-2.2335,0.00044241,-0.0058214,2021.8,-1.9675,0.13503,1555.6,1.5746e+05,11.862,0.971,0.9275,0.0054575,0.0034505,-14.11,-24.183,0.12458,0.12038,0.38494,-0.025096,0.025134,0.022089,6,6,1.062,0.36882,0.6932,11,4,0,1,0,1,0.86431,1,1,y,y,y,y,y,y,y,y,y,y,y,1,,,,0,,,1,1,0,0,0,1,,,,,,,,1305,,,,,,,,1,1,0,0,0,1,,,qui_ind_2.2_d009_m028
qui_uki_2.2Rel_d009_m028,quitting smoking,UK,2.2,Relative Advantage (Profitability),% of GDP required to purchase 2000 cigarettes of the most sold brand,%,s7,0.15244,0.001029,0.00033857,2000.9,28.828,0.029103,1555.3,1.5748e+05,-0.65635,0.60473,0.011819,0.00094915,0.00074676,-309.28,-516.13,0.026593,0.02655,0.58677,0.31129,0.00097047,0.00086286,6,6,0.99646,0.8384,0.15806,11,1,5,1,0,0,0.83761,1,1,m,y,y,y,y,y,y,m,y,m,y,1,,,,0,,,1,1,0,0,1,1,,,,,,,,1311,,,,,,,,1,1,0,0,1,1,,,qui_uki_2.2_d009_m028
qui_usa_2.2Rel_d009_m028,quitting smoking,US,2.2,Relative Advantage (Profitability),% of GDP required to purchase 2000 cigarettes of the most sold brand,%,s7,-0.0036755,0.00099505,-4e-05,1023.1,-1195.6,0.44596,1555.3,1.5748e+05,0.091947,0.21181,-0.97046,0.00026469,0.00022839,-1428.1,-2380.8,0.011271,0.011267,0.21,-0.31667,0.00026499,0.00022889,6,6,0.026236,0.024442,0.0017939,11,5,2,0,1,0,0.8301,1,1,n,y,y,y,y,y,y,m,m,n,m,,,,,0,,,1,1,0,0,0,1,,,,,,,,1332,,,,,,,,1,1,0,0,0,1,,,qui_usa_2.2_d009_m028
sol_cal_1.1Ado_d039_m028,solar leasing,California,1.1,Adoption over Time,% third party owned systems ($100k-$150k),%,m11,47.622,0.0015025,0.0054076,2018.1,0.092278,0.08688,1555.2,1.575e+05,-10.872,0.18106,-0.091918,0.08082,0.041455,-0.11023,-0.33227,0.094102,0.029651,0.051328,-0.13841,0.086987,0.046003,13,13,3.9019,0.02256,3.8794,13,3,12,1,0,1,0.021276,1,1,n,y,y,m,m,m,m,y,m,n,m,2,1 hi pt,,* error in data? * move to 3.2 to declutter 1.1! *,0,,,0,0,0,0,0,0,,,,,,,,1354,,,,,,,,0,0,0,0,0,0,delete,,sol_cal_3.2_d039_m028
sol_cal_1.1Ado_d040_m028,solar leasing,California,1.1,Adoption over Time,% third party owned systems ($150k-$200k),%,m11,-0.40372,-0.038162,-0.016033,2021.6,-10.885,0.43755,1.769,1974.4,32.687,0.40604,0.20805,0.088244,0.061624,0.23882,0.08658,0.099897,0.07548,0.2745,0.1294,0.097527,0.071828,13,13,1.3713,0.4708,0.90046,13,10,12,1,0,0,0.94689,1,1,m,y,y,y,y,y,y,y,m,m,m,4,,"reversal, partial fit to pre-peak",* move to 3.2 to declutter 1.1! * (same for other regions),0,,,1,1,0,0,0,0,,,,,,,,1355,,,,,,,,1,1,0,0,0,0,delete,,sol_cal_3.2_d040_m028
sol_cal_1.1Ado_d041_m028,solar leasing,California,1.1,Adoption over Time,% third party owned systems ($200k-$250k),%,m11,-0.36306,-0.058774,-0.021126,2020,-12.104,0.42086,0.45029,2009.4,42.903,0.50712,0.34283,0.085821,0.058091,0.36605,0.23926,0.097331,0.071407,0.41815,0.30178,0.093246,0.064286,13,13,1.4067,0.3683,1.0384,13,10,0,1,0,0,0.93798,1,1,m,y,y,y,y,y,y,y,y,m,y,4,,"reversal, partial fit to pre-peak",* move to 3.2 to declutter 1.1! * (same for other regions),0,,,1,1,0,0,0,0,,,,,,,,1356,,,,,,,,1,1,0,0,0,0,delete,,sol_cal_3.2_d041_m028
sol_cal_1.1Ado_d042_m028,solar leasing,California,1.1,Adoption over Time,% third party owned systems ($50k-$100k),%,m11,-0.69406,0.00052108,-0.0046374,2022.7,-6.3315,0.4372,1555.7,1.5745e+05,9.7563,0.20363,-0.061825,0.095294,0.068985,-14.554,-17.665,0.42115,0.40738,0.026403,-0.16832,0.10536,0.081138,13,13,1.3221,0.44374,0.87832,13,10,12,1,0,0,0.94664,1,1,n,y,y,y,y,y,y,y,m,n,m,4,,"reversal, partial fit to pre-peak",,0,,transformed-marketshare,1,1,0,0,0,0,,,,,,,,1357,,,,,,,,1,1,0,0,0,0,delete,,sol_cal_1.1_d042_m028
sol_cal_1.1Ado_d043_m028,solar leasing,California,1.1,Adoption over Time,% third party owned systems (<$50k),%,m11,1.658,0.0016162,0.0070934,2010.6,2.6505,0.46935,1555.3,1.5748e+05,-13.871,0.62134,0.49512,0.070558,0.057636,-13.988,-16.986,0.44391,0.42885,0.053579,-0.13571,0.11155,0.090978,13,13,1.2677,0.35155,0.91617,13,7,12,1,0,0,0.94779,1,1,m,y,y,y,y,y,y,y,m,m,m,4,,"reversal, partial fit to pre-peak",,0,,transformed-marketshare,1,1,0,0,0,0,,,,,,,,1358,,,,,,,,1,1,0,0,0,0,delete,,sol_cal_1.1_d043_m028
sol_cal_1.1Ado_d044_m028,solar leasing,California,1.1,Adoption over Time,% third party owned systems (>$250k),%,m11,-0.34938,-0.063172,-0.02194,2019.6,-12.578,0.42137,0.85962,1999.1,44.532,0.47721,0.30294,0.093343,0.063751,0.35502,0.22603,0.10368,0.074551,0.40434,0.28521,0.099636,0.067985,13,13,1.4453,0.36073,1.0846,13,10,0,1,0,1,0.931,1,1,m,y,y,y,y,y,y,y,y,m,y,4,,"reversal, partial fit to pre-peak",* move to 3.2 to declutter 1.1! * (same for other regions),0,,,1,1,0,0,0,0,,,,,,,,1359,,,,,,,,1,1,0,0,0,0,delete,,sol_cal_3.2_d044_m028
sol_cal_1.1Ado_d294_m182,solar leasing,California,1.1,Adoption over Time,Partial up to max % third party owned systems ($100k-$150k),Partial up to max %,m11,54.959,0.32579,1.2153,2018.1,0.079959,17.122,1.2831,2013.1,-2445.4,0.44619,0.20884,7.1644,3.3657,0.1774,-0.028253,8.7316,4.9888,0.15936,-0.050806,8.8269,5.6312,11,11,1.9799,0.011447,1.9685,11,1,10,0,0,1,0.021141,0,1,m,y,y,m,m,m,m,y,m,m,m,,,,,0,,transformed-partial,0,0,0,0,0,0,,,,,,,,1360,,,,,,,,0,0,0,0,0,0,delete,,sol_cal_1.1_d294_m182
sol_cal_1.1Ado_d295_m182,solar leasing,California,1.1,Adoption over Time,Partial up to max % third party owned systems ($150k-$200k),Partial up to max %,m11,1.9918,0.20207,0.0998,2010.3,2.2062,0.53674,5.8541,2024.6,-200.33,0.86902,,0.051602,0.043359,0.52478,-0.42565,0.098289,0.09052,0.61242,-0.16274,0.088765,0.082,4,4,1.1179,0.3838,0.73406,4,1,3,1,0,0,0.77282,1,1,y,n,y,y,y,y,y,y,y,n,n,,,,,0,,transformed-partial,1,1,0,0,0,0,,,,,,,,1361,,,,,,,,1,1,0,0,0,0,delete,,sol_cal_1.1_d295_m182
sol_cal_1.1Ado_d296_m182,solar leasing,California,1.1,Adoption over Time,Partial up to max % third party owned systems ($200k-$250k),Partial up to max %,m11,2.0022,0.19013,0.0911,2010.2,2.1948,0.51202,5.8995,2025.7,-182.84,0.80534,,0.061288,0.051248,0.45623,-0.63131,0.10243,0.092005,0.53763,-0.3871,0.094455,0.08475,4,4,1.1562,0.39647,0.75973,4,1,3,1,0,0,0.77359,1,1,y,n,y,y,y,y,y,y,y,n,n,,,,,0,,transformed-partial,1,1,0,0,0,0,,,,,,,,1362,,,,,,,,1,1,0,0,0,0,delete,,sol_cal_1.1_d296_m182
sol_cal_1.1Ado_d297_m182,solar leasing,California,1.1,Adoption over Time,Partial up to max % third party owned systems ($50k-$100k),Partial up to max %,m11,1.677,0.22602,0.1021,2010.4,2.6204,0.52012,5.418,2023.3,-204.98,0.82513,,0.059384,0.053123,0.56042,-0.31875,0.094152,0.078026,0.64617,-0.061483,0.08447,0.0681,4,4,1.1113,0.37299,0.73829,4,1,3,1,0,0,0.75582,1,1,y,n,y,y,y,y,y,y,y,n,n,,,,,0,,transformed-partial,1,1,0,0,0,0,,,,,,,,1363,,,,,,,,1,1,0,0,0,0,delete,,sol_cal_1.1_d297_m182
sol_cal_1.1Ado_d298_m182,solar leasing,California,1.1,Adoption over Time,Partial up to max % third party owned systems (<$50k),Partial up to max %,m11,1.0969,0.13813,0.066786,2010.9,4.0062,0.55879,5.815,2032,-134,0.90631,0.81263,0.045838,0.039978,0.71747,0.5762,0.079601,0.06721,0.79553,0.69329,0.067718,0.051694,7,7,1.0648,0.29528,0.76952,7,1,6,1,0,0,0.85266,1,1,y,y,y,y,y,y,y,y,y,y,y,,,,,0,,transformed-partial,1,1,0,0,0,0,,,,,,,,1364,,,,,,,,1,1,0,0,0,0,delete,,sol_cal_1.1_d298_m182
sol_cal_1.1Ado_d299_m182,solar leasing,California,1.1,Adoption over Time,Partial up to max % third party owned systems (>$250k),Partial up to max %,m11,2.0161,0.20598,0.0998,2010.3,2.1797,0.52446,5.9086,2024.6,-200.34,0.80649,,0.066159,0.055967,0.46308,-0.61077,0.1102,0.097518,0.55044,-0.34867,0.10084,0.089,4,4,1.1612,0.36037,0.80083,4,1,3,1,0,1,0.76713,1,1,y,n,y,y,y,y,y,y,y,n,n,,,,,0,,transformed-partial,1,1,0,0,0,0,,,,,,,,1365,,,,,,,,1,1,0,0,0,0,delete,,sol_cal_1.1_d299_m182
sol_con_1.1Ado_d039_m028,solar leasing,Connecticut,1.1,Adoption over Time,% third party owned systems ($100k-$150k),%,m11,1.565,0.006204,0.056242,2013.5,2.8079,0.69614,1553.8,1.5763e+05,-112.9,0.86846,0.82461,0.10863,0.086906,-2.6264,-3.3516,0.57035,0.48538,0.49366,0.39239,0.21312,0.18208,13,11,1.1592,0.11636,1.0429,11,6,10,1,0,1,0.94009,1,1,y,y,y,y,y,y,y,y,y,y,y,4,,"reversal, partial fit to pre-peak",,0,,,1,1,0,0,0,0,,,,,,,,1369,,,,,,,,1,1,0,0,0,0,delete,,sol_con_3.2_d039_m028
sol_con_1.1Ado_d040_m028,solar leasing,Connecticut,1.1,Adoption over Time,% third party owned systems ($150k-$200k),%,m11,1.7293,0.0058417,0.052335,2013.5,2.5411,0.65036,1553.9,1.5762e+05,-105.06,0.85104,0.80138,0.11119,0.085632,-2.464,-3.1568,0.5362,0.45223,0.46199,0.35438,0.21132,0.18293,13,11,1.204,0.06458,1.1394,11,6,10,1,0,1,0.93998,1,1,y,y,y,y,y,y,y,y,y,y,y,4,,"reversal, partial fit to pre-peak",,0,,,1,1,0,0,0,0,,,,,,,,1370,,,,,,,,1,1,0,0,0,0,delete,,sol_con_3.2_d040_m028
sol_con_1.1Ado_d041_m028,solar leasing,Connecticut,1.1,Adoption over Time,% third party owned systems ($200k-$250k),%,m11,1.8188,0.0041522,0.034225,2013,2.4162,0.52564,1554.4,1.5757e+05,-68.617,0.69734,0.59645,0.13779,0.10098,-2.3188,-2.9825,0.45627,0.38138,0.26143,0.11372,0.21524,0.1857,13,11,1.3488,0.12366,1.2252,11,6,10,1,0,1,0.94394,1,1,m,y,y,y,y,y,y,y,m,m,m,4,,"reversal, partial fit to pre-peak",,0,,,1,1,0,0,0,0,,,,,,,,1371,,,,,,,,1,1,0,0,0,0,delete,,sol_con_3.2_d041_m028
sol_con_1.1Ado_d042_m028,solar leasing,Connecticut,1.1,Adoption over Time,% third party owned systems ($50k-$100k),%,m11,1.429,0.0072056,0.066984,2013.5,3.0752,0.7789,1553.5,1.5766e+05,-134.5,0.92948,0.90597,0.085139,0.069392,-2.8411,-3.6093,0.62833,0.54038,0.61114,0.53337,0.19992,0.16751,13,11,1.1067,0.14764,0.95905,11,6,10,1,0,1,0.92902,1,1,y,y,y,y,y,y,y,y,y,y,y,4,,"reversal, partial fit to pre-peak",,0,,transformed-marketshare,1,1,0,0,0,0,,,,,,,,1372,,,,,,,,1,1,0,0,0,0,delete,,sol_con_1.1_d042_m028
sol_con_1.1Ado_d043_m028,solar leasing,Connecticut,1.1,Adoption over Time,% third party owned systems (<$50k),%,m11,1.8098,0.0019605,0.01083,2010.7,2.4282,0.51536,1555.2,1.5749e+05,-21.367,0.6974,0.59653,0.074466,0.050164,-11.815,-14.378,0.4846,0.46531,0.089601,-0.092479,0.12916,0.10352,13,13,1.2787,0.23867,1.0401,13,7,12,1,0,1,0.95643,1,1,m,y,y,y,y,y,y,y,m,m,m,4,,"reversal, partial fit to pre-peak",,0,,transformed-marketshare,1,1,0,0,0,0,,,,,,,,1373,,,,,,,,1,1,0,0,0,0,delete,,sol_con_1.1_d043_m028
sol_con_1.1Ado_d044_m028,solar leasing,Connecticut,1.1,Adoption over Time,% third party owned systems (>$250k),%,m11,1.948,0.0046557,0.039588,2013,2.2559,0.53661,1554.3,1.5758e+05,-79.421,0.81012,0.74683,0.1056,0.083274,-2.5684,-3.2821,0.45779,0.38838,0.37358,0.2483,0.19181,0.16624,13,11,1.2653,0.033544,1.2318,11,6,10,1,0,1,0.92642,1,1,y,y,y,y,y,y,y,y,y,y,y,4,,"reversal, partial fit to pre-peak",,0,,,1,1,0,0,0,0,,,,,,,,1374,,,,,,,,1,1,0,0,0,0,delete,,sol_con_3.2_d044_m028
sol_con_1.1Ado_d294_m182,solar leasing,Connecticut,1.1,Adoption over Time,Partial up to max % third party owned systems ($100k-$150k),Partial up to max %,m11,1.2821,0.30213,0.13631,2013.8,3.4276,0.82332,5.8986,2023.1,-274.08,0.97108,0.9494,0.055593,0.045024,0.81494,0.74092,0.14064,0.11819,0.91269,0.87777,0.096597,0.087586,8,6,0.98017,0.098382,0.88179,6,1,5,1,0,1,0.80605,1,1,y,y,y,y,y,y,y,y,y,y,y,,,,,0,,transformed-partial,1,1,0,0,0,0,,,,,,,,1375,,,,,,,,1,1,0,0,0,0,delete,,sol_con_1.1_d294_m182
sol_con_1.1Ado_d295_m182,solar leasing,Connecticut,1.1,Adoption over Time,Partial up to max % third party owned systems ($150k-$200k),Partial up to max %,m11,1.4644,0.29876,0.1282,2013.7,3.0009,0.75511,6.0352,2023.5,-257.78,0.96876,0.94533,0.055078,0.046527,0.7794,0.69116,0.14636,0.12492,0.88866,0.84413,0.10398,0.093131,8,6,1.0369,0.055621,0.98131,6,1,5,1,0,1,0.81732,1,1,y,y,y,y,y,y,y,y,y,y,y,,,,,0,,transformed-partial,1,1,0,0,0,0,,,,,,,,1376,,,,,,,,1,1,0,0,0,0,delete,,sol_con_1.1_d295_m182
sol_con_1.1Ado_d296_m182,solar leasing,Connecticut,1.1,Adoption over Time,Partial up to max % third party owned systems ($200k-$250k),Partial up to max %,m11,1.3441,0.011643,0.11375,2013.5,3.2694,0.67487,1552,1.578e+05,-228.7,0.96087,0.93152,0.054649,0.047024,-1.4497,-2.4296,0.43238,0.33263,0.8901,0.84614,0.091581,0.078625,8,6,1.0506,0.096315,0.95426,6,1,5,1,0,1,0.82755,1,1,y,y,y,y,y,y,y,y,y,y,y,,,,,0,,transformed-partial,1,1,0,0,0,0,,,,,,,,1377,,,,,,,,1,1,0,0,0,0,delete,,sol_con_1.1_d296_m182
sol_con_1.1Ado_d297_m182,solar leasing,Connecticut,1.1,Adoption over Time,Partial up to max % third party owned systems ($50k-$100k),Partial up to max %,m11,1.215,0.29702,0.14414,2013.8,3.6169,0.88094,1.6683,2018.8,-289.82,0.97032,0.94806,0.059368,0.050593,0.8193,0.74702,0.14649,0.12305,0.91849,0.88589,0.098385,0.089545,8,6,0.97849,0.13054,0.84795,6,1,5,1,0,1,0.80926,1,1,y,y,y,y,y,y,y,y,y,y,y,,,,,0,,transformed-partial,1,1,0,0,0,0,,,,,,,,1378,,,,,,,,1,1,0,0,0,0,delete,,sol_con_1.1_d297_m182
sol_con_1.1Ado_d298_m182,solar leasing,Connecticut,1.1,Adoption over Time,Partial up to max % third party owned systems (<$50k),Partial up to max %,m11,0.99641,0.0085986,0.081429,2011.1,4.4103,0.61843,1553.1,1.5769e+05,-163.46,0.9185,0.83699,0.050191,0.045211,-6.842,-10.763,0.49232,0.45986,0.85812,0.78718,0.06622,0.052286,7,7,1.0656,0.19889,0.8667,7,1,6,1,0,1,0.84606,1,1,y,y,y,y,y,y,y,y,y,y,y,,,,,0,,transformed-partial,1,1,0,0,0,0,,,,,,,,1379,,,,,,,,1,1,0,0,0,0,delete,,sol_con_1.1_d298_m182
sol_con_1.1Ado_d299_m182,solar leasing,Connecticut,1.1,Adoption over Time,Partial up to max % third party owned systems (>$250k),Partial up to max %,m11,1.4686,0.011487,0.1121,2013.4,2.9924,0.64875,1552.1,1.5779e+05,-225.38,0.94148,0.89758,0.06715,0.058725,-1.39,-2.346,0.42911,0.32725,0.85621,0.7987,0.10525,0.091,8,6,1.0466,0.027746,1.0189,6,1,5,1,0,1,0.81845,1,1,y,y,y,y,y,y,y,y,y,y,y,,,,,0,,transformed-partial,1,1,0,0,0,0,,,,,,,,1380,,,,,,,,1,1,0,0,0,0,delete,,sol_con_1.1_d299_m182
sol_glo_3.3Leg_d235_m020,solar leasing,Global,3.3,Risk & Uncertainty (Shared Expectations),scientific publications,# publications,m11,0.1118,0.058152,1.074,2010.9,39.307,66.289,1.6595,1961.8,-2126.6,0.88873,0.88219,6.2522,3.9189,0.85728,0.85179,7.0811,5.273,0.82731,0.82067,7.789,6.2459,55,38,0.95038,0.015085,0.93529,45,2,44,0,0,1,0.93508,0,1,y,y,y,y,y,y,y,y,y,y,y,,,,"good; only available global, apply to all EA regions",0,,,1,1,0,0,1,1,,,,,,,,1384,,,,,,,,1,1,0,0,1,1,,,sol_glo_3.3_d235_m020
sol_mas_1.1Ado_d039_m028,solar leasing,Massachusetts,1.1,Adoption over Time,% third party owned systems ($100k-$150k),%,m11,0.81552,0.0045736,0.038698,2012.4,5.3885,0.57757,1554.3,1.5758e+05,-77.568,0.70264,0.60352,0.11121,0.081007,-4.7973,-5.9567,0.49105,0.44669,0.50405,0.40487,0.14362,0.097588,13,13,1.3003,0.083106,1.2172,13,7,12,1,0,1,0.8924,1,1,y,y,y,y,y,y,y,y,y,y,y,2,,"reversal, partial fit to pre-peak",,0,,,1,1,0,0,0,0,,,,,,,,1385,,,,,,,,1,1,0,0,0,0,delete,,sol_mas_3.2_d039_m028
sol_mas_1.1Ado_d040_m028,solar leasing,Massachusetts,1.1,Adoption over Time,% third party owned systems ($150k-$200k),%,m11,0.93932,0.0040471,0.033033,2012.2,4.6783,0.51548,1554.5,1.5756e+05,-66.189,0.66146,0.54861,0.11034,0.074134,-4.5747,-5.6897,0.44776,0.40562,0.42477,0.30973,0.14383,0.10379,13,13,1.3909,0.10864,1.2823,13,7,12,1,0,1,0.8875,1,1,m,y,y,y,y,y,y,y,y,m,y,2,,"reversal, partial fit to pre-peak",,0,,,1,1,0,0,0,0,,,,,,,,1386,,,,,,,,1,1,0,0,0,0,delete,,sol_mas_3.2_d040_m028
sol_mas_1.1Ado_d041_m028,solar leasing,Massachusetts,1.1,Adoption over Time,% third party owned systems ($200k-$250k),%,m11,1.1188,0.053788,0.021148,2011.8,3.9277,0.3915,0.74038,2031.8,-42.314,0.51519,0.35358,0.11168,0.081867,0.19875,0.0385,0.14357,0.10316,0.24341,0.092089,0.13951,0.10403,13,13,1.6194,0.074075,1.5453,13,7,12,1,0,1,0.86821,1,1,m,y,y,y,y,y,y,y,m,m,m,2,,"reversal, partial fit to pre-peak",,0,,,1,1,0,0,0,0,,,,,,,,1387,,,,,,,,1,1,0,0,0,0,delete,,sol_mas_3.2_d041_m028
sol_mas_1.1Ado_d042_m028,solar leasing,Massachusetts,1.1,Adoption over Time,% third party owned systems ($50k-$100k),%,m11,0.87358,0.0053712,0.047242,2012.9,5.0304,0.63052,1554.1,1.576e+05,-94.772,0.7796,0.70614,0.10741,0.07714,-4.1816,-5.2179,0.52079,0.46785,0.59692,0.51631,0.14525,0.10152,13,13,1.2244,0.085644,1.1387,13,7,12,1,0,1,0.8957,1,1,y,y,y,y,y,y,y,y,y,y,y,2,,"reversal, partial fit to pre-peak",,0,,transformed-marketshare,1,1,0,0,0,0,,,,,,,,1388,,,,,,,,1,1,0,0,0,0,delete,,sol_mas_1.1_d042_m028
sol_mas_1.1Ado_d043_m028,solar leasing,Massachusetts,1.1,Adoption over Time,% third party owned systems (<$50k),%,m11,0.79262,0.0059746,0.053758,2013.1,5.5442,0.73115,1553.9,1.5762e+05,-107.84,0.80127,0.73503,0.11322,0.08906,-4.3919,-5.4702,0.58972,0.53223,0.62729,0.55274,0.15505,0.11408,13,13,1.1393,0.17643,0.96286,13,6,12,1,0,1,0.91011,1,1,y,y,y,y,y,y,y,y,y,y,y,2,,"reversal, partial fit to pre-peak",,0,,transformed-marketshare,1,1,0,0,0,0,,,,,,,,1389,,,,,,,,1,1,0,0,0,0,delete,,sol_mas_1.1_d043_m028
sol_mas_1.1Ado_d044_m028,solar leasing,Massachusetts,1.1,Adoption over Time,% third party owned systems (>$250k),%,m11,1.1203,0.0026462,0.017967,2011.7,3.9227,0.37315,1554.9,1.5752e+05,-35.914,0.46106,0.28142,0.11572,0.082798,-3.7949,-4.7539,0.34517,0.30708,0.18188,0.018259,0.14258,0.10084,13,13,1.7124,0.1072,1.6052,13,7,12,1,0,1,0.85268,1,1,m,y,y,y,y,y,y,y,m,m,m,3,,"reversal, partial fit to pre-peak",,0,,,1,1,0,0,0,0,,,,,,,,1390,,,,,,,,1,1,0,0,0,0,delete,,sol_mas_3.2_d044_m028
sol_mas_1.1Ado_d294_m182,solar leasing,Massachusetts,1.1,Adoption over Time,Partial up to max % third party owned systems ($100k-$150k),Partial up to max %,m11,0.40964,0.011377,0.11086,2017,10.728,1.946,1552.1,1.5778e+05,-222.79,0.82746,0.65491,0.10309,0.082807,-2.2053,-3.808,0.44435,0.36857,0.79802,0.69703,0.11154,0.078,7,7,0.38592,0.024666,0.36125,7,1,6,1,0,1,0.69993,1,1,y,y,y,y,y,y,m,y,y,m,m,,,,,0,,transformed-partial,1,1,0,0,0,0,,,,,,,,1391,,,,,,,,1,1,0,0,0,0,delete,,sol_mas_1.1_d294_m182
sol_mas_1.1Ado_d295_m182,solar leasing,Massachusetts,1.1,Adoption over Time,Partial up to max % third party owned systems ($150k-$200k),Partial up to max %,m11,0.47445,0.31363,0.10729,2015.6,9.2622,1.3215,6.2025,2022.8,-215.62,0.84166,0.68332,0.094399,0.072345,0.83209,0.74814,0.097209,0.078611,0.81808,0.72712,0.10118,0.064245,7,7,0.54257,0.042377,0.5002,7,1,6,1,0,1,0.70446,1,1,y,y,y,y,y,y,y,y,y,y,y,,,,,0,,transformed-partial,1,1,0,0,0,0,,,,,,,,1392,,,,,,,,1,1,0,0,0,0,delete,,sol_mas_1.1_d295_m182
sol_mas_1.1Ado_d296_m182,solar leasing,Massachusetts,1.1,Adoption over Time,Partial up to max % third party owned systems ($200k-$250k),Partial up to max %,m11,0.48238,0.30784,0.092571,2015.3,9.1098,1.0541,5.4536,2023,-186.05,0.77812,0.55623,0.099311,0.077518,0.76684,0.65026,0.1018,0.086498,0.77117,0.65675,0.10085,0.06951,7,7,0.60149,0.027513,0.57397,7,1,6,1,0,1,0.6912,1,1,y,y,y,y,y,y,m,y,y,m,m,,,,,0,,transformed-partial,1,1,0,0,0,0,,,,,,,,1393,,,,,,,,1,1,0,0,0,0,delete,,sol_mas_1.1_d296_m182
sol_mas_1.1Ado_d297_m182,solar leasing,Massachusetts,1.1,Adoption over Time,Partial up to max % third party owned systems ($50k-$100k),Partial up to max %,m11,0.50257,0.34626,0.11968,2015.9,8.7439,1.5837,5.9431,2021.7,-240.55,0.86408,0.72817,0.097642,0.073079,0.85628,0.78441,0.10041,0.075205,0.81675,0.72513,0.11337,0.081622,7,7,0.48745,0.034096,0.45335,7,1,6,1,0,1,0.6912,1,1,y,y,y,y,y,y,m,y,y,m,m,,,,,0,,transformed-partial,1,1,0,0,0,0,,,,,,,,1394,,,,,,,,1,1,0,0,0,0,delete,,sol_mas_1.1_d297_m182
sol_mas_1.1Ado_d298_m182,solar leasing,Massachusetts,1.1,Adoption over Time,Partial up to max % third party owned systems (<$50k),Partial up to max %,m11,0.68094,0.010317,0.099702,2013.5,6.4535,0.84057,1552.5,1.5775e+05,-200.33,0.76236,0.58412,0.13133,0.10864,-2.4873,-3.8822,0.50309,0.42488,0.71907,0.60669,0.14279,0.11823,8,8,0.99099,0.15347,0.83752,8,1,7,1,0,1,0.81067,1,1,y,y,y,y,y,y,y,y,y,y,y,,,,,0,,transformed-partial,1,1,0,0,0,0,,,,,,,,1395,,,,,,,,1,1,0,0,0,0,delete,,sol_mas_1.1_d298_m182
sol_mas_1.1Ado_d299_m182,solar leasing,Massachusetts,1.1,Adoption over Time,Partial up to max % third party owned systems (>$250k),Partial up to max %,m11,0.49029,0.31533,0.092464,2015.4,8.963,1.0804,5.6751,2022.9,-185.83,0.79781,0.59562,0.094285,0.069939,0.78677,0.68015,0.096826,0.078388,0.77782,0.66673,0.098837,0.066571,7,7,0.59144,0.037023,0.55442,7,1,6,1,0,1,0.69268,1,1,y,y,y,y,y,y,m,y,y,m,m,,,,,0,,transformed-partial,1,1,0,0,0,0,,,,,,,,1396,,,,,,,,1,1,0,0,0,0,delete,,sol_mas_1.1_d299_m182
sol_new_1.1Ado_d039_m028,solar leasing,New Jersey,1.1,Adoption over Time,% third party owned systems ($100k-$150k),%,m11,0.017651,0.00052246,-0.0042527,284.74,248.97,0.66646,1555.8,1.5743e+05,9.24,-2.8866e-15,-0.33333,0.23947,0.19996,-7.7452,-9.4943,0.70818,0.66646,0.0044152,-0.1947,0.23894,0.19538,13,13,1.4014,0.13954,1.2619,13,9,12,1,0,1,0.96068,1,1,n,y,y,y,y,y,y,y,m,n,m,4,,"reversal, partial fit to pre-peak","weird fit, use partial",0,,,0,0,0,0,0,0,,,,,,,,1400,,,,,,,,0,0,0,0,0,0,delete,,sol_new_3.2_d039_m028
sol_new_1.1Ado_d040_m028,solar leasing,New Jersey,1.1,Adoption over Time,% third party owned systems ($150k-$200k),%,m11,0.010349,0.00055877,-0.0039066,458.86,424.61,0.62254,1555.7,1.5744e+05,8.4982,-9.1633e-10,-0.33333,0.24266,0.20573,-6.5817,-8.098,0.66816,0.62254,0.0036285,-0.19565,0.24222,0.20152,13,13,1.4441,0.10441,1.3397,13,7,12,1,0,1,0.96013,1,1,n,y,y,y,y,y,y,y,m,n,m,4,,"reversal, partial fit to pre-peak","weird fit, use partial",0,,,0,0,0,0,0,0,,,,,,,,1401,,,,,,,,0,0,0,0,0,0,delete,,sol_new_3.2_d040_m028
sol_new_1.1Ado_d041_m028,solar leasing,New Jersey,1.1,Adoption over Time,% third party owned systems ($200k-$250k),%,m11,-0.67839,0.00042985,-0.0053434,2021.7,-6.4778,0.62903,1555.8,1.5744e+05,11.331,0.1559,-0.12547,0.23592,0.17585,-4.7294,-5.8753,0.61463,0.55842,0.0060624,-0.19273,0.256,0.21925,13,13,1.4165,0.036564,1.3799,13,9,12,1,0,1,0.95467,1,1,n,y,y,y,y,y,y,y,m,n,m,4,,"reversal, partial fit to pre-peak","weird fit, use partial",0,,,0,0,0,0,0,0,,,,,,,,1402,,,,,,,,0,0,0,0,0,0,delete,,sol_new_3.2_d041_m028
sol_new_1.1Ado_d042_m028,solar leasing,New Jersey,1.1,Adoption over Time,% third party owned systems ($50k-$100k),%,m11,-0.016969,0.0013186,0.0042967,3694,-258.97,0.71308,1555.5,1.5746e+05,-7.9491,-2.931e-14,-0.33333,0.23908,0.18684,-8.8959,-10.875,0.75209,0.71308,0.0045219,-0.19457,0.23854,0.19147,13,13,1.3266,0.089752,1.2369,13,9,12,1,0,1,0.95675,1,1,n,y,y,y,y,y,y,y,m,n,m,4,,"reversal, partial fit to pre-peak","weird fit, use partial",0,,transformed-marketshare,0,0,0,0,0,0,,,,,,,,1403,,,,,,,,0,0,0,0,0,0,delete,,sol_new_1.1_d042_m028
sol_new_1.1Ado_d043_m028,solar leasing,New Jersey,1.1,Adoption over Time,% third party owned systems (<$50k),%,m11,3.6705,0.001838,0.0098791,2010.6,1.1972,0.82886,1555.4,1.5747e+05,-19.159,0.77166,0.69554,0.10999,0.08823,-10.811,-13.174,0.79107,0.75685,0.025789,-0.16905,0.22719,0.17296,13,13,1.1461,0.091692,1.0545,13,7,12,1,0,1,0.95376,1,1,y,y,y,y,y,y,y,y,m,y,m,4,,"reversal, partial fit to pre-peak","weird fit, use partial",0,,transformed-marketshare,0,0,0,0,0,0,,,,,,,,1404,,,,,,,,0,0,0,0,0,0,delete,,sol_new_1.1_d043_m028
sol_new_1.1Ado_d044_m028,solar leasing,New Jersey,1.1,Adoption over Time,% third party owned systems (>$250k),%,m11,-0.69311,0.00039716,-0.0056978,2021.7,-6.3402,0.62839,1555.8,1.5743e+05,12.046,0.1693,-0.1076,0.22365,0.16574,-5.1983,-6.438,0.61091,0.55946,0.0075486,-0.19094,0.24445,0.20675,13,13,1.4004,0.074795,1.3256,13,9,12,1,0,1,0.95705,1,1,n,y,y,y,y,y,y,y,m,n,m,4,,"reversal, partial fit to pre-peak","weird fit, use partial",0,,,0,0,0,0,0,0,,,,,,,,1405,,,,,,,,0,0,0,0,0,0,delete,,sol_new_3.2_d044_m028
sol_new_1.1Ado_d294_m182,solar leasing,New Jersey,1.1,Adoption over Time,Partial up to max % third party owned systems ($100k-$150k),Partial up to max %,m11,2.174,0.020337,0.2065,2010.9,2.0214,0.92162,1549.5,1.5804e+05,-414.82,0.99502,0.98008,0.022428,0.019873,-4.281,-9.562,0.73038,0.6576,0.84429,0.68858,0.12542,0.11968,5,5,1.0134,0.10091,0.91252,5,1,4,1,0,1,0.78539,1,1,y,n,y,y,y,y,y,y,y,n,n,,,,,0,,transformed-partial,1,1,0,0,0,0,,,,,,,,1406,,,,,,,,1,1,0,0,0,0,delete,,sol_new_1.1_d294_m182
sol_new_1.1Ado_d295_m182,solar leasing,New Jersey,1.1,Adoption over Time,Partial up to max % third party owned systems ($150k-$200k),Partial up to max %,m11,2.0331,0.012512,0.12343,2011,2.1614,0.88797,1551.9,1.578e+05,-247.77,0.99344,0.98688,0.023884,0.021828,-5.4393,-8.659,0.74842,0.68786,0.70055,0.55083,0.16139,0.13641,7,7,1.0124,0.073201,0.93922,7,1,6,1,0,1,0.87019,1,1,y,y,y,y,y,y,y,y,y,y,y,,,,,0,,transformed-partial,1,1,0,0,0,0,,,,,,,,1407,,,,,,,,1,1,0,0,0,0,delete,,sol_new_1.1_d295_m182
sol_new_1.1Ado_d296_m182,solar leasing,New Jersey,1.1,Adoption over Time,Partial up to max % third party owned systems ($200k-$250k),Partial up to max %,m11,2.219,0.022144,0.2256,2011.3,1.9803,0.87972,1548.9,1.581e+05,-453.35,0.99592,0.9837,0.021617,0.020536,-2.6867,-6.3734,0.65013,0.555,0.88786,0.77571,0.11339,0.10376,5,5,1.0128,0.026145,0.98667,5,1,4,1,0,1,0.76124,1,1,y,n,y,y,y,y,y,y,y,n,n,,,,,0,,transformed-partial,1,1,0,0,0,0,,,,,,,,1408,,,,,,,,1,1,0,0,0,0,delete,,sol_new_1.1_d296_m182
sol_new_1.1Ado_d297_m182,solar leasing,New Jersey,1.1,Adoption over Time,Partial up to max % third party owned systems ($50k-$100k),Partial up to max %,m11,2.7711,0.020888,0.2124,2010.9,1.5858,0.92871,1549.4,1.5806e+05,-426.68,0.99705,0.98818,0.018203,0.01591,-4.0405,-9.081,0.75191,0.6732,0.80442,0.60885,0.14811,0.13936,5,5,1.0186,0.068913,0.94971,5,1,4,1,0,1,0.78407,1,1,y,n,y,y,y,y,y,y,y,n,n,,,,,0,,transformed-partial,1,1,0,0,0,0,,,,,,,,1409,,,,,,,,1,1,0,0,0,0,delete,,sol_new_1.1_d297_m182
sol_new_1.1Ado_d298_m182,solar leasing,New Jersey,1.1,Adoption over Time,Partial up to max % third party owned systems (<$50k),Partial up to max %,m11,3.0657,0.011849,0.11646,2010.7,1.4334,0.93358,1552.2,1.5778e+05,-233.68,0.99618,0.99237,0.018474,0.013826,-6.571,-10.357,0.82284,0.76657,0.6067,0.41005,0.18754,0.16276,7,7,1.0176,0.081407,0.93618,7,1,6,1,0,1,0.86648,1,1,y,y,y,y,y,y,y,y,y,y,y,,,,,0,,transformed-partial,1,1,0,0,0,0,,,,,,,,1410,,,,,,,,1,1,0,0,0,0,delete,,sol_new_1.1_d298_m182
sol_new_1.1Ado_d299_m182,solar leasing,New Jersey,1.1,Adoption over Time,Partial up to max % third party owned systems (>$250k),Partial up to max %,m11,2.1438,0.020921,0.2126,2011.3,2.0498,0.86154,1549.3,1.5806e+05,-427.19,0.99501,0.98003,0.022695,0.019022,-3.0013,-7.0025,0.64244,0.5564,0.87636,0.75273,0.11293,0.10264,5,5,1.0214,0.054553,0.96687,5,1,4,1,0,1,0.77058,1,1,y,n,y,y,y,y,y,y,y,n,n,,,,,0,,transformed-partial,1,1,0,0,0,0,,,,,,,,1411,,,,,,,,1,1,0,0,0,0,delete,,sol_new_1.1_d299_m182
sol_usa_1.1Ado_d039_m028,solar leasing,US,1.1,Adoption over Time,% third party owned systems ($100k-$150k),%,m11,-0.6571,0.00029441,-0.0070385,2022.2,-6.6877,0.45401,1555.7,1.5744e+05,14.603,0.24416,-0.0077914,0.1087,0.074091,-10.91,-13.292,0.43151,0.413,0.044363,-0.14676,0.12223,0.092408,13,13,1.3105,0.33479,0.97574,13,7,12,1,0,1,0.95344,1,1,n,y,y,y,y,y,y,y,m,n,m,,,,,0,,,1,1,0,0,0,0,,,,,,,,1415,,,,,,,,1,1,0,0,0,0,delete,,sol_usa_3.2_d039_m028
sol_usa_1.1Ado_d040_m028,solar leasing,US,1.1,Adoption over Time,% third party owned systems ($150k-$200k),%,m11,0.074141,-0.024759,-0.011418,1635.6,59.271,0.38615,3.8107,1923.4,23.404,-3.4128e-13,-0.33333,0.11804,0.099704,0.10991,-0.068107,0.11136,0.085242,0.13099,-0.04281,0.11003,0.081547,13,13,1.4916,0.43765,1.054,13,10,12,1,0,1,0.9533,1,1,n,y,y,y,y,y,y,y,m,n,m,,,,,0,,,0,1,0,0,0,0,,,,,,,,1416,,,,,,,,0,1,0,0,0,0,delete,,sol_usa_3.2_d040_m028
sol_usa_1.1Ado_d041_m028,solar leasing,US,1.1,Adoption over Time,% third party owned systems ($200k-$250k),%,m11,-0.46394,-0.039712,-0.015802,2021,-9.472,0.40451,1.6674,1975.2,32.19,0.4055,0.20733,0.092188,0.066683,0.20542,0.046498,0.10658,0.083814,0.24455,0.093462,0.10392,0.077926,13,13,1.4066,0.40542,1.0012,13,10,12,1,0,1,0.94537,1,1,m,y,y,y,y,y,y,y,m,m,m,,,,,0,,,1,1,0,0,0,0,,,,,,,,1417,,,,,,,,1,1,0,0,0,0,delete,,sol_usa_3.2_d041_m028
sol_usa_1.1Ado_d042_m028,solar leasing,US,1.1,Adoption over Time,% third party owned systems ($50k-$100k),%,m11,2.2988,0.00097739,0.00028571,2010.4,1.9117,0.46773,1555.5,1.5746e+05,-0.14223,0.51908,0.35877,0.085772,0.066066,-12.3,-14.96,0.45106,0.43377,7.471e-05,-0.19991,0.12368,0.09471,13,13,1.3213,0.30573,1.0155,13,7,12,1,0,1,0.95473,1,1,m,y,y,y,y,y,y,y,m,m,m,,,,"weird fit, use partial",0,,transformed-marketshare,0,0,0,0,0,0,,,,,,,,1418,,,,,,,,0,0,0,0,0,0,delete,,sol_usa_1.1_d042_m028
sol_usa_1.1Ado_d043_m028,solar leasing,US,1.1,Adoption over Time,% third party owned systems (<$50k),%,m11,1.8098,0.0019605,0.01083,2010.7,2.4282,0.51536,1555.2,1.5749e+05,-21.367,0.6974,0.59653,0.074466,0.050164,-11.815,-14.378,0.4846,0.46531,0.089601,-0.092479,0.12916,0.10352,13,13,1.2787,0.23867,1.0401,13,7,12,1,0,1,0.95643,1,1,m,y,y,y,y,y,y,y,m,m,m,,,,"weird fit, use partial",0,,transformed-marketshare,0,0,0,0,0,0,,,,,,,,1419,,,,,,,,0,0,0,0,0,0,delete,,sol_usa_1.1_d043_m028
sol_usa_1.1Ado_d044_m028,solar leasing,US,1.1,Adoption over Time,% third party owned systems (>$250k),%,m11,-0.42741,-0.044752,-0.017027,2020.8,-10.282,0.4,0.46927,2007.2,34.648,0.40355,0.20474,0.094297,0.067514,0.23062,0.076739,0.1071,0.082754,0.27227,0.12673,0.10416,0.076277,13,13,1.4475,0.395,1.0525,13,10,12,1,0,1,0.94015,1,1,m,y,y,y,y,y,y,y,m,m,m,,,,,0,,,1,1,0,0,0,0,,,,,,,,1420,,,,,,,,1,1,0,0,0,0,delete,,sol_usa_3.2_d044_m028
sol_usa_1.1Ado_d294_m182,solar leasing,US,1.1,Adoption over Time,Partial up to max % third party owned systems ($100k-$150k),Partial up to max %,m11,-0.25079,0.0061113,0.054964,2110.1,-17.523,0.46357,1553.8,1.5761e+05,-110.18,-5.9457e-11,-1,0.145,0.11604,-10.221,-15.832,0.48572,0.46357,0.57476,0.36214,0.094554,0.071051,7,7,1.2835,0.32789,0.95562,7,1,6,1,0,1,0.86979,1,1,n,y,y,y,y,y,y,y,y,n,y,,,,,0,,transformed-partial,0,1,0,0,0,0,,,,,,,,1421,,,,,,,,0,1,0,0,0,0,delete,,sol_usa_1.1_d294_m182
sol_usa_1.1Ado_d295_m182,solar leasing,US,1.1,Adoption over Time,Partial up to max % third party owned systems ($150k-$200k),Partial up to max %,m11,2.0478,0.23959,0.1137,2010.4,2.146,0.53442,6.4222,2023.2,-228.3,0.93034,,0.039967,0.034163,0.60298,-0.19107,0.095415,0.089183,0.70472,0.11415,0.082287,0.07775,4,4,1.0778,0.31623,0.76157,4,1,3,1,0,1,0.76204,1,1,y,n,y,y,y,y,y,y,y,n,n,,,,,0,,transformed-partial,1,1,0,0,0,0,,,,,,,,1422,,,,,,,,1,1,0,0,0,0,delete,,sol_usa_1.1_d295_m182
sol_usa_1.1Ado_d296_m182,solar leasing,US,1.1,Adoption over Time,Partial up to max % third party owned systems ($200k-$250k),Partial up to max %,m11,1.9433,0.011142,0.1083,2010.5,2.2613,0.51299,1552.3,1.5776e+05,-217.46,0.87684,,0.052173,0.045614,-6.6632,-21.99,0.41154,0.38375,0.66336,-0.0099107,0.086256,0.07575,4,4,1.1092,0.3197,0.78949,4,1,3,1,0,1,0.75833,1,1,y,n,y,y,y,y,y,y,y,n,n,,,,,0,,transformed-partial,1,1,0,0,0,0,,,,,,,,1423,,,,,,,,1,1,0,0,0,0,delete,,sol_usa_1.1_d296_m182
sol_usa_1.1Ado_d297_m182,solar leasing,US,1.1,Adoption over Time,Partial up to max % third party owned systems ($50k-$100k),Partial up to max %,m11,1.6812,0.0071657,0.066179,2010.7,2.6139,0.56014,1553.5,1.5765e+05,-132.76,0.90995,0.81989,0.046513,0.041007,-8.8571,-13.786,0.48663,0.46129,0.7292,0.5938,0.080658,0.061153,7,7,1.1033,0.25529,0.848,7,1,6,1,0,1,0.85592,1,1,y,y,y,y,y,y,y,y,y,y,y,,,,,0,,transformed-partial,1,1,0,0,0,0,,,,,,,,1424,,,,,,,,1,1,0,0,0,0,delete,,sol_usa_1.1_d297_m182
sol_usa_1.1Ado_d298_m182,solar leasing,US,1.1,Adoption over Time,Partial up to max % third party owned systems (<$50k),Partial up to max %,m11,0.99641,0.0085986,0.081429,2011.1,4.4103,0.61843,1553.1,1.5769e+05,-163.46,0.9185,0.83699,0.050191,0.045211,-6.842,-10.763,0.49232,0.45986,0.85812,0.78718,0.06622,0.052286,7,7,1.0656,0.19889,0.8667,7,1,6,1,0,1,0.84606,1,1,y,y,y,y,y,y,y,y,y,y,y,,,,,0,,transformed-partial,1,1,0,0,0,0,,,,,,,,1425,,,,,,,,1,1,0,0,0,0,delete,,sol_usa_1.1_d298_m182
sol_usa_1.1Ado_d299_m182,solar leasing,US,1.1,Adoption over Time,Partial up to max % third party owned systems (>$250k),Partial up to max %,m11,2.0076,0.2429,0.1112,2010.5,2.1889,0.51775,5.9347,2022.9,-223.29,0.87222,,0.055053,0.047971,0.55054,-0.34838,0.10325,0.09118,0.65166,-0.045031,0.090898,0.08,4,4,1.1183,0.30517,0.81314,4,1,3,1,0,1,0.75685,1,1,y,n,y,y,y,y,y,y,y,n,n,,,,,0,,transformed-partial,1,1,0,0,0,0,,,,,,,,1426,,,,,,,,1,1,0,0,0,0,delete,,sol_usa_1.1_d299_m182
sus_glo_1.1Ado_d209_m123,sustainable fashion,Global,1.1,Adoption over Time,Value of the sustainable apparel market,billion USD,m1,0.22837,0.15509,30.9,2026.5,19.243,640.44,0.0015578,1947.3,-62311,0.99995,0.99981,0.30378,0.27899,0.99824,0.99649,1.8339,1.6542,0.99721,0.99442,2.3108,2.16,5,5,0.41221,0.22016,0.19205,5,0,4,0,0,0,0.77675,0,0,y,n,y,y,y,y,y,m,y,n,n,1,,,,0,,,1,1,2,2,0,0,,,,,,,,1431,,,,,,,,1,1,0,0,0,0,delete,,sus_glo_1.1_d209_m123
sus_glo_3.3Leg_d235_m020,sustainable fashion,Global,3.3,Risk & Uncertainty (Shared Expectations),scientific publications,# publications,m1,0.2434,0.16565,2.0063,2022.5,18.055,316.31,4.0744,2000.5,-3983.8,0.97381,0.97227,7.4079,3.1131,0.96787,0.96663,8.2049,3.8036,0.48416,0.46432,32.874,25.035,55,28,0.57538,0.0031614,0.57222,32,0,28,0,0,1,0.84774,0,0,y,y,y,y,y,y,y,y,y,y,y,,,,"good; only available global, apply to all EA regions",0,,,1,1,0,0,1,1,,,,,,,,1433,,,,,,,,1,1,0,0,1,1,,,sus_glo_3.3_d235_m020
sus_jap_2.3Rel_d096_m107,sustainable fashion,Japan,2.3,Relative advantage - co-benefits,Exports of worn clothing,Million USD,m1,0.10241,0.035703,2.4464e+06,2003.3,42.911,1.183e+08,0.47414,1482.6,-4.8414e+09,0.68449,0.65491,1.7591e+07,1.4138e+07,0.63022,0.60781,1.9044e+07,1.3917e+07,0.6585,0.6378,1.8302e+07,1.411e+07,36,36,1.0776,0.22929,0.84833,36,9,35,1,0,0,0.96194,0,0,m,y,y,y,y,y,y,y,y,m,y,2,,,,0,,,1,1,0,0,0,1,,,,,,,,1472,,,,,,,,1,1,0,0,0,1,,,sus_jap_2.3_d096_m107
sus_jap_2.3Rel_d111_m107,sustainable fashion,Japan,2.3,Relative advantage - co-benefits,Imports of worn clothing,Million USD,m1,-2.594e-07,0.0059321,2.8823e+05,7.5579e+05,-1.6941e+07,8.569e+07,5634.4,483.67,-5.3101e+08,-4.5279e-07,-0.09375,2.7508e+07,2.2215e+07,0.011424,-0.048489,2.735e+07,2.2306e+07,0.011848,-0.04804,2.7344e+07,2.2302e+07,36,36,1.3755,0.032402,1.3431,36,28,35,1,0,1,0.92324,0,0,n,y,y,y,y,y,y,y,m,n,m,4,,convert to cum.,reversal,0,,,0,1,0,0,0,0,,,,,,,,1473,,,,,,,,0,1,0,0,0,0,delete,,sus_jap_2.3_d111_m107
sus_uki_2.3Rel_d096_m107,sustainable fashion,UK,2.3,Relative advantage - co-benefits,Exports of worn clothing,Million USD,m1,0.33289,0.04652,1.7961e+07,2004.3,13.201,5.0118e+08,1.5586e-08,1202.2,-3.5748e+10,0.8943,0.88256,6.0064e+07,4.5354e+07,0.63568,0.60966,1.1151e+08,9.7822e+07,0.75611,0.73869,9.1236e+07,6.9071e+07,31,31,1.2216,0.10624,1.1154,31,10,30,1,0,0,0.96016,0,0,y,y,y,y,y,y,y,y,y,y,y,2,,,,0,,,1,1,0,0,0,1,,,,,,,,1494,,,,,,,,1,1,0,0,0,1,,,sus_uki_2.3_d096_m107
sus_uki_2.3Rel_d111_m107,sustainable fashion,UK,2.3,Relative advantage - co-benefits,Imports of worn clothing,Million USD,m1,0.10657,0.10657,2.4913e+06,2120.7,41.236,3.2011e+12,6.3657e-07,1716.6,-4.9721e+09,0.83698,0.81886,1.107e+07,7.9481e+06,0.83698,0.82533,1.107e+07,7.948e+06,0.66057,0.63633,1.5973e+07,1.2749e+07,31,31,3.477e-05,1.488e-06,3.3282e-05,31,1,23,0,1,1,0.87589,0,0,y,y,y,m,y,m,y,m,y,m,m,2,,,,0,,,1,1,0,0,0,0,,,,,,,,1495,,,,,,,,1,1,0,0,0,0,delete,,sus_uki_2.3_d111_m107
sus_usa_2.3Rel_d096_m107,sustainable fashion,US,2.3,Relative advantage (co-benefits),Exports of worn clothing,Million USD,m1,0.069855,0.054679,2.3064e+07,2030.6,62.908,2.434e+09,5.9939e-11,1214.9,-4.5848e+10,0.91223,0.90315,6.9936e+07,5.9125e+07,0.91002,0.90402,7.0813e+07,5.7837e+07,0.86543,0.85646,8.6598e+07,7.9824e+07,33,33,0.39178,0.058353,0.33343,33,1,32,0,0,0,0.94254,0,0,y,y,y,y,y,y,y,y,y,y,y,1,,,,0,,,1,1,0,0,0,1,,,,,,,,1516,,,,,,,,1,1,0,0,0,1,,,sus_usa_2.3_d096_m107
sus_usa_2.3Rel_d111_m107,sustainable fashion,US,2.3,Relative advantage (co-benefits),Imports of worn clothing,Million USD,m1,0.055196,0.055195,3.2055e+05,2224.4,79.615,1.1555e+12,0.010478,1638.6,-6.3492e+08,0.43704,0.3788,4.0235e+06,3.2791e+06,0.43704,0.39951,4.0235e+06,3.2792e+06,0.32397,0.2789,4.4091e+06,3.142e+06,33,33,2.2624e-05,3.1566e-06,1.9467e-05,33,0,32,0,0,0,0.87155,0,0,m,y,y,y,y,y,y,m,y,m,y,4,,ok (bimodal!),,0,,,1,1,0,0,0,0,,,,,,,,1517,,,,,,,,1,1,0,0,0,0,delete,,sus_usa_2.3_d111_m107
tel_aus_1.1Ado_d331_m185,teleworking,Austria,1.1,Adoption over time,teleworkers as a share of all employed persons,market share,b6,0.18106,0.001421,0.0046303,2011.6,24.27,0.15402,1555.3,1.5749e+05,-9.2283,0.23802,-0.14297,0.024385,0.019582,-17.842,-23.226,0.12126,0.118,0.22665,0.0056927,0.024567,0.019104,10,10,1.1752,0.61682,0.55838,10,3,6,1,1,0,0.89148,1,1,n,y,y,y,y,y,y,y,m,n,m,,,,*prefer partial fit to 2019 (exc. 2020-21 anomaly),0,,transformed-marketshare,0,1,0,0,0,0,,,,,,,,1540,,,,,,,,0,1,0,0,0,0,delete,,tel_aus_1.1_d331_m185
tel_eun_1.1Ado_d331_m185,teleworking,EU,1.1,Adoption over time,teleworkers as a share of all employed persons,market share,b6,0.29087,0.001757,0.0081818,2017.6,15.108,0.13246,1555.1,1.5751e+05,-16.441,0.59311,0.38966,0.019821,0.016733,-5.702,-7.6169,0.080444,0.0742,0.57197,0.44968,0.020329,0.016785,10,10,0.98901,0.36239,0.62663,10,2,9,1,0,1,0.87792,1,1,m,y,y,y,y,y,y,y,y,m,y,,,,*prefer partial fit to 2019 (exc. 2020-21 anomaly),0,,transformed-marketshare,1,1,0,0,0,0,,,,,,,,1563,,,,,,,,1,1,0,0,0,0,delete,,tel_eun_1.1_d331_m185
tel_fra_1.1Ado_d331_m185,teleworking,France,1.1,Adoption over time,teleworkers as a share of all employed persons,market share,b6,0.25398,0.0018494,0.0091939,2017.1,17.302,0.1677,1555.1,1.5751e+05,-18.461,0.48986,0.23479,0.027406,0.022958,-6.3776,-8.4854,0.10422,0.0969,0.47366,0.32327,0.027838,0.022835,10,10,1.0137,0.39357,0.62017,10,2,5,1,1,1,0.87836,1,1,m,y,y,y,y,y,y,y,y,m,y,,,,*prefer partial fit to 2019 (exc. 2020-21 anomaly),0,,transformed-marketshare,1,1,0,0,0,0,,,,,,,,1589,,,,,,,,1,1,0,0,0,0,delete,,tel_fra_1.1_d331_m185
tel_ger_1.1Ado_d331_m185,teleworking,Germany,1.1,Adoption over time,teleworkers as a share of all employed persons,market share,b6,0.58091,0.17996,0.015855,2018.7,7.5647,0.16675,0.32452,2026.7,-31.92,0.80971,0.71457,0.022894,0.018782,0.72517,0.64664,0.027513,0.021466,0.75291,0.68231,0.026088,0.022185,10,10,1.0315,0.19191,0.8396,10,2,9,1,0,1,0.85801,1,1,y,y,y,y,y,y,y,y,y,y,y,,,,*prefer partial fit to 2019 (exc. 2020-21 anomaly),0,,transformed-marketshare,1,1,0,0,0,0,,,,,,,,1612,,,,,,,,1,1,0,0,0,0,delete,,tel_ger_1.1_d331_m185
tel_ire_1.1Ado_d331_m185,teleworking,Ireland,1.1,Adoption over time,teleworkers as a share of all employed persons,market share,b6,1.961,0.21458,0.030703,2019.3,2.241,0.2648,0.44127,2024.9,-61.844,0.85414,0.7812,0.039624,0.035283,0.68451,0.59436,0.058275,0.046316,0.72252,0.64324,0.054651,0.04627,10,10,1.216,0.12462,1.0914,10,2,7,1,1,1,0.84335,1,1,y,y,y,y,y,y,y,y,y,y,y,,,,*prefer partial fit to 2019 (exc. 2020-21 anomaly),0,,transformed-marketshare,1,1,0,0,0,0,,,,,,,,1654,,,,,,,,1,1,0,0,0,0,delete,,tel_ire_1.1_d331_m185
tel_ita_1.1Ado_d331_m185,teleworking,Italy,1.1,Adoption over time,teleworkers as a share of all employed persons,market share,b6,0.45146,0.0014163,0.0045152,2015.7,9.7339,0.070464,1555.2,1.575e+05,-9.0631,0.26481,-0.10278,0.023938,0.018353,-3.298,-4.526,0.057878,0.0507,0.21579,-0.0082692,0.024723,0.017432,10,10,1.7314,0.45413,1.2772,10,3,9,1,0,1,0.80728,1,1,n,y,y,y,y,y,y,y,m,n,m,,,,*prefer partial fit to 2019 (exc. 2020-21 anomaly),0,,transformed-marketshare,0,1,0,0,0,0,,,,,,,,1677,,,,,,,,0,1,0,0,0,0,delete,,tel_ita_1.1_d331_m185
tel_net_1.1Ado_d331_m185,teleworking,The Netherlands,1.1,Adoption over time,teleworkers as a share of all employed persons,market share,b6,0.284,0.022521,0.003503,2009.9,15.473,0.16498,0.00046253,1762.3,-6.9225,0.23186,-0.15221,0.020371,0.01504,0.17893,-0.055663,0.021061,0.01444,0.18739,-0.04478,0.020952,0.014238,10,10,1.2365,0.76977,0.46671,10,2,0,1,0,0,0.91462,1,1,n,y,y,y,y,y,y,y,m,n,m,,,,*prefer partial fit to 2019 (exc. 2020-21 anomaly),0,,transformed-marketshare,0,1,0,0,0,0,,,,,,,,1700,,,,,,,,0,1,0,0,0,0,delete,,tel_net_1.1_d331_m185
tel_usa_1.1Ado_d331_m185,teleworking,US,1.1,Adoption over time,teleworkers as a share of all employed persons,market share,b6,0.099701,0.0013676,0.0039119,2130.2,44.076,8726.3,1555.1,1.5747e+05,-7.7839,0.45522,0.38712,0.050424,0.034681,-1.2001,-1.3761,0.10133,0.074839,0.29345,0.23692,0.057424,0.037884,28,28,4.0109e-05,8.0217e-07,3.9307e-05,44,3,27,0,0,1,0.73108,1,1,m,y,y,m,y,m,y,m,m,m,m,,,,* error / discontinuity in data,0,,transformed-marketshare,0,1,0,0,0,0,,,,,,,,1723,,,,,,,,0,1,0,0,0,0,delete,,tel_usa_1.1_d331_m185
tex_glo_3.3Leg_d183_m020,textile recycling,Global,3.3,Risk & uncertainty (shared expectations),Scientific publications on textile waste water treatment,# publications,m14,0.11534,0.11533,10.114,2093.2,38.1,2.766e+06,0.00096519,1904.4,-20060,0.97812,0.97678,28.108,17.74,0.97812,0.97724,28.108,17.741,0.66295,0.64946,110.31,85.128,53,45,0.00027585,3.6153e-07,0.00027549,48,1,47,0,0,1,0.90323,0,0,y,y,y,y,y,y,y,m,y,m,y,1,,,"good; only available global, apply to all EA regions",0,,,1,1,0,0,1,1,,,,,,,,1744,,,,,,,,1,1,0,0,1,1,,,tex_glo_3.3_d183_m020
