Code,Innovation Name,Spatial Scale,Indicator Number,Indicator Name,Description,Metric,Category,slope_log,slope_exp,slope_lin,log_t0,log_Dt,log_K,exp_a,exp_c,lin_intercept,log_r2,log_r2adj,log_rmse,log_mae,exp_r2,exp_r2adj,exp_rmse,exp_mae,lin_r2,lin_r2adj,lin_rmse,lin_mae,n_data_points,n_non_zero_data_points,max_over_K,min_over_K,range_over_k,length_trimmed_series_years,n_data_points_beyond_max,n_data_points_beyond_min,suspected_reversal_up2down,suspected_reversal_down2up,at_least_one_big_jump,autocorr_l1,all_values_less_than_or_equal_to_1,all_values_less_than_or_equal_to_100,C1_R2,C2_threshold_non_zero_value_years,C3_pct_non_zero,C4_less_than_250_jump_in_second_half,C4_less_than_80_fall_in_second_half,C4_combined_less_than_80_fall_and_250_jump_in_second_half,C5_volatility_autocorrelation_lag1_threshold_0.7,C6_{K_COVERAGE_THRESHOLD}_of_k_covered_by_data,C7_lin_r2,use_log_x,use_lin_x,use_log_y,use_lin_y, old GN scoring @retreat,old GN comments,old CW scoring @retreat,comments_fit_CW,comments_delete_CW,comments_alternativeseries_CW,comments_transformations_CW,use_logfit_CW,use_linfit_CW,select_1.1_earegion_CW,select_1.1_allregions_CW,select_non1.1s_earegion_CW,select_non1.1s_allregions_CW,GN final scoring,use_logfit_GN,use_linfit_GN,select_1.1_earegion_GN,select_1.1_allregions_GN,select_non1.1s_earegion_GN,select_non1.1s_allregions_GN,PDF page,use_logfit_AGREE?,use_linfit_AGREE?,select_1.1_earegion_AGREE?,select_1.1_allregions_AGREE?,select_non1.1s_earegion_AGREE?,select_non1.1s_allregions_AGREE?,FINAL AGREED,use_logfit_FIN,use_linfit_FIN,select_1.1_earegion_FIN,select_1.1_allregions_FIN,select_non1.1s_earegion_FIN,select_non1.1s_allregions_FIN,Delete from working file,Unnamed: 89
act_ams_1.1Ado_d360_m185,active mobility,Amsterdam,1.1,Adoption over time,% trips by walking and biking EXCLUDING 1930,market share,b7,1.1077,0.0026517,0.0013983,1969.3,3.9672,0.49714,1.9635,2529.4,-2.3135,0.54632,0.20607,0.047359,0.036072,0.062786,-0.3121,0.068069,0.06083,0.070004,-0.30199,0.067806,0.060625,8,8,1.1264,0.68391,0.44253,44,4,7,1,0,0,0.89687,1,1,m,y,y,y,y,y,y,y,m,m,m,,,,,,,,,,,,,,,,,,,,,,,,,,,,,,,,,,,,,,
act_bei_1.1Ado_d332_m185,active mobility,Beijing,1.1,Adoption over time,% trips by walking and biking,market share,b7,-128.93,-0.00040147,-0.01425,1999.7,-0.034083,0.5403,-1544.5,-1.526e+05,28.852,-3.1777,9.3553,0.25892,0.205,-9.2413,-inf,0.4054,0.3851,0.96449,-inf,0.023871,0.0221,3,3,1,0.42569,0.57431,22,2,0,0,0,0,0.60149,1,1,n,m,y,y,y,y,m,y,y,n,m,m,m,,,,,0,prefer-relative,transformed-marketshare,1,1,0,1,0,0,,1,1,0,1,0,0,6,,,,,,,,1,1,0,1,0,0,,
act_chi_3.2Adc_d062_m003,active mobility,China,3.2,Adopter characteristics,Bicycle ownership among income groups,# bikes per hundred households (highest 10% income),b7,-33.755,-0.017188,-3.0744,2007.5,-0.13018,162.97,289.01,1962.5,6300.3,0,-inf,30.662,25.078,0.51703,-0.4489,21.309,19.229,0.56489,-0.30533,20.226,18.246,4,4,1.2463,0.72407,0.52225,21,2,0,1,0,0,0.78003,0,0,n,m,y,y,y,y,y,y,y,n,m,m,m,2,,,,0,,,0,1,,,,,,1,1,0,0,0,0,8,check,,,,,,,1,1,0,0,0,0,delete,
act_chi_3.2Adc_d062_m004,active mobility,China,3.2,Adopter characteristics,Bicycle ownership among income groups,# bikes per hundred households (lowest 10% income),b7,-2.6167,-0.0083411,-1.3736,2006.3,-1.6794,157.06,260.14,1925.7,2886.7,0.61758,-inf,16.895,12.122,0.12506,-1.6248,25.555,25.04,0.14203,-1.5739,25.306,24.861,4,4,1.1498,0.68431,0.46548,21,2,0,1,0,0,0.80089,0,0,m,m,y,y,y,y,y,y,m,m,m,m,m,2,,,,0,,,0,1,,,,,,0,1,0,0,0,0,9,,,,,,,,0,1,0,0,0,0,delete,
act_chi_3.2Adc_d062_m005,active mobility,China,3.2,Adopter characteristics,Bicycle ownership among income groups,# bikes per hundred households (middle income groups),b7,-0.35805,-0.013207,-2.4015,2007.8,-12.273,181.57,265.52,1958.9,4957,0.75315,-inf,14.824,11.464,0.32729,-1.0181,24.472,23.3,0.364,-0.90799,23.795,22.74,4,4,1.1186,0.65538,0.46323,21,2,0,1,0,0,0.79113,0,0,y,m,y,y,y,y,y,y,y,m,m,m,m,2,,,,0,,,0,1,,,,,,1,1,0,0,0,1,10,check,,,,,,,1,1,0,0,0,1,,
act_chi_4.1Sal_d213_m100,active mobility,China,4.1,Knowledge Flows (social networks),annualised Google search frequency (index 100=monthly max.),Index 0-100,b7,2.0949,0.076912,3.6253,2013.4,2.0976,61.747,0.67025,1963.9,-7267.6,0.79934,0.76393,14.129,9.9399,0.36338,0.29265,25.166,21.242,0.48439,0.4271,22.649,17.771,21,20,1.6195,0.017461,1.6021,21,8,20,1,0,1,0.93024,0,1,y,y,y,y,y,y,y,y,y,y,y,y,y,,,,,0,hide,original,1,1,0,0,0,0,,1,0,0,0,0,0,11,,check,,,,,,1,1,0,0,0,0,delete,
act_chi_4.1Sal_d239_m153,active mobility,China,4.1,Knowledge Flows (social networks),Partial up to max annualised Google search frequency (index 100=monthly max.),Partial up to max Index 0-100,b7,1.0431,0.49369,6.5779,2014.6,4.213,123.43,0.018792,1998.5,-13201,0.99639,0.99519,1.8903,1.5688,0.97515,0.97018,4.9601,3.8128,0.61177,0.53412,19.606,16.835,13,12,0.81017,0.0087349,0.80143,13,0,12,0,0,1,0.66032,0,1,y,y,y,y,y,y,m,y,y,m,m,y,y,,,,,0,prefer,transformed-partial,1,1,0,0,0,1,,1,1,0,0,0,1,12,,,,,,,,1,1,0,0,0,1,,
act_cop_1.1Ado_d332_m185,active mobility,Copenhagen,1.1,Adoption over time,% trips by walking and biking,market share,b7,0.015233,0.0013115,0.0036752,2016.9,288.48,1,1555.2,1.5744e+05,-6.9138,0.36641,-inf,0.051084,0.045033,-46.472,-141.42,0.44218,0.4375,0.35971,-0.92086,0.051353,0.045256,4,4,0.52,0.34,0.18,28,0,2,0,1,0,0.6861,1,1,m,m,y,y,y,y,m,m,y,m,m,m,m,,,,,0,prefer-relative,transformed-marketshare,1,1,0,1,0,0,,1,1,0,1,0,0,15,,,,,,,,1,1,0,1,0,0,,
act_den_4.1Sal_d213_m100,active mobility,Denmark,4.1,Knowledge Flows (social networks),annualised Google search frequency (index 100=monthly max.),Index 0-100,b7,5.3823,0.046164,2.6871,2011.1,0.81647,61.49,1.2043,1938.2,-5371.1,0.6915,0.63706,17.672,13.516,0.18602,0.095577,28.705,24.86,0.26155,0.1795,27.341,23.166,21,20,1.6263,0.0025937,1.6237,21,9,16,1,1,1,0.94961,0,1,m,y,y,y,y,y,y,y,m,m,m,m,m,,,,,0,hide,original,1,1,0,0,0,0,,1,0,0,0,0,0,16,,check,,,,,,1,1,0,0,0,0,delete,
act_den_4.1Sal_d239_m153,active mobility,Denmark,4.1,Knowledge Flows (social networks),Partial up to max annualised Google search frequency (index 100=monthly max.),Partial up to max Index 0-100,b7,1.43,0.31326,9.5766,2011.7,3.073,98.11,0.0079543,1984.4,-19211,0.987,0.98212,4.3211,3.2716,0.89193,0.86791,12.458,10.933,0.76106,0.70796,18.524,16.71,12,11,1.0193,0.0016256,1.0176,12,0,7,0,1,1,0.79251,0,1,y,y,y,y,y,y,y,y,y,y,y,y,y,,,,,0,prefer,transformed-partial,1,1,0,0,0,1,,1,1,0,0,0,1,17,,,,,,,,1,1,0,0,0,1,,
act_glo_3.3Sci_d235_m020,active mobility,Global,3.3,Risk & Uncertainty (Shared Expectations),scientific publications,# publications,b7,0.098082,0.075253,339.27,2026.2,44.804,47724,0.0062414,1823.4,-6.7209e+05,0.98746,0.98672,674.84,429.14,0.98322,0.98257,780.65,440.85,0.79877,0.79103,2703.1,2313.6,55,55,0.43486,0.0017811,0.43307,55,2,54,0,0,1,0.95068,0,0,y,y,y,y,y,y,y,y,y,y,y,y,y,,,,"good; only available global, apply to all EA regions",0,,,1,1,0,0,1,1,,1,1,0,0,1,1,18,,,,,,,,1,1,0,0,1,1,,
act_net_1.1Ado_d332_m185,active mobility,The Netherlands,1.1,Adoption over time,% trips by walking and biking,market share,b7,0.070443,0.026144,0.0035545,2006.4,62.383,0.21832,0.00085049,1820,-7.0219,0.97061,0.96383,0.0032828,0.0025168,0.96078,0.95518,0.0037921,0.0030679,0.96855,0.96406,0.0033959,0.0025786,17,17,0.7503,0.49115,0.25914,18,0,16,0,0,0,0.93891,1,1,y,y,y,y,y,y,y,y,y,y,y,y,y,,,,,0,prefer-relative,transformed-marketshare,1,1,1,1,0,0,,1,1,1,1,0,0,21,,,,,,,,1,1,1,1,0,0,,
act_net_2.9Int_d133_m139,active mobility,The Netherlands,2.9,Interdependence with hardware,Number of bicycles,million,b7,0.049239,0.016526,0.34781,1998.8,89.248,31.855,5.2018,1928.3,-678.94,0.87013,0.84416,0.79224,0.66204,0.85896,0.84133,0.82561,0.71719,0.86573,0.84894,0.80556,0.69208,19,19,0.75026,0.55877,0.19149,23,0,18,0,0,0,0.94783,0,1,y,y,y,y,y,y,y,m,y,m,y,m,y,4,,"ok, use logfit",,0,,,1,1,,,,,,1,1,0,0,1,1,22,,,,,,,,1,1,0,0,1,1,,
act_net_4.1Sal_d213_m100,active mobility,The Netherlands,4.1,Knowledge Flows (social networks),annualised Google search frequency (index 100=monthly max.),Index 0-100,b7,3.0888,0.038312,1.8942,2011.4,1.4227,51.304,2.0799,1941.4,-3780.9,0.52841,0.44519,19.881,15.557,0.10943,0.010474,27.321,22.73,0.15696,0.063294,26.582,21.903,21,20,1.9492,0.061706,1.8875,21,8,17,1,1,1,0.93508,0,1,m,y,y,y,y,y,y,y,m,m,m,m,m,,,,,0,hide,original,1,1,0,0,0,0,,1,0,0,0,0,0,23,,check,,,,,,1,1,0,0,0,0,delete,
act_net_4.1Sal_d239_m153,active mobility,The Netherlands,4.1,Knowledge Flows (social networks),Partial up to max annualised Google search frequency (index 100=monthly max.),Partial up to max Index 0-100,b7,1.1394,0.28365,8.1967,2012.4,3.8569,96.414,0.010827,1983.4,-16442,0.96663,0.95551,6.5285,5.043,0.89473,0.87368,11.596,10.341,0.73634,0.68361,18.352,16.877,13,12,1.0372,0.032835,1.0044,13,0,9,0,1,1,0.80207,0,1,y,y,y,m,y,m,y,y,y,m,m,m,m,,,,,0,prefer,transformed-partial,1,1,0,0,1,1,,1,1,0,0,1,1,24,,,,,,,,1,1,0,0,1,1,,
aut_swi_1.1Adod_m_0,home energy automation,Switzerland,1.1,Adoption over Time,Annual revenue of smart thermostat market,Total revenue (million USD),aut,0.2657,0.13026,5.0345,2021.8,16.539,79.182,0.11653,1977.4,-10139,0.94624,0.90593,2.7414,2.0874,0.93479,0.9087,3.0195,2.122,0.95181,0.93253,2.5956,1.878,8,8,0.7186,0.24627,0.47233,8,0,7,0,0,0,0.84499,0,1,y,y,y,y,y,y,y,y,y,y,y,,,,,,,,,,,,,,,,,,,,,,,,,,,,,,,,,,,,,,
aut_swi_1.2Ford_m_0,home energy automation,Switzerland,1.2,Smart Homes with Smart Thermostats,Number of smart homes equipped with smart thermostats,Smart homes with smart thermostats (thousand users),aut,0.28472,0.18427,46.31,2024.6,15.434,826.83,0.00026408,1947.2,-93359,0.948,0.90901,25.186,21.964,0.94019,0.91627,27.013,21.261,0.92287,0.89201,30.676,26.43,8,8,0.50168,0.15118,0.3505,8,0,7,0,0,0,0.83051,0,0,y,y,y,y,y,y,y,y,y,y,y,,,,,,,,,,,,,,,,,,,,,,,,,,,,,,,,,,,,,,
aut_usa_1.1Adod_m_0,home energy automation,United States,1.1,Adoption over Time,Annual revenue of smart thermostat market,Total revenue (billion USD),aut,0.45571,0.092685,0.13571,2018,9.6431,1.8507,6.982,2038.4,-272.86,0.9707,0.9414,0.047917,0.040616,0.90751,0.86126,0.085138,0.074828,0.9401,0.91016,0.068512,0.061224,7,7,0.9726,0.4863,0.4863,7,0,6,0,0,0,0.8543,0,1,y,y,y,y,y,y,y,y,y,y,y,,,,,,,,,,,,,,,,,,,,,,,,,,,,,,,,,,,,,,
aut_usa_1.2Ford_m_0,home energy automation,United States,1.2,Smart Homes with Smart Thermostats,Number of smart homes equipped with smart thermostats,Smart homes with smart thermostats (million users),aut,0.16891,0.050086,0.86786,2016,26.017,24.731,2.765,1984.6,-1736.7,0.97353,0.94705,0.28688,0.26365,0.96203,0.94304,0.34356,0.30747,0.96916,0.95374,0.30962,0.28571,7,7,0.78445,0.59441,0.19005,7,0,6,0,0,0,0.85726,0,1,y,y,y,y,y,y,y,m,y,m,y,,,,,,,,,,,,,,,,,,,,,,,,,,,,,,,,,,,,,,
bal_ger_1.1Adod_m_0,balcony solar,Germany,1.1,Adoption over Time,Annual number of solar balcony (balcony power plant) installations registered in Germany,Number of installations (units),bal,4.9078,0.0083521,3283.9,2022.2,0.8954,2.9618e+05,325,1228.7,-6.3974e+06,0.25043,-1.9983,1.5633e+05,1.1478e+05,0.00041798,-0.99916,1.8052e+05,1.6729e+05,0.00066154,-0.99868,1.805e+05,1.6728e+05,5,5,1.5044,0.039243,1.4652,5,2,0,1,0,1,0.7299,0,0,n,n,y,y,m,m,y,y,m,n,n,,,,,,,,,,,,,,,,,,,,,,,,,,,,,,,,,,,,,,
bal_ger_1.2Ford_m_0,balcony solar,Germany,1.2,Cumulative Installed Capacity,Total installed power capacity of solar balcony systems registered in Germany,Total power capacity (MW),bal,3.394,0.061119,24.791,2022.7,1.2948,327.2,0.077351,1891.7,-49924,0.27592,-1.8963,175.82,134.36,0.01792,-0.96416,204.77,182.52,0.028789,-0.94242,203.63,178.07,5,5,1.6356,0.046374,1.5892,5,1,0,1,0,1,0.66103,0,0,n,n,y,y,m,m,m,y,m,n,n,,,,,,,,,,,,,,,,,,,,,,,,,,,,,,,,,,,,,,
bbd_bra_1.1Adod_m_0,mobile broadband,Brazil,1.1,Adoption over Time,aggregate of 2 time series: 3G coverage; 4G coverage,% of population covered by at least a {3G/4G} mobile network (%),bbd,0.73999,0.018969,1.7705,2008.6,5.9385,93.119,3.1993,1841.9,-3482.2,0.97142,0.96363,1.8734,1.6406,0.44485,0.35232,8.2568,6.9491,0.4765,0.38925,8.018,6.9569,15,15,1.0258,0.59064,0.43514,15,6,14,1,0,0,0.94743,0,1,y,y,y,y,y,y,y,y,y,y,y,,,,,,,,,,,,,,,,,,,,,,,,,,,,,,,,,,,,,,
bbd_ger_1.1Adod_m_0,mobile broadband,Germany,1.1,Adoption over Time,aggregate of 2 time series: 3G coverage; 4G coverage,% of population covered by at least a {3G/4G} mobile network (%),bbd,0.18981,0.013506,1.2888,2001.2,23.152,102.07,5.3991,1804.4,-2503.9,0.99455,0.99319,0.46164,0.34622,0.8859,0.86835,2.1123,1.7986,0.90255,0.88756,1.9521,1.6609,16,16,0.97931,0.78376,0.19555,16,0,15,0,0,0,0.94171,0,1,y,y,y,y,y,y,y,m,y,m,y,,,,,,,,,,,,,,,,,,,,,,,,,,,,,,,,,,,,,,
bbd_ita_1.1Adod_m_0,mobile broadband,Italy,1.1,Adoption over Time,aggregate of 2 time series: 3G coverage; 4G coverage,% of population covered by at least a {3G/4G} mobile network (%),bbd,0.67476,0.017708,1.7787,2007.5,6.5126,100.62,3.7602,1833.8,-3490.7,0.95513,0.94392,2.4937,1.6977,0.45493,0.37108,8.6918,7.1243,0.48505,0.40582,8.4483,7.0099,16,16,0.99387,0.6162,0.37767,16,8,15,1,0,0,0.95033,0,1,y,y,y,y,y,y,y,y,y,y,y,,,,,,,,,,,,,,,,,,,,,,,,,,,,,,,,,,,,,,
bbd_jap_1.1Adod_m_0,mobile broadband,Japan,1.1,Adoption over Time,aggregate of 2 time series: 3G coverage; 4G coverage,% of population covered by at least a {3G/4G} mobile network (%),bbd,-5.8298e-10,-1.4787e-10,0,1957.7,-7.5379e+09,199.8,99.9,1222.5,99.9,-5.0074e+13,-6.8851e+13,1.0056e-07,8.736e-08,-1.29e+13,-1.5767e+13,5.1041e-08,4.4317e-08,0,-0.22222,1.4211e-14,1.4211e-14,12,12,0.5,0.5,0,12,11,11,0,0,0,0.91667,0,1,n,y,y,y,y,y,y,m,m,n,m,,,,,,,,,,,,,,,,,,,,,,,,,,,,,,,,,,,,,,
bbd_ldc_1.1Adod_m_0,mobile broadband,LDCs,1.1,Adoption over Time,aggregate of 2 time series: 3G coverage; 4G coverage,% of population covered by at least a {3G/4G} mobile network (%),bbd,0.33094,0.041411,3.1055,2013.3,13.279,85.474,0.68199,1906.8,-6198.5,0.97466,0.96199,1.4821,1.343,0.89318,0.86266,3.0431,2.3274,0.91777,0.89428,2.6699,2.1044,10,10,0.99094,0.62241,0.36853,10,0,9,0,0,0,0.90613,0,1,y,y,y,y,y,y,y,y,y,y,y,,,,,,,,,,,,,,,,,,,,,,,,,,,,,,,,,,,,,,
bbd_net_1.1Adod_m_0,mobile broadband,Netherlands,1.1,Adoption over Time,aggregate of 2 time series: 3G coverage; 4G coverage,% of population covered by at least a {3G/4G} mobile network (%),bbd,0.67234,0.0032588,0.32353,2003.7,6.5361,99.132,26.587,1614.9,-553.97,0.96715,0.95957,0.45455,0.3025,0.39395,0.30738,1.9525,1.468,0.39934,0.31353,1.9438,1.4637,17,17,0.99867,0.90788,0.090788,17,13,16,1,0,0,0.94507,0,1,y,y,y,y,y,y,y,m,y,m,y,,,,,,,,,,,,,,,,,,,,,,,,,,,,,,,,,,,,,,
bbd_nig_1.1Adod_m_0,mobile broadband,Nigeria,1.1,Adoption over Time,aggregate of 2 time series: 3G coverage; 4G coverage,% of population covered by at least a {3G/4G} mobile network (%),bbd,0.56554,0.10965,7.5114,2015.5,7.7704,87.397,0.056228,1954.7,-15097,0.96325,0.9475,4.7803,4.2248,0.81255,0.76568,10.797,8.2521,0.90733,0.88416,7.5913,5.6294,11,11,1.0231,0.098859,0.92429,11,0,10,0,0,1,0.90178,0,1,y,y,y,y,y,y,y,y,y,y,y,,,,,,,,,,,,,,,,,,,,,,,,,,,,,,,,,,,,,,
bbd_por_1.1Adod_m_0,mobile broadband,Portugal,1.1,Adoption over Time,aggregate of 2 time series: 3G coverage; 4G coverage,% of population covered by at least a {3G/4G} mobile network (%),bbd,0.37805,0.013348,1.315,2005.8,11.624,100.72,5.5428,1803,-2555.7,0.95644,0.94456,1.4379,1.0912,0.65803,0.60104,4.0287,3.4249,0.68008,0.62676,3.8967,3.3084,15,15,0.99285,0.78435,0.2085,15,1,14,0,0,0,0.94038,0,1,y,y,y,y,y,y,y,y,y,y,y,,,,,,,,,,,,,,,,,,,,,,,,,,,,,,,,,,,,,,
bbd_sou_1.1Adod_m_0,mobile broadband,South Korea,1.1,Adoption over Time,aggregate of 2 time series: 3G coverage; 4G coverage,% of population covered by at least a {3G/4G} mobile network (%),bbd,0.00081512,0.00079893,0.079412,6798.1,5391.1,5005.2,56.034,1297.3,-60.591,0.75019,0.69254,0.22452,0.18682,0.7502,0.71451,0.22452,0.18682,0.75,0.71429,0.22461,0.18685,17,17,0.019959,0.019779,0.00017981,17,7,16,1,0,0,0.94114,0,1,y,y,y,y,y,y,y,m,y,m,y,,,,,,,,,,,,,,,,,,,,,,,,,,,,,,,,,,,,,,
bbd_swe_1.1Adod_m_0,mobile broadband,Sweden,1.1,Adoption over Time,aggregate of 2 time series: 3G coverage; 4G coverage,% of population covered by at least a {3G/4G} mobile network (%),bbd,0.39388,0.00052056,0.052059,1995.9,11.157,100.04,66.503,1234.9,-5.0797,0.80557,0.76071,0.16716,0.10846,0.45173,0.37341,0.2807,0.23767,0.45258,0.37438,0.28049,0.23754,17,17,0.99957,0.98957,0.0099957,17,7,16,1,0,0,0.94155,0,1,y,y,y,y,y,y,y,m,y,m,y,,,,,,,,,,,,,,,,,,,,,,,,,,,,,,,,,,,,,,
bbd_uki_1.1Adod_m_0,mobile broadband,United Kingdom,1.1,Adoption over Time,aggregate of 2 time series: 3G coverage; 4G coverage,% of population covered by at least a {3G/4G} mobile network (%),bbd,0.5375,0.0045268,0.45132,2004,8.1757,99.894,22.521,1690.1,-811.36,0.96704,0.9588,0.51789,0.31657,0.52439,0.45122,1.9672,1.5787,0.53198,0.45998,1.9514,1.5701,16,16,1.0001,0.90096,0.099105,16,3,15,1,0,0,0.94146,0,1,y,y,y,y,y,y,y,m,y,m,y,,,,,,,,,,,,,,,,,,,,,,,,,,,,,,,,,,,,,,
bbd_usa_1.1Adod_m_0,mobile broadband,United States,1.1,Adoption over Time,aggregate of 2 time series: 3G coverage; 4G coverage,% of population covered by at least a {3G/4G} mobile network (%),bbd,1.0362,0.005689,0.5695,2005.5,4.2411,99.789,15.179,1687.5,-1049.7,0.9947,0.99338,0.33044,0.23631,0.3758,0.27977,3.5865,2.5562,0.38461,0.28993,3.5612,2.5518,16,16,1.0011,0.82173,0.17938,17,8,15,1,0,0,0.94542,0,1,y,y,y,y,y,y,y,m,y,m,y,,,,,,,,,,,,,,,,,,,,,,,,,,,,,,,,,,,,,,
cca_usa_1.1Adod_m_0,community choice aggregation,United States,1.1,Adoption over Time,Annual voluntary green power sales through Community Choice Aggregation programs in the United States,Voluntary green power sales (million MWh),cca,0.26659,0.14495,1.0789,2017.4,16.484,17.78,9.375,2018.3,-2167.6,0.77761,0.69422,1.9512,1.6817,0.76128,0.70823,2.0216,1.7836,0.81035,0.76821,1.8018,1.5177,12,12,0.73115,0.00011248,0.73104,12,1,11,0,0,1,0.86126,0,1,y,y,y,y,y,y,y,y,y,y,y,,,,,,,,,,,,,,,,,,,,,,,,,,,,,,,,,,,,,,
cca_usa_1.2Ford_m_0,community choice aggregation,United States,1.2,CCA Participants,Annual number of customer participants in Community Choice Aggregation programs in the United States,Number of CCA customers (participants),cca,0.36018,0.1977,4.5341e+05,2018.2,12.201,6.787e+06,2.772e-11,1819.7,-9.1164e+08,0.93315,0.90808,4.2071e+05,3.5763e+05,0.90717,0.88654,4.9575e+05,4.2126e+05,0.92535,0.90876,4.4456e+05,3.6451e+05,12,12,0.70193,5.8936e-05,0.70187,12,0,11,0,0,1,0.842,0,0,y,y,y,y,y,y,y,y,y,y,y,,,,,,,,,,,,,,,,,,,,,,,,,,,,,,,,,,,,,,
clo_bra_1.1Adod_m_0,cloud computing & SaaS,Brazil,1.1,Adoption over Time,International bandwith usage (Mb/s/cap) NORMALISED to sample MAX=1),Mb/s/cap NORMALISED TO SAMPLE MAX,clo,1.9944,0.17283,0.0026561,2010.2,2.2034,0.039962,1.3067e-11,1888.9,-5.3165,0.88512,0.86358,0.0063365,0.0039382,0.76498,0.73733,0.0090632,0.0058674,0.71332,0.67959,0.01001,0.0077996,20,20,1.4184,7.6572e-07,1.4184,22,5,19,1,0,1,0.80247,1,1,y,y,y,y,y,y,y,y,y,y,y,,,,,,,,,,,,,,,,,,,,,,,,,,,,,,,,,,,,,,
clo_ger_1.1Adod_m_0,cloud computing & SaaS,Germany,1.1,Adoption over Time,International bandwith usage (Mb/s/cap) NORMALISED to sample MAX=1),Mb/s/cap NORMALISED TO SAMPLE MAX,clo,0.61751,0.0016459,0.0069056,2006.6,7.1164,0.098355,1555,1.5748e+05,-13.81,0.93957,0.92748,0.0098996,0.0072244,-1.9703,-2.3416,0.069403,0.056525,0.88221,0.86748,0.013821,0.011705,19,19,1.1642,0.0037024,1.1605,19,5,18,1,0,1,0.90758,1,1,y,y,y,y,y,y,y,y,y,y,y,,,,,,,,,,,,,,,,,,,,,,,,,,,,,,,,,,,,,,
clo_ita_1.1Adod_m_0,cloud computing & SaaS,Italy,1.1,Adoption over Time,International bandwith usage (Mb/s/cap) NORMALISED to sample MAX=1),Mb/s/cap NORMALISED TO SAMPLE MAX,clo,1.3041,0.0013797,0.0040625,2007.5,3.3698,0.06007,1555.1,1.5747e+05,-8.1249,0.7103,0.65236,0.016782,0.011716,-1.0948,-1.3567,0.045127,0.032624,0.50932,0.44798,0.02184,0.015803,19,19,1.7281,0.0016348,1.7265,19,5,18,1,0,1,0.86389,1,1,y,y,y,y,y,y,y,y,y,y,y,,,,,,,,,,,,,,,,,,,,,,,,,,,,,,,,,,,,,,
clo_jap_1.1Adod_m_0,cloud computing & SaaS,Japan,1.1,Adoption over Time,International bandwith usage (Mb/s/cap) NORMALISED to sample MAX=1),Mb/s/cap NORMALISED TO SAMPLE MAX,clo,0.39612,0.21219,0.0021174,2013.9,11.094,0.076103,4.9383,2037.4,-4.2326,0.99495,0.99422,0.0012856,0.00084292,0.97573,0.97353,0.0028169,0.0020621,0.71297,0.68688,0.0096877,0.0082497,25,25,0.75377,5.7291e-07,0.75377,25,0,24,0,0,1,0.84954,1,1,y,y,y,y,y,y,y,y,y,y,y,,,,,,,,,,,,,,,,,,,,,,,,,,,,,,,,,,,,,,
clo_net_1.1Adod_m_0,cloud computing & SaaS,Netherlands,1.1,Adoption over Time,International bandwith usage (Mb/s/cap) NORMALISED to sample MAX=1),Mb/s/cap NORMALISED TO SAMPLE MAX,clo,1.3792,0.0028457,0.019785,2006.4,3.1863,0.30444,1554.7,1.5751e+05,-39.544,0.85065,0.82078,0.053489,0.041934,-1.7961,-2.1456,0.23144,0.18549,0.61304,0.56467,0.086098,0.073853,19,19,1.4642,0.005632,1.4586,19,5,18,1,0,1,0.91906,1,1,y,y,y,y,y,y,y,y,y,y,y,,,,,,,,,,,,,,,,,,,,,,,,,,,,,,,,,,,,,,
clo_nig_1.1Adod_m_0,cloud computing & SaaS,Nigeria,1.1,Adoption over Time,International bandwith usage (Mb/s/cap) NORMALISED to sample MAX=1),Mb/s/cap NORMALISED TO SAMPLE MAX,clo,0.29906,0.0010378,0.00040361,2024.4,14.694,0.030485,1555.2,1.5747e+05,-0.80934,0.96074,0.95485,0.00067617,0.00051573,-0.54078,-0.68752,0.0042357,0.0025094,0.67033,0.63893,0.0019593,0.0015328,24,24,0.40051,1.3056e-06,0.40051,24,0,23,0,0,1,0.79411,1,1,y,y,y,y,y,y,y,y,y,y,y,,,,,,,,,,,,,,,,,,,,,,,,,,,,,,,,,,,,,,
clo_por_1.1Adod_m_0,cloud computing & SaaS,Portugal,1.1,Adoption over Time,International bandwith usage (Mb/s/cap) NORMALISED to sample MAX=1),Mb/s/cap NORMALISED TO SAMPLE MAX,clo,0.25177,0.25175,0.014308,2058.1,17.455,3370.7,2.3703,2029.3,-28.672,0.98571,0.98303,0.016662,0.010982,0.98571,0.98402,0.016662,0.010982,0.67658,0.63854,0.079256,0.064453,20,20,0.00014222,6.2302e-09,0.00014222,25,0,19,0,0,1,0.78171,1,1,y,y,y,y,y,y,y,m,y,m,y,,,,,,,,,,,,,,,,,,,,,,,,,,,,,,,,,,,,,,
clo_sou_1.1Adod_m_0,cloud computing & SaaS,South Korea,1.1,Adoption over Time,International bandwith usage (Mb/s/cap) NORMALISED to sample MAX=1),Mb/s/cap NORMALISED TO SAMPLE MAX,clo,0.30679,0.25105,0.0078875,2019.9,14.324,0.57521,1.2128,2024.9,-15.792,0.99429,0.99333,0.0044782,0.0031474,0.99224,0.99142,0.0052185,0.0040932,0.71356,0.68341,0.031705,0.025503,22,22,0.36712,2.1905e-05,0.3671,22,0,21,0,0,1,0.78174,1,1,y,y,y,y,y,y,y,y,y,y,y,,,,,,,,,,,,,,,,,,,,,,,,,,,,,,,,,,,,,,
clo_swe_1.1Adod_m_0,cloud computing & SaaS,Sweden,1.1,Adoption over Time,International bandwith usage (Mb/s/cap) NORMALISED to sample MAX=1),Mb/s/cap NORMALISED TO SAMPLE MAX,clo,1.5981,0.0026231,0.017463,2007.1,2.7498,0.31916,1554.8,1.575e+05,-34.881,0.40857,0.29029,0.16418,0.11129,-0.74598,-0.96423,0.28209,0.18439,0.20074,0.10083,0.19086,0.14314,19,19,2.4818,0.0039013,2.4779,19,5,18,1,0,1,0.79148,1,1,m,y,y,y,m,m,y,y,m,m,m,,,,,,,,,,,,,,,,,,,,,,,,,,,,,,,,,,,,,,
clo_uki_1.1Adod_m_0,cloud computing & SaaS,United Kingdom,1.1,Adoption over Time,International bandwith usage (Mb/s/cap) NORMALISED to sample MAX=1),Mb/s/cap NORMALISED TO SAMPLE MAX,clo,0.57069,0.18184,0.060483,2011.5,7.7002,1.0181,5.9425,2026,-121.11,0.99274,0.99118,0.031043,0.023095,0.92639,0.91657,0.098843,0.083777,0.85829,0.8394,0.13714,0.12503,18,18,0.98219,0.0007694,0.98143,19,0,17,0,0,1,0.87616,1,1,y,y,y,y,y,y,y,y,y,y,y,,,,,,,,,,,,,,,,,,,,,,,,,,,,,,,,,,,,,,
clo_usa_1.1Adod_m_0,cloud computing & SaaS,United States,1.1,Adoption over Time,International bandwith usage (Mb/s/cap) NORMALISED to sample MAX=1),Mb/s/cap NORMALISED TO SAMPLE MAX,clo,0.33425,0.19007,0.012927,2013.8,13.147,0.31061,0.54326,2021,-25.885,0.99864,0.99837,0.0027792,0.0023553,0.97804,0.9753,0.011175,0.01012,0.88142,0.8666,0.025968,0.022808,19,19,0.74536,0.00079495,0.74457,19,0,18,0,0,1,0.85879,1,1,y,y,y,y,y,y,y,y,y,y,y,,,,,,,,,,,,,,,,,,,,,,,,,,,,,,,,,,,,,,
coh_den_1.1Ado_d335_m185,co-housing,Denmark,1.1,Adoption over time,share of population living in co-housing projects,market share,b11,0.25975,0.031685,1.0356e-05,1984.1,16.918,0.00040635,8.7413,2323.5,-0.020368,0.99084,0.98534,1.5268e-05,1.3089e-05,0.72318,0.6309,8.3926e-05,7.4573e-05,0.87158,0.82878,5.7162e-05,5.1552e-05,9,9,1.0464,0.032731,1.0137,45,1,8,1,0,1,0.86448,1,1,y,y,y,y,y,y,y,y,y,y,y,y,y,,,,,0,prefer-relative,transformed-marketshare,1,1,1,1,0,0,,1,1,1,1,0,0,75,,,,,,,,1,1,1,1,0,0,,
coh_den_4.1Sal_d213_m100,co-housing,Denmark,4.1,Knowledge Flows (social networks),annualised Google search frequency (index 100=monthly max.),Index 0-100,b11,6.5072,-0.25295,-1.3766,2028.4,0.67532,0.71605,10.272,2008.8,2779.4,-0.098235,-0.29204,23.087,6.9048,0.20154,0.11282,19.685,10.513,0.14318,0.047973,20.392,11.958,21,3,139.65,18.155,121.5,10,9,0,0,0,1,0,0,1,n,n,y,m,m,m,m,y,m,n,n,n,n,,,,too few,0,hide,original,0,0,0,0,0,0,,0,1,0,0,0,0,76,,check,,,,,,0,1,0,0,0,0,delete,
coh_den_4.1Sal_d239_m153,co-housing,Denmark,4.1,Knowledge Flows (social networks),Partial up to max annualised Google search frequency (index 100=monthly max.),Partial up to max Index 0-100,b11,,,100,,,,,,-2.004e+05,,,,,,,,,1,1,0,0,2,1,,,,1,0,0,0,0,,,0,1,n,n,y,m,m,m,m,m,y,n,n,n,n,,,,too few,0,prefer,transformed-partial,0,0,0,0,1,1,,0,0,0,0,1,1,77,,,,,,,,0,0,0,0,1,1,,
coh_ger_1.1Ado_d335_m185,co-housing,Germany,1.1,Adoption over time,share of population living in co-housing projects,market share,b11,0.19792,0.020323,2.5134e-06,1994.9,22.203,8.557e-05,1.8939,6394.1,-0.0049689,0.99973,-inf,4.7774e-07,3.3229e-07,-1.288,-5.8641,4.3723e-05,3.2805e-05,0.94511,0.83532,6.7723e-06,6.105e-06,4,4,0.87998,0.029449,0.85053,31,0,3,0,0,1,0.48639,1,1,y,m,y,m,y,m,m,y,y,m,m,m,m,,,,,0,prefer-relative,transformed-marketshare,1,1,0,1,0,0,,1,1,0,1,0,0,79,,,,,,,,1,1,0,1,0,0,,
coh_ger_4.1Sal_d213_m100,co-housing,Germany,4.1,Knowledge Flows (social networks),annualised Google search frequency (index 100=monthly max.),Index 0-100,b11,8.4815,0.081367,3.1097,2015.8,0.51812,60.75,0.6822,1968.5,-6233.1,0.56835,0.49218,21.829,13.407,0.26817,0.18686,28.423,24.248,0.32122,0.2458,27.373,22.15,21,13,1.6461,0.13169,1.5144,20,4,13,1,1,1,0.85774,0,1,m,y,y,m,m,m,y,y,y,m,m,m,m,,,,,0,hide,original,1,1,0,0,0,0,,0,1,0,0,0,0,80,check,,,,,,,1,1,0,0,0,0,delete,
coh_ger_4.1Sal_d239_m153,co-housing,Germany,4.1,Knowledge Flows (social networks),Partial up to max annualised Google search frequency (index 100=monthly max.),Partial up to max Index 0-100,b11,0.77819,0.27791,5.2206,2016.8,5.647,110.18,0.028987,1990.2,-10476,0.84239,0.80602,14.005,7.0254,0.80701,0.77943,15.498,10.367,0.52561,0.45784,24.298,19.026,17,9,0.9076,0.072608,0.83499,16,0,9,0,1,1,0.72215,0,1,y,y,y,m,m,m,y,y,y,m,m,m,m,,,,,0,prefer,transformed-partial,1,1,0,0,0,1,,1,1,0,0,0,1,81,,,,,,,,1,1,0,0,0,1,,
coh_glo_3.3Sci_d235_m020,co-housing,Global,3.3,Risk & Uncertainty (Shared Expectations),scientific publications,# publications,b11,0.27252,0.11544,1.9577,2017.1,16.125,163.28,0.51405,1974.4,-3883.9,0.93237,0.92839,10.683,6.5047,0.90593,0.90231,12.599,6.3894,0.57237,0.55592,26.862,21.259,55,45,0.98606,0.0061246,0.97994,48,4,46,0,0,1,0.92044,0,0,y,y,y,y,y,y,y,y,y,y,y,y,y,,,,"good; only available global, apply to all EA regions",0,,,1,1,0,0,1,1,,1,1,0,0,1,1,82,,,,,,,,1,1,0,0,1,1,,
coh_swi_4.1Sal_d213_m100,co-housing,Switzerland,4.1,Knowledge Flows (social networks),annualised Google search frequency (index 100=monthly max.),Index 0-100,b11,0.041952,0.041933,0.3,2190.2,104.75,11883,6.7197,2012,-596.63,0.0057694,-0.16968,24.109,13.495,0.0057701,-0.1047,24.109,13.495,0.0056446,-0.10484,24.111,13.529,21,2,0.0084151,0.0049649,0.0034502,13,12,0,0,0,1,0,0,1,n,m,m,m,m,m,m,m,m,n,m,n,m,,,,too few,0,hide,original,0,0,0,0,0,0,,0,0,0,0,0,0,83,,,,,,,,0,0,0,0,0,0,delete,
coh_swi_4.1Sal_d239_m153,co-housing,Switzerland,4.1,Knowledge Flows (social networks),Partial up to max annualised Google search frequency (index 100=monthly max.),Partial up to max Index 0-100,b11,22.563,,8.3333,2011,0.19477,276.15,,,-16717,1,1,1.1702e-08,5.8378e-09,,,,,0.33333,0.066667,27.003,20.833,8,1,0.36213,0.36213,0,1,0,0,0,0,,,0,1,y,n,y,m,m,m,m,m,y,n,n,n,n,,,,too few,0,prefer,transformed-partial,0,0,0,0,0,1,,0,0,0,0,0,1,84,,,,,,,,0,0,0,0,0,1,,
coh_usa_1.1Ado_d335_m185,co-housing,US,1.1,Adoption over time,share of population living in co-housing projects,market share,b11,0.49348,0.20518,7.6945e-07,1996,8.905,1.1711e-05,431.57,2085.1,-0.0015297,0.99943,0.999,8.9051e-08,6.1106e-08,0.95499,0.93698,7.8856e-07,7.1102e-07,0.90001,0.86001,1.1753e-06,1.0541e-06,8,8,0.87948,0.018785,0.8607,15,0,7,0,0,1,0.71925,1,1,y,y,y,y,y,y,y,y,y,y,y,m,y,,,,,0,prefer-relative,transformed-marketshare,1,1,0,1,0,0,,1,1,0,1,0,0,86,,,,,,,,1,1,0,1,0,0,,
coh_usa_4.1Sal_d213_m100,co-housing,US,4.1,Knowledge Flows (social networks),annualised Google search frequency (index 100=monthly max.),Index 0-100,b11,-0.33502,-0.18979,-4.687,2006.7,-13.117,148.14,44.566,2008.9,9469.7,0.97488,0.97045,5.1376,4.3268,0.96038,0.95597,6.453,4.7975,0.76644,0.74048,15.667,13.556,21,20,0.67501,0.014553,0.66046,21,20,4,0,1,1,0.86068,0,1,y,y,y,m,m,m,y,y,y,m,m,m,m,,,,downward,0,hide,original,1,1,0,0,0,0,,1,1,0,0,0,0,87,,,,,,,,1,1,0,0,0,0,delete,
coh_usa_4.1Sal_d239_m153,co-housing,US,4.1,Knowledge Flows (social networks),Partial up to max annualised Google search frequency (index 100=monthly max.),Partial up to max Index 0-100,b11,,,,,,,,,,,,,,,,,,,,,,1,1,,,,1,0,0,0,0,,,0,1,n,n,y,m,m,m,m,m,m,n,n,n,n,,,,downward,0,prefer,transformed-partial,0,0,0,0,0,1,,0,0,0,0,0,1,88,,,,,,,,0,0,0,0,0,1,,
cro_ber_1.1Ado_d358_m185,car ownership (foregoing),Berlin,1.1,Adaption over time,cars per person PARTIAL FROM MAX ONWARDS,market share,cro,-0.018437,-0.0020501,-0.00068571,2131.6,-238.34,0.37651,0.96306,1503.1,1.7189,0.52155,0.36206,0.0024402,0.0021041,0.52997,0.43597,0.0024186,0.0020733,0.52894,0.43472,0.0024213,0.0020774,13,13,0.90701,0.87355,0.033465,13,12,0,0,0,0,0.923,1,1,m,y,y,y,y,y,y,m,y,m,y,,,,,,,,,,,,,,,,,,,,,,,,,,,,,,,,,,,,,,
cro_ber_4.1Sal_d213_m100,car ownership (foregoing),Berlin,4.1,Knowledge Flows (social networks),annualised Google search frequency (index 100=monthly max.),Index 0-100,cro,43.233,0.20584,1.8826,2021.2,0.10165,52.773,6.3879,2014.8,-3781.5,0.54289,0.46222,15.851,6.9326,0.29096,0.21217,19.741,11.95,0.23644,0.15159,20.486,13.69,21,5,1.8949,0.2219,1.673,11,2,0,1,0,1,0.38198,0,1,m,m,y,m,m,m,m,y,m,m,m,m,m,,,,,0,hide,original,1,1,0,0,0,0,,0,1,0,0,0,0,92,check,,,,,,,1,1,0,0,0,0,delete,
cro_ber_4.1Sal_d239_m153,car ownership (foregoing),Berlin,4.1,Knowledge Flows (social networks),Partial up to max annualised Google search frequency (index 100=monthly max.),Partial up to max Index 0-100,cro,20.85,8.2316,1.8669,2022,0.21076,251.01,0.0022619,2020.7,-3750.1,0.86941,0.84329,8.3399,2.6912,0.86941,0.85308,8.3399,2.6925,0.19632,0.095855,20.689,13.14,19,3,0.39839,0.091156,0.30723,9,0,8,0,0,1,0,0,1,y,n,y,m,m,m,m,y,m,n,n,n,n,,,,,0,prefer,transformed-partial,1,1,0,0,0,1,,1,1,0,0,0,1,93,,,,,,,,1,1,0,0,0,1,,
cro_glo_3.3Sci_d235_m020,car ownership (foregoing),Global,3.3,Risk & Uncertainty (Shared Expectations),scientific publications,# publications,cro,0.24766,0.039326,0.29062,2020.9,17.744,36.793,-3.7042,4342.6,-576.82,0.91648,0.91157,1.8905,1.0692,-0.29374,-0.3435,7.4407,3.5455,0.49737,0.47803,4.6378,3.463,55,28,0.67947,0.027179,0.65229,33,3,32,0,0,1,0.83514,0,1,y,y,y,m,y,m,y,y,y,m,m,m,m,,,,"good; only available global, apply to all EA regions",0,,,1,1,0,0,1,1,,1,1,0,0,1,1,94,,,,,,,,1,1,0,0,1,1,,
cro_ham_1.1Ado_d330_m185,car ownership (foregoing),Hamburg,1.1,Adaption over time,cars per person,market share,cro,0.21243,0.0011445,0.0019703,1996.9,20.686,0.43474,1555.5,1.5747e+05,-3.5491,0.84235,0.80597,0.0046163,0.0038976,-1324.4,-1513.7,0.42327,0.42311,0.68928,0.64489,0.0064809,0.0055996,17,17,1.0098,0.92353,0.086258,17,2,15,1,0,0,0.94355,1,1,y,y,y,y,y,y,y,m,y,m,y,n,y,,,,*needs sign reversal * negative slope = LED innovation,0,prefer-relative,transformed-marketshare,0,1,0,1,0,0,,1,1,0,1,0,0,96,check,,,,,,,1,1,0,1,0,0,,
cro_ham_4.1Sal_d213_m100,car ownership (foregoing),Hamburg,4.1,Knowledge Flows (social networks),annualised Google search frequency (index 100=monthly max.),Index 0-100,cro,-11.704,0.033048,0.29988,2009.5,-0.37546,-1.8157e-08,9.3491,2030.9,-598.58,-0.06369,-0.2514,22.008,5.3853,0.0043374,-0.10629,21.293,9.6076,0.0072415,-0.10307,21.262,9.4306,21,2,-5.5075e+09,-7.2098e+08,-4.7865e+09,10,9,0,0,0,1,0,0,1,n,n,m,m,m,m,m,m,m,n,n,n,n,,,,too few,0,hide,original,0,0,0,0,0,0,,0,0,0,0,0,0,97,,,,,,,,0,0,0,0,0,0,delete,
cro_ham_4.1Sal_d239_m153,car ownership (foregoing),Hamburg,4.1,Knowledge Flows (social networks),Partial up to max annualised Google search frequency (index 100=monthly max.),Partial up to max Index 0-100,cro,17.685,,3.8462,2015,0.24848,328.08,,,-7720.5,1,1,8.6688e-07,2.5855e-07,,,,,0.23077,0.059829,24.241,16.453,12,1,0.3048,0.3048,0,1,0,0,0,0,,,0,1,y,n,m,m,m,m,m,m,m,n,n,n,n,,,,too few,0,prefer,transformed-partial,0,0,0,0,0,1,,0,0,0,0,0,1,98,,,,,,,,0,0,0,0,0,1,,
cro_hei_1.1Ado_d330_m185,car ownership (foregoing),Heidelberg,1.1,Adaption over time,cars per person,market share,cro,-0.010707,-0.0063893,-0.0025196,1973.3,-410.42,0.9841,0.0038551,2735.1,5.4613,0.70671,0.67287,0.014359,0.012299,0.71221,0.69089,0.014224,0.012267,0.70349,0.68152,0.014438,0.012341,30,30,0.44203,0.37598,0.06605,32,28,7,0,1,0,0.96526,1,1,y,y,y,y,y,y,y,m,y,m,y,,,,,,,,,,,,,,,,,,,,,,,,,,,,,,,,,,,,,,
crs_ger_1.1Ado_d340_m185,car sharing,Germany,1.1,Adoption over time,share of drivers who car share,market share,m9,0.2644,0.18882,0.0015878,2022.2,16.621,0.089086,7.1069,2049,-3.1807,0.98312,0.98091,0.0018867,0.0013394,0.97785,0.976,0.002161,0.001641,0.72543,0.70255,0.0076084,0.0062218,27,27,0.59383,0.0025886,0.59124,27,0,26,0,0,0,0.82154,1,1,y,y,y,y,y,y,y,y,y,y,y,y,y,,,,,0,prefer-relative,transformed-marketshare,1,1,1,1,0,0,,1,1,1,1,0,0,101,,,,,,,,1,1,1,1,0,0,,
crs_ger_2.5Var_d216_m012,car sharing,Germany,2.5,Choice availability,free-floating cars - registered drivers,# drivers,m9,0.21399,0.21398,3.2369e+05,2073.3,20.536,1.6729e+11,5.4628e-12,1831.3,-6.5158e+08,0.96965,0.95953,2.2165e+05,1.8919e+05,0.96965,0.96358,2.2165e+05,1.8919e+05,0.90616,0.88739,3.8976e+05,2.8775e+05,13,13,2.6933e-05,2.2118e-07,2.6712e-05,13,0,12,0,0,1,0.79141,0,0,y,y,y,y,y,y,y,m,y,m,y,m,y,1,,,,0,,,,1,,,,,,1,1,0,0,0,0,102,,,,,,,,1,1,0,0,0,0,delete,
crs_ger_2.5Var_d217_m025,car sharing,Germany,2.5,Choice availability,free-floating cars - registered vehicles,# vehicles,m9,0.1774,0.1774,1598.6,2091,24.771,3.4949e+09,1.5707e-07,1878.8,-3.2156e+06,0.95201,0.93601,1424.3,1309.1,0.95201,0.94241,1424.2,1309.1,0.84641,0.81569,2547.9,1923.9,13,13,7.5396e-06,3.7197e-07,7.1676e-06,13,0,12,0,0,1,0.7929,0,0,y,y,y,y,y,y,y,m,y,m,y,m,y,1,,,,0,,,,1,,,,,,1,1,0,0,0,0,103,,,,,,,,1,1,0,0,0,0,delete,
crs_ger_2.5Var_d218_m092,car sharing,Germany,2.5,Choice availability,free-floating cars as % of all shared cars,% vehicles,m9,2.3639,0.11309,0.025934,2012.2,1.859,0.47376,2.4011,2034.9,-51.933,0.96928,0.96544,0.040667,0.023258,0.80496,0.78935,0.10247,0.084869,0.81521,0.80043,0.099738,0.080944,28,13,1.2902,0.38648,0.90368,13,0,12,0,0,1,0.91266,1,1,y,y,y,y,y,y,y,y,y,y,y,y,y,1,,,,0,,,1,1,,,,,,1,1,0,0,1,1,104,,,,,,,,1,1,0,0,1,1,,
crs_ger_2.5Var_d237_m012,car sharing,Germany,2.5,Choice availability,station-based or combined - registered drivers,# drivers,m9,0.1802,0.12298,34099,2022.1,24.387,1.6793e+06,1.4111e-06,1801.7,-6.8249e+07,0.99698,0.9966,16241,11892,0.98846,0.98754,31729,26770,0.86946,0.85901,1.0673e+05,94183,28,28,0.59575,0.011314,0.58443,28,0,27,0,0,0,0.89494,0,0,y,y,y,y,y,y,y,y,y,y,y,y,y,1,,,,0,,,1,1,,,,,,1,1,0,0,0,0,105,,,,,,,,1,1,0,0,0,0,delete,
crs_ger_2.5Var_d238_m025,car sharing,Germany,2.5,Choice availability,station-based or combined - registered vehicles,# vehicles,m9,0.13982,0.092324,574.33,2021.1,31.428,27468,0.00036348,1832.3,-1.1482e+06,0.99519,0.99459,334.41,282.16,0.98509,0.9839,588.97,511.95,0.92514,0.91915,1319.7,1138.2,28,28,0.61017,0.040047,0.57013,28,0,27,0,0,0,0.91945,0,0,y,y,y,y,y,y,y,y,y,y,y,y,y,1,,,,0,,,1,1,,,,,,1,1,0,0,0,0,106,,,,,,,,1,1,0,0,0,0,delete,
crs_ger_2.9Int_d236_m025,car sharing,Germany,2.9,Interdependence with Hardware,shared vehicles,# vehicles,m9,0.14721,0.13432,1286,2034.2,29.852,2.232e+05,9.1135e-06,1858.5,-2.5741e+06,0.98412,0.98214,1444.1,1158.1,0.9837,0.98239,1463.4,1165.7,0.82147,0.80718,4842.6,3952.2,28,28,0.19314,0.0049282,0.18821,28,0,27,0,0,0,0.85959,0,0,y,y,y,y,y,y,y,m,y,m,y,m,y,1,,,,0,,,,1,,,,,,1,1,0,0,1,1,107,,,,,,,,1,1,0,0,1,1,,
crs_ger_3.5Mar_d074_m128,car sharing,Germany,3.5,Market Formation,CumulativeStartups,cum. # companies,m9,0.23975,0.10588,0.51225,2015.7,18.329,27.299,10.078,2014.4,-1019.8,0.98962,0.98886,0.78556,0.55153,0.95741,0.95538,1.5911,1.1577,0.74459,0.73243,3.8963,3.4729,45,28,0.84251,0.036631,0.80588,28,2,27,0,0,0,0.92947,0,1,y,y,y,y,y,y,y,y,y,y,y,y,y,,,,,0,prefer,original,1,1,0,0,1,1,,1,1,0,0,1,1,108,,,,,,,,1,1,0,0,1,1,,
crs_ger_3.5Mar_d126_m008,car sharing,Germany,3.5,Market Formation,NewStartups,# companies,m9,34.46,0.054056,0.035705,2007.3,0.12752,1.2353,0.22502,1989.7,-70.97,0.31353,0.2633,0.83078,0.42615,0.18429,0.14545,0.90561,0.59713,0.21386,0.17643,0.88905,0.57887,45,13,4.0476,0.80952,3.2381,26,6,25,1,0,1,0.40351,0,1,m,y,y,m,m,m,m,y,m,m,m,m,m,,,,noisy,0,hide,original,0,1,0,0,0,0,,0,0,0,0,0,0,109,,check,,,,,,0,1,0,0,0,0,delete,
crs_ger_3.5Mar_d171_m011,car sharing,Germany,3.5,Market Formation,PrivateEquityDeals,# deals,m9,0.62558,0.007646,0.070224,2014.7,7.0246,3.1875,1553.7,1.576e+05,-139.88,0.71447,0.69357,0.73545,0.34652,-0.26694,-0.32728,1.5492,0.71111,0.43908,0.41237,1.0308,0.80585,45,12,1.5686,0.31372,1.2549,13,2,12,1,0,1,0.82407,0,1,y,y,y,m,y,m,y,y,y,m,m,m,m,,,,,0,hide,original,1,1,0,0,0,0,,1,1,0,0,0,0,110,,,,,,,,1,1,0,0,0,0,delete,
crs_ger_3.5Mar_d175_m027,car sharing,Germany,3.5,Market Formation,PrivateEquityInvestment,$ million,m9,2.9424,0.16694,1.4549,2019.5,1.4935,108.36,1.938,2000.1,-2899.8,0.66154,0.63677,23.223,6.3206,0.43417,0.40722,30.026,12.79,0.22406,0.18711,35.162,21.702,45,10,1.9904,0.022675,1.9678,12,2,8,1,1,1,0.70249,0,0,m,y,y,m,y,m,y,y,m,m,m,m,m,,,,,0,hide,original,1,1,0,0,0,0,,1,1,0,0,0,0,111,,,,,,,,1,1,0,0,0,0,delete,
crs_ger_3.5Mar_d200_m027,car sharing,Germany,3.5,Market Formation,TotalFundraisingAmount,$ million,m9,22.652,0.18962,9.2407,2020.1,0.194,824.44,5.2677e-05,1937.3,-18420,0.46344,0.42418,250.29,68.826,0.26397,0.22892,293.15,95.273,0.12336,0.081614,319.92,142.01,45,12,2.7343,0.0014463,2.7329,13,3,7,1,1,1,0.18926,0,0,m,y,y,m,m,m,m,y,m,m,m,m,m,,,,,0,hide,original,1,1,0,0,0,0,,0,1,0,0,0,0,112,check,,,,,,,1,1,0,0,0,0,delete,
crs_ger_3.5Mar_d204_m011,car sharing,Germany,3.5,Market Formation,TotalFundraisingDeals,# deals,m9,0.82347,0.012735,0.12398,2015.6,5.3365,5.9551,1552.6,1.577e+05,-246.89,0.79481,0.7798,1.0626,0.533,-0.31237,-0.37486,2.6874,1.3111,0.4711,0.44591,1.7061,1.2644,45,17,1.6792,0.16792,1.5113,39,3,38,0,0,1,0.82769,0,1,y,y,y,m,m,m,y,y,y,m,m,m,m,,,,,0,hide,original,1,1,0,0,0,0,,1,1,0,0,0,0,113,,,,,,,,1,1,0,0,0,0,delete,
crs_ger_3.5Mar_d242_m156,car sharing,Germany,3.5,Market Formation,cumulative CumulativeStartups,cumulative cum. # companies,m9,0.18789,0.13796,4.3711,2023.9,23.388,512.33,0.058691,1962.8,-8705.6,0.99955,0.99952,1.4778,1.1491,0.99504,0.9948,4.9191,3.9433,0.66069,0.64453,40.683,33.7,45,28,0.50358,0.0019519,0.50163,28,0,27,0,0,1,0.88686,0,0,y,y,y,y,y,y,y,y,y,y,y,y,y,,,,,1,delete,transformed-cumx2error,0,0,0,0,0,0,,1,1,0,0,0,0,114,check,check,,,,,,1,1,0,0,0,0,delete,
crs_ger_3.5Mar_d243_m157,car sharing,Germany,3.5,Market Formation,Partial up to max CumulativeStartups,Partial up to max cum. # companies,m9,0.21963,0.045461,0.4698,2016.8,20.009,30.621,1546,1.5836e+05,-935.13,0.98772,0.98678,0.76522,0.5195,-0.50966,-0.58514,8.4853,4.9302,0.71267,0.69831,3.7018,3.1975,43,26,0.75111,0.032657,0.71846,26,0,25,0,0,0,0.90536,0,1,y,y,y,y,y,y,y,y,y,y,y,y,y,,,,not needed as transformed-cumulative preferred,1,delete,transformed-partial,0,0,0,0,0,0,,1,1,0,0,0,0,115,check,check,,,,,,1,1,0,0,0,0,delete,
crs_ger_3.5Mar_d244_m158,car sharing,Germany,3.5,Market Formation,cumulative NewStartups,cumulative # companies,m9,0.23975,0.10588,0.51225,2015.7,18.329,27.299,10.078,2014.4,-1019.8,0.98962,0.98886,0.78556,0.55153,0.95741,0.95538,1.5911,1.1577,0.74459,0.73243,3.8963,3.4729,45,28,0.84251,0.036631,0.80588,28,2,27,0,0,0,0.92947,0,1,y,y,y,y,y,y,y,y,y,y,y,y,y,,,,not needed as cumulative in original data,1,delete,transformed-cumulative,0,0,0,0,0,0,,1,1,0,0,0,0,116,check,check,,,,,,1,1,0,0,0,0,delete,
crs_ger_3.5Mar_d245_m159,car sharing,Germany,3.5,Market Formation,Partial up to max NewStartups,Partial up to max # companies,m9,0.64357,0.64312,0.049787,2033.2,6.8283,2.9214e+05,6.5375,2016.5,-99.041,0.61358,0.57845,0.62231,0.27558,0.61358,0.59085,0.62231,0.27562,0.28195,0.23972,0.8483,0.58837,37,8,1.7115e-05,3.423e-06,1.3692e-05,20,0,19,0,0,1,0.29545,0,1,m,y,y,m,m,m,m,m,m,m,m,m,m,,,,not needed as transformed-cumulative preferred,1,delete,transformed-partial,0,0,0,0,0,0,,0,1,0,0,0,0,117,,check,,,,,,0,1,0,0,0,0,delete,
crs_ger_3.5Mar_d246_m160,car sharing,Germany,3.5,Market Formation,cumulative PrivateEquityDeals,cumulative # deals,m9,0.42255,0.18846,0.49513,2019.4,10.4,37.997,11.688,2017.8,-986.73,0.99751,0.99733,0.45551,0.24898,0.9678,0.96626,1.6393,1.0256,0.49549,0.47146,6.4886,5.1961,45,14,0.84216,0.026318,0.81585,14,1,13,0,0,0,0.87883,0,1,y,y,y,y,y,y,y,y,y,y,y,y,y,,,,,0,prefer,transformed-cumulative,1,1,0,0,0,0,,1,1,0,0,0,0,118,,,,,,,,1,1,0,0,0,0,delete,
crs_ger_3.5Mar_d247_m161,car sharing,Germany,3.5,Market Formation,Partial up to max PrivateEquityDeals,Partial up to max # deals,m9,0.33674,0.0079229,0.072766,2019.1,13.05,7.6181,1553.6,1.576e+05,-144.95,0.89321,0.88477,0.4335,0.21491,-0.21778,-0.28023,1.4639,0.61905,0.44208,0.41347,0.99083,0.78035,42,10,0.65633,0.13127,0.52507,11,0,10,0,0,1,0.72222,0,1,y,y,y,m,y,m,y,y,y,m,m,m,m,,,,not needed as transformed-cumulative preferred,1,delete,transformed-partial,0,0,0,0,0,0,,1,1,0,0,0,0,119,check,check,,,,,,1,1,0,0,0,0,delete,
crs_ger_3.5Mar_d248_m162,car sharing,Germany,3.5,Market Formation,cumulative PrivateEquityInvestment,cumulative $ million,m9,1.2319,0.32405,5.9957,2020.8,3.5672,599.02,0.00016847,1977.1,-11953,0.9971,0.99689,7.6783,3.6694,0.93933,0.93644,35.111,17.149,0.29838,0.26497,119.4,83.335,45,13,0.96515,0.0045142,0.96064,13,1,12,0,0,1,0.79882,0,0,y,y,y,y,y,y,y,y,m,y,m,y,m,,,,,0,prefer,transformed-cumulative,1,1,0,0,0,0,,1,1,0,0,0,0,120,,,,,,,,1,1,0,0,0,0,delete,
crs_ger_3.5Mar_d249_m163,car sharing,Germany,3.5,Market Formation,Partial up to max PrivateEquityInvestment,Partial up to max $ million,m9,1.0466,1.0466,1.1129,2032.4,4.1988,3.3107e+07,0.19321,2014.3,-2218.1,0.99672,0.99646,1.9758,0.74452,0.99672,0.99655,1.9758,0.74452,0.15294,0.1095,31.747,15.66,42,8,6.5151e-06,7.4219e-08,6.4409e-06,10,0,6,0,1,1,0.34108,0,0,y,y,y,m,m,m,m,m,m,m,m,m,m,,,,not needed as transformed-cumulative preferred,1,delete,transformed-partial,0,0,0,0,0,0,,1,1,0,0,0,0,121,check,check,,,,,,1,1,0,0,0,0,delete,
crs_ger_3.5Mar_d250_m162,car sharing,Germany,3.5,Market Formation,cumulative TotalFundraisingAmount,cumulative $ million,m9,3.3991,0.34024,34.559,2020.6,1.2928,3201.2,1.23e-07,1952.8,-68902,0.98989,0.98915,87.06,29.576,0.90138,0.89668,271.95,120.88,0.26863,0.2338,740.57,517.33,45,13,1.127,0.00084471,1.1261,13,0,12,0,0,1,0.75195,0,0,y,y,y,m,y,m,y,y,m,m,m,m,m,,,,,0,prefer,transformed-cumulative,1,1,0,0,0,0,,1,1,0,0,0,0,122,,,,,,,,1,1,0,0,0,0,delete,
crs_ger_3.5Mar_d251_m163,car sharing,Germany,3.5,Market Formation,Partial up to max TotalFundraisingAmount,Partial up to max $ million,m9,3.3272,3.327,8.4007,2023.5,1.3208,1.0833e+07,1.6056e-21,2004.3,-16745,0.99523,0.99485,23.725,5.7857,0.99523,0.99498,23.724,5.7857,0.087889,0.041114,328.03,133.94,42,9,0.00020809,1.1007e-07,0.00020798,10,0,4,0,1,1,0.03599,0,0,y,y,y,m,m,m,m,m,m,m,m,m,m,,,,not needed as transformed-cumulative preferred,1,delete,transformed-partial,0,0,0,0,0,0,,1,1,0,0,0,0,123,check,check,,,,,,1,1,0,0,0,0,delete,
crs_ger_3.5Mar_d252_m160,car sharing,Germany,3.5,Market Formation,cumulative TotalFundraisingDeals,cumulative # deals,m9,0.3087,0.17493,0.89499,2020.9,14.235,84.934,3.2789,2006.8,-1782.5,0.99318,0.99268,1.3097,1.1316,0.98215,0.9813,2.1191,1.4207,0.53697,0.51492,10.794,8.5882,45,39,0.69466,0.011774,0.68288,39,0,38,0,0,0,0.87454,0,1,y,y,y,y,y,y,y,y,y,y,y,y,y,,,,,0,prefer,transformed-cumulative,1,1,0,0,0,0,,1,1,0,0,0,0,124,,,,,,,,1,1,0,0,0,0,delete,
crs_ger_3.5Mar_d253_m161,car sharing,Germany,3.5,Market Formation,Partial up to max TotalFundraisingDeals,Partial up to max # deals,m9,0.30712,0.012404,0.11993,2021.3,14.309,18.901,1552.7,1.5769e+05,-238.82,0.90258,0.89489,0.69729,0.36683,-0.24035,-0.30395,2.4881,1.0952,0.42336,0.39379,1.6965,1.2078,42,14,0.52906,0.052906,0.47616,36,0,35,0,0,1,0.68077,0,1,y,y,y,m,m,m,m,y,y,m,m,m,m,,,,not needed as transformed-cumulative preferred,1,delete,transformed-partial,0,0,0,0,0,0,,1,1,0,0,0,0,125,check,check,,,,,,1,1,0,0,0,0,delete,
crs_ger_4.1Sal_d213_m100,car sharing,Germany,4.1,Knowledge Flows (social networks),annualised Google search frequency (index 100=monthly max.),Index 0-100,m9,22.119,0.12514,3.5117,2016.9,0.19867,58.071,0.67056,1987.7,-7051.1,0.77386,0.73395,14.922,7.5331,0.39756,0.33062,24.355,17.743,0.45924,0.39916,23.075,16.656,21,8,1.722,0.52183,1.2002,8,6,3,1,1,1,0.83842,0,1,y,y,y,y,y,y,y,y,y,y,y,y,y,,,,,0,hide,original,1,1,0,0,0,0,,0,1,0,0,0,0,126,check,,,,,,,1,1,0,0,0,0,delete,
crs_ger_4.1Sal_d239_m153,car sharing,Germany,4.1,Knowledge Flows (social networks),Partial up to max annualised Google search frequency (index 100=monthly max.),Partial up to max Index 0-100,m9,,1.0466,3.4988,,,,1.0482,2013.6,-7026.2,,,,,0.97198,0.96731,4.4788,2.146,0.31916,0.20568,22.078,16.024,15,2,,,,2,0,1,0,0,1,0.38291,0,1,n,n,y,y,y,y,m,m,y,n,n,n,n,,,,,0,prefer,transformed-partial,1,1,0,0,1,1,,0,1,0,0,1,1,127,check,,,,,,,1,1,0,0,1,1,,
crs_ger_4.2Kme_d001_m132,car sharing,Germany,4.2,Knowledge Flows (mass media),"""car sharing"" mention in books",index (2022=100),m9,0.20878,0.12447,4.1051,2018.2,21.049,155.13,0.1798,1970.1,-8213.7,0.97131,0.9674,5.6147,5.1835,0.95503,0.95112,7.03,5.9975,0.86257,0.85062,12.29,10.506,26,26,0.64463,0.0036045,0.64102,26,0,25,0,0,1,0.91067,0,1,y,y,y,y,y,y,y,y,y,y,y,y,y,1,,,,0,,,1,1,,,,,,1,1,0,0,1,1,128,,,,,,,,1,1,0,0,1,1,,
crs_ger_4.2Kme_d254_m164,car sharing,Germany,4.2,Knowledge Flows (mass media),"Partial up to max ""car sharing"" mention in books",Partial up to max index (2022=100),m9,0.20878,0.12447,4.1051,2018.2,21.049,155.13,0.1798,1970.1,-8213.7,0.97131,0.9674,5.6147,5.1835,0.95503,0.95112,7.03,5.9975,0.86257,0.85062,12.29,10.506,26,26,0.64463,0.0036045,0.64102,26,0,25,0,0,1,0.91067,0,1,y,y,y,y,y,y,y,y,y,y,y,y,y,,,,,0,,,1,1,,,,,,1,1,0,0,0,0,129,,,,,,,,1,1,0,0,0,0,delete,
crs_glo_3.3Sci_d235_m020,car sharing,Global,3.3,Risk & Uncertainty (Shared Expectations),scientific publications,# publications,m9,0.76722,0.15115,7.5509,2017.2,5.7277,599.57,0.00015053,1922.3,-14996,0.96724,0.96531,33.136,13.306,0.85719,0.85169,69.186,37.007,0.42869,0.40671,138.38,107.23,55,31,1.2142,0.0016679,1.2125,44,3,43,0,0,1,0.92661,0,0,y,y,y,y,y,y,y,y,y,y,y,y,y,,,,"good; only available global, apply to all EA regions",0,,,1,1,0,0,1,1,,1,1,0,0,1,1,130,,,,,,,,1,1,0,0,1,1,,
crs_glo_3.5Mar_d074_m128,car sharing,Global,3.5,Market Formation,CumulativeStartups,cum. # companies,m9,0.25922,0.10787,6.0866,2015.7,16.952,324.98,0.024633,1935.7,-12116,0.99432,0.99391,6.9906,5.8813,0.95891,0.95695,18.804,13.624,0.72618,0.71314,48.54,42.918,45,43,0.84928,0.0030771,0.8462,43,0,42,0,0,0,0.93268,0,0,y,y,y,y,y,y,y,y,y,y,y,y,y,1,cum,,,0,prefer,original,1,1,0,0,0,1,,1,1,0,0,0,1,131,,,,,,,,1,1,0,0,0,1,,
crs_glo_3.5Mar_d126_m008,car sharing,Global,3.5,Market Formation,NewStartups,# companies,m9,0.60417,0.053737,0.42714,2008.7,7.2735,16.05,11.325,2016.2,-849,0.62337,0.59581,5.1127,3.081,0.38354,0.35418,6.5411,4.5708,0.44339,0.41688,6.2154,4.4379,45,35,1.8068,0.062304,1.7445,43,8,42,1,0,1,0.93314,0,1,m,y,y,y,y,y,y,y,y,m,y,m,y,4,interesting,convert to cum.,,0,hide,original,1,1,0,0,0,0,,1,1,0,0,0,0,132,,,,,,,,1,1,0,0,0,0,delete,
crs_glo_3.5Mar_d171_m011,car sharing,Global,3.5,Market Formation,PrivateEquityDeals,# deals,m9,0.81265,0.099581,0.91647,2013.6,5.4075,38.125,11.335,2009.8,-1825.3,0.90602,0.89914,4.8064,2.169,0.71392,0.70029,8.3858,5.9144,0.57633,0.55616,10.205,8.5432,45,19,1.3639,0.026229,1.3377,28,3,27,1,0,1,0.95044,0,1,y,y,y,y,y,y,y,y,y,y,y,y,y,4,,convert to cum.,,0,hide,original,1,1,0,0,0,0,,1,1,0,0,0,0,133,,,,,,,,1,1,0,0,0,0,delete,
crs_glo_3.5Mar_d175_m027,car sharing,Global,3.5,Market Formation,PrivateEquityInvestment,$ million,m9,22.634,0.078857,72.166,2014,0.19415,3340.2,0.0058824,1856.7,-1.437e+05,0.36692,0.3206,1814,722.63,0.17664,0.13744,2068.8,1081.4,0.16899,0.12942,2078.4,1188.3,45,18,3.4999,0.00038573,3.4995,19,5,18,1,0,1,0.32313,0,0,m,y,y,m,m,m,m,y,m,m,m,n,m,4,,convert to cum.,,0,hide,original,0,1,0,0,0,0,,1,1,0,0,0,0,134,check,,,,,,,1,1,0,0,0,0,delete,
crs_glo_3.5Mar_d200_m027,car sharing,Global,3.5,Market Formation,TotalFundraisingAmount,$ million,m9,0.63671,0.075489,154.29,2011.5,6.9018,6019.9,0.017925,1854.1,-3.0716e+05,0.43385,0.39242,2853.1,1482.5,0.28325,0.24912,3210.2,2079.3,0.27925,0.24493,3219.2,2256.2,45,19,2.5977,0.00021403,2.5975,19,8,18,1,0,1,0.5282,0,0,m,y,y,m,m,m,m,y,m,m,m,n,m,4,,convert to cum.,,0,hide,original,0,1,0,0,0,0,,0,0,0,0,0,0,135,,check,,,,,,0,1,0,0,0,0,delete,
crs_glo_3.5Mar_d204_m011,car sharing,Global,3.5,Market Formation,TotalFundraisingDeals,# deals,m9,0.68114,0.10081,1.381,2013.6,6.4516,57.916,0.98234,1981.5,-2750.4,0.92211,0.91641,6.4557,3.1016,0.75337,0.74162,11.487,7.9465,0.60123,0.58224,14.607,12.386,45,24,1.3295,0.017266,1.3122,39,3,38,0,0,1,0.94954,0,1,y,y,y,m,y,m,y,y,y,m,m,m,m,2,,,,0,hide,original,1,1,0,0,0,0,,0,0,0,0,0,0,136,check,check,,,,,,1,1,0,0,0,0,delete,
crs_glo_3.5Mar_d242_m156,car sharing,Global,3.5,Market Formation,cumulative CumulativeStartups,cumulative cum. # companies,m9,0.17221,0.13637,51.953,2026.3,25.518,7851.4,0.00018922,1901.8,-1.0345e+05,0.99922,0.99916,23.185,18.645,0.99682,0.99667,46.804,31.51,0.66152,0.64541,482.63,395.63,45,43,0.3956,0.00012737,0.39547,43,0,42,0,0,0,0.88644,0,0,y,y,y,y,y,y,y,y,y,y,y,y,y,,,,not needed as transformed-cumulative twice (error),1,delete,transformed-cumx2error,0,0,0,0,0,0,,1,1,0,0,0,0,137,check,check,,,,,,1,1,0,0,0,0,delete,
crs_glo_3.5Mar_d243_m157,car sharing,Global,3.5,Market Formation,Partial up to max CumulativeStartups,Partial up to max cum. # companies,m9,0.25922,0.10787,6.0866,2015.7,16.952,324.98,0.024633,1935.7,-12116,0.99432,0.99391,6.9906,5.8813,0.95891,0.95695,18.804,13.624,0.72618,0.71314,48.54,42.918,45,43,0.84928,0.0030771,0.8462,43,0,42,0,0,0,0.93268,0,0,y,y,y,y,y,y,y,y,y,y,y,y,y,,,,not needed as transformed-cumulative preferred,1,delete,transformed-partial,0,0,0,0,0,0,,1,1,0,0,0,0,138,check,check,,,,,,1,1,0,0,0,0,delete,
crs_glo_3.5Mar_d244_m158,car sharing,Global,3.5,Market Formation,cumulative NewStartups,cumulative # companies,m9,0.25922,0.10787,6.0866,2015.7,16.952,324.98,0.024633,1935.7,-12116,0.99432,0.99391,6.9906,5.8813,0.95891,0.95695,18.804,13.624,0.72618,0.71314,48.54,42.918,45,43,0.84928,0.0030771,0.8462,43,0,42,0,0,0,0.93268,0,0,y,y,y,y,y,y,y,y,y,y,y,y,y,,,,not needed as cumulative in original data,1,delete,transformed-cumulative,0,0,0,0,0,0,,1,1,0,0,0,0,139,check,check,,,,,,1,1,0,0,0,0,delete,
crs_glo_3.5Mar_d245_m159,car sharing,Global,3.5,Market Formation,Partial up to max NewStartups,Partial up to max # companies,m9,0.20048,0.04927,0.50759,2066.2,21.92,7.0007e+05,1545.6,1.5839e+05,-1009.5,0.93189,0.9257,1.9238,1.2742,-0.39305,-0.47499,8.7007,4.6216,0.54048,0.51345,4.9972,3.7368,37,27,4.1425e-05,1.4284e-06,3.9996e-05,35,0,34,0,0,1,0.76794,0,1,y,y,y,m,m,m,y,m,y,m,m,m,m,,,,not needed as transformed-cumulative preferred,1,delete,transformed-partial,0,0,0,0,0,0,,1,1,0,0,0,0,140,check,check,,,,,,1,1,0,0,0,0,delete,
crs_glo_3.5Mar_d246_m160,car sharing,Global,3.5,Market Formation,cumulative PrivateEquityDeals,cumulative # deals,m9,0.38212,0.17411,6.8368,2019,11.5,495.11,0.0032464,1955.5,-13624,0.9995,0.99946,2.7304,1.4649,0.97107,0.9697,20.731,14.015,0.5306,0.50825,83.513,67.974,45,28,0.86243,0.0020198,0.86041,28,0,27,0,0,1,0.884,0,0,y,y,y,y,y,y,y,y,y,y,y,y,y,,,,,0,prefer,transformed-cumulative,1,1,0,0,0,0,,1,1,0,0,0,0,141,,,,,,,,1,1,0,0,0,0,delete,
crs_glo_3.5Mar_d247_m161,car sharing,Global,3.5,Market Formation,Partial up to max PrivateEquityDeals,Partial up to max # deals,m9,0.51302,0.16733,0.90779,2014.6,8.5658,48.167,6.9537,2008.5,-1808,0.97868,0.977,2.1671,1.0776,0.93154,0.92803,3.8837,2.548,0.54955,0.52645,9.9618,8.3555,42,16,1.0796,0.020761,1.0588,25,0,24,0,0,1,0.85607,0,1,y,y,y,y,y,y,y,y,y,y,y,y,y,,,,not needed as transformed-cumulative preferred,1,delete,transformed-partial,1,1,0,0,0,0,,1,1,0,0,0,0,142,,,,,,,,1,1,0,0,0,0,delete,
crs_glo_3.5Mar_d248_m162,car sharing,Global,3.5,Market Formation,cumulative PrivateEquityInvestment,cumulative $ million,m9,0.62881,0.1678,616.86,2017.3,6.9885,35554,2.0839e-06,1882.4,-1.2293e+06,0.98927,0.98848,1175.2,454.94,0.91087,0.90663,3386.2,2183.5,0.49886,0.475,8029.5,6592.2,45,19,0.98002,3.6239e-05,0.97998,19,0,18,0,0,1,0.89785,0,0,y,y,y,y,y,y,y,y,y,y,y,y,y,,,,,0,prefer,transformed-cumulative,1,1,0,0,0,0,,1,1,0,0,0,0,143,,,,,,,,1,1,0,0,0,0,delete,
crs_glo_3.5Mar_d249_m163,car sharing,Global,3.5,Market Formation,Partial up to max PrivateEquityInvestment,Partial up to max $ million,m9,0.35321,0.35315,94.89,2049.1,12.441,3.6512e+08,8.1637e-10,1934,-1.8901e+05,0.57237,0.53673,1555.2,621.12,0.57237,0.54925,1555.2,621.16,0.21213,0.16954,2110.9,1315.5,40,13,3.2018e-05,3.5288e-09,3.2014e-05,14,0,13,0,0,1,0.29349,0,0,m,y,y,m,m,m,m,m,m,m,m,m,m,,,,not needed as transformed-cumulative preferred,1,delete,transformed-partial,0,0,0,0,0,0,,0,0,0,0,0,0,144,,,,,,,,0,0,0,0,0,0,delete,
crs_glo_3.5Mar_d250_m162,car sharing,Global,3.5,Market Formation,cumulative TotalFundraisingAmount,cumulative $ million,m9,0.45708,0.15143,1440.7,2017,9.6142,81630,3.4734e-06,1865.3,-2.8707e+06,0.9947,0.99432,1811.9,988.85,0.93907,0.93617,6145.5,4363.6,0.56486,0.54413,16423,13950,45,19,0.95047,1.5784e-05,0.95045,19,0,18,0,0,1,0.90621,0,0,y,y,y,y,y,y,y,y,y,y,y,y,y,,,,,0,prefer,transformed-cumulative,1,1,0,0,0,0,,1,1,0,0,0,0,145,,,,,,,,1,1,0,0,0,0,delete,
crs_glo_3.5Mar_d251_m163,car sharing,Global,3.5,Market Formation,Partial up to max TotalFundraisingAmount,Partial up to max $ million,m9,0.9771,0.97677,130.35,2025.6,4.4974,1.8359e+08,4.4887e-20,1960.5,-2.5952e+05,0.67135,0.64148,1816.9,355.99,0.67135,0.65202,1816.9,356.09,0.19285,0.14537,2847.4,1730.2,37,11,8.5179e-05,7.0181e-09,8.5172e-05,11,0,10,0,0,1,0.25168,0,0,m,y,y,m,m,m,m,m,m,m,m,m,m,,,,not needed as transformed-cumulative preferred,1,delete,transformed-partial,0,0,0,0,0,0,,0,1,0,0,0,0,146,,check,,,,,,0,1,0,0,0,0,delete,
crs_glo_3.5Mar_d252_m160,car sharing,Global,3.5,Market Formation,cumulative TotalFundraisingDeals,cumulative # deals,m9,0.34705,0.16927,10.458,2019.3,12.662,785.19,0.00016178,1933.4,-20838,0.99958,0.99955,3.7533,2.5703,0.97657,0.97545,28.109,18.62,0.54718,0.52562,123.56,100.64,45,39,0.8291,0.0012736,0.82782,39,0,38,0,0,0,0.88366,0,0,y,y,y,y,y,y,y,y,y,y,y,y,y,,,,,0,prefer,transformed-cumulative,1,1,0,0,0,0,,1,1,0,0,0,0,147,,,,,,,,1,1,0,0,0,0,delete,
crs_glo_3.5Mar_d253_m161,car sharing,Global,3.5,Market Formation,Partial up to max TotalFundraisingDeals,Partial up to max # deals,m9,0.45332,0.16334,1.3382,2014.7,9.694,72.991,3.6219,2001.9,-2665,0.97521,0.97325,3.4103,1.838,0.93421,0.93084,5.5551,3.6035,0.56091,0.53839,14.351,11.995,42,21,1.0549,0.0137,1.0412,36,0,35,0,0,1,0.85167,0,1,y,y,y,m,m,m,y,y,y,m,m,m,m,,,,not needed as transformed-cumulative preferred,1,delete,transformed-partial,0,0,0,0,0,0,,1,1,0,0,0,0,148,check,check,,,,,,1,1,0,0,0,0,delete,
cso_usa_1.1Adod_m_0,community solar,United States,1.1,Adoption over Time,Annual community solar capacity installed in the United States,Installed capacity (MWdc),cso,0.19706,0.13657,138.55,2026.1,22.3,3682.5,0.00014901,1906.1,-2.7898e+05,0.79765,0.67625,182.05,133.09,0.79378,0.72504,183.78,125.08,0.78131,0.70842,189.26,142.85,9,9,0.51957,0.1594,0.36017,9,1,8,1,0,0,0.84892,0,0,y,y,y,y,y,y,y,y,y,y,y,,,,,,,,,,,,,,,,,,,,,,,,,,,,,,,,,,,,,,
dig_bra_1.1Adod_m_0,digital skills,Brazil,1.1,Adoption over Time,aggregate of 3 time series: VoIP/messaging; content creation; programming,% of individuals doing activity X,s1,0.11176,0.081517,1.7746,2027.2,39.322,90.535,1.2565,1982.1,-3556.3,0.96619,0.95773,1.5486,1.3023,0.96316,0.95749,1.6164,1.3959,0.94361,0.93493,1.9998,1.5994,16,16,0.40583,0.13728,0.26855,16,0,14,0,0,0,0.91007,0,1,y,y,y,y,y,y,y,y,y,y,y,,,,,,,,,,,,,,,,,,,,,,,,,,,,,,,,,,,,,,
dig_ger_1.1Adod_m_0,digital skills,Germany,1.1,Adoption over Time,aggregate of 3 time series: VoIP/messaging; content creation; programming,% of individuals doing activity X,s1,0.06033,0.06033,1.2078,2211.5,72.84,3.2025e+06,1.8937,1973.8,-2409.3,0.92535,0.91357,2.3768,1.6593,0.92535,0.91789,2.3768,1.6593,0.84808,0.83289,3.3908,2.6161,23,23,1.3001e-05,3.9785e-06,9.0226e-06,23,0,21,0,0,0,0.91767,0,1,y,y,y,y,y,y,y,m,y,m,y,,,,,,,,,,,,,,,,,,,,,,,,,,,,,,,,,,,,,,
dig_ita_1.1Adod_m_0,digital skills,Italy,1.1,Adoption over Time,aggregate of 3 time series: VoIP/messaging; content creation; programming,% of individuals doing activity X,s1,0.081649,0.081648,1.3562,2163.9,53.821,3.5967e+06,1.4822,1983.8,-2712,0.86343,0.83612,3.1723,2.5813,0.86343,0.84636,3.1723,2.5813,0.74878,0.71738,4.3026,3.5329,19,19,1.0942e-05,3.1877e-06,7.7547e-06,19,1,18,0,0,0,0.9103,0,1,y,y,y,y,y,y,y,m,y,m,y,,,,,,,,,,,,,,,,,,,,,,,,,,,,,,,,,,,,,,
dig_jap_1.1Adod_m_0,digital skills,Japan,1.1,Adoption over Time,aggregate of 3 time series: VoIP/messaging; content creation; programming,% of individuals doing activity X,s1,0.23074,0.083236,3.1722,2016.7,19.045,62.241,0.43714,1965.7,-6366.3,0.98495,0.97931,1.358,0.98279,0.94632,0.93439,2.5647,2.0787,0.97862,0.97387,1.6186,1.3378,12,12,0.83915,0.30605,0.5331,12,0,11,0,0,0,0.90835,0,1,y,y,y,y,y,y,y,y,y,y,y,,,,,,,,,,,,,,,,,,,,,,,,,,,,,,,,,,,,,,
dig_net_1.1Adod_m_0,digital skills,Netherlands,1.1,Adoption over Time,aggregate of 3 time series: VoIP/messaging; content creation; programming,% of individuals doing activity X,s1,0.079352,0.07227,2.1105,2044.7,55.379,358.38,0.91462,1966.3,-4219.8,0.94133,0.92876,2.7505,2.0947,0.94115,0.9333,2.7549,2.0681,0.92973,0.92037,3.0101,2.4396,18,18,0.1433,0.033606,0.1097,18,0,17,0,0,0,0.9164,0,1,y,y,y,y,y,y,y,m,y,m,y,,,,,,,,,,,,,,,,,,,,,,,,,,,,,,,,,,,,,,
dig_por_1.1Adod_m_0,digital skills,Portugal,1.1,Adoption over Time,aggregate of 3 time series: VoIP/messaging; content creation; programming,% of individuals doing activity X,s1,0.17714,0.080774,1.8342,2015.1,24.808,48.45,1.2453,1979.6,-3671.5,0.98683,0.98463,1.3416,1.073,0.95074,0.94555,2.5941,2.1535,0.9912,0.99027,1.0967,0.87874,22,22,0.8338,0.071403,0.76239,22,0,21,0,0,0,0.93427,0,1,y,y,y,y,y,y,y,y,y,y,y,,,,,,,,,,,,,,,,,,,,,,,,,,,,,,,,,,,,,,
dig_sou_1.1Adod_m_0,digital skills,South Korea,1.1,Adoption over Time,aggregate of 3 time series: VoIP/messaging; content creation; programming,% of individuals doing activity X,s1,0.65825,0.11583,3.4486,2015.5,6.6759,46.41,0.48609,1982.9,-6927.1,0.96542,0.95744,3.343,2.7591,0.78147,0.75026,8.4043,7.7453,0.88309,0.86639,6.1472,5.191,17,17,1.0657,0.038277,1.0274,17,3,16,1,0,1,0.93366,0,1,y,y,y,y,y,y,y,y,y,y,y,,,,,,,,,,,,,,,,,,,,,,,,,,,,,,,,,,,,,,
dig_swe_1.1Adod_m_0,digital skills,Sweden,1.1,Adoption over Time,aggregate of 3 time series: VoIP/messaging; content creation; programming,% of individuals doing activity X,s1,0.026341,0.023557,0.74317,2095.9,166.83,306.7,3.7232,1923,-1464.6,0.81939,0.7923,2.4254,1.9603,0.81932,0.80211,2.4259,1.9666,0.81251,0.79466,2.4712,1.951,24,24,0.12805,0.081118,0.046934,24,4,18,1,1,0,0.95138,0,1,y,y,y,y,y,y,y,m,y,m,y,,,,,,,,,,,,,,,,,,,,,,,,,,,,,,,,,,,,,,
dig_uki_1.1Adod_m_0,digital skills,United Kingdom,1.1,Adoption over Time,aggregate of 3 time series: VoIP/messaging; content creation; programming,% of individuals doing activity X,s1,0.12098,0.064043,1.5355,2013.7,36.323,55.395,1.6602,1970.4,-3064.3,0.9466,0.93592,2.0024,1.347,0.93226,0.92379,2.2554,1.801,0.94203,0.93478,2.0864,1.5362,19,19,0.65997,0.2068,0.45317,19,0,18,0,0,0,0.93309,0,1,y,y,y,y,y,y,y,y,y,y,y,,,,,,,,,,,,,,,,,,,,,,,,,,,,,,,,,,,,,,
dig_usa_1.1Adod_m_0,digital skills,United States,1.1,Adoption over Time,aggregate of 3 time series: VoIP/messaging; content creation; programming,% of individuals doing activity X,s1,,,,,,,,,,,,,,,,,,,,,,1,1,,,,1,0,0,0,0,,,0,1,n,n,y,m,m,m,m,m,m,n,n,,,,,,,,,,,,,,,,,,,,,,,,,,,,,,,,,,,,,,
dow_glo_3.3Sci_d235_m020,downsizing,Global,3.3,Risk & Uncertainty (Shared Expectations),scientific publications,# publications,b10,0.14444,0.081821,105.15,2016.7,30.425,8468.6,0.0092894,1858.7,-2.0845e+05,0.98588,0.98505,226.29,132.98,0.96764,0.9664,342.55,225.63,0.76829,0.75938,916.67,782.6,55,55,0.74346,0.00023617,0.74322,55,3,53,0,0,1,0.9538,0,0,y,y,y,y,y,y,y,y,y,y,y,y,y,,,,"good; only available global, apply to all EA regions",0,,,1,1,0,0,1,1,,1,1,0,0,1,1,206,,,,,,,,1,1,0,0,1,1,,
dow_swi_1.1Ado_d191_m185,downsizing,Switzerland,1.1,Adoption over time,share of people living in a small dwelling with high wellbeing,market share,b10,0.20989,,0.00266,2025.2,20.937,0.075455,,,-5.354,0.98713,0.94853,0.0004311,0.00036973,,,,,0.97973,0.95946,0.00054111,0.000416,5,5,0.29157,0.15771,0.13386,5,0,4,0,0,0,0.77169,1,1,y,n,y,y,y,y,y,m,y,n,n,n,n,,,,,0,prefer-relative,transformed-marketshare,1,1,1,1,0,0,,1,1,1,1,0,0,208,,,,,,,,1,1,1,1,0,0,,
dow_swi_4.1Sal_d213_m100,downsizing,Switzerland,4.1,Knowledge Flows (social networks),annualised Google search frequency (index 100=monthly max.),Index 0-100,b10,0.818,0.1689,5.452,2017.6,5.3722,91.761,0.11008,1983,-10950,0.98218,0.97903,4.9504,3.3128,0.83589,0.81766,15.022,12.331,0.79259,0.76955,16.888,14.568,21,13,1.0898,0.0042528,1.0855,17,3,11,1,1,1,0.91019,0,1,y,y,y,y,y,y,y,y,y,y,y,y,y,,,,,0,hide,original,1,1,0,0,0,0,,1,1,0,0,0,0,209,,,,,,,,1,1,0,0,0,0,delete,
dow_swi_4.1Sal_d239_m153,downsizing,Switzerland,4.1,Knowledge Flows (social networks),Partial up to max annualised Google search frequency (index 100=monthly max.),Partial up to max Index 0-100,b10,0.57093,0.31381,5.0674,2019,7.6971,133.11,0.077591,1997.9,-10177,0.99549,0.99452,2.1264,1.5923,0.97621,0.97304,4.8828,3.9238,0.68972,0.64835,17.633,15.218,18,10,0.75124,0.0029317,0.74831,14,0,8,0,1,1,0.77779,0,1,y,y,y,y,y,y,y,y,y,y,y,y,y,,,,,0,prefer,transformed-partial,1,1,0,0,1,1,,1,1,0,0,1,1,210,,,,,,,,1,1,0,0,1,1,,
drt_glo_3.3Scid_m_0,demand-responsive public transport,Global,3.3,Risk & Uncertainty (Shared Expectations),scientific publications on demand-responsive public transport,# publications,drt,0.19213,0.192,1.6956,2058.9,22.872,56976,1.2168,2003,-3391.4,0.92681,0.91949,5.8886,3.3695,0.92681,0.92209,5.8886,3.3691,0.58414,0.55731,14.036,10.924,34,30,0.0016147,1.7551e-05,0.0015972,34,0,33,0,0,1,0.73988,0,1,y,y,y,m,y,m,y,m,y,m,m,,,,,,,,,,,,,,,,,,,,,,,,,,,,,,,,,,,,,,
eat_chi_1.1Ado_d038_m038,eating less meat,China,1.1,Adoption over time,% red in total meat consumption,% kg/yr,b1,0.055242,0.020026,0.0024639,1990.1,79.549,0.20646,5.8218e-07,1388.2,-4.8003,0.89052,0.88395,0.013572,0.012352,0.85096,0.84511,0.015836,0.013295,0.87645,0.8716,0.014418,0.013075,54,54,0.95914,0.31682,0.64232,54,3,38,0,1,0,0.9784,1,1,y,y,y,y,y,y,y,y,y,y,y,,,,,,,,,,,,,,,,,,,,,,,,,,,,,,,,,,,,,,
eat_ger_1.1Ado_d326_m185,eating less meat,Germany,1.1,Adoption over time,red meat as a share of meat consumption,market share,b1,-0.013897,0.00075227,-0.0023733,1908.7,-316.22,1,1555.1,1.5743e+05,4.9684,0.81348,0.80182,0.017369,0.013546,-33.426,-34.831,0.23598,0.23252,0.78436,0.77556,0.018676,0.014878,52,52,0.32303,0.17547,0.14756,52,51,16,0,1,0,0.9741,1,1,y,y,y,y,y,y,y,m,y,m,y,m,y,,,,*needs sign reversal * negative slope = LED innovation,0,prefer-relative,transformed-marketshare,1,1,1,1,0,0,,1,1,1,1,0,0,279,,,,,,,,1,1,1,1,0,0,,
eat_ger_2.4Eas_d210_m103,eating less meat,Germany,2.4,Ease of Use,Vegetable consumption per capita,Kg/year,b1,0.020219,0.020219,1.7021,2567.4,217.34,9.233e+06,5.3975,1857.6,-3304.4,0.84701,0.83745,11.328,7.7712,0.84701,0.84076,11.328,7.7712,0.778,0.76894,13.646,9.8744,52,52,2.1768e-05,6.4368e-06,1.5331e-05,52,0,50,0,0,0,0.94921,0,0,y,y,y,y,y,y,y,m,y,m,y,m,y,1,,,,0,,,,1,,,,,,1,1,0,0,1,1,280,,,,,,,,1,1,0,0,1,1,,
eat_ger_2.5Var_d037_m038,eating less meat,Germany,2.5,Variety (Choice Availability),% poultry+pig in total meat consumption,% kg/yr,b1,0.053939,0.0030404,0.0023733,1941.1,81.47,0.82091,3.7416,2516.9,-3.9684,0.88332,0.87602,0.013738,0.010647,0.77124,0.7619,0.019236,0.015407,0.78436,0.77556,0.018676,0.014878,52,52,1.0044,0.82466,0.17975,52,16,51,1,0,0,0.98219,1,1,y,y,y,y,y,y,y,m,y,m,y,m,y,1,,,,0,,,1,1,0,0,0,0,,1,1,0,0,0,0,255,,,,,,,,1,1,0,0,0,0,delete,
eat_ger_2.5Var_d223_m137,eating less meat,Germany,2.5,Variety (Choice Availability),per capita beef consumption,Kg/yr,b1,-0.016671,-0.015487,-0.27021,1836.7,-263.59,263.15,30.357,1959.5,557.07,0.77941,0.76562,2.1865,1.8671,0.77934,0.77034,2.1868,1.8675,0.75887,0.74903,2.286,1.9144,52,52,0.090316,0.040485,0.049831,52,43,20,1,1,0,0.97773,0,1,y,y,y,y,y,y,y,m,y,m,y,m,y,2,,,*needs sign reversal * negative slope = LED innovation,0,,,1,1,0,0,0,0,,1,1,0,0,0,0,257,,,,,,,,1,1,0,0,0,0,delete,
eat_ger_2.5Var_d224_m137,eating less meat,Germany,2.5,Variety (Choice Availability),per capita other meat consumption,kg/yr,b1,0.076649,0.011901,0.02374,1976.7,57.332,2.3139,2.067,2010.4,-45.618,0.22412,0.17563,0.73971,0.52229,0.15947,0.12517,0.76991,0.52206,0.18001,0.14654,0.76044,0.50662,52,52,2.065,0.33709,1.7279,52,20,2,1,0,1,0.95479,0,1,n,y,y,y,y,y,y,y,m,n,m,n,m,4,,"reversal, fit to partial",*needs sign reversal * negative slope = LED innovation,0,,,1,1,0,0,0,0,,0,1,0,0,0,0,258,check,,,,,,,1,1,0,0,0,0,delete,
eat_ger_2.5Var_d225_m137,eating less meat,Germany,2.5,Variety (Choice Availability),per capita pig consumption,Kg/yr,b1,-0.15753,-0.0026266,-0.15112,2027.8,-27.897,56.516,93.417,1789,355.92,0.44762,0.4131,3.9354,3.0242,0.17336,0.13962,4.8143,3.7923,0.18348,0.15015,4.7847,3.7803,52,52,1.1345,0.76545,0.36904,52,34,0,1,0,0,0.98671,0,1,m,y,y,y,y,y,y,y,m,m,m,m,m,2,,,*needs sign reversal * negative slope = LED innovation,0,,,1,1,0,0,0,0,,1,1,0,0,0,0,259,,,,,,,,1,1,0,0,0,0,delete,
eat_ger_2.5Var_d226_m137,eating less meat,Germany,2.5,Variety (Choice Availability),per capita poultry consumption,kg/yr,b1,0.029422,0.017508,0.22725,2012.5,149.36,33.807,8.2314,1971.5,-440.53,0.96295,0.96064,0.67096,0.53752,0.95683,0.95506,0.72434,0.54523,0.95726,0.95551,0.72073,0.60202,52,52,0.53864,0.22286,0.31578,52,3,51,0,0,0,0.97924,0,1,y,y,y,y,y,y,y,y,y,y,y,y,y,1,,,*needs sign reversal * negative slope = LED innovation,0,,,1,1,0,0,0,0,,1,1,0,0,0,0,260,,,,,,,,1,1,0,0,0,0,delete,
eat_ger_2.5Var_d227_m137,eating less meat,Germany,2.5,Variety (Choice Availability),per capita sheep & goat consumption,Kg/yr,b1,0.34938,0.003806,0.0036171,1971.6,12.578,0.90247,0.42195,1812.8,-6.3711,0.71443,0.69658,0.080964,0.065322,0.11439,0.07824,0.14258,0.11498,0.12839,0.092813,0.14145,0.11522,52,52,1.1934,0.44905,0.7443,52,25,50,1,0,0,0.98727,0,1,y,y,y,y,y,y,y,y,m,y,m,y,m,1,,,*needs sign reversal * negative slope = LED innovation,0,,,1,1,0,0,0,0,,1,1,0,0,0,0,261,,,,,,,,1,1,0,0,0,0,delete,
eat_ger_3.5Mar_d076_m128,eating less meat,Germany,3.5,Market Formation,CumulativeStartups (meat substitutes),cum. # companies,b1,0.57914,0.026564,0.2693,2017.7,7.5879,16.043,1549.6,1.58e+05,-536.63,0.99048,0.98978,0.47125,0.23491,-0.27044,-0.33094,5.4426,2.5111,0.52462,0.50198,3.3293,2.7545,45,16,0.935,0.062334,0.87267,16,2,15,1,0,0,0.90098,0,1,y,y,y,y,y,y,y,y,y,y,y,y,y,,,,,0,prefer,original,1,1,0,0,1,1,,1,1,0,0,1,1,281,,,,,,,,1,1,0,0,1,1,,
eat_ger_3.5Mar_d128_m008,eating less meat,Germany,3.5,Market Formation,NewStartups (meat substitutes),# companies,b1,1.1628,0.0038848,0.030567,2014.3,3.7794,1.3507,1554.5,1.5752e+05,-60.861,0.35558,0.30842,0.69778,0.27636,-0.14706,-0.20168,0.93095,0.33333,0.20857,0.17088,0.77328,0.44658,45,9,3.7017,0.74035,2.9614,14,3,13,1,0,1,0.51282,0,1,m,y,y,m,m,m,m,y,m,m,m,m,m,,,,,0,hide,original,1,1,0,0,0,0,,0,1,0,0,0,0,282,check,,,,,,,1,1,0,0,0,0,delete,
eat_ger_3.5Mar_d173_m011,eating less meat,Germany,3.5,Market Formation,PrivateEquityDeals (meat substitutes),# deals,b1,16.716,0.30937,0.036759,2020,0.26288,3,0.0012639,1998,-73.28,0.91584,0.90968,0.2582,0.066667,0.84493,0.83754,0.35048,0.15313,0.28772,0.25381,0.75113,0.51395,45,6,1.3333,0.33333,1,9,0,8,0,0,1,0.65,0,1,y,y,y,y,y,y,m,y,m,m,m,m,m,,,,,0,hide,original,0,1,0,0,0,0,,0,1,0,0,0,0,283,,,,,,,,0,1,0,0,0,0,delete,
eat_ger_3.5Mar_d177_m027,eating less meat,Germany,3.5,Market Formation,PrivateEquityInvestment (meat substitutes),$ million,b1,1.2812,1.2812,0.093166,2033.2,3.4299,2.7113e+06,5.8314,2023,-185.78,0.97063,0.96849,0.57082,0.15425,0.97063,0.96924,0.57082,0.15425,0.13194,0.090605,3.1035,1.4423,45,4,8.0936e-06,1.1784e-06,6.9152e-06,4,0,3,0,0,1,0.23191,0,1,y,n,m,m,y,m,m,m,m,n,n,n,n,,,,,0,hide,original,0,1,0,0,0,0,,0,1,0,0,0,0,284,,,,,,,,0,1,0,0,0,0,delete,
eat_ger_3.5Mar_d202_m027,eating less meat,Germany,3.5,Market Formation,TotalFundraisingAmount (meat substitutes),$ million,b1,1.1308,1.1303,0.13778,2032.5,3.8863,3.3433e+05,6.4585,2022.9,-274.63,0.51464,0.47912,3.0767,0.60499,0.51464,0.49152,3.0767,0.60502,0.16416,0.12436,4.0375,2.1522,45,5,6.5636e-05,9.8838e-06,5.5753e-05,7,0,3,0,1,1,0.14376,0,1,m,n,y,m,y,m,m,m,m,n,n,n,n,,,,,0,hide,original,0,1,0,0,0,0,,0,1,0,0,0,0,285,,,,,,,,0,1,0,0,0,0,delete,
eat_ger_3.5Mar_d206_m011,eating less meat,Germany,3.5,Market Formation,TotalFundraisingDeals (meat substitutes),# deals,b1,22.193,0.19841,0.062319,2020,0.19801,4.25,6.4834,2025.3,-124.21,0.83048,0.81808,0.55277,0.18889,0.75533,0.74367,0.66409,0.30879,0.36341,0.3331,1.0712,0.78911,45,8,1.4118,0.23529,1.1765,10,3,9,1,0,1,0.69474,0,1,y,y,y,m,y,m,m,y,y,m,m,m,m,,,,,0,hide,original,1,1,0,0,0,0,,0,1,0,0,0,0,286,check,,,,,,,1,1,0,0,0,0,delete,
eat_ger_3.5Mar_d272_m156,eating less meat,Germany,3.5,Market Formation,cumulative CumulativeStartups (meat substitutes),cumulative cum. # companies,b1,0.38591,0.23268,1.3855,2021.9,11.387,162.85,1.2761,2004.4,-2761.5,0.99977,0.99975,0.41623,0.23564,0.9896,0.9891,2.773,1.743,0.43809,0.41133,20.379,15.462,45,16,0.69387,0.0061404,0.68773,16,0,15,0,0,0,0.82418,0,0,y,y,y,y,y,y,y,y,y,y,y,y,y,,,,not needed as transformed-cumulative twice (error),1,delete,transformed-cumx2error,0,0,0,0,0,0,,1,1,0,0,0,0,287,check,check,,,,,,1,1,0,0,0,0,delete,
eat_ger_3.5Mar_d273_m157,eating less meat,Germany,3.5,Market Formation,Partial up to max CumulativeStartups (meat substitutes),Partial up to max cum. # companies,b1,0.50952,0.022289,0.2238,2018.2,8.6247,17.768,1550.5,1.5791e+05,-445.89,0.98835,0.98746,0.44244,0.21574,-0.22165,-0.28274,4.5315,1.9302,0.45888,0.43182,3.0159,2.3314,43,14,0.84423,0.056282,0.78795,14,0,13,0,0,0,0.85051,0,1,y,y,y,y,y,y,y,y,y,y,y,y,y,,,,not needed as transformed-cumulative preferred,1,delete,transformed-partial,0,0,0,0,0,0,,1,1,0,0,0,0,288,check,check,,,,,,1,1,0,0,0,0,delete,
eat_ger_3.5Mar_d274_m158,eating less meat,Germany,3.5,Market Formation,cumulative NewStartups (meat substitutes),cumulative # companies,b1,0.57914,0.026564,0.2693,2017.7,7.5879,16.043,1549.6,1.58e+05,-536.63,0.99048,0.98978,0.47125,0.23491,-0.27044,-0.33094,5.4426,2.5111,0.52462,0.50198,3.3293,2.7545,45,16,0.935,0.062334,0.87267,16,2,15,1,0,0,0.90098,0,1,y,y,y,y,y,y,y,y,y,y,y,y,y,,,,not needed as cumulative in original data,1,delete,transformed-cumulative,0,0,0,0,0,0,,1,1,0,0,0,0,289,check,check,,,,,,1,1,0,0,0,0,delete,
eat_ger_3.5Mar_d275_m159,eating less meat,Germany,3.5,Market Formation,Partial up to max NewStartups (meat substitutes),Partial up to max # companies,b1,0.58743,0.004686,0.038649,2038.8,7.4808,4.9276e+05,1554.2,1.5753e+05,-76.979,0.8341,0.82028,0.35508,0.14203,-0.11842,-0.17888,0.92195,0.3,0.2619,0.222,0.74897,0.42687,40,7,1.0147e-05,2.0294e-06,8.1175e-06,11,0,10,0,0,1,0.29412,0,1,y,y,y,m,y,m,m,m,m,m,m,m,m,,,,not needed as transformed-cumulative preferred,1,delete,transformed-partial,0,0,0,0,0,0,,1,1,0,0,0,0,290,check,check,,,,,,1,1,0,0,0,0,delete,
eat_ger_3.5Mar_d276_m160,eating less meat,Germany,3.5,Market Formation,cumulative PrivateEquityDeals (meat substitutes),cumulative # deals,b1,0.65162,0.39228,0.11476,2022.9,6.7439,20.487,7.1735,2022.2,-228.79,0.99234,0.99178,0.24472,0.10667,0.98516,0.98445,0.34069,0.15121,0.28403,0.24993,2.3662,1.5685,45,9,0.68335,0.048811,0.63454,9,0,8,0,0,1,0.69975,0,1,y,y,y,y,y,y,m,y,m,m,m,m,m,,,,,0,prefer,transformed-cumulative,1,1,0,0,0,0,,1,1,0,0,0,0,291,,,,,,,,1,1,0,0,0,0,delete,
eat_ger_3.5Mar_d277_m161,eating less meat,Germany,3.5,Market Formation,Partial up to max PrivateEquityDeals (meat substitutes),Partial up to max # deals,b1,16.716,0.30937,0.036759,2020,0.26288,3,0.0012639,1998,-73.28,0.91584,0.90968,0.2582,0.066667,0.84493,0.83754,0.35048,0.15313,0.28772,0.25381,0.75113,0.51395,45,6,1.3333,0.33333,1,9,0,8,0,0,1,0.65,0,1,y,y,y,y,y,y,m,y,m,m,m,m,m,,,,not needed as transformed-cumulative preferred,1,delete,transformed-partial,0,0,0,0,0,0,,0,1,0,0,0,0,292,,check,,,,,,0,1,0,0,0,0,delete,
eat_ger_3.5Mar_d278_m162,eating less meat,Germany,3.5,Market Formation,cumulative PrivateEquityInvestment (meat substitutes),cumulative $ million,b1,0.93164,0.93163,0.153,2037.1,4.7169,6.4648e+06,2.0752,2021,-305.09,0.99294,0.99242,0.43619,0.14202,0.99294,0.9926,0.43619,0.14202,0.1465,0.10586,4.796,2.409,45,4,5.1213e-06,4.9421e-07,4.6271e-06,4,0,3,0,0,1,0.36647,0,1,y,n,m,y,y,y,m,m,m,n,n,n,n,,,,,0,prefer,transformed-cumulative,1,1,0,0,0,0,,1,1,0,0,0,0,293,,,,,,,,1,1,0,0,0,0,delete,
eat_ger_3.5Mar_d279_m163,eating less meat,Germany,3.5,Market Formation,Partial up to max PrivateEquityInvestment (meat substitutes),Partial up to max $ million,b1,1.2812,1.2812,0.093166,2033.2,3.4299,2.7113e+06,5.8314,2023,-185.78,0.97063,0.96849,0.57082,0.15425,0.97063,0.96924,0.57082,0.15425,0.13194,0.090605,3.1035,1.4423,45,4,8.0936e-06,1.1784e-06,6.9152e-06,4,0,3,0,0,1,0.23191,0,1,y,n,m,m,y,m,m,m,m,n,n,n,n,,,,not needed as transformed-cumulative preferred,1,delete,transformed-partial,0,0,0,0,0,0,,1,1,0,0,0,0,294,check,check,,,,,,1,1,0,0,0,0,delete,
eat_ger_3.5Mar_d280_m162,eating less meat,Germany,3.5,Market Formation,cumulative TotalFundraisingAmount (meat substitutes),cumulative $ million,b1,0.3193,0.27735,0.51348,2026.9,13.763,174.33,1.0855,2010.1,-1023.6,0.93551,0.93079,2.8407,1.3848,0.93475,0.93164,2.8575,1.4434,0.35541,0.32471,8.9808,6.6146,45,7,0.31023,0.11663,0.1936,7,0,6,0,0,0,0.70266,0,1,y,y,y,y,y,y,y,m,y,m,y,m,y,,,,,0,prefer,transformed-cumulative,1,1,0,0,0,0,,1,1,0,0,0,0,295,,,,,,,,1,1,0,0,0,0,delete,
eat_ger_3.5Mar_d281_m163,eating less meat,Germany,3.5,Market Formation,Partial up to max TotalFundraisingAmount (meat substitutes),Partial up to max $ million,b1,1.1308,1.1303,0.13778,2032.5,3.8863,3.3433e+05,6.4585,2022.9,-274.63,0.51464,0.47912,3.0767,0.60499,0.51464,0.49152,3.0767,0.60502,0.16416,0.12436,4.0375,2.1522,45,5,6.5636e-05,9.8838e-06,5.5753e-05,7,0,3,0,1,1,0.14376,0,1,m,n,y,m,y,m,m,m,m,n,n,n,n,,,,not needed as transformed-cumulative preferred,1,delete,transformed-partial,0,0,0,0,0,0,,1,1,0,0,0,0,296,check,check,,,,,,1,1,0,0,0,0,delete,
eat_ger_3.5Mar_d282_m160,eating less meat,Germany,3.5,Market Formation,cumulative TotalFundraisingDeals (meat substitutes),cumulative # deals,b1,0.48492,0.048987,0.2643,2022.2,9.0622,35.327,-3.4407,6571.7,-526.85,0.99471,0.99432,0.41327,0.18173,-0.15914,-0.21434,6.1174,2.2667,0.36493,0.33469,4.528,3.238,45,10,0.70767,0.028307,0.67936,10,0,9,0,0,1,0.78622,0,1,y,y,y,y,y,y,y,y,y,y,y,y,y,,,,,0,prefer,transformed-cumulative,1,1,0,0,0,0,,1,1,0,0,0,0,297,,,,,,,,1,1,0,0,0,0,delete,
eat_ger_3.5Mar_d283_m161,eating less meat,Germany,3.5,Market Formation,Partial up to max TotalFundraisingDeals (meat substitutes),Partial up to max # deals,b1,0.67074,0.67071,0.04246,2037.5,6.5516,3.7178e+05,6.2888,2021.1,-84.608,0.83715,0.82429,0.43736,0.14615,0.83715,0.8288,0.43736,0.14615,0.2255,0.18578,0.9538,0.58517,42,5,1.6139e-05,2.6898e-06,1.3449e-05,7,0,6,0,0,1,0.37037,0,1,y,n,y,m,m,m,m,m,m,n,n,m,m,,,,not needed as transformed-cumulative preferred,1,delete,transformed-partial,0,0,0,0,0,0,,1,1,0,0,0,0,298,check,check,,,,,,1,1,0,0,0,0,delete,
eat_ger_4.1Sal_d213_m100,eating less meat,Germany,4.1,Knowledge Flows (social networks),annualised Google search frequency (index 100=monthly max.),Index 0-100,b1,0.30284,0.12179,5.3234,2016.4,14.511,103.74,0.12342,1968.2,-10681,0.96968,0.96432,5.7925,4.1014,0.91235,0.90261,9.8478,8.5209,0.93911,0.93235,8.2078,6.4576,21,20,0.96392,0.0108,0.95312,21,2,17,0,1,1,0.90743,0,1,y,y,y,y,y,y,y,y,y,y,y,y,y,,,,,0,hide,original,1,1,0,0,0,0,,1,1,0,0,0,0,299,,,,,,,,1,1,0,0,0,0,delete,
eat_ger_4.1Sal_d239_m153,eating less meat,Germany,4.1,Knowledge Flows (social networks),Partial up to max annualised Google search frequency (index 100=monthly max.),Partial up to max Index 0-100,b1,0.31147,0.1441,5.2344,2016.1,14.109,100.23,0.12959,1975.9,-10502,0.96017,0.9522,5.9647,4.1961,0.92457,0.91514,8.2083,6.6197,0.92028,0.91031,8.4384,6.5945,19,18,0.99774,0.011179,0.98657,19,0,15,0,1,1,0.84871,0,1,y,y,y,y,y,y,y,y,y,y,y,y,y,,,,,0,prefer,transformed-partial,1,1,0,0,1,1,,1,1,0,0,1,1,300,,,,,,,,1,1,0,0,1,1,,
eat_ger_4.5Inf_d120_m103,eating less meat,Germany,4.5,Physical Infrastructure Dependence,Meat supply/person,Kg/year,b1,-0.097437,-0.0018463,-0.16671,2040.2,-45.1,90.439,149.62,1706.5,420.45,0.30366,0.26014,4.8447,3.9842,0.18057,0.14712,5.2555,4.2722,0.18573,0.15249,5.239,4.2568,52,52,1.1022,0.84687,0.2553,52,34,0,1,0,0,0.98478,0,1,m,y,y,y,y,y,y,y,m,m,m,m,m,2,,,,0,,,,,,,,,,1,1,0,0,1,1,301,,,,,,,,1,1,0,0,1,1,,
eat_glo_3.3Sci_d235_m020,eating less meat,Global,3.3,Risk & Uncertainty (Shared Expectations),scientific publications,# publications,b1,0.093658,0.061617,756.3,2018.9,46.92,70541,0.028289,1791.5,-1.4968e+06,0.98294,0.98193,1695.9,993.84,0.97162,0.97053,2187.1,1384.2,0.8552,0.84964,4940.1,4151.5,55,55,0.62076,0.0057556,0.61501,55,2,54,0,0,0,0.96493,0,0,y,y,y,y,y,y,y,y,y,y,y,y,y,1,mulitple series here,corrected,"good; only available global, apply to all EA regions",0,,,1,1,0,0,1,1,,1,1,0,0,1,1,302,,,,,,,,1,1,0,0,1,1,,
eat_glo_3.5Mar_d076_m128,eating less meat,Global,3.5,Market Formation,CumulativeStartups (meat substitutes),cum. # companies,b1,0.32243,0.15475,5.4667,2019.6,13.629,433.41,0.0081544,1954.5,-10884,0.97802,0.97641,13.929,11.882,0.9637,0.96197,17.899,11.575,0.57108,0.55066,61.529,49.616,45,43,0.74756,0.0023073,0.74525,43,1,42,0,0,0,0.89685,0,0,y,y,y,y,y,y,y,y,y,y,y,y,y,1,,,,0,prefer,original,1,1,0,0,0,1,,1,1,0,0,0,1,303,,,,,,,,1,1,0,0,0,1,,
eat_glo_3.5Mar_d128_m008,eating less meat,Global,3.5,Market Formation,NewStartups (meat substitutes),# companies,b1,1.2906,0.088695,0.62543,2015.5,3.4049,30.513,8.346,2009.2,-1244.9,0.64767,0.62189,8.0005,4.1762,0.43768,0.41091,10.107,5.7455,0.36316,0.33283,10.756,7.4918,45,31,1.8025,0.032773,1.7698,42,4,41,0,0,1,0.92977,0,1,m,y,y,m,m,m,y,y,y,m,m,m,m,4,,convert to cum,,0,hide,original,1,1,0,0,0,0,,0,1,0,0,0,0,304,check,,,,,,,1,1,0,0,0,0,delete,
eat_glo_3.5Mar_d173_m011,eating less meat,Global,3.5,Market Formation,PrivateEquityDeals (meat substitutes),# deals,b1,1.343,0.15691,1.2393,2018.3,3.272,77.14,3.0791,2002.9,-2469.8,0.80213,0.78765,12.105,4.2163,0.62766,0.60993,16.605,7.8075,0.34979,0.31883,21.943,15.27,45,15,1.6204,0.012963,1.6075,15,3,14,1,0,1,0.87102,0,0,y,y,y,y,y,y,y,y,y,y,y,y,y,4,,convert to cum,,0,hide,original,0,1,0,0,0,0,,0,1,0,0,0,0,305,,,,,,,,0,1,0,0,0,0,delete,
eat_glo_3.5Mar_d177_m027,eating less meat,Global,3.5,Market Formation,PrivateEquityInvestment (meat substitutes),$ million,b1,2.3487,0.14341,16.609,2018.7,1.871,1098.4,0.0049332,1938.3,-33100,0.64116,0.61491,259.26,90.625,0.42131,0.39375,329.24,153.09,0.24839,0.2126,375.22,225.93,45,15,2.105,0.0017356,2.1033,15,3,14,1,0,1,0.80045,0,0,m,y,y,m,y,m,y,y,m,m,m,m,m,4,,convert to cum,,0,hide,original,0,1,0,0,0,0,,0,1,0,0,0,0,306,,,,,,,,0,1,0,0,0,0,delete,
eat_glo_3.5Mar_d202_m027,eating less meat,Global,3.5,Market Formation,TotalFundraisingAmount (meat substitutes),$ million,b1,0.43555,0.10195,27.56,2014.6,10.089,1277.6,0.010467,1908.1,-54894,0.52615,0.49148,422.52,210.07,0.4306,0.40349,463.17,288.77,0.34005,0.30862,498.64,369.31,45,18,2.197,0.0014921,2.1955,31,3,14,0,1,1,0.68545,0,0,m,y,y,m,m,m,m,y,y,m,m,m,m,2,,,,0,hide,original,0,1,0,0,0,0,,0,1,0,0,0,0,307,,,,,,,,0,1,0,0,0,0,delete,
eat_glo_3.5Mar_d206_m011,eating less meat,Global,3.5,Market Formation,TotalFundraisingDeals (meat substitutes),# deals,b1,1.2659,0.15022,1.6888,2018,3.4714,101.75,0.62492,1989.4,-3365.3,0.80967,0.79574,15.846,5.757,0.63389,0.61645,21.978,10.878,0.36461,0.33436,28.953,20.499,45,22,1.6216,0.0098278,1.6118,44,3,43,0,0,1,0.88739,0,0,y,y,y,m,m,m,y,y,y,m,m,m,m,4,,convert to cum,,0,hide,original,1,1,0,0,0,0,,0,1,0,0,0,0,308,check,,,,,,,1,1,0,0,0,0,delete,
eat_glo_3.5Mar_d272_m156,eating less meat,Global,3.5,Market Formation,cumulative CumulativeStartups (meat substitutes),cumulative cum. # companies,b1,0.14373,0.14373,40.164,2111.9,30.574,8.1999e+08,8.7501e-05,1904.1,-79947,0.99151,0.99089,59.823,48.265,0.99151,0.99111,59.823,48.265,0.64533,0.62844,386.7,295.91,45,43,3.2988e-06,1.2195e-09,3.2976e-06,43,0,42,0,0,0,0.86189,0,0,y,y,y,y,y,y,y,m,y,m,y,m,y,,,,not needed as transformed-cumulative twice (error),1,delete,transformed-cumx2error,0,0,0,0,0,0,,1,1,0,0,0,0,309,check,check,,,,,,1,1,0,0,0,0,delete,
eat_glo_3.5Mar_d273_m157,eating less meat,Global,3.5,Market Formation,Partial up to max CumulativeStartups (meat substitutes),Partial up to max cum. # companies,b1,0.25943,0.17501,5.0112,2022.2,16.939,634.91,0.0061212,1960.2,-9975.8,0.97807,0.97642,12.747,10.772,0.97442,0.97318,13.765,9.9849,0.5466,0.52448,57.956,45.196,44,42,0.51031,0.001575,0.50873,42,0,41,0,0,0,0.87304,0,0,y,y,y,y,y,y,y,y,y,y,y,y,y,,,,not needed as transformed-cumulative preferred,1,delete,transformed-partial,0,0,0,0,0,0,,1,1,0,0,0,0,310,check,check,,,,,,1,1,0,0,0,0,delete,
eat_glo_3.5Mar_d274_m158,eating less meat,Global,3.5,Market Formation,cumulative NewStartups (meat substitutes),cumulative # companies,b1,0.32243,0.15475,5.4667,2019.6,13.629,433.41,0.0081544,1954.5,-10884,0.97802,0.97641,13.929,11.882,0.9637,0.96197,17.899,11.575,0.57108,0.55066,61.529,49.616,45,43,0.74756,0.0023073,0.74525,43,1,42,0,0,0,0.89685,0,0,y,y,y,y,y,y,y,y,y,y,y,y,y,,,,not needed as cumulative in original data,1,delete,transformed-cumulative,0,0,0,0,0,0,,1,1,0,0,0,0,311,check,check,,,,,,1,1,0,0,0,0,delete,
eat_glo_3.5Mar_d275_m159,eating less meat,Global,3.5,Market Formation,Partial up to max NewStartups (meat substitutes),Partial up to max # companies,b1,0.38967,0.38967,0.55197,2047.3,11.277,3.4143e+06,0.92078,2008.5,-1098.6,0.97858,0.9768,1.6002,1.1949,0.97858,0.97742,1.6002,1.1949,0.33959,0.30389,8.8854,5.7595,40,27,1.6109e-05,2.9288e-07,1.5816e-05,38,0,37,0,0,1,0.67649,0,1,y,y,y,m,m,m,m,m,y,m,m,m,m,,,,not needed as transformed-cumulative preferred,1,delete,transformed-partial,0,0,0,0,0,0,,1,1,0,0,0,0,312,check,check,,,,,,1,1,0,0,0,0,delete,
eat_glo_3.5Mar_d276_m160,eating less meat,Global,3.5,Market Formation,cumulative PrivateEquityDeals (meat substitutes),cumulative # deals,b1,0.68812,0.27715,5.781,2020.8,6.3862,578.58,0.00072168,1974.9,-11524,0.99761,0.99743,6.1103,2.8342,0.96777,0.96623,22.439,11.545,0.36088,0.33044,99.916,72.266,45,15,0.87455,0.0017284,0.87282,15,0,14,0,0,1,0.81868,0,0,y,y,y,y,y,y,y,y,y,y,y,y,y,,,,,0,prefer,transformed-cumulative,1,1,0,0,0,0,,1,1,0,0,0,0,313,,,,,,,,1,1,0,0,0,0,delete,
eat_glo_3.5Mar_d277_m161,eating less meat,Global,3.5,Market Formation,Partial up to max PrivateEquityDeals (meat substitutes),Partial up to max # deals,b1,0.51043,0.51042,0.9385,2044.4,8.6093,1.8672e+07,1.4662,2012.4,-1870.1,0.97758,0.97581,3.2991,1.2768,0.97758,0.97644,3.2991,1.2768,0.2665,0.22889,18.872,11.615,42,12,6.6946e-06,5.3557e-08,6.641e-06,12,0,11,0,0,1,0.52781,0,0,y,y,y,y,y,y,m,m,m,m,m,y,y,,,,not needed as transformed-cumulative preferred,1,delete,transformed-partial,0,0,0,0,0,0,,1,1,0,0,0,0,314,check,check,,,,,,1,1,0,0,0,0,delete,
eat_glo_3.5Mar_d278_m162,eating less meat,Global,3.5,Market Formation,cumulative PrivateEquityInvestment (meat substitutes),cumulative $ million,b1,1.1358,0.28007,78.951,2020.3,3.869,6945.2,5.6824e-09,1924.1,-1.5739e+05,0.99758,0.9974,87.117,40.034,0.93515,0.93206,450.51,220.06,0.33592,0.3043,1441.7,1050.1,45,15,0.97779,0.00027448,0.97752,15,0,14,0,0,1,0.82743,0,0,y,y,y,y,y,y,y,y,y,y,y,y,y,,,,,0,prefer,transformed-cumulative,1,1,0,0,0,0,,1,1,0,0,0,0,315,,,,,,,,1,1,0,0,0,0,delete,
eat_glo_3.5Mar_d279_m163,eating less meat,Global,3.5,Market Formation,Partial up to max PrivateEquityInvestment (meat substitutes),Partial up to max $ million,b1,1.0096,0.64918,15.539,2020.7,4.3528,3969.6,7.679e-13,1966.1,-30968,0.99076,0.99003,39.771,14.824,0.9872,0.98654,46.818,18.13,0.20723,0.16657,368.39,206.82,42,12,0.58246,0.00048023,0.58198,12,0,11,0,0,1,0.53948,0,0,y,y,y,m,y,m,m,y,m,m,m,m,m,,,,not needed as transformed-cumulative preferred,1,delete,transformed-partial,0,0,0,0,0,0,,1,1,0,0,0,0,316,check,check,,,,,,1,1,0,0,0,0,delete,
eat_glo_3.5Mar_d280_m162,eating less meat,Global,3.5,Market Formation,cumulative TotalFundraisingAmount (meat substitutes),cumulative $ million,b1,0.3574,0.18357,198.69,2020.1,12.295,16737,5.5703e-06,1905.8,-3.9593e+05,0.98958,0.98882,368.55,206.13,0.96853,0.96703,640.47,363.59,0.51087,0.48757,2524.9,1996.5,45,31,0.7587,0.0013145,0.75738,31,0,30,0,0,1,0.87703,0,0,y,y,y,m,y,m,y,y,y,m,m,m,m,,,,,0,prefer,transformed-cumulative,1,1,0,0,0,0,,1,1,0,0,0,0,317,,,,,,,,1,1,0,0,0,0,delete,
eat_glo_3.5Mar_d281_m163,eating less meat,Global,3.5,Market Formation,Partial up to max TotalFundraisingAmount (meat substitutes),Partial up to max $ million,b1,0.28507,0.28507,29.436,2058.4,15.415,1.0787e+08,5.3893e-06,1951,-58635,0.76973,0.75156,291.28,127.02,0.76974,0.75793,291.28,127.02,0.34549,0.31192,491.09,362.86,42,15,2.6019e-05,1.7672e-08,2.6002e-05,28,0,11,0,1,1,0.50946,0,0,y,y,y,m,m,m,m,m,y,m,m,m,m,,,,not needed as transformed-cumulative preferred,1,delete,transformed-partial,0,0,0,0,0,0,,1,1,0,0,0,0,318,check,check,,,,,,1,1,0,0,0,0,delete,
eat_glo_3.5Mar_d282_m160,eating less meat,Global,3.5,Market Formation,cumulative TotalFundraisingDeals (meat substitutes),cumulative # deals,b1,0.61658,0.25942,8.4158,2020.8,7.1271,825.96,3.9735e-06,1950.3,-16772,0.99662,0.99637,10.229,7.3158,0.97056,0.96916,30.178,15.645,0.38614,0.35691,137.81,100.61,45,44,0.85477,0.0012107,0.85356,44,0,43,0,0,0,0.82783,0,0,y,y,y,y,y,y,y,y,y,y,y,y,y,,,,,0,prefer,transformed-cumulative,1,1,0,0,0,0,,1,1,0,0,0,0,319,,,,,,,,1,1,0,0,0,0,delete,
eat_glo_3.5Mar_d283_m161,eating less meat,Global,3.5,Market Formation,Partial up to max TotalFundraisingDeals (meat substitutes),Partial up to max # deals,b1,0.45135,0.45135,1.3291,2047.1,9.7362,2.0593e+07,0.74382,2009.1,-2648.3,0.98463,0.98341,3.7247,1.5461,0.98463,0.98384,3.7247,1.5461,0.28762,0.25109,25.355,16.146,42,19,8.0126e-06,4.8561e-08,7.964e-06,41,0,40,0,0,1,0.58268,0,0,y,y,y,m,m,m,m,m,m,m,m,m,m,,,,not needed as transformed-cumulative preferred,1,delete,transformed-partial,0,0,0,0,0,0,,1,1,0,0,0,0,320,check,check,,,,,,1,1,0,0,0,0,delete,
eat_ind_1.1Ado_d038_m038,eating less meat,India,1.1,Adoption over time,% red in total meat consumption,% kg/yr,b1,-0.077647,-0.036062,-0.011395,2012.3,-56.596,0.91215,-1544.4,-1.5261e+05,23.408,0.95416,0.9513,0.03858,0.022405,-13.81,-14.415,0.69348,0.66966,0.90068,0.89663,0.056789,0.04913,52,52,0.95054,0.34518,0.60536,52,51,4,0,0,0,0.97941,1,1,y,y,y,y,y,y,y,y,y,y,y,y,y,1,,,*needs sign reversal * negative slope = LED innovation,0,,,1,1,,,0,0,,1,1,0,1,0,0,322,,,,,,,,1,1,0,1,0,0,,
eat_ind_2.4Eas_d210_m103,eating less meat,India,2.4,Ease of Use,Vegetable consumption per capita,Kg/year,b1,0.016109,0.016109,0.92102,2699.7,272.79,4.9664e+06,5.5535,1849,-1777.3,0.90736,0.90157,4.5434,3.6454,0.90736,0.90358,4.5434,3.6454,0.85753,0.85171,5.6344,4.6362,52,52,1.8273e-05,8.6265e-06,9.6464e-06,52,0,51,0,0,0,0.97363,0,1,y,y,y,y,y,y,y,m,y,m,y,m,y,1,,,,0,,,,1,,,,,,1,1,0,0,0,1,346,,,,,,,,1,1,0,0,0,1,,
eat_ind_2.5Var_d037_m038,eating less meat,India,2.5,Variety (Choice Availability),% poultry+pig in total meat consumption,% kg/yr,b1,0.052472,0.0020604,0.011395,2018.4,83.748,1.2774,1554.9,1.5746e+05,-22.408,0.94665,0.94331,0.041622,0.028549,-3.3607,-3.5387,0.37629,0.33034,0.90068,0.89663,0.056789,0.04913,52,52,0.53636,0.10409,0.43227,52,4,51,0,0,0,0.97957,1,1,y,y,y,y,y,y,y,y,y,y,y,y,y,1,,,*needs sign reversal * negative slope = LED innovation,0,,,1,1,,,0,0,,1,1,0,0,0,0,321,,,,,,,,1,1,0,0,0,0,delete,
eat_ind_2.5Var_d223_m137,eating less meat,India,2.5,Variety (Choice Availability),per capita beef consumption,Kg/yr,b1,-0.06857,-0.0018826,-0.028146,2014.5,-64.087,2.603,-1543.4,-1.5271e+05,58.102,0.71884,0.70126,0.27425,0.16952,-14.012,-14.625,2.004,1.9361,0.66707,0.65348,0.29843,0.22672,52,52,0.95957,0.32271,0.63687,52,39,8,1,1,0,0.97193,0,1,y,y,y,y,y,y,y,y,y,y,y,y,y,1,,,*needs sign reversal * negative slope = LED innovation,0,,,1,1,,,0,0,,1,1,0,0,0,0,323,,,,,,,,1,1,0,0,0,0,delete,
eat_ind_2.5Var_d224_m137,eating less meat,India,2.5,Variety (Choice Availability),per capita other meat consumption,kg/yr,b1,-10.224,-0.020252,-0.0027626,2009.2,-0.42981,0.13646,4.9839e-06,2485.4,5.6176,0.98469,0.98374,0.0071571,0.0047079,0.3981,0.37353,0.044882,0.040529,0.51368,0.49383,0.040343,0.036767,52,40,1.1026,0.87572,0.2269,40,27,39,1,0,0,0.97881,1,1,y,y,y,y,y,y,y,y,y,y,y,y,y,4,bad data,"reversal, fit to partial",*needs sign reversal * negative slope = LED innovation,0,,,1,1,,,0,0,,0,1,0,0,0,0,324,check,,,,,,,1,1,0,0,0,0,delete,
eat_ind_2.5Var_d225_m137,eating less meat,India,2.5,Variety (Choice Availability),per capita pig consumption,Kg/yr,b1,-0.14972,-0.0052459,-0.0022499,2020.5,-29.352,0.41359,0.26074,2063.2,4.8626,0.55064,0.52256,0.051532,0.045939,0.16784,0.13387,0.070127,0.063672,0.19295,0.16001,0.069061,0.062366,52,52,1.1798,0.55611,0.62365,52,29,0,1,0,0,0.98928,1,1,m,y,y,y,y,y,y,y,m,m,m,n,m,4,interesting,"reversal, fit to partial",*needs sign reversal * negative slope = LED innovation,0,,,,,,,0,0,,0,1,0,0,0,0,325,,,,,,,,0,1,0,0,0,0,delete,
eat_ind_2.5Var_d226_m137,eating less meat,India,2.5,Variety (Choice Availability),per capita poultry consumption,kg/yr,b1,0.086579,0.0064102,0.057363,2020.1,50.757,6.1501,1554.2,1.5752e+05,-113.44,0.98616,0.9853,0.10914,0.067554,-1.2202,-1.3108,1.3825,1.0249,0.86091,0.85523,0.34604,0.28993,52,52,0.52519,0.025925,0.49927,52,1,49,0,0,0,0.96117,0,1,y,y,y,y,y,y,y,y,y,y,y,y,y,1,,,*needs sign reversal * negative slope = LED innovation,0,,,1,1,,,0,0,,1,1,0,0,0,0,326,,,,,,,,1,1,0,0,0,0,delete,
eat_ind_2.5Var_d227_m137,eating less meat,India,2.5,Variety (Choice Availability),per capita sheep & goat consumption,Kg/yr,b1,-0.079871,-0.0029837,-0.0019615,2039,-55.019,0.67194,0.052549,2831.3,4.551,0.56941,0.5425,0.030355,0.024189,0.3923,0.36749,0.036062,0.02983,0.405,0.38071,0.035683,0.029385,52,52,1.0574,0.759,0.29844,52,34,9,1,1,0,0.98045,1,1,m,y,y,y,y,y,y,y,y,m,y,m,y,1,,,*needs sign reversal * negative slope = LED innovation,0,,,,1,,,0,0,,1,1,0,0,0,0,327,,,,,,,,1,1,0,0,0,0,delete,
eat_ind_3.5Mar_d076_m128,eating less meat,India,3.5,Market Formation,CumulativeStartups (meat substitutes),cum. # companies,b1,0.61794,0.019222,0.19183,2018.4,7.1114,12.376,1551.1,1.5785e+05,-382.29,0.9926,0.99205,0.30633,0.15366,-0.24318,-0.30238,3.9693,1.7556,0.48974,0.46545,2.543,2.1012,45,15,0.96961,0.080801,0.88881,15,1,14,0,0,0,0.88434,0,1,y,y,y,y,y,y,y,y,y,y,y,y,y,,,,,0,prefer,original,1,1,0,0,0,1,,1,1,0,0,0,1,347,,,,,,,,1,1,0,0,0,1,,
eat_ind_3.5Mar_d128_m008,eating less meat,India,3.5,Market Formation,NewStartups (meat substitutes),# companies,b1,5.7401,0.0034551,0.025955,2015.8,0.76558,1.2504,1554.6,1.5751e+05,-51.696,0.61311,0.5848,0.38005,0.13375,-0.19048,-0.24717,0.66667,0.26667,0.30436,0.27123,0.50961,0.34212,45,9,2.3993,0.79976,1.5995,14,5,13,1,0,1,0.75,0,1,m,y,y,y,y,y,y,y,y,m,y,m,y,,,,,0,hide,original,1,1,0,0,0,0,,0,1,0,0,0,0,348,check,,,,,,,1,1,0,0,0,0,delete,
eat_ind_3.5Mar_d173_m011,eating less meat,India,3.5,Market Formation,PrivateEquityDeals (meat substitutes),# deals,b1,1.6796,0.0037,0.028458,2016.6,2.6163,1.4989,1554.5,1.5751e+05,-56.707,0.58412,0.55369,0.45904,0.18476,-0.14035,-0.19465,0.76012,0.26667,0.26961,0.23483,0.60833,0.40128,45,7,2.0015,0.66717,1.3343,8,5,7,1,0,1,0.57692,0,1,m,y,y,y,y,y,m,y,m,m,m,m,m,,,,,0,hide,original,1,1,0,0,0,0,,1,1,0,0,0,0,349,,,,,,,,1,1,0,0,0,0,delete,
eat_ind_3.5Mar_d177_m027,eating less meat,India,3.5,Market Formation,PrivateEquityInvestment (meat substitutes),$ million,b1,21.19,0.17861,0.024204,2020.1,0.20738,2.1588,0.0074047,1993.1,-48.247,0.60352,0.5745,0.49572,0.11926,0.33169,0.29986,0.6436,0.25033,0.15943,0.1194,0.72179,0.3942,45,5,2.1524,0.18114,1.9712,6,2,5,1,0,1,0.51187,0,1,m,n,y,m,y,m,m,y,m,n,n,n,n,,,,,0,hide,original,0,1,0,0,0,0,,1,1,0,0,0,0,350,check,,,,,,,1,1,0,0,0,0,delete,
eat_ind_3.5Mar_d202_m027,eating less meat,India,3.5,Market Formation,TotalFundraisingAmount (meat substitutes),$ million,b1,32.057,0.17152,0.035617,2020.1,0.13708,3.2816,0.0066508,1989.1,-70.995,0.53748,0.50364,0.86286,0.213,0.26848,0.23365,1.0851,0.40398,0.13292,0.091631,1.1814,0.59804,45,5,2.3915,0.11916,2.2723,6,2,5,1,0,1,0.46572,0,1,m,n,y,m,y,m,m,y,m,n,n,n,n,,,,,0,hide,original,0,1,0,0,0,0,,1,1,0,0,0,0,351,check,,,,,,,1,1,0,0,0,0,delete,
eat_ind_3.5Mar_d206_m011,eating less meat,India,3.5,Market Formation,TotalFundraisingDeals (meat substitutes),# deals,b1,46.112,0.13403,0.038603,2017.2,0.095299,2.1429,6.1487,2031.1,-76.929,0.54758,0.51447,0.69693,0.26984,0.37481,0.34504,0.81926,0.40652,0.23412,0.19765,0.90677,0.54762,45,7,2.3333,0.46667,1.8667,8,2,7,1,0,1,0.61111,0,1,m,y,y,m,y,m,m,y,m,m,m,m,m,,,,,0,hide,original,1,1,0,0,0,0,,1,1,0,0,0,0,352,,,,,,,,1,1,0,0,0,0,delete,
eat_ind_3.5Mar_d272_m156,eating less meat,India,3.5,Market Formation,cumulative CumulativeStartups (meat substitutes),cumulative cum. # companies,b1,0.39765,0.25118,0.90975,2022.5,11.051,121.41,3.0723,2010.8,-1813.3,0.99941,0.99937,0.44532,0.24519,0.99147,0.99107,1.6939,1.0299,0.41489,0.38703,14.031,10.424,45,15,0.6507,0.0082367,0.64246,15,0,14,0,0,0,0.80734,0,1,y,y,y,y,y,y,y,y,y,y,y,y,y,,,,not needed as transformed-cumulative twice (error),1,delete,transformed-cumx2error,0,0,0,0,0,0,,1,1,0,0,0,0,353,check,check,,,,,,1,1,0,0,0,0,delete,
eat_ind_3.5Mar_d273_m157,eating less meat,India,3.5,Market Formation,Partial up to max CumulativeStartups (meat substitutes),Partial up to max cum. # companies,b1,0.61673,0.017423,0.17273,2018.4,7.1254,12.39,1551.5,1.5781e+05,-344.19,0.99088,0.9902,0.30979,0.15692,-0.22036,-0.27989,3.5834,1.5227,0.45721,0.43073,2.3898,1.9174,44,14,0.96851,0.080709,0.8878,14,0,13,0,0,0,0.85487,0,1,y,y,y,y,y,y,y,y,y,y,y,y,y,,,,not needed as transformed-cumulative preferred,1,delete,transformed-partial,0,0,0,0,0,0,,1,1,0,0,0,0,354,check,check,,,,,,1,1,0,0,0,0,delete,
eat_ind_3.5Mar_d274_m158,eating less meat,India,3.5,Market Formation,cumulative NewStartups (meat substitutes),cumulative # companies,b1,0.61794,0.019222,0.19183,2018.4,7.1114,12.376,1551.1,1.5785e+05,-382.29,0.9926,0.99205,0.30633,0.15366,-0.24318,-0.30238,3.9693,1.7556,0.48974,0.46545,2.543,2.1012,45,15,0.96961,0.080801,0.88881,15,1,14,0,0,0,0.88434,0,1,y,y,y,y,y,y,y,y,y,y,y,y,y,,,,not needed as cumulative in original data,1,delete,transformed-cumulative,0,0,0,0,0,0,,1,1,0,0,0,0,355,check,check,,,,,,1,1,0,0,0,0,delete,
eat_ind_3.5Mar_d275_m159,eating less meat,India,3.5,Market Formation,Partial up to max NewStartups (meat substitutes),Partial up to max # companies,b1,0.85602,0.856,0.02085,2029.7,5.1336,65599,8.6255,2019.3,-41.526,0.8789,0.86852,0.18546,0.055245,0.8789,0.87217,0.18546,0.055245,0.19388,0.14909,0.4785,0.28518,39,4,4.5733e-05,1.5244e-05,3.0488e-05,9,0,8,0,0,1,0.33333,0,1,y,n,y,m,m,m,m,m,m,n,n,n,n,,,,not needed as transformed-cumulative preferred,1,delete,transformed-partial,0,0,0,0,0,0,,1,1,0,0,0,0,356,check,check,,,,,,1,1,0,0,0,0,delete,
eat_ind_3.5Mar_d276_m160,eating less meat,India,3.5,Market Formation,cumulative PrivateEquityDeals (meat substitutes),cumulative # deals,b1,0.63272,0.24385,0.15468,2020,6.9453,13.39,0.7241,2011.8,-308.33,0.99192,0.99133,0.29115,0.13552,0.94973,0.94734,0.72614,0.4114,0.38473,0.35543,2.5404,1.9108,45,9,0.89617,0.074681,0.82149,9,1,8,1,0,1,0.84601,0,1,y,y,y,y,y,y,y,y,y,y,y,y,y,,,,,0,prefer,transformed-cumulative,1,1,0,0,0,0,,1,1,0,0,0,0,357,,,,,,,,1,1,0,0,0,0,delete,
eat_ind_3.5Mar_d277_m161,eating less meat,India,3.5,Market Formation,Partial up to max PrivateEquityDeals (meat substitutes),Partial up to max # deals,b1,8.8645,0.0024332,0.01498,2018.2,0.49573,14.962,1554.7,1.5748e+05,-29.842,0.89572,0.88678,0.16013,0.025657,-0.042781,-0.10071,0.50637,0.10256,0.11559,0.066459,0.46633,0.2284,39,2,0.20051,0.066837,0.13367,3,0,2,0,0,1,0,0,1,y,n,m,m,y,m,m,m,m,n,n,n,n,,,,not needed as transformed-cumulative preferred,1,delete,transformed-partial,0,0,0,0,0,0,,0,1,0,0,0,0,358,,check,,,,,,0,1,0,0,0,0,delete,
eat_ind_3.5Mar_d278_m162,eating less meat,India,3.5,Market Formation,cumulative PrivateEquityInvestment (meat substitutes),cumulative $ million,b1,1.8313,0.35856,0.090416,2021,2.3997,9.3634,6.6043,2022.5,-180.27,0.99424,0.99381,0.1753,0.060896,0.91462,0.91055,0.67469,0.31726,0.25863,0.22332,1.9881,1.3623,45,7,1.0081,0.041764,0.96631,7,1,6,1,0,1,0.77527,0,1,y,y,y,y,y,y,y,y,m,y,m,y,m,,,,,0,prefer,transformed-cumulative,1,1,0,0,0,0,,1,1,0,0,0,0,359,,,,,,,,1,1,0,0,0,0,delete,
eat_ind_3.5Mar_d279_m163,eating less meat,India,3.5,Market Formation,Partial up to max PrivateEquityInvestment (meat substitutes),Partial up to max $ million,b1,2.4151,2.4146,0.017851,2024.3,1.8196,13099,0.0079328,2018.4,-35.58,0.99285,0.99228,0.060103,0.010193,0.99285,0.99248,0.060103,0.010194,0.092713,0.046185,0.67685,0.27775,42,3,0.00035475,2.9855e-05,0.00032489,4,0,3,0,0,1,0.087501,0,1,y,n,m,m,y,m,m,m,m,n,n,n,n,,,,not needed as transformed-cumulative preferred,1,delete,transformed-partial,0,0,0,0,0,0,,0,1,0,0,0,0,360,,check,,,,,,0,1,0,0,0,0,delete,
eat_ind_3.5Mar_d280_m162,eating less meat,India,3.5,Market Formation,cumulative TotalFundraisingAmount (meat substitutes),cumulative $ million,b1,2.7272,0.35414,0.13571,2020.8,1.6113,13.53,7.2246,2021.6,-270.57,0.99638,0.99612,0.2106,0.074699,0.89513,0.89014,1.1335,0.52431,0.25353,0.21799,3.0242,2.0787,45,7,1.0296,0.028903,1.0007,7,1,6,1,0,1,0.77695,0,1,y,y,y,y,y,y,y,y,m,y,m,y,m,,,,,0,prefer,transformed-cumulative,1,1,0,0,0,0,,1,1,0,0,0,0,361,,,,,,,,1,1,0,0,0,0,delete,
eat_ind_3.5Mar_d281_m163,eating less meat,India,3.5,Market Formation,Partial up to max TotalFundraisingAmount (meat substitutes),Partial up to max $ million,b1,2.9442,2.943,0.028486,2023.3,1.4926,6224.3,6.5855e-08,2014.7,-56.78,0.99746,0.99726,0.060257,0.0098274,0.99746,0.99733,0.060257,0.0098285,0.083269,0.036258,1.1456,0.46464,42,3,0.0012609,6.2826e-05,0.001198,4,0,3,0,0,1,0.052309,0,1,y,n,m,m,y,m,m,m,m,n,n,n,n,,,,not needed as transformed-cumulative preferred,1,delete,transformed-partial,0,0,0,0,0,0,,0,1,0,0,0,0,362,,check,,,,,,0,1,0,0,0,0,delete,
eat_ind_3.5Mar_d282_m160,eating less meat,India,3.5,Market Formation,cumulative TotalFundraisingDeals (meat substitutes),cumulative # deals,b1,0.74569,0.26448,0.19539,2020.4,5.8932,17.918,2.4785,2016.3,-389.5,0.99082,0.99014,0.40708,0.15517,0.94493,0.94231,0.99682,0.49505,0.35685,0.32622,3.4067,2.4536,45,9,0.89297,0.05581,0.83716,9,1,8,1,0,1,0.83458,0,1,y,y,y,y,y,y,y,y,y,y,y,y,y,,,,,0,prefer,transformed-cumulative,1,1,0,0,0,0,,1,1,0,0,0,0,363,,,,,,,,1,1,0,0,0,0,delete,
eat_ind_3.5Mar_d283_m161,eating less meat,India,3.5,Market Formation,Partial up to max TotalFundraisingDeals (meat substitutes),Partial up to max # deals,b1,0.54207,0.5419,0.03379,2041.9,8.1067,3.67e+05,0.014932,2010.5,-67.335,0.75443,0.73504,0.44664,0.15251,0.75443,0.74184,0.44664,0.15254,0.20649,0.1658,0.80288,0.4554,42,5,1.3624e-05,2.7248e-06,1.0899e-05,6,0,5,0,0,1,0.24324,0,1,y,n,y,m,y,m,m,m,m,n,n,m,m,,,,not needed as transformed-cumulative preferred,1,delete,transformed-partial,0,0,0,0,0,0,,1,1,0,0,0,0,364,check,check,,,,,,1,1,0,0,0,0,delete,
eat_ind_4.1Sal_d213_m100,eating less meat,India,4.1,Knowledge Flows (social networks),annualised Google search frequency (index 100=monthly max.),Index 0-100,b1,-0.32571,-0.085055,-3.0034,2014.6,-13.492,62.744,62.958,2005.5,6083.2,0.59316,0.52136,15.598,11.626,0.54696,0.49663,16.46,11.283,0.55308,0.50342,16.348,12.123,21,20,1.5938,0.042745,1.551,21,14,6,1,1,1,0.8376,0,1,m,y,y,m,m,m,y,y,y,m,m,m,m,,,,downward,0,hide,original,1,1,0,0,0,0,,1,1,0,0,0,0,365,,,,,,,,1,1,0,0,0,0,delete,
eat_ind_4.1Sal_d239_m153,eating less meat,India,4.1,Knowledge Flows (social networks),Partial up to max annualised Google search frequency (index 100=monthly max.),Partial up to max Index 0-100,b1,0.050071,0.050055,2.1141,2190.9,87.764,5.8737e+05,0.70314,1918.6,-4183.8,0.056057,-0.88789,20.507,17.5,0.056059,-0.41591,20.507,17.499,0.040128,-0.43981,20.68,17.245,7,7,0.00017025,5.8707e-05,0.00011154,7,0,3,0,1,0,0.66964,0,1,n,y,y,y,y,y,m,m,m,n,m,n,m,,,,noisy,0,prefer,transformed-partial,0,0,0,0,0,1,,0,1,0,0,0,1,366,,check,,,,,,0,1,0,0,0,1,,
eat_ind_4.5Inf_d120_m103,eating less meat,India,4.5,Physical Infrastructure Dependence,Meat supply/person,Kg/year,b1,0.005586,0.0027422,0.022213,3531.4,786.69,21617,1556.5,1.5729e+05,-40.251,0.50631,0.47545,0.33317,0.21664,-73.904,-76.962,4.1038,4.0763,0.49434,0.47371,0.33718,0.21637,52,52,0.00028126,0.00016596,0.00011531,52,1,49,0,0,0,0.97304,0,1,m,y,y,y,y,y,y,m,y,m,y,m,y,1,,,,0,,,,1,,,,,,1,1,0,0,0,1,367,,,,,,,,1,1,0,0,0,1,,
eat_jap_1.1Ado_d326_m185,eating less meat,Japan,1.1,Adoption over time,red meat as a share of meat consumption,market share,b1,-0.019385,-0.0083265,-0.0019324,2009.3,-226.7,0.40901,0.67515,1865.8,4.0873,0.60172,0.57683,0.023566,0.019128,0.6004,0.58409,0.023605,0.019369,0.60324,0.58705,0.023521,0.01914,52,52,0.79687,0.4174,0.37947,52,51,0,0,0,0,0.97508,1,1,m,y,y,y,y,y,y,y,y,m,y,m,y,,,,*needs sign reversal * negative slope = LED innovation,0,prefer-relative,transformed-marketshare,1,1,0,1,0,0,,1,1,0,1,0,0,392,,,,,,,,1,1,0,1,0,0,,
eat_jap_2.4Eas_d210_m103,eating less meat,Japan,2.4,Ease of Use,Vegetable consumption per capita,Kg/year,b1,-0.0023219,-0.0023208,-0.26281,-1275.4,-1892.6,2.302e+05,198.79,1762.5,640.27,0.38839,0.35016,5.0061,4.0772,0.38839,0.36343,5.0061,4.0772,0.37969,0.35437,5.0416,4.1133,52,52,0.00055877,0.0004345,0.00012427,52,50,12,0,1,0,0.97896,0,0,m,y,y,y,y,y,y,m,y,m,y,m,y,1,,,*needs sign reversal * negative slope = LED innovation,0,,,,1,,,,,,1,1,0,0,0,1,393,,,,,,,,1,1,0,0,0,1,,
eat_jap_2.5Var_d037_m038,eating less meat,Japan,2.5,Variety (Choice Availability),% poultry+pig in total meat consumption,% kg/yr,b1,0.0025333,0.0011112,0.0019324,3946.2,1734.7,108.33,1555.3,1.5741e+05,-3.0873,0.60368,0.57891,0.023508,0.019094,-423.95,-441.3,0.76976,0.76886,0.60324,0.58705,0.023521,0.01914,52,52,0.0076551,0.0062224,0.0014327,52,0,51,0,0,0,0.98136,1,1,m,y,y,y,y,y,y,m,y,m,y,m,y,1,,,*needs sign reversal * negative slope = LED innovation,0,,,,1,,,0,0,,1,1,0,0,0,0,368,,,,,,,,1,1,0,0,0,0,delete,
eat_jap_2.5Var_d223_m137,eating less meat,Japan,2.5,Variety (Choice Availability),per capita beef consumption,Kg/yr,b1,0.1564,0.014528,0.12886,1978.4,28.097,9.6035,9.7134,2012.6,-249.42,0.85775,0.84886,0.92836,0.74248,0.53895,0.52013,1.6714,1.3799,0.61731,0.60169,1.5227,1.2704,52,52,1.1789,0.2981,0.88084,52,21,51,1,0,0,0.98385,0,1,y,y,y,y,y,y,y,y,y,y,y,y,y,1,,,*needs sign reversal * negative slope = LED innovation,0,,,1,1,,,0,0,,1,1,0,0,0,0,370,,,,,,,,1,1,0,0,0,0,delete,
eat_jap_2.5Var_d224_m137,eating less meat,Japan,2.5,Variety (Choice Availability),per capita other meat consumption,kg/yr,b1,-0.093814,-0.071676,-0.031119,1967.6,-46.842,4.2039,0.71857,1984,62.628,0.98498,0.98404,0.064265,0.051651,0.98123,0.98047,0.071823,0.053247,0.79349,0.78506,0.23826,0.19858,52,52,0.41726,0.021408,0.39585,52,48,8,0,1,0,0.94541,0,1,y,y,y,y,y,y,y,y,y,y,y,y,y,1,,,*needs sign reversal * negative slope = LED innovation,0,,,1,1,,,0,0,,1,1,0,0,0,0,371,,,,,,,,1,1,0,0,0,0,delete,
eat_jap_2.5Var_d225_m137,eating less meat,Japan,2.5,Variety (Choice Availability),per capita pig consumption,Kg/yr,b1,0.058756,0.015572,0.26498,1979.2,74.792,23.522,7.514,1947.4,-512.48,0.97011,0.96824,0.70471,0.55941,0.91251,0.90894,1.2056,0.93568,0.95204,0.95009,0.89258,0.70753,52,52,0.94251,0.29695,0.64556,52,2,51,0,0,0,0.9811,0,1,y,y,y,y,y,y,y,y,y,y,y,y,y,1,,,*needs sign reversal * negative slope = LED innovation,0,,,1,1,,,0,0,,1,1,0,0,0,0,372,,,,,,,,1,1,0,0,0,0,delete,
eat_jap_2.5Var_d226_m137,eating less meat,Japan,2.5,Variety (Choice Availability),per capita poultry consumption,kg/yr,b1,0.05818,0.020182,0.29304,1986.6,75.532,22.997,11.315,1987.2,-570.79,0.93134,0.92705,1.191,0.88831,0.90054,0.89648,1.4334,1.1896,0.93627,0.93367,1.1474,0.91426,52,52,1.1075,0.20234,0.90519,52,0,51,0,0,0,0.96855,0,1,y,y,y,y,y,y,y,y,y,y,y,y,y,1,,,*needs sign reversal * negative slope = LED innovation,0,,,1,1,,,0,0,,1,1,0,0,0,0,373,,,,,,,,1,1,0,0,0,0,delete,
eat_jap_2.5Var_d227_m137,eating less meat,Japan,2.5,Variety (Choice Availability),per capita sheep & goat consumption,Kg/yr,b1,-0.071999,-0.049943,-0.022683,1972.5,-61.035,2.3373,0.56682,1987.4,45.755,0.92941,0.92499,0.09866,0.067898,0.92156,0.91836,0.104,0.068642,0.84052,0.83401,0.14829,0.1243,52,52,0.59011,0.051342,0.53877,52,49,0,0,0,0,0.9572,0,1,y,y,y,y,y,y,y,y,y,y,y,y,y,1,,,*needs sign reversal * negative slope = LED innovation,0,,,1,1,,,0,0,,1,1,0,0,0,0,374,,,,,,,,1,1,0,0,0,0,delete,
eat_jap_3.5Mar_d076_m128,eating less meat,Japan,3.5,Market Formation,CumulativeStartups (meat substitutes),cum. # companies,b1,0.84614,0.24838,0.052042,2019.7,5.1935,4.2115,6.337,2025,-103.74,0.98686,0.9859,0.12913,0.052914,0.9192,0.91535,0.32023,0.16798,0.35994,0.32946,0.90129,0.68068,45,7,0.94979,0.23745,0.71234,7,2,6,1,0,0,0.84848,0,1,y,y,y,y,y,y,y,y,y,y,y,y,y,,,,,0,prefer,original,1,1,0,0,0,1,,1,1,0,0,0,1,394,,,,,,,,1,1,0,0,0,1,,
eat_jap_3.5Mar_d128_m008,eating less meat,Japan,3.5,Market Formation,NewStartups (meat substitutes),# companies,b1,57.934,0.11945,0.0094862,2017.2,0.075853,0.57143,5.5798,2043.6,-18.902,0.52962,0.4952,0.19518,0.076192,0.27421,0.23965,0.24245,0.13409,0.18741,0.14871,0.25653,0.16796,45,4,1.75,1.75,0,5,4,4,0,0,1,0.5,1,1,m,n,m,m,y,m,m,m,m,n,n,n,n,,,,,0,hide,original,0,1,0,0,0,0,,0,0,0,0,0,0,395,,check,,,,,,0,1,0,0,0,0,delete,
eat_jap_3.5Mar_d173_m011,eating less meat,Japan,3.5,Market Formation,PrivateEquityDeals (meat substitutes),# deals,b1,46.749,0.0015149,0.0054018,2021.2,0.094,0.66667,1555,1.5747e+05,-10.77,0.65116,0.62564,0.12172,0.02963,-0.046512,-0.096346,0.21082,0.044444,0.11589,0.073788,0.19377,0.099538,45,2,1.5,1.5,0,2,1,1,0,0,0,0.5,1,1,m,n,m,y,y,y,m,m,m,n,n,n,n,,,,,0,hide,original,0,1,0,0,0,0,,0,0,0,0,0,0,396,,check,,,,,,0,1,0,0,0,0,delete,
eat_jap_3.5Mar_d177_m027,eating less meat,Japan,3.5,Market Formation,PrivateEquityInvestment (meat substitutes),$ million,b1,18.784,0.0015908,0.0061954,2022,0.23394,0.91114,1554.9,1.5747e+05,-12.353,0.51149,0.47575,0.19209,0.040496,-0.033396,-0.082605,0.27938,0.050223,0.085714,0.042176,0.26279,0.11319,45,2,2,0.48045,1.5195,2,0,1,0,0,1,0.22712,0,1,m,n,m,m,y,m,m,y,m,n,n,n,n,,,,,0,hide,original,0,1,0,0,0,0,,0,0,0,0,0,0,397,,check,,,,,,0,1,0,0,0,0,delete,
eat_jap_3.5Mar_d202_m027,eating less meat,Japan,3.5,Market Formation,TotalFundraisingAmount (meat substitutes),$ million,b1,18.784,0.0015908,0.0061954,2022,0.23394,0.91114,1554.9,1.5747e+05,-12.353,0.51149,0.47575,0.19209,0.040496,-0.033396,-0.082605,0.27938,0.050223,0.085714,0.042176,0.26279,0.11319,45,2,2,0.48045,1.5195,2,0,1,0,0,1,0.22712,0,1,m,n,m,m,y,m,m,y,m,n,n,n,n,,,,,0,hide,original,0,1,0,0,0,0,,0,0,0,0,0,0,398,,check,,,,,,0,1,0,0,0,0,delete,
eat_jap_3.5Mar_d206_m011,eating less meat,Japan,3.5,Market Formation,TotalFundraisingDeals (meat substitutes),# deals,b1,78.543,0.4362,0.0083004,2021.5,0.05595,1,0.032339,2015.7,-16.551,1,1,1.0435e-19,1.5556e-20,0.81452,0.80568,0.10743,0.040911,0.18676,0.14803,0.22495,0.13977,45,3,1,1,0,3,2,2,0,0,0,0.66667,1,1,y,n,m,y,y,y,m,m,m,n,n,n,n,,,,,0,hide,original,0,1,0,0,0,0,,0,0,0,0,0,0,399,,check,,,,,,0,1,0,0,0,0,delete,
eat_jap_3.5Mar_d272_m156,eating less meat,Japan,3.5,Market Formation,cumulative CumulativeStartups (meat substitutes),cumulative cum. # companies,b1,0.69105,0.36501,0.17457,2022.1,6.3591,25.245,1.1404,2016,-348.05,0.99851,0.99841,0.16304,0.069335,0.98223,0.98138,0.56387,0.27516,0.2873,0.25336,3.5709,2.3991,45,7,0.79225,0.039612,0.75264,7,0,6,0,0,1,0.74082,0,1,y,y,y,y,y,y,y,y,m,y,m,y,m,,,,not needed as transformed-cumulative twice (error),1,delete,transformed-cumx2error,0,0,0,0,0,0,,1,1,0,0,0,0,400,check,check,,,,,,1,1,0,0,0,0,delete,
eat_jap_3.5Mar_d273_m157,eating less meat,Japan,3.5,Market Formation,Partial up to max CumulativeStartups (meat substitutes),Partial up to max cum. # companies,b1,0.74942,0.0043855,0.035488,2020.1,5.8638,4.7733,1554.3,1.5753e+05,-70.732,0.97694,0.97517,0.12821,0.050588,-0.10926,-0.16472,0.88921,0.27907,0.27208,0.23569,0.72033,0.48978,43,5,0.83799,0.2095,0.62849,5,0,4,0,0,0,0.70588,0,1,y,n,y,y,y,y,y,y,m,n,n,y,y,,,,not needed as transformed-cumulative preferred,1,delete,transformed-partial,0,0,0,0,0,0,,1,1,0,0,0,0,401,check,check,,,,,,1,1,0,0,0,0,delete,
eat_jap_3.5Mar_d274_m158,eating less meat,Japan,3.5,Market Formation,cumulative NewStartups (meat substitutes),cumulative # companies,b1,0.84614,0.24838,0.052042,2019.7,5.1935,4.2115,6.337,2025,-103.74,0.98686,0.9859,0.12913,0.052914,0.9192,0.91535,0.32023,0.16798,0.35994,0.32946,0.90129,0.68068,45,7,0.94979,0.23745,0.71234,7,2,6,1,0,0,0.84848,0,1,y,y,y,y,y,y,y,y,y,y,y,y,y,,,,not needed as cumulative in original data,1,delete,transformed-cumulative,0,0,0,0,0,0,,1,1,0,0,0,0,402,check,check,,,,,,1,1,0,0,0,0,delete,
eat_jap_3.5Mar_d275_m159,eating less meat,Japan,3.5,Market Formation,Partial up to max NewStartups (meat substitutes),Partial up to max # companies,b1,23.433,0.0013683,0.0038462,2018.1,0.18753,6.6355,1554.9,1.5746e+05,-7.6628,1,1,5.8334e-09,9.361e-10,-0.026316,-0.083333,0.16013,0.025641,0.075,0.023611,0.15202,0.062459,39,1,0.15071,0.15071,0,1,0,0,0,0,,,1,1,y,n,m,m,m,m,m,m,m,n,n,n,n,,,,not needed as transformed-cumulative preferred,1,delete,transformed-partial,0,0,0,0,0,0,,0,1,0,0,0,0,403,,check,,,,,,0,1,0,0,0,0,delete,
eat_jap_3.5Mar_d276_m160,eating less meat,Japan,3.5,Market Formation,cumulative PrivateEquityDeals (meat substitutes),cumulative # deals,b1,710.48,0.52947,0.013966,2022,0.0061852,2,3.8063,2024.9,-27.848,1,1,0,0,0.89514,0.89015,0.14027,0.050929,0.17531,0.13604,0.39339,0.23389,45,3,1,0.5,0.5,3,1,2,1,0,0,0.66667,0,1,y,n,m,y,y,y,m,y,m,n,n,n,n,,,,,0,prefer,transformed-cumulative,1,1,0,0,0,0,,0,0,0,0,0,0,404,check,check,,,,,,1,1,0,0,0,0,delete,
eat_jap_3.5Mar_d277_m161,eating less meat,Japan,3.5,Market Formation,Partial up to max PrivateEquityDeals (meat substitutes),Partial up to max # deals,b1,17.939,0.0013033,0.0031712,2022,0.24497,1.6211,1555,1.5746e+05,-6.3224,1,1,6.4463e-09,1.014e-09,-0.02381,-0.075,0.1525,0.023256,0.068182,0.021591,0.14549,0.057132,43,1,0.61687,0.61687,0,1,0,0,0,0,,,1,1,y,n,m,m,m,m,m,m,m,n,n,n,n,,,,not needed as transformed-cumulative preferred,1,delete,transformed-partial,0,0,0,0,0,0,,0,0,0,0,0,0,405,,,,,,,,0,0,0,0,0,0,delete,
eat_jap_3.5Mar_d278_m162,eating less meat,Japan,3.5,Market Formation,cumulative PrivateEquityInvestment (meat substitutes),cumulative $ million,b1,,0.61933,0.013957,,,,3.7838,2024.6,-27.833,,,,,0.87985,0.87412,0.16226,0.052226,0.14995,0.10947,0.4316,0.2327,45,3,,,,3,1,2,1,0,1,0.58586,0,1,n,n,m,y,y,y,m,m,m,n,n,n,n,,,,,0,prefer,transformed-cumulative,1,1,0,0,0,0,,0,0,0,0,0,0,406,check,check,,,,,,1,1,0,0,0,0,delete,
eat_jap_3.5Mar_d279_m163,eating less meat,Japan,3.5,Market Formation,Partial up to max PrivateEquityInvestment (meat substitutes),Partial up to max $ million,b1,,0.0016486,0.0067869,,,,1554.9,1.5747e+05,-13.533,,,,,-0.034181,-0.084628,0.28254,0.051365,0.096227,0.05214,0.26412,0.1172,44,2,,,,2,0,1,0,0,1,0.22712,0,1,n,n,m,m,y,m,m,m,m,n,n,n,n,,,,not needed as transformed-cumulative preferred,1,delete,transformed-partial,0,0,0,0,0,0,,0,0,0,0,0,0,407,,,,,,,,0,0,0,0,0,0,delete,
eat_jap_3.5Mar_d280_m162,eating less meat,Japan,3.5,Market Formation,cumulative TotalFundraisingAmount (meat substitutes),cumulative $ million,b1,,0.61933,0.013957,,,,3.7838,2024.6,-27.833,,,,,0.87985,0.87412,0.16226,0.052226,0.14995,0.10947,0.4316,0.2327,45,3,,,,3,1,2,1,0,1,0.58586,0,1,n,n,m,y,y,y,m,m,m,n,n,n,n,,,,,0,prefer,transformed-cumulative,1,1,0,0,0,0,,0,0,0,0,0,0,408,check,check,,,,,,1,1,0,0,0,0,delete,
eat_jap_3.5Mar_d281_m163,eating less meat,Japan,3.5,Market Formation,Partial up to max TotalFundraisingAmount (meat substitutes),Partial up to max $ million,b1,,0.0016486,0.0067869,,,,1554.9,1.5747e+05,-13.533,,,,,-0.034181,-0.084628,0.28254,0.051365,0.096227,0.05214,0.26412,0.1172,44,2,,,,2,0,1,0,0,1,0.22712,0,1,n,n,m,m,y,m,m,m,m,n,n,n,n,,,,not needed as transformed-cumulative preferred,1,delete,transformed-partial,0,0,0,0,0,0,,0,0,0,0,0,0,409,,,,,,,,0,0,0,0,0,0,delete,
eat_jap_3.5Mar_d282_m160,eating less meat,Japan,3.5,Market Formation,cumulative TotalFundraisingDeals (meat substitutes),cumulative # deals,b1,1.6011,0.65989,0.016864,2022.7,2.7447,3.3279,3.4683,2024.1,-33.629,0.9939,0.99345,0.042318,0.012047,0.96636,0.96476,0.099337,0.035146,0.16353,0.1237,0.49534,0.28142,45,3,0.90146,0.30049,0.60097,3,0,2,0,0,0,0.57143,0,1,y,n,m,y,y,y,m,y,m,n,n,n,n,,,,,0,prefer,transformed-cumulative,1,1,0,0,0,0,,1,1,0,0,0,0,410,,,,,,,,1,1,0,0,0,0,delete,
eat_jap_3.5Mar_d283_m161,eating less meat,Japan,3.5,Market Formation,Partial up to max TotalFundraisingDeals (meat substitutes),Partial up to max # deals,b1,17.939,0.0013033,0.0031712,2022,0.24497,1.6211,1555,1.5746e+05,-6.3224,1,1,6.4463e-09,1.014e-09,-0.02381,-0.075,0.1525,0.023256,0.068182,0.021591,0.14549,0.057132,43,1,0.61687,0.61687,0,1,0,0,0,0,,,1,1,y,n,m,m,m,m,m,m,m,n,n,n,n,,,,not needed as transformed-cumulative preferred,1,delete,transformed-partial,0,0,0,0,0,0,,0,0,0,0,0,0,411,,,,,,,,0,0,0,0,0,0,delete,
eat_jap_4.1Sal_d213_m100,eating less meat,Japan,4.1,Knowledge Flows (social networks),annualised Google search frequency (index 100=monthly max.),Index 0-100,b1,0.023746,0.023723,1.0299,2306.2,185.06,45631,3.3103,1904.8,-2029.5,0.052157,-0.11511,26.924,23.457,0.052159,-0.053157,26.924,23.457,0.05085,-0.054611,26.942,23.51,21,20,0.0021915,0.00023385,0.0019576,21,5,2,1,0,1,0.77932,0,1,n,y,y,m,m,m,y,m,m,n,m,n,m,,,,noisy,0,hide,original,0,0,0,0,0,0,,0,0,0,0,0,0,412,,,,,,,,0,0,0,0,0,0,delete,
eat_jap_4.1Sal_d239_m153,eating less meat,Japan,4.1,Knowledge Flows (social networks),Partial up to max annualised Google search frequency (index 100=monthly max.),Partial up to max Index 0-100,b1,0.071084,0.071079,2.6011,2166.3,61.82,2.6176e+06,0.39951,1945.5,-5185.7,0.30133,0.12666,20.302,18.154,0.30133,0.19384,20.302,18.155,0.2437,0.12735,21.123,18.949,16,16,3.8202e-05,5.5906e-06,3.2612e-05,16,0,15,0,0,1,0.81517,0,1,m,y,y,y,y,y,y,m,m,m,m,n,m,,,,noisy,0,prefer,transformed-partial,0,0,0,0,0,1,,0,0,0,0,0,1,413,,,,,,,,0,0,0,0,0,1,,
eat_jap_4.5Inf_d120_m103,eating less meat,Japan,4.5,Physical Infrastructure Dependence,Meat supply/person,Kg/year,b1,0.071994,0.015428,0.63313,1977.5,61.039,52.865,7.0068,1885.8,-1224.4,0.97336,0.9717,1.5998,1.1375,0.89383,0.8895,3.1938,2.6038,0.93978,0.93732,2.4054,2.0108,52,52,1.0814,0.3266,0.75484,52,0,51,0,0,0,0.97826,0,1,y,y,y,y,y,y,y,y,y,y,y,y,y,1,,,,0,,,1,1,,,,,,1,1,0,0,0,1,414,,,,,,,,1,1,0,0,0,1,,
eat_net_1.1Ado_d038_m038,eating less meat,The Netherlands,1.1,Adoption over time,% red in total meat consumption,% kg/yr,b1,-0.0032242,0.00089184,-0.0008646,-505.94,-1363,956.4,1555.2,1.5743e+05,2.0262,0.094253,0.038799,0.043385,0.038245,-43.434,-45.212,0.30387,0.30043,0.084174,0.047541,0.043625,0.038369,53,53,0.00042485,0.00024266,0.00018219,53,52,23,0,1,0,0.96897,1,1,n,y,y,y,y,y,y,m,m,n,m,,,,,,,,,,,,,,,,,,,,,,,,,,,,,,,,,,,,,,
eat_net_2.4Eas_d210_m137,eating less meat,The Netherlands,2.4,Ease of Use,Vegetable consumption per capita,kg/yr,b1,0.022179,0.022178,1.9039,2513.9,198.13,9.1889e+06,2.6035,1834.1,-3699.5,0.70342,0.68527,20.407,15.84,0.70342,0.69156,20.407,15.84,0.60403,0.58819,23.58,19.108,53,53,2.4948e-05,6.9385e-06,1.801e-05,53,4,42,0,1,0,0.95094,0,0,y,y,y,y,y,y,y,m,y,m,y,,,,,,,,,,,,,,,,,,,,,,,,,,,,,,,,,,,,,,
eat_net_2.5Var_d037_m038,eating less meat,The Netherlands,2.5,Variety (Choice Availability),% poultry+pig in total meat consumption,% kg/yr,b1,0.16667,0.0011815,0.0008646,1961,26.366,0.71724,0.086275,224.7,-1.0262,0.46044,0.42741,0.033485,0.027912,0.080467,0.043685,0.043714,0.038408,0.084174,0.047541,0.043625,0.038369,53,53,1.0706,0.82771,0.24294,53,23,52,1,0,0,0.9833,1,1,m,y,y,y,y,y,y,y,m,m,m,,,,,,,,,,,,,,,,,,,,,,,,,,,,,,,,,,,,,,
eat_net_2.5Var_d223_m137,eating less meat,The Netherlands,2.5,Variety (Choice Availability),per capita beef consumption,kg/yr,b1,-0.021114,-0.0061556,-0.11524,2037.4,-208.13,26.509,30.265,1916.1,248.61,0.58515,0.55975,1.4872,1.2241,0.57892,0.56207,1.4984,1.207,0.58286,0.56617,1.4913,1.2127,53,53,0.86986,0.55857,0.31129,53,46,11,1,1,0,0.97571,0,1,m,y,y,y,y,y,y,y,y,m,y,,,,,,,,,,,,,,,,,,,,,,,,,,,,,,,,,,,,,,
eat_net_2.5Var_d224_m137,eating less meat,The Netherlands,2.5,Variety (Choice Availability),per capita other meat consumption,kg/yr,b1,0.19315,0.00022111,0.018392,1965,22.752,77.674,63.582,1248.9,38.293,0.20485,0.15617,9.8138,7.3538,0.00058928,-0.039387,11.002,9.1122,0.00065348,-0.03932,11.002,9.1087,53,53,1.3062,0.66472,0.64148,53,29,3,1,0,0,0.98325,0,0,n,y,y,y,y,y,y,y,m,n,m,,,,,,,,,,,,,,,,,,,,,,,,,,,,,,,,,,,,,,
eat_net_2.5Var_d225_m137,eating less meat,The Netherlands,2.5,Variety (Choice Availability),per capita pig consumption,kg/yr,b1,-0.15727,-0.0024424,-0.10797,2024.1,-27.943,41.471,65.21,1781.5,254.16,0.32382,0.28242,6.2454,4.8296,0.041328,0.0029813,7.4364,5.9464,0.047294,0.0091861,7.4132,5.894,53,53,1.39,0.64316,0.7468,53,29,3,1,0,0,0.98389,0,1,m,y,y,y,y,y,y,y,m,m,m,,,,,,,,,,,,,,,,,,,,,,,,,,,,,,,,,,,,,,
eat_net_2.5Var_d226_m137,eating less meat,The Netherlands,2.5,Variety (Choice Availability),per capita poultry consumption,kg/yr,b1,0.15126,0.010683,0.17984,1976.6,29.053,17.062,6.4983,1923.9,-344.77,0.42965,0.39473,4.1443,3.306,0.21256,0.18106,4.8695,4.0272,0.25133,0.22138,4.7481,3.8633,53,53,1.5741,0.30464,1.2695,53,14,3,1,0,1,0.95818,0,1,m,y,y,y,y,y,y,y,m,m,m,,,,,,,,,,,,,,,,,,,,,,,,,,,,,,,,,,,,,,
eat_net_2.5Var_d227_m137,eating less meat,The Netherlands,2.5,Variety (Choice Availability),per capita sheep & goat consumption,kg/yr,b1,0.19416,0.015913,0.015677,1981.4,22.633,1.0535,0.79875,1996.2,-30.475,0.75905,0.7443,0.16711,0.13994,0.41283,0.38935,0.26086,0.21395,0.49622,0.47607,0.24163,0.19956,53,53,1.394,0.21678,1.1772,53,21,49,1,0,0,0.97386,0,1,y,y,y,y,y,y,y,y,y,y,y,,,,,,,,,,,,,,,,,,,,,,,,,,,,,,,,,,,,,,
eat_uki_1.1Ado_d326_m185,eating less meat,UK,1.1,Adoption over time,red meat as a share of meat consumption,market share,b1,-0.017268,0.00059214,-0.0039166,1962.4,-254.48,1,1555.2,1.5742e+05,8.1787,0.89073,0.8839,0.020712,0.015744,-33.582,-34.993,0.36846,0.3631,0.88012,0.87523,0.021694,0.016436,52,52,0.48742,0.27172,0.2157,52,46,2,0,0,0,0.97774,1,1,y,y,y,y,y,y,y,y,y,y,y,m,y,,,,*needs sign reversal * negative slope = LED innovation,0,prefer-relative,transformed-marketshare,1,1,0,1,0,0,,1,1,0,1,0,0,439,,,,,,,,1,1,0,1,0,0,,
eat_uki_2.4Eas_d210_m103,eating less meat,UK,2.4,Ease of Use,Vegetable consumption per capita,Kg/year,b1,0.014386,0.014386,1.2725,2754.5,305.47,5.1658e+06,7.7856,1822.6,-2443.4,0.75166,0.73613,11.419,9.0466,0.75166,0.74152,11.419,9.0466,0.6947,0.68224,12.661,9.9311,52,52,3.293e-05,1.2722e-05,2.0208e-05,52,0,45,0,1,0,0.96151,0,0,y,y,y,y,y,y,y,m,y,m,y,m,y,,,,,0,,,,1,,,,,,1,1,0,0,0,1,440,,,,,,,,1,1,0,0,0,1,,
eat_uki_2.5Var_d037_m038,eating less meat,UK,2.5,Variety (Choice Availability),% poultry+pig in total meat consumption,% kg/yr,b1,0.041586,0.0060389,0.0039166,1952.2,105.67,0.75656,5.6506,2357.6,-7.1787,0.91438,0.90903,0.018334,0.014826,0.8644,0.85887,0.023072,0.017446,0.88012,0.87523,0.021694,0.016436,52,52,0.96262,0.67752,0.2851,52,2,46,0,0,0,0.98105,1,1,y,y,y,y,y,y,y,y,y,y,y,n,y,,,,*needs sign reversal * negative slope = LED innovation,0,,,,1,,,0,0,,1,1,0,0,0,0,415,,,,,,,,1,1,0,0,0,0,delete,
eat_uki_2.5Var_d223_m137,eating less meat,UK,2.5,Variety (Choice Availability),per capita beef consumption,Kg/yr,b1,-0.0056965,-0.0056956,-0.11265,476.03,-771.42,1.169e+05,38.503,1883.6,245.23,0.48021,0.44772,1.7876,1.3375,0.48021,0.45899,1.7876,1.3375,0.46498,0.44315,1.8136,1.3623,52,52,0.00021247,0.0001314,8.1071e-05,52,46,25,0,1,0,0.97758,0,1,m,y,y,y,y,y,y,m,y,m,y,m,y,,,,*needs sign reversal * negative slope = LED innovation,0,,,,1,,,0,0,,1,1,0,0,0,0,417,,,,,,,,1,1,0,0,0,0,delete,
eat_uki_2.5Var_d224_m137,eating less meat,UK,2.5,Variety (Choice Availability),per capita other meat consumption,kg/yr,b1,0.053531,0.0028923,0.020179,2042.9,82.091,5.901,1554.8,1.5746e+05,-39.704,0.61,0.58563,0.27535,0.22242,-1.626,-1.7332,0.71449,0.56222,0.47179,0.45023,0.32045,0.2587,52,52,0.27453,0.020391,0.25414,52,9,33,1,1,1,0.93747,0,1,m,y,y,y,y,y,y,y,y,m,y,m,y,,,,*needs sign reversal * negative slope = LED innovation,0,,,,1,,,0,0,,1,1,0,0,0,0,418,,,,,,,,1,1,0,0,0,0,delete,
eat_uki_2.5Var_d225_m137,eating less meat,UK,2.5,Variety (Choice Availability),per capita pig consumption,Kg/yr,b1,-0.00080621,-0.00080284,-0.020233,-4780.7,-5450.7,6075.2,34.835,1614.5,66.03,0.078297,0.020691,1.0512,0.82209,0.078303,0.040683,1.0512,0.82208,0.076919,0.039242,1.0519,0.8219,52,52,0.0047824,0.0039167,0.00086571,52,50,46,0,0,0,0.97902,0,1,n,y,y,y,y,y,y,m,m,n,m,n,m,,,,*needs sign reversal * negative slope = LED innovation,0,,,,,,,0,0,,1,1,0,0,0,0,419,,,,,,,,1,1,0,0,0,0,delete,
eat_uki_2.5Var_d226_m137,eating less meat,UK,2.5,Variety (Choice Availability),per capita poultry consumption,kg/yr,b1,0.07404,0.021026,0.51647,1985.5,59.353,36.079,6.6758,1938.6,-1007.5,0.96062,0.95815,1.5891,1.4173,0.88601,0.88136,2.7035,2.3784,0.93705,0.93448,2.009,1.7471,52,52,0.95595,0.29221,0.66374,52,3,51,0,0,0,0.97857,0,1,y,y,y,y,y,y,y,y,y,y,y,y,y,,,,*needs sign reversal * negative slope = LED innovation,0,,,1,1,,,0,0,,1,1,0,0,0,0,420,,,,,,,,1,1,0,0,0,0,delete,
eat_uki_2.5Var_d227_m137,eating less meat,UK,2.5,Variety (Choice Availability),per capita sheep & goat consumption,Kg/yr,b1,-0.030538,-0.014031,-0.090678,1999,-143.9,12.176,5.4955,2004.7,187.34,0.8638,0.85529,0.539,0.42473,0.85809,0.8523,0.5502,0.46013,0.86826,0.86289,0.53011,0.42048,52,52,0.83793,0.29895,0.53898,52,50,0,0,0,0,0.97355,0,1,y,y,y,y,y,y,y,y,y,y,y,y,y,,,,*needs sign reversal * negative slope = LED innovation,0,,,1,1,,,0,0,,1,1,0,0,0,0,421,,,,,,,,1,1,0,0,0,0,delete,
eat_uki_3.5Mar_d076_m128,eating less meat,UK,3.5,Market Formation,CumulativeStartups (meat substitutes),cum. # companies,b1,0.5323,0.18013,0.40777,2018.5,8.2556,27.35,0.077062,1990.8,-812.47,0.99258,0.99203,0.64256,0.44059,0.9478,0.94532,1.7037,0.96541,0.50433,0.48073,5.2502,4.1691,45,25,0.91407,0.036563,0.87751,25,2,24,0,0,1,0.88941,0,1,y,y,y,y,y,y,y,y,y,y,y,y,y,,,,,0,prefer,original,1,1,0,0,0,1,,1,1,0,0,0,1,441,,,,,,,,1,1,0,0,0,1,,
eat_uki_3.5Mar_d128_m008,eating less meat,UK,3.5,Market Formation,NewStartups (meat substitutes),# companies,b1,20.377,0.0059828,0.052701,2014.9,0.21566,2.4444,1554,1.5756e+05,-104.95,0.67406,0.65021,0.68673,0.27901,-0.21331,-0.27109,1.325,0.55556,0.32376,0.29156,0.98917,0.75187,45,9,1.6364,0.40909,1.2273,23,6,22,1,0,1,0.81013,0,1,m,y,y,m,m,m,y,y,y,m,m,m,m,,,,,0,hide,original,0,1,0,0,0,0,,0,0,0,0,0,0,442,,check,,,,,,0,1,0,0,0,0,delete,
eat_uki_3.5Mar_d173_m011,eating less meat,UK,3.5,Market Formation,PrivateEquityDeals (meat substitutes),# deals,b1,0.72878,0.012025,0.11594,2019,6.0299,8.2873,1552.7,1.577e+05,-231.09,0.80475,0.79046,1.139,0.3771,-0.15728,-0.21239,2.7729,1.0222,0.34126,0.30989,2.092,1.3609,45,9,1.5687,0.12067,1.448,9,2,8,1,0,1,0.8237,0,1,y,y,y,y,y,y,y,y,y,y,y,y,y,,,,,0,hide,original,1,1,0,0,0,0,,0,1,0,0,0,0,443,check,,,,,,,1,1,0,0,0,0,delete,
eat_uki_3.5Mar_d177_m027,eating less meat,UK,3.5,Market Formation,PrivateEquityInvestment (meat substitutes),$ million,b1,21.632,0.22798,0.8062,2021,0.20315,83.211,6.2867,2013.2,-1607.2,0.51553,0.48008,20.504,5.3483,0.32307,0.29083,24.237,7.8195,0.12633,0.084726,27.534,12.438,45,9,2.3373,0.0040499,2.3332,9,2,8,1,0,1,0.29216,0,0,m,y,y,m,m,m,m,y,m,m,m,m,m,,,,,0,hide,original,0,1,0,0,0,0,,0,1,0,0,0,0,444,,,,,,,,0,1,0,0,0,0,delete,
eat_uki_3.5Mar_d202_m027,eating less meat,UK,3.5,Market Formation,TotalFundraisingAmount (meat substitutes),$ million,b1,36.872,0.22173,0.84659,2021,0.11918,84.733,4.2362,2011,-1687.7,0.50749,0.47146,21.117,5.7125,0.33255,0.30076,24.583,7.9242,0.13351,0.092248,28.01,12.654,45,9,2.3401,0.0039772,2.3361,9,2,8,1,0,1,0.29948,0,0,m,y,y,m,m,m,m,y,m,m,m,m,m,,,,,0,hide,original,0,1,0,0,0,0,,0,1,0,0,0,0,445,,,,,,,,0,1,0,0,0,0,delete,
eat_uki_3.5Mar_d206_m011,eating less meat,UK,3.5,Market Formation,TotalFundraisingDeals (meat substitutes),# deals,b1,0.85476,0.016269,0.16061,2018.5,5.1411,10.742,1551.8,1.5779e+05,-320.11,0.79908,0.78438,1.6078,0.49052,-0.15721,-0.21232,3.8586,1.4222,0.33815,0.30663,2.9181,1.9444,45,9,1.6756,0.093089,1.5825,9,2,8,1,0,1,0.83582,0,1,y,y,y,y,y,y,y,y,y,y,y,y,y,,,,,0,hide,original,1,1,0,0,0,0,,0,1,0,0,0,0,446,check,,,,,,,1,1,0,0,0,0,delete,
eat_uki_3.5Mar_d272_m156,eating less meat,UK,3.5,Market Formation,cumulative CumulativeStartups (meat substitutes),cumulative cum. # companies,b1,0.27157,0.22131,2.1763,2026.4,16.181,521.18,0.18404,1992.8,-4336.3,0.99568,0.99537,2.6753,1.8287,0.99446,0.9942,3.0298,1.9937,0.48198,0.45731,29.302,21.928,45,25,0.33577,0.0019187,0.33385,25,0,24,0,0,0,0.81979,0,0,y,y,y,y,y,y,y,y,y,y,y,y,y,,,,not needed as transformed-cumulative twice (error),1,delete,transformed-cumx2error,0,0,0,0,0,0,,1,1,0,0,0,0,447,check,check,,,,,,1,1,0,0,0,0,delete,
eat_uki_3.5Mar_d273_m157,eating less meat,UK,3.5,Market Formation,Partial up to max CumulativeStartups (meat substitutes),Partial up to max cum. # companies,b1,0.4589,0.031796,0.32392,2019.3,9.576,32.148,1548.6,1.581e+05,-645.26,0.99022,0.98947,0.59751,0.38496,-0.2315,-0.29308,6.7047,2.907,0.44266,0.41479,4.5105,3.3478,43,23,0.77764,0.031106,0.74654,23,0,22,0,0,1,0.8179,0,1,y,y,y,y,y,y,y,y,y,y,y,y,y,,,,not needed as transformed-cumulative preferred,1,delete,transformed-partial,0,0,0,0,0,0,,1,1,0,0,0,0,448,check,check,,,,,,1,1,0,0,0,0,delete,
eat_uki_3.5Mar_d274_m158,eating less meat,UK,3.5,Market Formation,cumulative NewStartups (meat substitutes),cumulative # companies,b1,0.5323,0.18013,0.40777,2018.5,8.2556,27.35,0.077062,1990.8,-812.47,0.99258,0.99203,0.64256,0.44059,0.9478,0.94532,1.7037,0.96541,0.50433,0.48073,5.2502,4.1691,45,25,0.91407,0.036563,0.87751,25,2,24,0,0,1,0.88941,0,1,y,y,y,y,y,y,y,y,y,y,y,y,y,,,,not needed as cumulative in original data,1,delete,transformed-cumulative,0,0,0,0,0,0,,1,1,0,0,0,0,449,check,check,,,,,,1,1,0,0,0,0,delete,
eat_uki_3.5Mar_d275_m159,eating less meat,UK,3.5,Market Formation,Partial up to max NewStartups (meat substitutes),Partial up to max # companies,b1,12.235,1.005,0.025605,2015,0.35917,4,6.6048,2016.5,-50.969,0.94918,0.94456,0.1644,0.027028,0.91829,0.91348,0.20845,0.066598,0.14054,0.089987,0.67605,0.38192,37,3,1,0.25,0.75,17,0,16,0,0,1,0.38095,0,1,y,m,m,m,m,m,m,y,m,m,m,m,m,,,,not needed as transformed-cumulative preferred,1,delete,transformed-partial,0,0,0,0,0,0,,0,1,0,0,0,0,450,,check,,,,,,0,1,0,0,0,0,delete,
eat_uki_3.5Mar_d276_m160,eating less meat,UK,3.5,Market Formation,cumulative PrivateEquityDeals (meat substitutes),cumulative # deals,b1,0.6005,0.311,0.46891,2021.8,7.3179,59.921,0.14321,2005.1,-934.8,0.9954,0.99507,0.71799,0.33806,0.97745,0.97638,1.5904,0.75212,0.3306,0.29872,8.6655,5.987,45,9,0.76768,0.016689,0.75099,9,0,8,0,0,1,0.78599,0,1,y,y,y,y,y,y,y,y,y,y,y,y,y,,,,,0,prefer,transformed-cumulative,1,1,0,0,0,0,,1,1,0,0,0,0,451,,,,,,,,1,1,0,0,0,0,delete,
eat_uki_3.5Mar_d277_m161,eating less meat,UK,3.5,Market Formation,Partial up to max PrivateEquityDeals (meat substitutes),Partial up to max # deals,b1,0.46917,0.010158,0.096043,2047.6,9.3665,2.0146e+06,1553.1,1.5765e+05,-191.42,0.94429,0.94,0.53834,0.22699,-0.11323,-0.16889,2.4064,0.76744,0.27309,0.23675,1.9445,1.1854,43,7,6.4531e-06,4.9639e-07,5.9567e-06,7,0,6,0,0,1,0.53012,0,1,y,y,y,y,y,y,m,m,m,m,m,y,y,,,,not needed as transformed-cumulative preferred,1,delete,transformed-partial,0,0,0,0,0,0,,1,1,0,0,0,0,452,check,check,,,,,,1,1,0,0,0,0,delete,
eat_uki_3.5Mar_d278_m162,eating less meat,UK,3.5,Market Formation,cumulative PrivateEquityInvestment (meat substitutes),cumulative $ million,b1,3.1256,0.42333,2.4972,2021.4,1.406,289.51,0.0068488,1998.4,-4979.1,0.9957,0.99539,4.5127,1.5112,0.9068,0.90236,21.019,8.4738,0.22188,0.18483,60.733,38.452,45,9,1.0557,0.001164,1.0545,9,0,8,0,0,1,0.70972,0,0,y,y,y,m,y,m,y,y,m,m,m,m,m,,,,,0,prefer,transformed-cumulative,1,1,0,0,0,0,,1,1,0,0,0,0,453,,,,,,,,1,1,0,0,0,0,delete,
eat_uki_3.5Mar_d279_m163,eating less meat,UK,3.5,Market Formation,Partial up to max PrivateEquityInvestment (meat substitutes),Partial up to max $ million,b1,1.5898,1.5898,0.78138,2029.6,2.7642,3.6785e+07,0.194,2017.7,-1557.7,0.9993,0.99924,0.7879,0.2304,0.9993,0.99926,0.7879,0.2304,0.10651,0.061832,28.085,12.36,43,7,5.2872e-06,9.1614e-09,5.278e-06,7,0,6,0,0,1,0.19928,0,0,y,y,y,m,y,m,m,m,m,m,m,m,m,,,,not needed as transformed-cumulative preferred,1,delete,transformed-partial,0,0,0,0,0,0,,1,1,0,0,0,0,454,check,check,,,,,,1,1,0,0,0,0,delete,
eat_uki_3.5Mar_d280_m162,eating less meat,UK,3.5,Market Formation,cumulative TotalFundraisingAmount (meat substitutes),cumulative $ million,b1,2.8519,0.41169,2.6935,2021.4,1.5409,307.55,0.0031356,1995.7,-5370.5,0.99446,0.99406,5.4336,1.8554,0.91257,0.90841,21.592,8.8283,0.22947,0.19278,64.1,40.725,45,9,1.0476,0.0010958,1.0465,9,0,8,0,0,1,0.71921,0,0,y,y,y,m,y,m,y,y,m,m,m,m,m,,,,,0,prefer,transformed-cumulative,1,1,0,0,0,0,,1,1,0,0,0,0,455,,,,,,,,1,1,0,0,0,0,delete,
eat_uki_3.5Mar_d281_m163,eating less meat,UK,3.5,Market Formation,Partial up to max TotalFundraisingAmount (meat substitutes),Partial up to max $ million,b1,1.4991,1.4991,0.82761,2029.9,2.9313,2.6954e+07,0.29981,2017.7,-1649.9,0.99432,0.99389,2.2887,0.56223,0.99432,0.99404,2.2887,0.56223,0.11434,0.070054,28.584,12.681,43,7,7.3565e-06,1.2503e-08,7.3439e-06,7,0,6,0,0,1,0.20532,0,0,y,y,y,m,y,m,m,m,m,m,m,m,m,,,,not needed as transformed-cumulative preferred,1,delete,transformed-partial,0,0,0,0,0,0,,0,1,0,0,0,0,456,,check,,,,,,0,1,0,0,0,0,delete,
eat_uki_3.5Mar_d282_m160,eating less meat,UK,3.5,Market Formation,cumulative TotalFundraisingDeals (meat substitutes),cumulative # deals,b1,0.65894,0.30662,0.66719,2021.4,6.6689,77.86,5.3713,2015.5,-1330.1,0.99649,0.99623,0.89464,0.4097,0.97209,0.97076,2.5215,1.209,0.32961,0.29768,12.358,8.6329,45,9,0.82198,0.012843,0.80914,9,0,8,0,0,1,0.79585,0,1,y,y,y,y,y,y,y,y,y,y,y,y,y,,,,,0,prefer,transformed-cumulative,1,1,0,0,0,0,,0,1,0,0,0,0,457,check,,,,,,,1,1,0,0,0,0,delete,
eat_uki_3.5Mar_d283_m161,eating less meat,UK,3.5,Market Formation,Partial up to max TotalFundraisingDeals (meat substitutes),Partial up to max # deals,b1,0.42881,0.014349,0.13999,2049.6,10.248,2.3078e+06,1552.2,1.5774e+05,-279,0.96783,0.96536,0.58435,0.2625,-0.1174,-0.17327,3.4439,1.1163,0.28432,0.24854,2.7562,1.7467,43,7,7.7997e-06,4.3332e-07,7.3664e-06,7,0,6,0,0,1,0.58039,0,1,y,y,y,y,y,y,m,m,m,m,m,y,y,,,,not needed as transformed-cumulative preferred,1,delete,transformed-partial,0,0,0,0,0,0,,1,1,0,0,0,0,458,check,check,,,,,,1,1,0,0,0,0,delete,
eat_uki_4.1Sal_d213_m100,eating less meat,UK,4.1,Knowledge Flows (social networks),annualised Google search frequency (index 100=monthly max.),Index 0-100,b1,0.75883,0.073951,3.8873,2013.4,5.7911,77.49,0.21866,1942.9,-7783.5,0.77406,0.73419,14.583,11.281,0.52808,0.47565,21.076,17.605,0.58866,0.54296,19.677,16.872,21,20,1.2905,0.0092014,1.2813,21,5,15,1,1,1,0.95608,0,1,y,y,y,y,y,y,y,y,y,y,y,y,y,,,,,0,hide,original,1,1,0,0,0,0,,0,1,0,0,0,0,459,check,,,,,,,1,1,0,0,0,0,delete,
eat_uki_4.1Sal_d239_m153,eating less meat,UK,4.1,Knowledge Flows (social networks),Partial up to max annualised Google search frequency (index 100=monthly max.),Partial up to max Index 0-100,b1,0.23022,0.18776,5.3641,2022.4,19.088,333.07,0.04101,1977.1,-10752,0.86472,0.8309,11.3,8.5677,0.86369,0.84272,11.343,9.0237,0.64778,0.59359,18.233,15.965,16,15,0.30024,0.0021408,0.2981,16,0,10,0,1,1,0.83624,0,1,y,y,y,y,y,y,y,y,y,y,y,y,y,,,,,0,prefer,transformed-partial,1,1,0,0,0,1,,1,1,0,0,0,1,460,,,,,,,,1,1,0,0,0,1,,
eat_uki_4.5Inf_d120_m103,eating less meat,UK,4.5,Physical Infrastructure Dependence,Meat supply/person,Kg/year,b1,0.0041344,0.0041313,0.31301,3739.9,1062.9,1.0311e+05,18.442,1652.7,-548.45,0.74772,0.73196,2.7361,2.1477,0.74772,0.73743,2.7361,2.1477,0.74371,0.73325,2.7578,2.1829,52,52,0.00083192,0.0006525,0.00017941,52,15,45,1,1,0,0.9798,0,1,y,y,y,y,y,y,y,m,y,m,y,m,y,,,,,0,,,,1,,,,,,1,1,0,0,0,1,461,,,,,,,,1,1,0,0,0,1,,
eat_usa_1.1Ado_d326_m185,eating less meat,US,1.1,Adoption over time,red meat as a share of meat consumption,market share,b1,-0.020221,0.00051082,-0.0047322,1975,-217.33,1,1555.3,1.5742e+05,9.8434,0.92085,0.9159,0.020925,0.015586,-28.97,-30.193,0.40716,0.40031,0.9119,0.9083,0.022076,0.016528,52,52,0.55685,0.30495,0.2519,52,46,2,0,0,0,0.97837,1,1,y,y,y,y,y,y,y,y,y,y,y,m,y,,,,*needs sign reversal * negative slope = LED innovation,0,prefer-relative,transformed-marketshare,1,1,0,1,0,0,,1,1,0,1,0,0,486,,,,,,,,1,1,0,1,0,0,,
eat_usa_2.4Eas_d210_m103,eating less meat,US,2.4,Ease of Use,Vegetable consumption per capita,Kg/year,b1,0.067311,0.003918,0.47889,1951.6,65.285,128.27,26.221,1609.9,-836.61,0.72934,0.71243,4.7764,3.7871,0.59676,0.5803,5.8301,4.7046,0.61283,0.59703,5.7128,4.6148,52,52,1.0487,0.77444,0.27422,52,22,51,1,0,0,0.98109,0,0,y,y,y,y,y,y,y,y,y,y,y,y,y,,,,,0,,,1,1,,,,,,1,1,0,0,0,1,487,,,,,,,,1,1,0,0,0,1,,
eat_usa_2.5Var_d037_m038,eating less meat,US,2.5,Variety (Choice Availability),% poultry+pig in total meat consumption,% kg/yr,b1,0.045039,0.0077143,0.0047322,1960.1,97.571,0.73931,0.15424,1820.3,-8.8434,0.94461,0.94115,0.017504,0.012082,0.89165,0.88723,0.024481,0.018745,0.9119,0.9083,0.022076,0.016528,52,52,0.94013,0.59941,0.34073,52,2,46,0,0,0,0.98113,1,1,y,y,y,y,y,y,y,y,y,y,y,y,y,,,,*needs sign reversal * negative slope = LED innovation,0,,,1,1,,,0,0,,1,1,0,0,0,0,462,,,,,,,,1,1,0,0,0,0,delete,
eat_usa_2.5Var_d223_m137,eating less meat,US,2.5,Variety (Choice Availability),per capita beef consumption,Kg/yr,b1,-0.0092294,-0.0092277,-0.41287,1065.1,-476.14,2.3969e+05,69.664,1947.4,869.02,0.89365,0.887,2.1469,1.6393,0.89365,0.88931,2.1469,1.6393,0.88602,0.88137,2.2225,1.6615,52,52,0.0002548,0.00014507,0.00010974,52,45,6,1,1,0,0.97889,0,1,y,y,y,y,y,y,y,m,y,m,y,m,y,,,,*needs sign reversal * negative slope = LED innovation,0,,,,1,,,0,0,,1,1,0,0,0,0,464,,,,,,,,1,1,0,0,0,0,delete,
eat_usa_2.5Var_d224_m137,eating less meat,US,2.5,Variety (Choice Availability),per capita other meat consumption,kg/yr,b1,-0.0085031,0.00028197,-0.0067266,796.2,-516.81,23130,1555.6,1.5739e+05,14.292,0.55847,0.53087,0.094059,0.08208,-37.709,-39.289,0.8807,0.86925,0.50864,0.48859,0.099225,0.086333,52,52,5.1187e-05,2.7894e-05,2.3292e-05,52,51,24,0,1,0,0.97126,0,1,m,y,y,y,y,y,y,m,y,m,y,m,y,,,,*needs sign reversal * negative slope = LED innovation,0,,,,1,,,0,0,,1,1,0,0,0,0,465,,,,,,,,1,1,0,0,0,0,delete,
eat_usa_2.5Var_d225_m137,eating less meat,US,2.5,Variety (Choice Availability),per capita pig consumption,Kg/yr,b1,-0.031635,-0.001455,-0.043029,2092.6,-138.91,30.922,41.568,1757.7,115.28,0.13016,0.0758,1.7144,1.3694,0.12276,0.086957,1.7217,1.3787,0.12342,0.087643,1.7211,1.378,52,52,1.0992,0.81052,0.28868,52,41,46,1,0,0,0.97793,0,1,n,y,y,y,y,y,y,y,m,n,m,n,m,,,,*needs sign reversal * negative slope = LED innovation,0,,,,,,,0,0,,1,1,0,0,0,0,466,,,,,,,,1,1,0,0,0,0,delete,
eat_usa_2.5Var_d226_m137,eating less meat,US,2.5,Variety (Choice Availability),per capita poultry consumption,kg/yr,b1,0.071971,0.017386,0.76179,1980.9,61.059,59.22,6.402,1890,-1478.8,0.97438,0.97278,1.8872,1.5531,0.88935,0.88483,3.9222,3.6669,0.94023,0.93779,2.8827,2.6324,52,52,0.97754,0.37112,0.60642,52,1,46,0,0,0,0.97962,0,1,y,y,y,y,y,y,y,y,y,y,y,y,y,,,,*needs sign reversal * negative slope = LED innovation,0,,,1,1,,,0,0,,1,1,0,0,0,0,467,,,,,,,,1,1,0,0,0,0,delete,
eat_usa_2.5Var_d227_m137,eating less meat,US,2.5,Variety (Choice Availability),per capita sheep & goat consumption,Kg/yr,b1,-0.021271,-0.02127,-0.01241,1450.9,-206.59,68947,0.7148,1990.4,25.443,0.70705,0.68874,0.12882,0.089168,0.70705,0.69509,0.12882,0.089169,0.61237,0.59655,0.14818,0.10559,52,52,2.0667e-05,5.8016e-06,1.4865e-05,52,51,10,0,1,0,0.95052,0,1,y,y,y,y,y,y,y,m,y,m,y,m,y,,,,*needs sign reversal * negative slope = LED innovation,0,,,,1,,,0,0,,1,1,0,0,0,0,468,,,,,,,,1,1,0,0,0,0,delete,
eat_usa_3.5Mar_d076_m128,eating less meat,US,3.5,Market Formation,CumulativeStartups (meat substitutes),cum. # companies,b1,0.15201,0.12038,1.6223,2027.2,28.909,253.01,0.94356,1985.3,-3228.2,0.97304,0.97107,4.2056,3.1335,0.97092,0.96953,4.3684,2.7931,0.67654,0.66114,14.568,12.192,45,43,0.33991,0.0039524,0.33595,43,1,42,0,0,0,0.9137,0,1,y,y,y,y,y,y,y,y,y,y,y,y,y,,,,,0,prefer,original,1,1,0,0,0,1,,1,1,0,0,0,1,488,,,,,,,,1,1,0,0,0,1,,
eat_usa_3.5Mar_d128_m008,eating less meat,US,3.5,Market Formation,NewStartups (meat substitutes),# companies,b1,1.5864,0.014631,0.1448,2015.4,2.77,6.9349,1552.4,1.5772e+05,-287.97,0.48924,0.45187,2.3814,1.2924,-0.32895,-0.39223,3.8413,1.9111,0.31849,0.28603,2.7508,1.7702,45,23,2.163,0.1442,2.0188,42,4,41,0,0,1,0.8238,0,1,m,y,y,m,m,m,y,y,y,m,m,m,m,,,,,0,hide,original,1,1,0,0,0,0,,0,1,0,0,0,0,489,check,,,,,,,1,1,0,0,0,0,delete,
eat_usa_3.5Mar_d173_m011,eating less meat,US,3.5,Market Formation,PrivateEquityDeals (meat substitutes),# deals,b1,0.91788,0.035675,0.36548,2017.4,4.7876,20.452,1547.7,1.582e+05,-728.25,0.72454,0.70439,4.0752,1.5213,-0.19678,-0.25377,8.4944,3.4444,0.37368,0.34386,6.145,4.1781,45,14,1.9069,0.048895,1.858,14,3,12,1,0,1,0.84139,0,1,y,y,y,y,y,y,y,y,y,y,y,y,y,,,,,0,hide,original,1,1,0,0,0,0,,0,1,0,0,0,0,490,check,,,,,,,1,1,0,0,0,0,delete,
eat_usa_3.5Mar_d177_m027,eating less meat,US,3.5,Market Formation,PrivateEquityInvestment (meat substitutes),$ million,b1,3.5128,0.11599,7.1649,2017.4,1.251,399.05,0.019257,1938.3,-14276,0.55661,0.52416,124.31,45.48,0.35308,0.32227,150.16,76.433,0.24844,0.21265,161.84,99.255,45,14,2.3349,0.0061772,2.3288,14,3,13,1,0,1,0.76329,0,0,m,y,y,m,y,m,y,y,m,m,m,m,m,,,,,0,hide,original,1,1,0,0,0,0,,0,1,0,0,0,0,491,check,,,,,,,1,1,0,0,0,0,delete,
eat_usa_3.5Mar_d202_m027,eating less meat,US,3.5,Market Formation,TotalFundraisingAmount (meat substitutes),$ million,b1,37.478,0.088335,11.792,2013.1,0.11725,496.98,0.082399,1924.2,-23483,0.52679,0.49217,200.98,90.579,0.31412,0.28146,241.97,149.72,0.27474,0.2402,248.82,173.38,45,17,2.376,0.00496,2.371,31,5,13,1,1,1,0.68864,0,0,m,y,y,m,m,m,m,y,m,m,m,m,m,,,,,0,hide,original,1,1,0,0,0,0,,0,1,0,0,0,0,492,check,,,,,,,1,1,0,0,0,0,delete,
eat_usa_3.5Mar_d206_m011,eating less meat,US,3.5,Market Formation,TotalFundraisingDeals (meat substitutes),# deals,b1,0.8748,0.13179,0.49855,2017,5.0234,27.387,2.4196,2004.7,-993.17,0.76123,0.74375,5.0555,2.0657,0.61755,0.59933,6.3983,3.2673,0.39165,0.36268,8.0695,5.6549,45,22,1.7527,0.036514,1.7162,44,3,43,0,0,1,0.85741,0,1,y,y,y,m,m,m,y,y,y,m,m,m,m,,,,,0,hide,original,1,1,0,0,0,0,,0,1,0,0,0,0,493,check,,,,,,,1,1,0,0,0,0,delete,
eat_usa_3.5Mar_d272_m156,eating less meat,US,3.5,Market Formation,cumulative CumulativeStartups (meat substitutes),cumulative cum. # companies,b1,0.11719,0.11719,14.731,2132.8,37.499,2.9943e+08,0.011777,1928.3,-29317,0.99754,0.99736,11.137,8.5052,0.99754,0.99743,11.137,8.5052,0.72511,0.71202,117.8,94.562,45,43,2.9355e-06,3.3396e-09,2.9322e-06,43,0,42,0,0,0,0.88806,0,0,y,y,y,y,y,y,y,m,y,m,y,m,y,,,,not needed as transformed-cumulative twice (error),1,delete,transformed-cumx2error,0,0,0,0,0,0,,1,1,0,0,0,0,494,check,check,,,,,,1,1,0,0,0,0,delete,
eat_usa_3.5Mar_d273_m157,eating less meat,US,3.5,Market Formation,Partial up to max CumulativeStartups (meat substitutes),Partial up to max cum. # companies,b1,0.13089,0.13089,1.5247,2097,33.574,1.5245e+06,1.1782,1989.5,-3033.6,0.97682,0.97509,3.6292,2.5909,0.97682,0.97569,3.6292,2.5909,0.65954,0.64293,13.91,11.297,44,42,5.6413e-05,6.5596e-07,5.5757e-05,42,0,41,0,0,0,0.89745,0,1,y,y,y,y,y,y,y,m,y,m,y,y,y,,,,not needed as transformed-cumulative preferred,1,delete,transformed-partial,0,0,0,0,0,0,,1,1,0,0,0,0,495,check,check,,,,,,1,1,0,0,0,0,delete,
eat_usa_3.5Mar_d274_m158,eating less meat,US,3.5,Market Formation,cumulative NewStartups (meat substitutes),cumulative # companies,b1,0.15201,0.12038,1.6223,2027.2,28.909,253.01,0.94356,1985.3,-3228.2,0.97304,0.97107,4.2056,3.1335,0.97092,0.96953,4.3684,2.7931,0.67654,0.66114,14.568,12.192,45,43,0.33991,0.0039524,0.33595,43,1,42,0,0,0,0.9137,0,1,y,y,y,y,y,y,y,y,y,y,y,y,y,,,,not needed as cumulative in original data,1,delete,transformed-cumulative,0,0,0,0,0,0,,1,1,0,0,0,0,496,check,check,,,,,,1,1,0,0,0,0,delete,
eat_usa_3.5Mar_d275_m159,eating less meat,US,3.5,Market Formation,Partial up to max NewStartups (meat substitutes),Partial up to max # companies,b1,0.3776,0.016031,0.15816,2046.3,11.638,4.6386e+05,1552,1.5775e+05,-314.64,0.86914,0.85823,1.1434,0.6859,-0.25626,-0.32416,3.5426,1.6,0.33366,0.29764,2.5801,1.6429,40,19,3.2337e-05,2.1558e-06,3.0181e-05,38,0,37,0,0,1,0.61952,0,1,y,y,y,m,m,m,m,m,y,m,m,m,m,,,,not needed as transformed-cumulative preferred,1,delete,transformed-partial,0,0,0,0,0,0,,1,1,0,0,0,0,497,check,check,,,,,,1,1,0,0,0,0,delete,
eat_usa_3.5Mar_d276_m160,eating less meat,US,3.5,Market Formation,cumulative PrivateEquityDeals (meat substitutes),cumulative # deals,b1,0.51355,0.23691,1.9996,2020.7,8.5571,190.54,0.1343,1993.6,-3985.6,0.99531,0.99496,2.7596,1.2924,0.97144,0.97008,6.8075,3.6057,0.41557,0.38774,30.796,23.04,45,14,0.81346,0.010496,0.80297,14,0,13,0,0,0,0.84314,0,0,y,y,y,y,y,y,y,y,y,y,y,y,y,,,,,0,prefer,transformed-cumulative,1,1,0,0,0,0,,1,1,0,0,0,0,498,,,,,,,,1,1,0,0,0,0,delete,
eat_usa_3.5Mar_d277_m161,eating less meat,US,3.5,Market Formation,Partial up to max PrivateEquityDeals (meat substitutes),Partial up to max # deals,b1,0.43104,0.031444,0.31942,2049.1,10.195,6.4748e+06,1548.5,1.581e+05,-636.43,0.95164,0.94783,1.5138,0.60188,-0.13953,-0.19797,7.3485,2.5714,0.31633,0.28127,5.6919,3.5343,42,11,6.0233e-06,1.5444e-07,5.8689e-06,11,0,9,0,0,1,0.52866,0,1,y,y,y,y,y,y,m,m,y,m,m,y,y,,,,not needed as transformed-cumulative preferred,1,delete,transformed-partial,0,0,0,0,0,0,,1,1,0,0,0,0,499,check,check,,,,,,1,1,0,0,0,0,delete,
eat_usa_3.5Mar_d278_m162,eating less meat,US,3.5,Market Formation,cumulative PrivateEquityInvestment (meat substitutes),cumulative $ million,b1,0.91217,0.23462,41.5,2019.6,4.8176,3198.2,8.2616e-06,1939.1,-82722,0.99527,0.99492,59.461,27.154,0.93109,0.92781,226.94,119.43,0.38864,0.35953,675.98,512.93,45,14,0.95953,0.00077073,0.95876,14,0,13,0,0,1,0.85817,0,0,y,y,y,y,y,y,y,y,y,y,y,y,y,,,,,0,prefer,transformed-cumulative,1,1,0,0,0,0,,1,1,0,0,0,0,500,,,,,,,,1,1,0,0,0,0,delete,
eat_usa_3.5Mar_d279_m163,eating less meat,US,3.5,Market Formation,Partial up to max PrivateEquityInvestment (meat substitutes),Partial up to max $ million,b1,0.71261,0.43373,8.3223,2020.2,6.1667,1471.4,5.6268e-07,1971.9,-16584,0.9726,0.97044,31.756,13.172,0.96612,0.96438,35.312,15.451,0.2765,0.23939,163.18,106.3,42,11,0.63325,0.0016753,0.63157,11,0,10,0,0,1,0.66004,0,0,y,y,y,m,y,m,m,y,m,m,m,m,m,,,,not needed as transformed-cumulative preferred,1,delete,transformed-partial,0,0,0,0,0,0,,1,1,0,0,0,0,501,check,check,,,,,,1,1,0,0,0,0,delete,
eat_usa_3.5Mar_d280_m162,eating less meat,US,3.5,Market Formation,cumulative TotalFundraisingAmount (meat substitutes),cumulative $ million,b1,0.46221,0.17482,93.495,2018.5,9.5075,6297.5,4.8419e-05,1916.7,-1.8631e+05,0.98947,0.9887,174.58,93.84,0.94527,0.94266,398.09,231.73,0.50919,0.48581,1192.1,956.44,45,31,0.88807,0.0034935,0.88457,31,0,30,0,0,1,0.89103,0,0,y,y,y,m,y,m,y,y,y,m,m,m,m,,,,,0,prefer,transformed-cumulative,1,1,0,0,0,0,,1,1,0,0,0,0,502,,,,,,,,1,1,0,0,0,0,delete,
eat_usa_3.5Mar_d281_m163,eating less meat,US,3.5,Market Formation,Partial up to max TotalFundraisingAmount (meat substitutes),Partial up to max $ million,b1,0.34074,0.34069,10.997,2051,12.897,5.1772e+07,1.3061e-07,1952.3,-21901,0.58608,0.55159,166.86,62.529,0.58608,0.56371,166.86,62.534,0.23957,0.19846,226.17,146.02,40,12,2.2808e-05,4.7613e-08,2.2761e-05,26,0,8,0,1,1,0.41513,0,0,m,y,y,m,m,m,m,m,m,m,m,m,m,,,,not needed as transformed-cumulative preferred,1,delete,transformed-partial,0,0,0,0,0,0,,1,1,0,0,0,0,503,check,check,,,,,,1,1,0,0,0,0,delete,
eat_usa_3.5Mar_d282_m160,eating less meat,US,3.5,Market Formation,cumulative TotalFundraisingDeals (meat substitutes),cumulative # deals,b1,0.41237,0.21529,2.9622,2021,10.657,301.14,0.039591,1983.3,-5900.9,0.99195,0.99136,5.1064,4.2501,0.97777,0.97671,8.4863,5.1805,0.45682,0.43095,41.95,31.452,45,44,0.7372,0.0033207,0.73388,44,0,43,0,0,0,0.85052,0,0,y,y,y,y,y,y,y,y,y,y,y,y,y,,,,,0,prefer,transformed-cumulative,1,1,0,0,0,0,,1,1,0,0,0,0,504,,,,,,,,1,1,0,0,0,0,delete,
eat_usa_3.5Mar_d283_m161,eating less meat,US,3.5,Market Formation,Partial up to max TotalFundraisingDeals (meat substitutes),Partial up to max # deals,b1,0.34628,0.041424,0.42444,2054.2,12.69,4.2244e+06,1546.5,1.583e+05,-845.42,0.9399,0.93516,2.1676,0.9117,-0.17198,-0.23208,9.5718,3.6667,0.33856,0.30464,7.1908,4.6707,42,19,1.1362e-05,2.3672e-07,1.1126e-05,41,0,40,0,0,1,0.56887,0,1,y,y,y,m,m,m,m,m,y,m,m,m,m,,,,not needed as transformed-cumulative preferred,1,delete,transformed-partial,0,0,0,0,0,0,,1,1,0,0,0,0,505,check,check,,,,,,1,1,0,0,0,0,delete,
eat_usa_4.1Sal_d213_m100,eating less meat,US,4.1,Knowledge Flows (social networks),annualised Google search frequency (index 100=monthly max.),Index 0-100,b1,0.56169,0.015825,0.9812,2007.3,7.8236,55.364,5.1629,1876.3,-1930.4,0.22319,0.086103,23.622,18.097,0.036412,-0.070653,26.309,20.977,0.049144,-0.056507,26.135,20.879,21,20,1.8062,0.02849,1.7778,21,6,0,1,0,1,0.92908,0,1,n,y,y,y,m,m,y,y,m,n,m,n,m,,,,full series better fit,0,prefer,original,1,1,0,0,0,1,,0,1,0,0,0,1,506,check,,,,,,,1,1,0,0,0,1,,
eat_usa_4.1Sal_d239_m153,eating less meat,US,4.1,Knowledge Flows (social networks),Partial up to max annualised Google search frequency (index 100=monthly max.),Partial up to max Index 0-100,b1,0.10363,0.10362,4.7409,2105.4,42.407,7.6154e+05,0.10058,1952.5,-9486.3,0.65312,0.55852,15.203,13.061,0.65312,0.59531,15.203,13.061,0.62964,0.56792,15.709,13.081,15,14,0.00013131,2.4854e-05,0.00010646,15,0,11,0,1,1,0.82235,0,1,m,y,y,y,y,y,y,m,y,m,y,m,y,,,,,0,hide,transformed-partial,0,0,0,0,0,0,,1,1,0,0,0,0,507,check,check,,,,,,1,1,0,0,0,0,delete,
eat_usa_4.5Inf_d120_m103,eating less meat,US,4.5,Physical Infrastructure Dependence,Meat supply/person,Kg/year,b1,0.041016,0.0024167,0.28669,1926.3,107.14,125.51,34.716,1491.5,-454.66,0.61265,0.58844,3.5473,3.004,0.5642,0.54641,3.7626,3.0648,0.56992,0.55236,3.7378,3.0493,52,52,1.0114,0.8365,0.17489,52,1,48,0,0,0,0.98003,0,0,m,y,y,y,y,y,y,m,y,m,y,m,y,,,,,0,,,,1,,,,,,1,1,0,0,0,0,508,,,,,,,,1,1,0,0,0,0,delete,
ebi_chi_1.1Ado_d333_m185,e-bikes,China,1.1,Adoption over time,e-bikes as a share of bikes sold,market share,b8,0.42818,0.0022719,0.014422,2012,10.263,0.82022,1555.3,1.575e+05,-28.345,0.81613,0.54032,0.012232,0.010547,-749.21,-1249.4,0.78135,0.78083,0.74552,0.57587,0.014391,0.012881,6,6,0.99033,0.90255,0.087776,6,2,5,1,0,0,0.83504,1,1,y,y,y,y,y,y,y,m,y,m,y,n,y,,,,,0,prefer-relative,transformed-marketshare,0,1,0,1,0,0,,1,1,0,1,0,0,511,check,,,,,,,1,1,0,1,0,0,,
ebi_chi_3.5Mar_d074_m128,e-bikes,China,3.5,Market Formation,CumulativeStartups,cum. # companies,b8,0.26996,0.10522,1.5157,2015.1,16.278,75.857,2.3093,1990.1,-3017.6,0.98432,0.98317,2.8679,1.8888,0.94403,0.94137,5.4184,4.0777,0.73862,0.72618,11.71,10.619,45,28,0.88324,0.013183,0.87005,28,1,27,0,0,0,0.93269,0,1,y,y,y,y,y,y,y,y,y,y,y,y,y,,,,,0,prefer,original,1,1,0,0,0,1,,1,1,0,0,0,1,512,,,,,,,,1,1,0,0,0,1,,
ebi_chi_3.5Mar_d126_m008,e-bikes,China,3.5,Market Formation,NewStartups,# companies,b8,0.75513,0.010668,0.10329,2010.1,5.8194,4.0026,1553.3,1.5764e+05,-205.31,0.36399,0.31745,2.0703,1.1415,-0.32896,-0.39224,2.9926,1.4889,0.26705,0.23215,2.2224,1.301,45,22,2.998,0.24984,2.7482,27,7,26,1,0,1,0.78412,0,1,m,y,y,m,m,m,y,y,m,m,m,m,m,,,,,0,hide,original,0,1,0,0,0,0,,0,0,0,0,0,0,513,,check,,,,,,0,1,0,0,0,0,delete,
ebi_chi_3.5Mar_d171_m011,e-bikes,China,3.5,Market Formation,PrivateEquityDeals,# deals,b8,2.8921,0.041641,0.28788,2014.5,1.5195,12.745,-3.5222,4501.6,-573.42,0.78377,0.76795,2.7076,1.0657,-0.24996,-0.30949,6.5098,2.9111,0.41229,0.38431,4.4638,3.2406,45,14,2.0401,0.078465,1.9616,17,7,16,1,0,1,0.84636,0,1,y,y,y,y,y,y,y,y,y,y,y,y,y,,,,,0,hide,original,1,1,0,0,0,0,,1,1,0,0,0,0,514,,,,,,,,1,1,0,0,0,0,delete,
ebi_chi_3.5Mar_d175_m027,e-bikes,China,3.5,Market Formation,PrivateEquityInvestment,$ million,b8,0.90463,0.12033,2.901,2017.4,4.8577,165.56,0.42342,1974.4,-5780.1,0.22943,0.17305,98.121,29.98,0.16593,0.12622,102.08,35.765,0.11361,0.071401,105.24,43.019,45,12,4.5334,0.0058829,4.5275,17,3,10,1,1,1,0.17134,0,0,n,y,y,m,m,m,m,y,m,n,m,n,m,,,,,0,hide,original,0,1,0,0,0,0,,0,1,0,0,0,0,515,,,,,,,,0,1,0,0,0,0,delete,
ebi_chi_3.5Mar_d200_m027,e-bikes,China,3.5,Market Formation,TotalFundraisingAmount,$ million,b8,37.248,0.089815,5.1534,2014.1,0.11798,217.2,0.14494,1941.2,-10262,0.35696,0.30991,116.1,49.013,0.24625,0.21036,125.7,66.351,0.21369,0.17625,128.39,74.694,45,15,3.5624,0.0044842,3.5579,22,3,10,1,1,1,0.33282,0,0,m,y,y,m,m,m,m,y,m,m,m,m,m,,,,,0,hide,original,0,1,0,0,0,0,,0,1,0,0,0,0,516,,,,,,,,0,1,0,0,0,0,delete,
ebi_chi_3.5Mar_d204_m011,e-bikes,China,3.5,Market Formation,TotalFundraisingDeals,# deals,b8,2.9417,0.026456,0.35072,2014.6,1.4938,15.4,0.12629,2937.4,-698.55,0.78292,0.76703,3.2271,1.4078,-0.27015,-0.33063,7.806,3.6,0.43248,0.40545,5.2179,3.7376,45,16,2.013,0.064936,1.9481,22,7,21,1,0,1,0.84354,0,1,y,y,y,m,y,m,y,y,y,m,m,m,m,,,,,0,hide,original,1,1,0,0,0,0,,1,1,0,0,0,0,517,,,,,,,,1,1,0,0,0,0,delete,
ebi_chi_3.5Mar_d242_m156,e-bikes,China,3.5,Market Formation,cumulative CumulativeStartups,cumulative cum. # companies,b8,0.19815,0.14067,12.792,2023.1,22.177,1395.4,0.006364,1940.5,-25478,0.99921,0.99916,5.7739,4.5151,0.99363,0.99332,16.434,13.048,0.65113,0.63452,121.6,101.22,45,28,0.54249,0.00071663,0.54178,28,0,27,0,0,1,0.88643,0,0,y,y,y,y,y,y,y,y,y,y,y,y,y,,,,not needed as transformed-cumulative twice (error),1,delete,transformed-cumx2error,0,0,0,0,0,0,,1,1,0,0,0,0,518,check,check,,,,,,1,1,0,0,0,0,delete,
ebi_chi_3.5Mar_d243_m157,e-bikes,China,3.5,Market Formation,Partial up to max CumulativeStartups,Partial up to max cum. # companies,b8,0.26011,0.11328,1.4623,2015.4,16.894,78.506,2.9328,1993.9,-2911.1,0.98288,0.9816,2.8607,1.8768,0.95197,0.94963,4.7913,3.4727,0.72136,0.70777,11.541,10.384,44,27,0.85344,0.012738,0.8407,27,0,26,0,0,0,0.92321,0,1,y,y,y,y,y,y,y,y,y,y,y,y,y,,,,not needed as transformed-cumulative preferred,1,delete,transformed-partial,0,0,0,0,0,0,,1,1,0,0,0,0,519,check,check,,,,,,1,1,0,0,0,0,delete,
ebi_chi_3.5Mar_d244_m158,e-bikes,China,3.5,Market Formation,cumulative NewStartups,cumulative # companies,b8,0.26996,0.10522,1.5157,2015.1,16.278,75.857,2.3093,1990.1,-3017.6,0.98432,0.98317,2.8679,1.8888,0.94403,0.94137,5.4184,4.0777,0.73862,0.72618,11.71,10.619,45,28,0.88324,0.013183,0.87005,28,1,27,0,0,0,0.93269,0,1,y,y,y,y,y,y,y,y,y,y,y,y,y,,,,not needed as cumulative in original data,1,delete,transformed-cumulative,0,0,0,0,0,0,,1,1,0,0,0,0,520,check,check,,,,,,1,1,0,0,0,0,delete,
ebi_chi_3.5Mar_d245_m159,e-bikes,China,3.5,Market Formation,Partial up to max NewStartups,Partial up to max # companies,b8,0.48595,0.015943,0.15695,2017.4,9.0431,37.346,1552,1.5775e+05,-312.25,0.86985,0.85802,0.99261,0.543,-0.23167,-0.30412,3.0536,1.3243,0.37092,0.33392,2.1823,1.466,37,15,0.32132,0.026777,0.29455,20,0,19,0,0,1,0.66087,0,1,y,y,y,m,m,m,m,y,y,m,m,m,m,,,,not needed as transformed-cumulative preferred,1,delete,transformed-partial,0,0,0,0,0,0,,1,1,0,0,0,0,521,check,check,,,,,,1,1,0,0,0,0,delete,
ebi_chi_3.5Mar_d246_m160,e-bikes,China,3.5,Market Formation,cumulative PrivateEquityDeals,cumulative # deals,b8,0.49366,0.1846,2.0258,2018.4,8.9017,135.71,1.7677,1999.8,-4037.3,0.99247,0.99192,3.2613,1.5035,0.95095,0.94862,8.3225,5.4448,0.49018,0.4659,26.832,22.007,45,17,0.96532,0.0073689,0.95795,17,0,16,0,0,1,0.87898,0,0,y,y,y,y,y,y,y,y,y,y,y,y,y,,,,,0,prefer,transformed-cumulative,1,1,0,0,0,0,,1,1,0,0,0,0,522,,,,,,,,1,1,0,0,0,0,delete,
ebi_chi_3.5Mar_d247_m161,e-bikes,China,3.5,Market Formation,Partial up to max PrivateEquityDeals,Partial up to max # deals,b8,0.97182,0.61239,0.21589,2016.4,4.5219,40.346,0.87193,2011.4,-429.95,0.98898,0.98801,0.51863,0.23249,0.98262,0.98163,0.65125,0.29586,0.22962,0.1856,4.3363,2.676,38,7,0.64442,0.024786,0.61964,10,0,9,0,0,1,0.56466,0,1,y,y,y,m,m,m,m,y,m,m,m,m,m,,,,not needed as transformed-cumulative preferred,1,delete,transformed-partial,0,0,0,0,0,0,,1,1,0,0,0,0,523,check,check,,,,,,1,1,0,0,0,0,delete,
ebi_chi_3.5Mar_d248_m162,e-bikes,China,3.5,Market Formation,cumulative PrivateEquityInvestment,cumulative $ million,b8,0.72252,0.23598,16.779,2020.1,6.0821,1410.3,0.00012127,1954.8,-33443,0.96574,0.96323,64.148,29.071,0.92554,0.92199,94.57,43.78,0.39534,0.36655,269.49,197.98,45,17,0.88424,0.021768,0.86247,17,0,16,0,0,1,0.83166,0,0,y,y,y,y,y,y,y,y,y,y,y,y,y,,,,,0,prefer,transformed-cumulative,1,1,0,0,0,0,,1,1,0,0,0,0,524,,,,,,,,1,1,0,0,0,0,delete,
ebi_chi_3.5Mar_d249_m163,e-bikes,China,3.5,Market Formation,Partial up to max PrivateEquityInvestment,Partial up to max $ million,b8,2.7523,2.7518,3.5364,2023.9,1.5967,2.1082e+06,1.3782e-13,2007.8,-7047.1,0.95296,0.94925,25.045,8.5962,0.95296,0.95055,25.045,8.5963,0.13779,0.09357,107.23,47.095,42,9,0.00035601,4.6198e-07,0.00035554,14,0,7,0,1,1,0.083481,0,0,y,y,y,m,y,m,m,m,m,m,m,m,m,,,,not needed as transformed-cumulative preferred,1,delete,transformed-partial,0,0,0,0,0,0,,0,1,0,0,0,0,525,,check,,,,,,0,1,0,0,0,0,delete,
ebi_chi_3.5Mar_d250_m162,e-bikes,China,3.5,Market Formation,cumulative TotalFundraisingAmount,cumulative $ million,b8,0.36189,0.16767,41.621,2019,12.143,2991.8,7.9786e-05,1920.1,-82935,0.98734,0.98642,82.7,43.142,0.95944,0.95751,148.05,94.64,0.5407,0.51883,498.19,408.89,45,22,0.82393,0.0018283,0.8221,22,0,21,0,0,1,0.88529,0,0,y,y,y,y,y,y,y,y,y,y,y,y,y,,,,,0,prefer,transformed-cumulative,1,1,0,0,0,0,,1,1,0,0,0,0,526,,,,,,,,1,1,0,0,0,0,delete,
ebi_chi_3.5Mar_d251_m163,e-bikes,China,3.5,Market Formation,Partial up to max TotalFundraisingAmount,Partial up to max $ million,b8,0.28266,0.28263,6.0962,2059.8,15.547,2.9753e+07,0.0002058,1968.9,-12142,0.5135,0.4751,103.59,46.852,0.51351,0.48856,103.59,46.853,0.24753,0.20894,128.83,78.014,42,12,2.6005e-05,3.2735e-08,2.5973e-05,19,0,7,0,1,1,0.20387,0,0,m,y,y,m,m,m,m,m,m,m,m,m,m,,,,not needed as transformed-cumulative preferred,1,delete,transformed-partial,0,0,0,0,0,0,,0,1,0,0,0,0,527,,check,,,,,,0,1,0,0,0,0,delete,
ebi_chi_3.5Mar_d252_m160,e-bikes,China,3.5,Market Formation,cumulative TotalFundraisingDeals,cumulative # deals,b8,0.4422,0.17703,2.5578,2018.5,9.9377,172.7,0.2014,1985.4,-5097.1,0.99368,0.99322,3.6797,1.7384,0.95886,0.9569,9.3884,6.2614,0.51511,0.49202,32.23,26.664,45,22,0.93802,0.0057902,0.93223,22,0,21,0,0,1,0.88077,0,0,y,y,y,y,y,y,y,y,y,y,y,y,y,,,,,0,prefer,transformed-cumulative,1,1,0,0,0,0,,1,1,0,0,0,0,528,,,,,,,,1,1,0,0,0,0,delete,
ebi_chi_3.5Mar_d253_m161,e-bikes,China,3.5,Market Formation,Partial up to max TotalFundraisingDeals,Partial up to max # deals,b8,1.08,0.053191,0.26907,2016.2,4.069,43.355,-2.8581,6398.4,-535.81,0.9796,0.9778,0.84657,0.36176,-0.10506,-0.16821,6.2302,1.9211,0.24785,0.20487,5.14,3.1596,38,9,0.71502,0.023065,0.69196,15,0,14,0,0,1,0.5722,0,1,y,y,y,m,m,m,m,y,m,m,m,m,m,,,,not needed as transformed-cumulative preferred,1,delete,transformed-partial,0,0,0,0,0,0,,1,1,0,0,0,0,529,check,check,,,,,,1,1,0,0,0,0,delete,
ebi_chi_4.1Sal_d213_m100,e-bikes,China,4.1,Knowledge Flows (social networks),annualised Google search frequency (index 100=monthly max.),Index 0-100,b8,-51.334,0.0072585,0.073318,2014.8,-0.085606,9.9091,7.7114,2060.5,-142.16,0.046831,-0.12137,20.752,8.8919,0.00023684,-0.11085,21.253,9.4014,0.00043624,-0.11063,21.251,9.3694,21,3,10.092,0.66055,9.4312,12,10,0,0,0,1,0.088899,0,1,n,m,y,m,m,m,m,y,m,n,m,n,m,,,,too few,0,hide,original,0,0,0,0,0,0,,0,0,0,0,0,0,530,,,,,,,,0,0,0,0,0,0,delete,
ebi_chi_4.1Sal_d239_m153,e-bikes,China,4.1,Knowledge Flows (social networks),Partial up to max annualised Google search frequency (index 100=monthly max.),Partial up to max Index 0-100,b8,,2.4238,4.8727,,,,0.28825,2011.6,-9779.4,,,,,0.99993,0.99991,0.24133,0.091642,0.29017,0.11271,24.1,17.177,11,2,,,,2,0,1,0,0,1,0.089277,0,1,n,n,y,m,y,m,m,m,m,n,n,n,n,,,,,0,prefer,transformed-partial,0,0,0,0,0,1,,0,1,0,0,0,1,531,,check,,,,,,0,1,0,0,0,1,,
ebi_eun_1.1Ado_d333_m185,e-bikes,EU,1.1,Adoption over time,e-bikes as a share of bikes sold,market share,b8,0.33985,0.1365,2.0577e-05,2018.4,12.93,0.00026841,281.03,2125.5,-0.041399,0.99363,0.98981,4.2496e-06,3.482e-06,0.9602,0.94694,1.0623e-05,8.6942e-06,0.99554,0.99405,3.5558e-06,3.1458e-06,9,9,0.83949,0.2213,0.61819,9,0,8,0,0,0,0.8655,1,1,y,y,y,y,y,y,y,y,y,y,y,y,y,,,,,0,prefer-relative,transformed-marketshare,1,1,0,1,0,0,,1,1,0,1,0,0,533,,,,,,,,1,1,0,1,0,0,,
ebi_glo_3.3Sci_d235_m020,e-bikes,Global,3.3,Risk & Uncertainty (Shared Expectations),scientific publications,# publications,b8,0.30655,0.14312,3.653,2018.2,14.335,339.47,0.030221,1959,-7252.2,0.99489,0.99459,5.6999,3.1097,0.97088,0.96976,13.609,8.4664,0.52879,0.51067,54.74,44.221,55,44,0.86311,0.0029458,0.86016,55,0,54,0,0,1,0.89457,0,0,y,y,y,y,y,y,y,y,y,y,y,y,y,,,,"good; only available global, apply to all EA regions",0,,,1,1,0,0,1,1,,1,1,0,0,1,1,534,,,,,,,,1,1,0,0,1,1,,
ebi_glo_3.5Mar_d074_m128,e-bikes,Global,3.5,Market Formation,CumulativeStartups,cum. # companies,b8,0.1616,0.098075,13.915,2019.2,27.193,1017.6,0.035795,1922.5,-27685,0.99199,0.9914,18.41,15.045,0.97931,0.97832,29.589,19.733,0.77189,0.76103,98.242,85.618,45,45,0.63387,0.00098274,0.63288,45,0,44,0,0,0,0.93275,0,0,y,y,y,y,y,y,y,y,y,y,y,y,y,,,,,0,prefer,original,1,1,0,0,0,1,,1,1,0,0,0,1,535,,,,,,,,1,1,0,0,0,1,,
ebi_glo_3.5Mar_d126_m008,e-bikes,Global,3.5,Market Formation,NewStartups,# companies,b8,0.42144,0.054347,0.92701,2008.2,10.427,35.569,3.5876,1979.7,-1841.5,0.66269,0.63801,9.7277,6.2255,0.4762,0.45126,12.122,8.3219,0.51667,0.49365,11.644,8.4967,45,45,1.6587,0.028114,1.6306,45,6,44,1,0,1,0.95821,0,1,m,y,y,y,m,m,y,y,y,m,m,m,m,,,,,0,hide,original,1,1,0,0,0,0,,1,1,0,0,0,0,536,,,,,,,,1,1,0,0,0,0,delete,
ebi_glo_3.5Mar_d171_m011,e-bikes,Global,3.5,Market Formation,PrivateEquityDeals,# deals,b8,0.72247,0.12019,1.8768,2015.7,6.0826,91.298,0.85833,1983.9,-3739,0.86142,0.85129,12.877,4.7894,0.71011,0.6963,18.624,11.187,0.49654,0.47257,24.544,19.171,45,21,1.4458,0.010953,1.4349,21,2,20,0,0,1,0.93314,0,0,y,y,y,y,y,y,y,y,y,y,y,y,y,,,,,0,hide,original,1,1,0,0,0,0,,1,1,0,0,0,0,537,,,,,,,,1,1,0,0,0,0,delete,
ebi_glo_3.5Mar_d175_m027,e-bikes,Global,3.5,Market Formation,PrivateEquityInvestment,$ million,b8,23.15,0.12189,16.235,2017.1,0.18983,909.86,0.0094665,1929.7,-32347,0.56714,0.53547,283.53,92.861,0.35341,0.32262,346.53,161.62,0.23936,0.20314,375.86,226.92,45,21,2.6959,0.00062812,2.6952,21,3,13,1,1,1,0.61024,0,0,m,y,y,m,y,m,m,y,m,m,m,m,m,,,,,0,hide,original,1,1,0,0,0,0,,0,1,0,0,0,0,538,check,,,,,,,1,1,0,0,0,0,delete,
ebi_glo_3.5Mar_d200_m027,e-bikes,Global,3.5,Market Formation,TotalFundraisingAmount,$ million,b8,19.242,0.11649,30.281,2016.1,0.22838,1473.4,0.004722,1914.2,-60325,0.48616,0.44856,560.88,185.52,0.35624,0.32559,627.79,267.59,0.25262,0.21703,676.43,364.91,45,24,3.2482,0.002646,3.2455,26,3,20,1,1,1,0.49884,0,0,m,y,y,m,y,m,m,y,m,m,m,m,m,,,,,0,hide,original,1,1,0,0,0,0,,0,1,0,0,0,0,539,check,,,,,,,1,1,0,0,0,0,delete,
ebi_glo_3.5Mar_d204_m011,e-bikes,Global,3.5,Market Formation,TotalFundraisingDeals,# deals,b8,0.56989,0.1224,2.8012,2016,7.711,140.94,0.34459,1973.7,-5579.8,0.85438,0.84372,19.346,7.8931,0.74457,0.73241,25.622,13.936,0.51492,0.49182,35.309,26.915,45,32,1.5113,0.0070952,1.5042,38,2,37,0,0,1,0.92117,0,0,y,y,y,y,y,y,y,y,y,y,y,y,y,,,,,0,hide,original,1,1,0,0,0,0,,1,1,0,0,0,0,540,,,,,,,,1,1,0,0,0,0,delete,
ebi_glo_3.5Mar_d242_m156,e-bikes,Global,3.5,Market Formation,cumulative CumulativeStartups,cumulative cum. # companies,b8,0.12504,0.11345,139.2,2035.6,35.144,41540,0.00059675,1879.3,-2.7705e+05,0.99947,0.99943,48.42,41.789,0.99898,0.99894,67.034,49.119,0.73913,0.72671,1074,885.23,45,45,0.18775,2.4073e-05,0.18772,45,0,44,0,0,1,0.89984,0,0,y,y,y,y,y,y,y,m,y,m,y,m,y,,,,not needed as transformed-cumulative twice (error),1,delete,transformed-cumx2error,0,0,0,0,0,0,,1,1,0,0,0,0,541,check,check,,,,,,1,1,0,0,0,0,delete,
ebi_glo_3.5Mar_d243_m157,e-bikes,Global,3.5,Market Formation,Partial up to max CumulativeStartups,Partial up to max cum. # companies,b8,0.1616,0.098075,13.915,2019.2,27.193,1017.6,0.035795,1922.5,-27685,0.99199,0.9914,18.41,15.045,0.97931,0.97832,29.589,19.733,0.77189,0.76103,98.242,85.618,45,45,0.63387,0.00098274,0.63288,45,0,44,0,0,0,0.93275,0,0,y,y,y,y,y,y,y,y,y,y,y,y,y,,,,not needed as transformed-cumulative preferred,1,delete,transformed-partial,0,0,0,0,0,0,,1,1,0,0,0,0,542,check,check,,,,,,1,1,0,0,0,0,delete,
ebi_glo_3.5Mar_d244_m158,e-bikes,Global,3.5,Market Formation,cumulative NewStartups,cumulative # companies,b8,0.1616,0.098075,13.915,2019.2,27.193,1017.6,0.035795,1922.5,-27685,0.99199,0.9914,18.41,15.045,0.97931,0.97832,29.589,19.733,0.77189,0.76103,98.242,85.618,45,45,0.63387,0.00098274,0.63288,45,0,44,0,0,0,0.93275,0,0,y,y,y,y,y,y,y,y,y,y,y,y,y,,,,not needed as cumulative in original data,1,delete,transformed-cumulative,0,0,0,0,0,0,,1,1,0,0,0,0,543,check,check,,,,,,1,1,0,0,0,0,delete,
ebi_glo_3.5Mar_d245_m159,e-bikes,Global,3.5,Market Formation,Partial up to max NewStartups,Partial up to max # companies,b8,0.13548,0.13547,1.1036,2088.8,32.437,8.643e+05,4.5887,1999.1,-2193.9,0.95686,0.95316,3.1897,2.3534,0.95686,0.95447,3.1897,2.3534,0.65415,0.63494,9.0316,7.2953,39,39,6.8264e-05,1.157e-06,6.7107e-05,39,0,38,0,0,1,0.8539,0,1,y,y,y,m,m,m,y,m,y,m,m,m,m,,,,not needed as transformed-cumulative preferred,1,delete,transformed-partial,0,0,0,0,0,0,,1,1,0,0,0,0,544,check,check,,,,,,1,1,0,0,0,0,delete,
ebi_glo_3.5Mar_d246_m160,e-bikes,Global,3.5,Market Formation,cumulative PrivateEquityDeals,cumulative # deals,b8,0.41491,0.20532,11.718,2020.3,10.591,1034.2,0.0011219,1957.5,-23354,0.99884,0.99876,7.5383,3.367,0.97774,0.97668,33.035,19.992,0.47247,0.44735,160.81,125.37,45,21,0.79968,0.00096696,0.79871,21,0,20,0,0,1,0.86123,0,0,y,y,y,y,y,y,y,y,y,y,y,y,y,,,,,0,prefer,transformed-cumulative,1,1,0,0,0,0,,1,1,0,0,0,0,545,,,,,,,,1,1,0,0,0,0,delete,
ebi_glo_3.5Mar_d247_m161,e-bikes,Global,3.5,Market Formation,Partial up to max PrivateEquityDeals,Partial up to max # deals,b8,0.36325,0.21033,1.9257,2019.2,12.098,181.11,0.15802,1989.5,-3836.5,0.99022,0.98947,3.3942,1.5696,0.97758,0.97646,5.1402,3.3371,0.48457,0.4588,24.646,19.316,43,19,0.72885,0.0055216,0.72333,19,0,18,0,0,1,0.83741,0,0,y,y,y,y,y,y,y,y,y,y,y,y,y,,,,not needed as transformed-cumulative preferred,1,delete,transformed-partial,0,0,0,0,0,0,,1,1,0,0,0,0,546,check,check,,,,,,1,1,0,0,0,0,delete,
ebi_glo_3.5Mar_d248_m162,e-bikes,Global,3.5,Market Formation,cumulative PrivateEquityInvestment,cumulative $ million,b8,0.77889,0.23753,92.44,2019.8,5.642,7453.1,2.0202e-08,1911.4,-1.8425e+05,0.99282,0.9923,161.35,83.894,0.94241,0.93967,456.99,215.08,0.39742,0.36872,1478.3,1108.4,45,21,0.93232,0.0003755,0.93194,21,0,20,0,0,1,0.85045,0,0,y,y,y,y,y,y,y,y,y,y,y,y,y,,,,,0,prefer,transformed-cumulative,1,1,0,0,0,0,,1,1,0,0,0,0,547,,,,,,,,1,1,0,0,0,0,delete,
ebi_glo_3.5Mar_d249_m163,e-bikes,Global,3.5,Market Formation,Partial up to max PrivateEquityInvestment,Partial up to max $ million,b8,0.52065,0.52064,17.507,2042.7,8.4403,1.8096e+08,3.8401e-08,1973.4,-34885,0.88052,0.87109,150.38,50.36,0.88052,0.87439,150.38,50.361,0.2379,0.19882,379.8,230.05,42,18,1.3555e-05,3.1582e-09,1.3552e-05,18,0,10,0,1,1,0.41372,0,0,y,y,y,m,m,m,m,m,m,m,m,m,m,,,,not needed as transformed-cumulative preferred,1,delete,transformed-partial,0,0,0,0,0,0,,1,1,0,0,0,0,548,check,check,,,,,,1,1,0,0,0,0,delete,
ebi_glo_3.5Mar_d250_m162,e-bikes,Global,3.5,Market Formation,cumulative TotalFundraisingAmount,cumulative $ million,b8,0.47669,0.21093,190.49,2020.1,9.2187,16346,1.5997e-06,1914.9,-3.7963e+05,0.98847,0.98762,392.62,208.34,0.96373,0.962,696.3,342.18,0.45788,0.43206,2691.9,2047.9,45,26,0.8189,0.0015209,0.81738,26,0,25,0,0,1,0.85702,0,0,y,y,y,y,y,y,y,y,y,y,y,y,y,,,,,0,prefer,transformed-cumulative,1,1,0,0,0,0,,1,1,0,0,0,0,549,,,,,,,,1,1,0,0,0,0,delete,
ebi_glo_3.5Mar_d251_m163,e-bikes,Global,3.5,Market Formation,Partial up to max TotalFundraisingAmount,Partial up to max $ million,b8,0.77628,0.77595,32.389,2036.1,5.6609,5.6121e+08,1.4262e-12,1975,-64530,0.82358,0.80966,332.95,131.35,0.82358,0.81454,332.95,131.37,0.24528,0.20658,688.65,379.99,42,21,8.5278e-06,6.9469e-09,8.5209e-06,23,0,17,0,1,1,0.3051,0,0,y,y,y,m,y,m,m,m,m,m,m,m,m,,,,not needed as transformed-cumulative preferred,1,delete,transformed-partial,0,0,0,0,0,0,,1,1,0,0,0,0,550,check,check,,,,,,1,1,0,0,0,0,delete,
ebi_glo_3.5Mar_d252_m160,e-bikes,Global,3.5,Market Formation,cumulative TotalFundraisingDeals,cumulative # deals,b8,0.31233,0.19099,18.409,2021.7,14.07,1956.2,0.00038326,1944.8,-36680,0.99738,0.99719,17.041,10.563,0.98782,0.98724,36.744,19.577,0.51571,0.49264,231.69,180.49,45,38,0.64768,0.00051119,0.64717,38,0,37,0,0,0,0.86207,0,0,y,y,y,y,y,y,y,y,y,y,y,y,y,,,,,0,prefer,transformed-cumulative,1,1,0,0,0,0,,1,1,0,0,0,0,551,,,,,,,,1,1,0,0,0,0,delete,
ebi_glo_3.5Mar_d253_m161,e-bikes,Global,3.5,Market Formation,Partial up to max TotalFundraisingDeals,Partial up to max # deals,b8,0.24035,0.21835,2.8085,2028.1,18.284,1146.6,0.055301,1984.1,-5594.5,0.98751,0.98655,5.5584,2.5497,0.98715,0.9865,5.6387,2.767,0.49108,0.46563,35.481,26.737,43,30,0.18576,0.00087213,0.18489,36,0,35,0,0,1,0.80142,0,0,y,y,y,y,y,y,y,m,y,m,y,y,y,,,,not needed as transformed-cumulative preferred,1,delete,transformed-partial,0,0,0,0,0,0,,1,1,0,0,0,0,552,check,check,,,,,,1,1,0,0,0,0,delete,
ebi_net_1.1Ado_d333_m185,e-bikes,The Netherlands,1.1,Adoption over time,e-bikes as a share of bikes sold,market share,b8,0.19154,0.1091,0.044881,2019.5,22.943,1,5.8012,2042,-90.136,0.97406,0.9546,0.016824,0.014437,0.96906,0.95669,0.018372,0.01525,0.96922,0.9569,0.018327,0.01503,8,8,0.57,0.28,0.29,8,0,7,0,0,0,0.85364,1,1,y,y,y,y,y,y,y,y,y,y,y,y,y,,,,,0,prefer-relative,transformed-marketshare,1,1,1,1,0,0,,1,1,1,1,0,0,556,,,,,,,,1,1,1,1,0,0,,
ebi_net_3.2Adc_d078_m035,e-bikes,The Netherlands,3.2,Adopter characteristics,Distance share by age group (12-17),% distance,b8,0.63066,0.35517,0.0235,2020.6,6.968,0.26988,0.34635,2023.6,-47.351,0.99725,0.989,0.0036548,0.0029824,0.98291,0.96582,0.0091093,0.0080467,0.9098,0.8196,0.020928,0.0184,5,4,0.70403,0.074108,0.62992,7,0,3,0,0,1,0.51992,1,1,y,n,y,y,y,y,m,y,y,n,n,n,n,2,,,,0,,,,,,,,,,1,1,0,0,0,0,557,,,,,,,,1,1,0,0,0,0,delete,
ebi_net_3.2Adc_d079_m035,e-bikes,The Netherlands,3.2,Adopter characteristics,Distance share by age group (60-64),% distance,b8,0.21899,0.0047602,0.0405,2023.2,20.067,1.0459,1554.2,1.576e+05,-81.457,0.87433,0.4973,0.0443,0.034044,-4.7377,-10.475,0.29933,0.272,0.84029,0.68058,0.04994,0.0376,5,5,0.43027,0.095615,0.33465,9,0,3,0,1,1,0.6808,1,1,y,n,y,y,y,y,m,y,y,n,n,n,n,2,,,,0,,,,,,,,,,1,1,0,0,0,0,558,,,,,,,,1,1,0,0,0,0,delete,
ebi_net_3.2Adc_d080_m035,e-bikes,The Netherlands,3.2,Adopter characteristics,Distance share by age group (70+),% distance,b8,0.14427,0.0050631,0.044,2021.2,30.461,1.3273,1554.2,1.576e+05,-88.274,0.78967,0.15869,0.064559,0.05044,-13.541,-28.082,0.53679,0.518,0.78159,0.56318,0.065788,0.0496,5,5,0.51984,0.23355,0.28629,9,0,3,0,1,0,0.74859,1,1,y,n,y,y,y,y,y,y,y,n,n,n,n,2,,,,0,,,,,,,,,,1,1,0,0,0,0,559,,,,,,,,1,1,0,0,0,0,delete,
ebi_net_3.2Adc_d099_m195,e-bikes,The Netherlands,3.2,Adopter characteristics,Female>male share by age group (50-59),%,b8,,,0.0026667,,,,,,-5.24,,,,,,,,,1,1,7.494e-16,7.494e-16,2,2,,,,4,0,1,0,0,0,0.49927,1,1,n,n,y,y,y,y,m,m,y,n,n,,,,,,,,,,,,,,,,,,,,,,,,,,,,,,,,,,,,,,
ebi_net_3.2Adc_d100_m195,e-bikes,The Netherlands,3.2,Adopter characteristics,Female>male share by age group (60-64),%,b8,,,0.002,,,,,,-3.849,,,,,,,,,1,1,2.0015e-16,1.6653e-16,2,2,,,,4,0,1,0,0,0,0.49976,1,1,n,n,y,y,y,y,m,m,y,n,n,,,,,,,,,,,,,,,,,,,,,,,,,,,,,,,,,,,,,,
ebi_net_3.5Mar_d074_m128,e-bikes,The Netherlands,3.5,Market Formation,CumulativeStartups,cum. # companies,b8,0.10243,0.064571,0.93307,2017.8,42.903,64.576,2.857,1981,-1852.9,0.98673,0.98576,1.4634,1.1706,0.97209,0.97076,2.1227,1.6514,0.90959,0.90529,3.8204,3.2561,45,43,0.60394,0.015486,0.58846,43,2,42,0,0,0,0.95395,0,1,y,y,y,y,y,y,y,y,y,y,y,y,y,,,,,0,prefer,original,1,1,0,0,1,1,,1,1,0,0,1,1,562,,,,,,,,1,1,0,0,1,1,,
ebi_net_3.5Mar_d126_m008,e-bikes,The Netherlands,3.5,Market Formation,NewStartups,# companies,b8,0.1367,0.0036466,0.028854,1998.4,32.148,1.4672,1554.8,1.5748e+05,-56.899,0.13616,0.072954,1.0294,0.80715,-0.61232,-0.6891,1.4063,0.86667,0.11447,0.072306,1.0422,0.82083,45,23,2.7263,0.68158,2.0448,41,13,40,1,0,1,0.49438,0,1,n,y,y,m,m,m,m,y,m,n,m,n,m,,,,,0,hide,original,0,1,0,0,0,0,,0,1,0,0,0,0,563,,,,,,,,0,1,0,0,0,0,delete,
ebi_net_3.5Mar_d171_m011,e-bikes,The Netherlands,3.5,Market Formation,PrivateEquityDeals,# deals,b8,0.20827,0.091224,0.063768,2014.9,21.1,3.2373,6.8126,2032.4,-126.93,0.58932,0.55927,0.76901,0.45706,0.55515,0.53397,0.80036,0.50601,0.47629,0.45135,0.86841,0.6275,45,17,1.5445,0.3089,1.2356,21,7,20,1,0,1,0.68539,0,1,m,y,y,m,m,m,m,y,y,m,m,m,m,,,,,0,hide,original,1,1,0,0,0,0,,1,1,0,0,0,0,564,,,,,,,,1,1,0,0,0,0,delete,
ebi_net_3.5Mar_d175_m027,e-bikes,The Netherlands,3.5,Market Formation,PrivateEquityInvestment,$ million,b8,0.19838,0.080759,0.69507,2013.6,22.152,32.693,9.4946,2008.8,-1383.3,0.19854,0.13989,19.842,10,0.17916,0.14008,20.081,10.875,0.16587,0.12615,20.243,11.479,45,14,4.0213,0.046363,3.9749,20,2,0,1,0,1,0.36495,0,0,n,y,y,m,m,m,m,y,m,n,m,n,m,,,,,0,hide,original,0,1,0,0,0,0,,0,1,0,0,0,0,565,,,,,,,,0,1,0,0,0,0,delete,
ebi_net_3.5Mar_d200_m027,e-bikes,The Netherlands,3.5,Market Formation,TotalFundraisingAmount,$ million,b8,33.401,0.065713,2.7811,2016.1,0.13157,149.7,0.92409,1950.9,-5534.8,0.14766,0.085289,129.31,41.989,0.06162,0.016936,135.68,47.117,0.066502,0.022049,135.32,49.165,45,18,6.3061,0.018695,6.2874,21,6,19,1,0,1,0.034297,0,0,n,y,y,m,m,m,m,y,m,n,m,n,m,,,,,0,hide,original,0,1,0,0,0,0,,0,1,0,0,0,0,566,,,,,,,,0,1,0,0,0,0,delete,
ebi_net_3.5Mar_d204_m011,e-bikes,The Netherlands,3.5,Market Formation,TotalFundraisingDeals,# deals,b8,0.36199,0.016913,0.16838,2016.1,12.14,8.9478,1551.8,1.5778e+05,-335.21,0.70605,0.68454,1.6923,0.97895,-0.36619,-0.43125,3.6484,1.8889,0.4908,0.46655,2.2274,1.6459,45,25,1.4529,0.11176,1.3411,38,2,37,0,0,1,0.83973,0,1,y,y,y,m,m,m,y,y,y,m,m,m,m,,,,,0,hide,original,1,1,0,0,0,0,,1,1,0,0,0,0,567,,,,,,,,1,1,0,0,0,0,delete,
ebi_net_3.5Mar_d242_m156,e-bikes,The Netherlands,3.5,Market Formation,cumulative CumulativeStartups,cumulative cum. # companies,b8,0.10717,0.083146,14.001,2026.2,41.006,1530.5,0.060735,1911.3,-27841,0.99868,0.99859,7.1023,5.7631,0.99462,0.99436,14.362,11.974,0.86237,0.85582,72.641,61.604,45,43,0.44301,0.0006534,0.44235,43,0,42,0,0,1,0.92847,0,0,y,y,y,y,y,y,y,y,y,y,y,y,y,,,,not needed as transformed-cumulative twice (error),1,delete,transformed-cumx2error,0,0,0,0,0,0,,1,1,0,0,0,0,568,check,check,,,,,,1,1,0,0,0,0,delete,
ebi_net_3.5Mar_d243_m157,e-bikes,The Netherlands,3.5,Market Formation,Partial up to max CumulativeStartups,Partial up to max cum. # companies,b8,0.092271,0.070176,0.90683,2024,47.626,91.044,3.9179,1987.7,-1800.6,0.98851,0.98763,1.2731,1.0643,0.98361,0.98279,1.5208,1.2462,0.89772,0.89261,3.7985,3.1832,43,41,0.42837,0.010984,0.41738,41,0,40,0,0,0,0.94424,0,1,y,y,y,y,y,y,y,y,y,y,y,y,y,,,,not needed as transformed-cumulative preferred,1,delete,transformed-partial,0,0,0,0,0,0,,1,1,0,0,0,0,569,check,check,,,,,,1,1,0,0,0,0,delete,
ebi_net_3.5Mar_d244_m158,e-bikes,The Netherlands,3.5,Market Formation,cumulative NewStartups,cumulative # companies,b8,0.10243,0.064571,0.93307,2017.8,42.903,64.576,2.857,1981,-1852.9,0.98673,0.98576,1.4634,1.1706,0.97209,0.97076,2.1227,1.6514,0.90959,0.90529,3.8204,3.2561,45,43,0.60394,0.015486,0.58846,43,2,42,0,0,0,0.95395,0,1,y,y,y,y,y,y,y,y,y,y,y,y,y,,,,not needed as cumulative in original data,1,delete,transformed-cumulative,0,0,0,0,0,0,,1,1,0,0,0,0,570,check,check,,,,,,1,1,0,0,0,0,delete,
ebi_net_3.5Mar_d245_m159,e-bikes,The Netherlands,3.5,Market Formation,Partial up to max NewStartups,Partial up to max # companies,b8,0.52121,0.0045586,0.037597,2028.5,8.4312,94763,1554.4,1.5749e+05,-74.355,0.321,0.24265,0.75172,0.47441,-0.48198,-0.59175,1.1106,0.63333,0.12725,0.0626,0.85225,0.6551,30,13,4.2211e-05,1.0553e-05,3.1658e-05,28,0,27,0,0,1,0.37838,0,1,m,y,y,m,m,m,m,m,m,m,m,n,m,,,,not needed as transformed-cumulative preferred,1,delete,transformed-partial,0,0,0,0,0,0,,0,1,0,0,0,0,571,,check,,,,,,0,1,0,0,0,0,delete,
ebi_net_3.5Mar_d246_m160,e-bikes,The Netherlands,3.5,Market Formation,cumulative PrivateEquityDeals,cumulative # deals,b8,0.18158,0.13329,0.59341,2023.7,24.201,66.265,9.7294,2014.1,-1181.9,0.99186,0.99127,0.84802,0.63353,0.98645,0.9858,1.0944,0.87034,0.67214,0.65653,5.3825,4.5088,45,21,0.498,0.015091,0.48291,21,0,20,0,0,0,0.89588,0,1,y,y,y,y,y,y,y,y,y,y,y,y,y,,,,,0,prefer,transformed-cumulative,1,1,0,0,0,0,,1,1,0,0,0,0,572,,,,,,,,1,1,0,0,0,0,delete,
ebi_net_3.5Mar_d247_m161,e-bikes,The Netherlands,3.5,Market Formation,Partial up to max PrivateEquityDeals,Partial up to max # deals,b8,1.2745,1.2741,0.047051,2024.5,3.4481,68221,6.341,2017.2,-93.611,0.59407,0.55826,0.59609,0.26801,0.59407,0.57088,0.59609,0.26802,0.30412,0.26436,0.78047,0.4791,38,10,7.3291e-05,1.4658e-05,5.8633e-05,14,0,13,0,0,1,0.3,0,1,m,y,y,m,m,m,m,m,y,m,m,m,m,,,,not needed as transformed-cumulative preferred,1,delete,transformed-partial,0,0,0,0,0,0,,0,1,0,0,0,0,573,,check,,,,,,0,1,0,0,0,0,delete,
ebi_net_3.5Mar_d248_m162,e-bikes,The Netherlands,3.5,Market Formation,cumulative PrivateEquityInvestment,cumulative $ million,b8,0.17262,0.13254,6.9304,2025,25.457,872.72,0.010098,1943.7,-13803,0.96352,0.96085,21.205,14.218,0.95919,0.95725,22.428,15.563,0.65724,0.64092,64.999,51.773,45,21,0.42276,0.0032068,0.41955,21,1,20,0,0,1,0.89712,0,0,y,y,y,y,y,y,y,y,y,y,y,y,y,,,,,0,prefer,transformed-cumulative,1,1,0,0,0,0,,1,1,0,0,0,0,574,,,,,,,,1,1,0,0,0,0,delete,
ebi_net_3.5Mar_d249_m163,e-bikes,The Netherlands,3.5,Market Formation,Partial up to max PrivateEquityInvestment,Partial up to max $ million,b8,0.92462,0.92453,0.92126,2030.6,4.7527,8.9959e+05,0.39431,2014.7,-1834.4,0.79035,0.77379,10.474,4.3274,0.79035,0.77959,10.474,4.3274,0.23829,0.19923,19.964,11.906,42,12,0.00014614,2.6149e-06,0.00014353,18,0,5,0,1,1,0.33821,0,0,y,y,y,m,m,m,m,m,m,m,m,m,m,,,,not needed as transformed-cumulative preferred,1,delete,transformed-partial,0,0,0,0,0,0,,0,1,0,0,0,0,575,,check,,,,,,0,1,0,0,0,0,delete,
ebi_net_3.5Mar_d250_m162,e-bikes,The Netherlands,3.5,Market Formation,cumulative TotalFundraisingAmount,cumulative $ million,b8,0.68059,0.14074,29.698,2016.4,6.4568,1507.6,0.0012883,1923.2,-59167,0.96687,0.96444,92.942,46.593,0.89676,0.89184,164.07,108.15,0.57057,0.55012,334.61,294.96,45,22,0.98446,0.02116,0.9633,22,1,21,0,0,1,0.89891,0,0,y,y,y,m,y,m,y,y,y,m,m,m,m,,,,,0,prefer,transformed-cumulative,1,1,0,0,0,0,,1,1,0,0,0,0,576,,,,,,,,1,1,0,0,0,0,delete,
ebi_net_3.5Mar_d251_m163,e-bikes,The Netherlands,3.5,Market Formation,Partial up to max TotalFundraisingAmount,Partial up to max $ million,b8,6.9187,5.372,4.5241,2016.8,0.63515,1199.1,4.5402e-21,2007,-9009,0.98631,0.9851,17.635,7.4268,0.98631,0.98553,17.635,7.4275,0.10836,0.057405,142.31,60.267,38,12,0.78726,0.0023339,0.78492,15,0,13,0,0,1,0.013798,0,0,y,y,y,m,m,m,m,y,m,m,m,m,m,,,,not needed as transformed-cumulative preferred,1,delete,transformed-partial,0,0,0,0,0,0,,0,1,0,0,0,0,577,,check,,,,,,0,1,0,0,0,0,delete,
ebi_net_3.5Mar_d252_m160,e-bikes,The Netherlands,3.5,Market Formation,cumulative TotalFundraisingDeals,cumulative # deals,b8,0.15298,0.14408,1.3971,2037.2,28.726,766.85,1.4125,1995.1,-2782,0.99441,0.99401,1.6936,1.0473,0.99425,0.99398,1.7182,1.0059,0.64117,0.62408,13.574,10.799,45,38,0.11084,0.001304,0.10954,38,0,37,0,0,0,0.88249,0,1,y,y,y,y,y,y,y,m,y,m,y,m,y,,,,,0,prefer,transformed-cumulative,1,1,0,0,0,0,,1,1,0,0,0,0,578,,,,,,,,1,1,0,0,0,0,delete,
ebi_net_3.5Mar_d253_m161,e-bikes,The Netherlands,3.5,Market Formation,Partial up to max TotalFundraisingDeals,Partial up to max # deals,b8,0.19734,0.017021,0.16898,2077.3,22.269,6.8115e+05,1551.8,1.5778e+05,-336.41,0.87303,0.86327,1.0685,0.63546,-0.32936,-0.39583,3.4574,1.7209,0.48905,0.4635,2.1435,1.5584,43,23,1.9085e-05,1.4681e-06,1.7617e-05,36,0,35,0,0,1,0.71595,0,1,y,y,y,m,m,m,y,m,y,m,m,m,m,,,,not needed as transformed-cumulative preferred,1,delete,transformed-partial,0,0,0,0,0,0,,1,1,0,0,0,0,579,check,check,,,,,,1,1,0,0,0,0,delete,
ebi_net_4.1Sal_d213_m100,e-bikes,The Netherlands,4.1,Knowledge Flows (social networks),annualised Google search frequency (index 100=monthly max.),Index 0-100,b8,0.96129,0.076367,4.6647,2010.9,4.5714,73.756,0.30734,1949,-9347.2,0.94564,0.93604,7.5508,4.639,0.60777,0.56419,20.282,18.404,0.76073,0.73415,15.841,13.671,21,16,1.3558,0.17487,1.1809,16,1,15,0,0,0,0.94297,0,1,y,y,y,y,y,y,y,y,y,y,y,y,y,,,,,0,hide,original,1,1,0,0,0,0,,1,1,0,0,0,0,580,,,,,,,,1,1,0,0,0,0,delete,
ebi_net_4.1Sal_d239_m153,e-bikes,The Netherlands,4.1,Knowledge Flows (social networks),Partial up to max annualised Google search frequency (index 100=monthly max.),Partial up to max Index 0-100,b8,0.92212,0.089259,5.1982,2011,4.7656,75.288,0.18697,1952.7,-10420,0.95439,0.94584,7.0588,4.1226,0.67999,0.64234,18.698,16.734,0.82236,0.80147,13.931,11.893,20,15,1.3282,0.17131,1.1569,15,0,14,0,0,0,0.90338,0,1,y,y,y,y,y,y,y,y,y,y,y,y,y,,,,,0,prefer,transformed-partial,1,1,0,0,1,1,,1,1,0,0,1,1,581,,,,,,,,1,1,0,0,1,1,,
ebi_net_4.5Inf_d052_m138,e-bikes,The Netherlands,4.5,Provisioning system,Average distance travelled by e-bike per person,km,b8,0.34764,0.20197,33.217,2020.6,12.641,599.65,7.3233e-05,1945.4,-66817,0.99098,0.9639,11.354,9.2025,0.97838,0.95677,17.571,15.737,0.97017,0.94035,20.641,17.032,5,5,0.6337,0.041691,0.59201,11,0,4,0,0,1,0.73267,0,0,y,m,y,y,y,y,y,y,y,m,m,m,m,,,,,0,,,,,,,,,,1,1,0,0,1,1,582,,,,,,,,1,1,0,0,1,1,,
eco_bra_1.1Adod_m_0,e-commerce,Brazil,1.1,Adoption over Time,Individuals purchasing or ordering goods or services,%,m4,0.19126,0.090167,2.2791,2017.8,22.976,53.619,0.80478,1979.7,-4571.8,0.97439,0.96478,1.7509,1.5566,0.94667,0.93482,2.5264,2.0764,0.97533,0.96984,1.7185,1.299,12,12,0.77873,0.13429,0.64444,16,1,11,0,0,0,0.90376,0,1,y,y,y,y,y,y,y,y,y,y,y,,,,,,,,,,,,,,,,,,,,,,,,,,,,,,,,,,,,,,
eco_ger_1.1Adod_m_0,e-commerce,Germany,1.1,Adoption over Time,Individuals purchasing or ordering goods or services,%,m4,0.23549,0.037516,2.1173,2005.6,18.661,67.692,1.4903,1919.4,-4210.5,0.97544,0.9711,2.4009,1.7165,0.80565,0.78405,6.7536,5.3191,0.8797,0.86634,5.3133,4.4158,21,21,1.0193,0.25703,0.7623,23,3,20,1,0,0,0.95627,0,1,y,y,y,y,y,y,y,y,y,y,y,,,,,,,,,,,,,,,,,,,,,,,,,,,,,,,,,,,,,,
eco_ita_1.1Adod_m_0,e-commerce,Italy,1.1,Adoption over Time,Individuals purchasing or ordering goods or services,%,m4,0.15379,0.11469,1.7008,2024.2,28.574,88.505,2.8925,1999.9,-3407.4,0.98937,0.98692,1.094,0.79506,0.98462,0.98242,1.316,0.82139,0.89155,0.87605,3.4944,3.0552,17,17,0.44472,0.036182,0.40854,22,0,16,0,0,0,0.82297,0,1,y,y,y,y,y,y,y,y,y,y,y,,,,,,,,,,,,,,,,,,,,,,,,,,,,,,,,,,,,,,
eco_jap_1.1Adod_m_0,e-commerce,Japan,1.1,Adoption over Time,Individuals purchasing or ordering goods or services,%,m4,0.032415,0.032414,1.1867,2332.3,135.57,1.1115e+06,2.3572,1929.3,-2352.8,0.74233,0.68287,3.6004,3.0932,0.74233,0.70552,3.6004,3.0932,0.69978,0.65689,3.8863,3.3956,17,17,4.6225e-05,2.7094e-05,1.9132e-05,18,1,14,1,1,0,0.92378,0,1,y,y,y,y,y,y,y,m,y,m,y,,,,,,,,,,,,,,,,,,,,,,,,,,,,,,,,,,,,,,
eco_net_1.1Adod_m_0,e-commerce,Netherlands,1.1,Adoption over Time,Individuals purchasing or ordering goods or services,%,m4,0.27407,0.051696,2.8713,2005.7,16.034,66.022,0.94333,1935.6,-5725.8,0.96477,0.95597,2.9592,2.4919,0.80417,0.77404,6.9772,5.7094,0.9088,0.89477,4.7615,3.9185,16,16,1.0932,0.2316,0.86164,21,0,15,0,0,0,0.9202,0,1,y,y,y,y,y,y,y,y,y,y,y,,,,,,,,,,,,,,,,,,,,,,,,,,,,,,,,,,,,,,
eco_por_1.1Adod_m_0,e-commerce,Portugal,1.1,Adoption over Time,Individuals purchasing or ordering goods or services,%,m4,0.20391,0.11288,2.2094,2018.7,21.551,64.398,1.1381,1990,-4428,0.98922,0.98752,1.5667,0.99597,0.9662,0.96282,2.7748,2.127,0.94292,0.93722,3.6058,3.1767,23,23,0.76,0.024783,0.73521,23,0,22,0,0,0,0.90464,0,1,y,y,y,y,y,y,y,y,y,y,y,,,,,,,,,,,,,,,,,,,,,,,,,,,,,,,,,,,,,,
eco_sou_1.1Adod_m_0,e-commerce,South Korea,1.1,Adoption over Time,Individuals purchasing or ordering goods or services,%,m4,0.048689,0.048688,2.4857,2237.6,90.255,2.5548e+06,0.77068,1929.3,-4957,0.84344,0.8043,5.3167,4.2943,0.84344,0.81935,5.3167,4.2943,0.79084,0.75866,6.1451,4.9917,16,16,3.0824e-05,1.4823e-05,1.6001e-05,17,0,11,0,1,0,0.91805,0,1,y,y,y,y,y,y,y,m,y,m,y,,,,,,,,,,,,,,,,,,,,,,,,,,,,,,,,,,,,,,
eco_swe_1.1Adod_m_0,e-commerce,Sweden,1.1,Adoption over Time,Individuals purchasing or ordering goods or services,%,m4,0.15266,0.040603,2.3355,2007.5,28.786,80.827,1.0067,1916.3,-4648.2,0.9666,0.96103,3.0938,2.4562,0.89636,0.88545,5.4495,4.1718,0.94744,0.94191,3.8807,3.1922,22,22,0.95961,0.2544,0.70521,24,2,20,0,0,0,0.95049,0,1,y,y,y,y,y,y,y,y,y,y,y,,,,,,,,,,,,,,,,,,,,,,,,,,,,,,,,,,,,,,
eco_uki_1.1Adod_m_0,e-commerce,United Kingdom,1.1,Adoption over Time,Individuals purchasing or ordering goods or services,%,m4,0.2515,0.057991,3.6769,2006.3,17.473,82.931,0.3776,1924.7,-7335.4,0.99174,0.98968,1.7119,1.4206,0.84282,0.81863,7.4699,6.4072,0.93647,0.9267,4.749,3.5693,16,16,0.95151,0.28445,0.66706,19,0,14,0,0,0,0.93179,0,1,y,y,y,y,y,y,y,y,y,y,y,,,,,,,,,,,,,,,,,,,,,,,,,,,,,,,,,,,,,,
ego_bra_1.1Adod_m_0,e-government,Brazil,1.1,Adoption over Time,Taking part in online consultations or voting to define civic or political issues (% of individuals in last 3 months),%,s2,,,0.54522,,,,,,-1095.1,,,,,,,,,1,1,2.2263e-13,2.1894e-13,2,2,,,,3,0,1,0,0,0,0.49448,0,1,n,n,y,y,y,y,m,m,y,n,n,,,,,,,,,,,,,,,,,,,,,,,,,,,,,,,,,,,,,,
ego_ger_1.1Adod_m_0,e-government,Germany,1.1,Adoption over Time,Taking part in online consultations or voting to define civic or political issues (% of individuals in last 3 months),%,s2,-0.23372,-0.035064,-0.37092,2024.9,-18.802,12.515,13.383,2009,758.4,0.27743,-0.15611,2.7687,2.3029,0.23155,-0.024597,2.8552,2.4706,0.24497,-0.0067095,2.8302,2.4381,9,9,1.1782,0.3491,0.82908,14,4,2,1,1,1,0.80308,0,1,n,y,y,y,y,y,y,y,m,n,m,,,,,,,,,,,,,,,,,,,,,,,,,,,,,,,,,,,,,,
ego_ita_1.1Adod_m_0,e-government,Italy,1.1,Adoption over Time,Taking part in online consultations or voting to define civic or political issues (% of individuals in last 3 months),%,s2,0.064586,0.064585,0.40172,2187.8,68.04,4.069e+05,12.993,2027.5,-803.41,0.7204,0.44079,1.1128,0.98662,0.7204,0.58059,1.1128,0.98662,0.65291,0.47937,1.2399,1.1469,7,7,2.5746e-05,1.2019e-05,1.3728e-05,13,1,3,0,1,0,0.80799,0,1,y,y,y,y,y,y,y,m,y,m,y,,,,,,,,,,,,,,,,,,,,,,,,,,,,,,,,,,,,,,
ego_net_1.1Adod_m_0,e-government,Netherlands,1.1,Adoption over Time,Taking part in online consultations or voting to define civic or political issues (% of individuals in last 3 months),%,s2,-0.49913,-0.49913,-4.7397,1987.2,-8.8042,3.6422e+06,23.98,2011.1,9554,0.93259,1.1348,2.3019,1.9917,0.93259,-inf,2.3019,1.9917,0.7621,-inf,4.3244,4.0771,3,3,7.0182e-06,1.8129e-06,5.2053e-06,5,2,0,0,0,1,0.29839,0,1,y,n,y,y,y,y,m,m,y,n,n,,,,,,,,,,,,,,,,,,,,,,,,,,,,,,,,,,,,,,
ego_por_1.1Adod_m_0,e-government,Portugal,1.1,Adoption over Time,Taking part in online consultations or voting to define civic or political issues (% of individuals in last 3 months),%,s2,0.28795,0.024643,0.25719,2008.8,15.261,11.336,6.1351,1998.1,-508.95,0.62135,0.39416,0.96092,0.85587,0.48972,0.31963,1.1155,0.94812,0.51237,0.34983,1.0905,0.91457,9,9,1.033,0.6065,0.42645,14,0,7,0,1,0,0.88244,0,1,m,y,y,y,y,y,y,y,y,m,y,,,,,,,,,,,,,,,,,,,,,,,,,,,,,,,,,,,,,,
ego_swe_1.1Adod_m_0,e-government,Sweden,1.1,Adoption over Time,Taking part in online consultations or voting to define civic or political issues (% of individuals in last 3 months),%,s2,-0.22811,-0.056301,-0.57448,2022.7,-19.265,14.199,13.85,2011.3,1169.2,0.8623,0.77968,1.1347,0.97655,0.7842,0.71227,1.4205,1.1485,0.82349,0.76466,1.2847,1.0577,9,9,0.95795,0.39782,0.56013,15,7,1,1,0,0,0.86189,0,1,y,y,y,y,y,y,y,y,y,y,y,,,,,,,,,,,,,,,,,,,,,,,,,,,,,,,,,,,,,,
ego_uki_1.1Adod_m_0,e-government,United Kingdom,1.1,Adoption over Time,Taking part in online consultations or voting to define civic or political issues (% of individuals in last 3 months),%,s2,0.30019,0.085842,0.6675,2010,14.639,10.997,7.854,2013.3,-1336,1,1,7.8329e-14,7.7272e-14,0.98548,-inf,0.13168,0.12384,0.99493,-inf,0.077782,0.073333,3,3,0.8184,0.57561,0.24279,5,0,2,0,0,0,0.65816,0,1,y,n,y,y,y,y,m,y,y,n,n,,,,,,,,,,,,,,,,,,,,,,,,,,,,,,,,,,,,,,
elc_aus_1.1Adod_m_0,household electricity access,Austria,1.1,Adoption over Time,Access to electricity as share of total population,% of population with access to electricity,elc,-2.1972e-11,-1.0286e-10,0,2091.4,-2.0001e+11,200,100,1180.4,100,-inf,-inf,1.0778e-08,9.3379e-09,-inf,-inf,1.0093e-07,8.7433e-08,,,0,0,34,34,0.5,0.5,0,34,33,33,0,0,0,0.97059,0,1,n,y,y,y,y,y,y,m,m,n,m,,,,,,,,,,,,,,,,,,,,,,,,,,,,,,,,,,,,,,
elc_ban_1.1Adod_m_0,household electricity access,Bangladesh,1.1,Adoption over Time,Access to electricity as share of total population,% of population with access to electricity,elc,0.092373,0.054435,2.8934,2015.4,47.573,153.53,0.53716,1925.1,-5754.7,0.98533,0.98382,3.3721,2.7133,0.97033,0.96835,4.7962,3.8557,0.97904,0.97765,4.0309,2.9173,33,33,0.6481,0.06452,0.58358,33,0,31,0,0,0,0.95354,0,1,y,y,y,y,y,y,y,y,y,y,y,,,,,,,,,,,,,,,,,,,,,,,,,,,,,,,,,,,,,,
elc_bel_1.1Adod_m_0,household electricity access,Belgium,1.1,Adoption over Time,Access to electricity as share of total population,% of population with access to electricity,elc,-2.1972e-11,-1.0286e-10,0,2091.4,-2.0001e+11,200,100,1180.4,100,-inf,-inf,1.0778e-08,9.3379e-09,-inf,-inf,1.0093e-07,8.7433e-08,,,0,0,34,34,0.5,0.5,0,34,33,33,0,0,0,0.97059,0,1,n,y,y,y,y,y,y,m,m,n,m,,,,,,,,,,,,,,,,,,,,,,,,,,,,,,,,,,,,,,
elc_bra_1.1Adod_m_0,household electricity access,Brazil,1.1,Adoption over Time,Access to electricity as share of total population,% of population with access to electricity,elc,0.094694,0.0035049,0.3424,1970,46.407,100.9,22.346,1589.3,-590.51,0.98126,0.97939,0.4969,0.36051,0.84583,0.83588,1.4254,1.1863,0.85621,0.84694,1.3766,1.145,34,34,0.99109,0.86696,0.12413,34,1,33,0,0,0,0.97219,0,1,y,y,y,y,y,y,y,m,y,m,y,,,,,,,,,,,,,,,,,,,,,,,,,,,,,,,,,,,,,,
elc_can_1.1Adod_m_0,household electricity access,Canada,1.1,Adoption over Time,Access to electricity as share of total population,% of population with access to electricity,elc,-2.1972e-11,-1.0286e-10,0,2091.4,-2.0001e+11,200,100,1180.4,100,-inf,-inf,1.0778e-08,9.3379e-09,-inf,-inf,1.0093e-07,8.7433e-08,,,0,0,34,34,0.5,0.5,0,34,33,33,0,0,0,0.97059,0,1,n,y,y,y,y,y,y,m,m,n,m,,,,,,,,,,,,,,,,,,,,,,,,,,,,,,,,,,,,,,
elc_chi_1.1Adod_m_0,household electricity access,China,1.1,Adoption over Time,Access to electricity as share of total population,% of population with access to electricity,elc,0.12675,0.0015084,0.15009,1975.1,34.671,100.48,46.195,1505.6,-202.82,0.95413,0.94725,0.24681,0.21369,0.80934,0.79118,0.5032,0.43401,0.81275,0.79492,0.49868,0.42982,24,24,0.99522,0.96238,0.032842,24,10,23,1,0,0,0.95894,0,1,y,y,y,y,y,y,y,m,y,m,y,,,,,,,,,,,,,,,,,,,,,,,,,,,,,,,,,,,,,,
elc_den_1.1Adod_m_0,household electricity access,Denmark,1.1,Adoption over Time,Access to electricity as share of total population,% of population with access to electricity,elc,-2.1972e-11,-1.0286e-10,0,2091.4,-2.0001e+11,200,100,1180.4,100,-inf,-inf,1.0778e-08,9.3379e-09,-inf,-inf,1.0093e-07,8.7433e-08,,,0,0,34,34,0.5,0.5,0,34,33,33,0,0,0,0.97059,0,1,n,y,y,y,y,y,y,m,m,n,m,,,,,,,,,,,,,,,,,,,,,,,,,,,,,,,,,,,,,,
elc_est_1.1Adod_m_0,household electricity access,Estonia,1.1,Adoption over Time,Access to electricity as share of total population,% of population with access to electricity,elc,-2.1972e-11,-1.0286e-10,0,2091.4,-2.0001e+11,200,100,1180.4,100,-inf,-inf,1.0778e-08,9.3379e-09,-inf,-inf,1.0093e-07,8.7433e-08,,,0,0,34,34,0.5,0.5,0,34,33,33,0,0,0,0.97059,0,1,n,y,y,y,y,y,y,m,m,n,m,,,,,,,,,,,,,,,,,,,,,,,,,,,,,,,,,,,,,,
elc_fin_1.1Adod_m_0,household electricity access,Finland,1.1,Adoption over Time,Access to electricity as share of total population,% of population with access to electricity,elc,-2.1972e-11,-1.0286e-10,0,2091.4,-2.0001e+11,200,100,1180.4,100,-inf,-inf,1.0778e-08,9.3379e-09,-inf,-inf,1.0093e-07,8.7433e-08,,,0,0,34,34,0.5,0.5,0,34,33,33,0,0,0,0.97059,0,1,n,y,y,y,y,y,y,m,m,n,m,,,,,,,,,,,,,,,,,,,,,,,,,,,,,,,,,,,,,,
elc_fra_1.1Adod_m_0,household electricity access,France,1.1,Adoption over Time,Access to electricity as share of total population,% of population with access to electricity,elc,-2.1972e-11,-1.0286e-10,0,2091.4,-2.0001e+11,200,100,1180.4,100,-inf,-inf,1.0778e-08,9.3379e-09,-inf,-inf,1.0093e-07,8.7433e-08,,,0,0,34,34,0.5,0.5,0,34,33,33,0,0,0,0.97059,0,1,n,y,y,y,y,y,y,m,m,n,m,,,,,,,,,,,,,,,,,,,,,,,,,,,,,,,,,,,,,,
elc_ger_1.1Adod_m_0,household electricity access,Germany,1.1,Adoption over Time,Access to electricity as share of total population,% of population with access to electricity,elc,-2.1972e-11,-1.0286e-10,0,2091.4,-2.0001e+11,200,100,1180.4,100,-inf,-inf,1.0778e-08,9.3379e-09,-inf,-inf,1.0093e-07,8.7433e-08,,,0,0,34,34,0.5,0.5,0,34,33,33,0,0,0,0.97059,0,1,n,y,y,y,y,y,y,m,m,n,m,,,,,,,,,,,,,,,,,,,,,,,,,,,,,,,,,,,,,,
elc_hun_1.1Adod_m_0,household electricity access,Hungary,1.1,Adoption over Time,Access to electricity as share of total population,% of population with access to electricity,elc,1.2128e-06,6.0839e-07,6.1115e-05,2113.9,3.6234e+06,200,99.939,1105.7,99.871,0.00064927,-0.099286,0.023522,0.011062,0.00064937,-0.063825,0.023522,0.011064,0.00064935,-0.063825,0.023522,0.011065,34,34,0.5,0.4995,0.0005,34,33,18,0,1,0,0.97058,0,1,n,y,y,y,y,y,y,m,m,n,m,,,,,,,,,,,,,,,,,,,,,,,,,,,,,,,,,,,,,,
elc_ind_1.1Adod_m_0,household electricity access,India,1.1,Adoption over Time,Access to electricity as share of total population,% of population with access to electricity,elc,0.040231,0.024094,1.798,2019.8,109.23,192.23,2.5285,1868.6,-3535.9,0.99399,0.99332,1.2521,0.95844,0.99004,0.98933,1.6116,1.2842,0.99181,0.99123,1.4613,1.0706,31,31,0.51813,0.25913,0.25901,31,2,29,0,0,0,0.96487,0,1,y,y,y,y,y,y,y,y,y,y,y,,,,,,,,,,,,,,,,,,,,,,,,,,,,,,,,,,,,,,
elc_ire_1.1Adod_m_0,household electricity access,Ireland,1.1,Adoption over Time,Access to electricity as share of total population,% of population with access to electricity,elc,-2.1972e-11,-1.0286e-10,0,2091.4,-2.0001e+11,200,100,1180.4,100,-inf,-inf,1.0778e-08,9.3379e-09,-inf,-inf,1.0093e-07,8.7433e-08,,,0,0,34,34,0.5,0.5,0,34,33,33,0,0,0,0.97059,0,1,n,y,y,y,y,y,y,m,m,n,m,,,,,,,,,,,,,,,,,,,,,,,,,,,,,,,,,,,,,,
elc_ita_1.1Adod_m_0,household electricity access,Italy,1.1,Adoption over Time,Access to electricity as share of total population,% of population with access to electricity,elc,-2.1972e-11,-1.0286e-10,0,2091.4,-2.0001e+11,200,100,1180.4,100,-inf,-inf,1.0778e-08,9.3379e-09,-inf,-inf,1.0093e-07,8.7433e-08,,,0,0,34,34,0.5,0.5,0,34,33,33,0,0,0,0.97059,0,1,n,y,y,y,y,y,y,m,m,n,m,,,,,,,,,,,,,,,,,,,,,,,,,,,,,,,,,,,,,,
elc_jap_1.1Adod_m_0,household electricity access,Japan,1.1,Adoption over Time,Access to electricity as share of total population,% of population with access to electricity,elc,-2.1972e-11,-1.0286e-10,0,2091.4,-2.0001e+11,200,100,1180.4,100,-inf,-inf,1.0778e-08,9.3379e-09,-inf,-inf,1.0093e-07,8.7433e-08,,,0,0,34,34,0.5,0.5,0,34,33,33,0,0,0,0.97059,0,1,n,y,y,y,y,y,y,m,m,n,m,,,,,,,,,,,,,,,,,,,,,,,,,,,,,,,,,,,,,,
elc_lat_1.1Adod_m_0,household electricity access,Latvia,1.1,Adoption over Time,Access to electricity as share of total population,% of population with access to electricity,elc,1.2243e-05,6.1199e-06,0.00061115,1824.3,3.5894e+05,199.62,99.554,1401.2,98.697,0.0024389,-0.097317,0.12126,0.10294,0.0024406,-0.061918,0.12126,0.10294,0.0024389,-0.06192,0.12126,0.10294,34,34,0.50094,0.49894,0.0020038,34,33,17,0,1,0,0.97054,0,1,n,y,y,y,y,y,y,m,m,n,m,,,,,,,,,,,,,,,,,,,,,,,,,,,,,,,,,,,,,,
elc_lka_1.1Adod_m_0,household electricity access,Sri Lanka,1.1,Adoption over Time,Access to electricity as share of total population,% of population with access to electricity,elc,0.074042,0.016162,1.4421,1994.3,59.351,114.28,4.4235,1827,-2812.9,0.9378,0.92846,2.5916,1.7508,0.90864,0.89994,3.1409,2.2693,0.92288,0.91553,2.8857,1.9816,24,24,0.87507,0.55655,0.31853,24,3,22,1,0,0,0.95897,0,1,y,y,y,y,y,y,y,y,y,y,y,,,,,,,,,,,,,,,,,,,,,,,,,,,,,,,,,,,,,,
elc_nam_1.1Adod_m_0,household electricity access,North America,1.1,Adoption over Time,Access to electricity as share of total population,% of population with access to electricity,elc,-2.1972e-11,-1.0286e-10,0,2091.4,-2.0001e+11,200,100,1180.4,100,-inf,-inf,1.0778e-08,9.3379e-09,-inf,-inf,1.0093e-07,8.7433e-08,,,0,0,34,34,0.5,0.5,0,34,33,33,0,0,0,0.97059,0,1,n,y,y,y,y,y,y,m,m,n,m,,,,,,,,,,,,,,,,,,,,,,,,,,,,,,,,,,,,,,
elc_net_1.1Adod_m_0,household electricity access,Netherlands,1.1,Adoption over Time,Access to electricity as share of total population,% of population with access to electricity,elc,-2.1972e-11,-1.0286e-10,0,2091.4,-2.0001e+11,200,100,1180.4,100,-inf,-inf,1.0778e-08,9.3379e-09,-inf,-inf,1.0093e-07,8.7433e-08,,,0,0,34,34,0.5,0.5,0,34,33,33,0,0,0,0.97059,0,1,n,y,y,y,y,y,y,m,m,n,m,,,,,,,,,,,,,,,,,,,,,,,,,,,,,,,,,,,,,,
elc_nig_1.1Adod_m_0,household electricity access,Nigeria,1.1,Adoption over Time,Access to electricity as share of total population,% of population with access to electricity,elc,0.070014,0.016418,0.80905,1989.7,62.765,64.701,5.9824,1880.3,-1575.3,0.93385,0.92723,2.1312,1.5968,0.89516,0.8884,2.6828,1.8291,0.91764,0.91233,2.3779,1.4119,34,34,0.94589,0.42194,0.52395,34,0,33,0,0,0,0.96997,0,1,y,y,y,y,y,y,y,y,y,y,y,,,,,,,,,,,,,,,,,,,,,,,,,,,,,,,,,,,,,,
elc_nor_1.1Adod_m_0,household electricity access,Norway,1.1,Adoption over Time,Access to electricity as share of total population,% of population with access to electricity,elc,-2.1972e-11,-1.0286e-10,0,2091.4,-2.0001e+11,200,100,1180.4,100,-inf,-inf,1.0778e-08,9.3379e-09,-inf,-inf,1.0093e-07,8.7433e-08,,,0,0,34,34,0.5,0.5,0,34,33,33,0,0,0,0.97059,0,1,n,y,y,y,y,y,y,m,m,n,m,,,,,,,,,,,,,,,,,,,,,,,,,,,,,,,,,,,,,,
elc_pol_1.1Adod_m_0,household electricity access,Poland,1.1,Adoption over Time,Access to electricity as share of total population,% of population with access to electricity,elc,3.6677e-06,1.8332e-06,0.00018335,1716,1.1982e+06,199.83,99.83,1240,99.603,0.00073052,-0.099196,0.066527,0.048377,0.00073073,-0.063738,0.066527,0.04838,0.00073052,-0.063738,0.066527,0.048378,34,34,0.50041,0.49941,0.0010008,34,33,18,0,1,0,0.97057,0,1,n,y,y,y,y,y,y,m,m,n,m,,,,,,,,,,,,,,,,,,,,,,,,,,,,,,,,,,,,,,
elc_por_1.1Adod_m_0,household electricity access,Portugal,1.1,Adoption over Time,Access to electricity as share of total population,% of population with access to electricity,elc,-2.1972e-11,-1.0286e-10,0,2091.4,-2.0001e+11,200,100,1180.4,100,-inf,-inf,1.0778e-08,9.3379e-09,-inf,-inf,1.0093e-07,8.7433e-08,,,0,0,34,34,0.5,0.5,0,34,33,33,0,0,0,0.97059,0,1,n,y,y,y,y,y,y,m,m,n,m,,,,,,,,,,,,,,,,,,,,,,,,,,,,,,,,,,,,,,
elc_swe_1.1Adod_m_0,household electricity access,Sweden,1.1,Adoption over Time,Access to electricity as share of total population,% of population with access to electricity,elc,-2.1972e-11,-1.0286e-10,0,2091.4,-2.0001e+11,200,100,1180.4,100,-inf,-inf,1.0778e-08,9.3379e-09,-inf,-inf,1.0093e-07,8.7433e-08,,,0,0,34,34,0.5,0.5,0,34,33,33,0,0,0,0.97059,0,1,n,y,y,y,y,y,y,m,m,n,m,,,,,,,,,,,,,,,,,,,,,,,,,,,,,,,,,,,,,,
elc_swi_1.1Adod_m_0,household electricity access,Switzerland,1.1,Adoption over Time,Access to electricity as share of total population,% of population with access to electricity,elc,-2.1972e-11,-1.0286e-10,0,2091.4,-2.0001e+11,200,100,1180.4,100,-inf,-inf,1.0778e-08,9.3379e-09,-inf,-inf,1.0093e-07,8.7433e-08,,,0,0,34,34,0.5,0.5,0,34,33,33,0,0,0,0.97059,0,1,n,y,y,y,y,y,y,m,m,n,m,,,,,,,,,,,,,,,,,,,,,,,,,,,,,,,,,,,,,,
elc_uki_1.1Adod_m_0,household electricity access,United Kingdom,1.1,Adoption over Time,Access to electricity as share of total population,% of population with access to electricity,elc,-2.1972e-11,-1.0286e-10,0,2091.4,-2.0001e+11,200,100,1180.4,100,-inf,-inf,1.0778e-08,9.3379e-09,-inf,-inf,1.0093e-07,8.7433e-08,,,0,0,34,34,0.5,0.5,0,34,33,33,0,0,0,0.97059,0,1,n,y,y,y,y,y,y,m,m,n,m,,,,,,,,,,,,,,,,,,,,,,,,,,,,,,,,,,,,,,
elc_usa_1.1Adod_m_0,household electricity access,United States,1.1,Adoption over Time,Access to electricity as share of total population,% of population with access to electricity,elc,-2.1972e-11,-1.0286e-10,0,2091.4,-2.0001e+11,200,100,1180.4,100,-inf,-inf,1.0778e-08,9.3379e-09,-inf,-inf,1.0093e-07,8.7433e-08,,,0,0,34,34,0.5,0.5,0,34,33,33,0,0,0,0.97059,0,1,n,y,y,y,y,y,y,m,m,n,m,,,,,,,,,,,,,,,,,,,,,,,,,,,,,,,,,,,,,,
ele_usa_1.1Adod_m_0,electric vehicles,United States,1.1,Adoption over Time,Total BEV and PHEV share of new Light Duty Vehicles sales,EV (PHEV + BEV) share of total new LDV sale,ele,0.41933,0.29909,0.0079141,2024.1,10.48,0.26447,2.5765,2033.9,-15.929,0.97904,0.97333,0.005704,0.0045639,0.97417,0.96986,0.0063329,0.0043547,0.75303,0.71187,0.019582,0.016936,15,15,0.46919,0.00013575,0.46905,15,0,14,0,0,1,0.77635,1,1,y,y,y,y,y,y,y,y,y,y,y,,,,,,,,,,,,,,,,,,,,,,,,,,,,,,,,,,,,,,
ema_bra_1.1Adod_m_0,email,Brazil,1.1,Adoption over Time,Individuals who sent e-mails with attached files in the last 3 months,%,ema,0.020839,0.020836,0.47078,2441.7,210.87,1.6654e+05,4.508,1937,-925.58,0.2389,-0.046517,3.0328,2.6506,0.2389,0.069766,3.0328,2.6506,0.21855,0.044889,3.0731,2.6998,12,12,0.00018814,0.00012293,6.521e-05,12,1,6,0,1,0,0.89097,0,1,n,y,y,y,y,y,y,m,m,n,m,,,,,,,,,,,,,,,,,,,,,,,,,,,,,,,,,,,,,,
ema_ger_1.1Adod_m_0,email,Germany,1.1,Adoption over Time,Individuals who sent e-mails with attached files in the last 3 months,%,ema,0.025836,0.014764,1.091,2026.5,170.09,172.8,5.8747,1843.8,-2124.8,0.94586,0.90526,0.9586,0.72955,0.94553,0.92375,0.96153,0.73481,0.94563,0.92389,0.96063,0.73007,8,8,0.46046,0.39691,0.063543,12,0,7,0,0,0,0.87501,0,1,y,y,y,y,y,y,y,m,y,m,y,,,,,,,,,,,,,,,,,,,,,,,,,,,,,,,,,,,,,,
ema_ita_1.1Adod_m_0,email,Italy,1.1,Adoption over Time,Individuals who sent e-mails with attached files in the last 3 months,%,ema,0.48021,0.043953,2.2908,2006.7,9.1511,57.6,1.1086,1924.1,-4556.2,1,1,9.7522e-12,9.1518e-12,0.97263,-inf,0.47806,0.43979,0.97765,-inf,0.43196,0.39991,3,3,0.95418,0.8314,0.12278,4,0,2,0,0,0,0.6635,0,1,y,n,y,y,y,y,m,m,y,n,n,,,,,,,,,,,,,,,,,,,,,,,,,,,,,,,,,,,,,,
ema_jap_1.1Adod_m_0,email,Japan,1.1,Adoption over Time,Individuals who sent e-mails with attached files in the last 3 months,%,ema,15.429,0.0050808,0.36401,2017.8,0.28482,71.245,15.912,1727.1,-664.84,0.80712,0.5178,0.58874,0.45985,0.28347,-0.19422,1.1347,0.96192,0.28675,-0.18876,1.1321,0.9598,6,6,1.0165,0.95464,0.061817,7,1,5,1,0,0,0.83919,0,1,y,y,y,y,y,y,y,m,m,m,m,,,,,,,,,,,,,,,,,,,,,,,,,,,,,,,,,,,,,,
ema_net_1.1Adod_m_0,email,Netherlands,1.1,Adoption over Time,Individuals who sent e-mails with attached files in the last 3 months,%,ema,0.0076273,0.007623,0.64676,2996.1,576.15,1.5079e+05,12.601,1764.9,-1218.4,0.68015,0.20037,1.992,1.4327,0.68015,0.46692,1.992,1.4327,0.67436,0.45727,2.0099,1.448,6,6,0.00059398,0.00052961,6.4366e-05,13,0,2,0,1,0,0.82571,0,1,m,y,y,y,y,y,y,m,y,m,y,,,,,,,,,,,,,,,,,,,,,,,,,,,,,,,,,,,,,,
ema_nig_1.1Adod_m_0,email,Nigeria,1.1,Adoption over Time,Individuals who sent e-mails with attached files in the last 3 months,%,ema,,,0.37323,,,,,,-746.64,,,,,,,,,1,1,4.0273e-14,3.0198e-14,2,2,,,,6,0,1,0,0,0,0.48303,0,1,n,n,y,y,y,y,m,m,y,n,n,,,,,,,,,,,,,,,,,,,,,,,,,,,,,,,,,,,,,,
ema_por_1.1Adod_m_0,email,Portugal,1.1,Adoption over Time,Individuals who sent e-mails with attached files in the last 3 months,%,ema,1.0774,0.049608,2.5172,2008.5,4.0788,53.522,0.73196,1926.4,-5013.4,1,1,3.993e-13,3.2211e-13,0.86253,-inf,1.2445,1.1439,0.87485,-inf,1.1874,1.0993,3,3,0.99261,0.84124,0.15136,4,0,2,0,0,0,0.66896,0,1,y,n,y,y,y,y,m,m,y,n,n,,,,,,,,,,,,,,,,,,,,,,,,,,,,,,,,,,,,,,
ema_sou_1.1Adod_m_0,email,South Korea,1.1,Adoption over Time,Individuals who sent e-mails with attached files in the last 3 months,%,ema,0.083552,0.061207,4.7183,2032.1,52.595,296.54,0.25013,1926,-9451.1,0.90029,0.85044,4.5247,3.6569,0.89945,0.87072,4.5437,3.671,0.8945,0.86435,4.6543,3.7618,10,10,0.32819,0.1937,0.13449,10,0,7,0,1,0,0.8892,0,1,y,y,y,y,y,y,y,m,y,m,y,,,,,,,,,,,,,,,,,,,,,,,,,,,,,,,,,,,,,,
ema_swe_1.1Adod_m_0,email,Sweden,1.1,Adoption over Time,Individuals who sent e-mails with attached files in the last 3 months,%,ema,0.0064073,0.0064021,0.52241,3126.9,685.85,1.0114e+05,9.2741,1675.7,-971.19,0.53029,0.24846,2.4909,2.2524,0.53029,0.37372,2.4909,2.2524,0.52543,0.36725,2.5037,2.2767,9,9,0.00086823,0.00076111,0.00010712,15,1,8,0,0,0,0.88983,0,1,m,y,y,y,y,y,y,m,y,m,y,,,,,,,,,,,,,,,,,,,,,,,,,,,,,,,,,,,,,,
ema_uki_1.1Adod_m_0,email,United Kingdom,1.1,Adoption over Time,Individuals who sent e-mails with attached files in the last 3 months,%,ema,2.0032,0.021458,1.6507,2008.7,2.1938,77.885,2.7077,1856.1,-3244.4,1,1,5.5586e-13,3.6948e-13,0.69002,-inf,1.3726,1.2669,0.69735,-inf,1.3563,1.2557,3,3,0.99981,0.92817,0.071644,4,0,2,0,0,0,0.67172,0,1,y,n,y,y,y,y,m,m,y,n,n,,,,,,,,,,,,,,,,,,,,,,,,,,,,,,,,,,,,,,
ene_glo_3.3Sci_d235_m020,energy communities,Global,3.3,Risk & Uncertainty (Shared Expectations),scientific publications,# publications,ene,0.22255,0.091752,195.47,2014.2,19.746,13134,0.00070226,1841,-3.8765e+05,0.98274,0.98173,486.83,327.67,0.95029,0.94838,826.24,584.27,0.70108,0.68958,2026.1,1678.5,55,55,0.89918,0.00022841,0.89895,55,1,54,0,0,1,0.9497,0,0,y,y,y,y,y,y,y,y,y,y,y,y,y,,,,"good; only available global, apply to all EA regions",0,,,1,1,0,0,1,1,,1,1,0,0,1,1,851,,,,,,,,1,1,0,0,1,1,,
ene_net_1.1Ado_d347_m185,energy communities,The Netherlands,1.1,Adoption over time,share of population in energy communities,market share,ene,0.43877,0.0010139,0.00014686,2016.6,10.015,0.0068554,1555.1,1.5746e+05,-0.29305,0.99629,0.99596,0.00012527,0.00011336,-0.42377,-0.50513,0.0024532,0.0013384,0.61357,0.59149,0.0012781,0.0010895,38,38,0.92719,0.0019984,0.92519,38,0,37,0,0,1,0.90394,1,1,y,y,y,y,y,y,y,y,y,y,y,m,y,,,,* check fit as original is already market share,0,prefer-relative,transformed-marketshare,1,1,1,1,0,0,,1,1,1,1,0,0,856,,,,,,,,1,1,1,1,0,0,,
ene_net_2.5Var_d185_m029,energy communities,The Netherlands,2.5,Variety (Choice Availability),Share of PV in new projects,% PV in new projects,ene,0.42413,0.0027437,0.018496,2012.2,10.361,0.59048,1554.7,1.575e+05,-36.904,0.65405,0.62353,0.1678,0.084547,-0.36125,-0.43904,0.33285,0.17147,0.50546,0.4772,0.20062,0.15484,38,13,1.6935,0.052118,1.6414,13,12,10,0,1,1,0.60324,1,1,m,y,y,y,y,y,m,y,y,m,m,m,m,,,,,0,,,,,,,,,,1,1,0,0,1,1,860,,,,,,,,1,1,0,0,1,1,,
ene_net_2.5Var_d193_m093,energy communities,The Netherlands,2.5,Variety (Choice Availability),Share of wind in new projects,% wind in new projects,ene,0.83909,0.0046013,0.0031692,1987.9,5.2371,0.60678,4.3941,2450.4,-5.7873,0.076283,-0.0052214,0.41344,0.37569,0.0053589,-0.051478,0.42902,0.40026,0.0065268,-0.050243,0.42876,0.40032,38,27,1.648,0.37209,1.276,36,35,6,0,1,1,0.63454,1,1,n,y,y,m,m,m,m,y,m,n,m,n,m,,,,,0,,,,,,,,,,0,0,0,0,0,0,861,,,,,,,,0,0,0,0,0,0,delete,
ene_net_2.95Uni_d214_m133,energy communities,The Netherlands,2.95,Interdependence with Hardware (Unit Size),avg size of new project in year,kW,ene,1.5147,0.013855,17.342,1999.8,2.9011,1188.9,7.6251,1668.4,-33956,0.096327,0.016592,1388.5,803.03,0.010996,-0.045518,1452.5,839.34,0.016953,-0.039221,1448.2,830.37,38,28,6.0661,0.012541,6.0536,36,20,12,1,1,1,0.25856,0,0,n,y,y,m,m,m,m,y,m,n,m,,,,,,,,,,,,,,,,,,,,,,,,,,,,,,,,,,,,,,
ene_net_2.95Uni_d219_m133,energy communities,The Netherlands,2.95,Interdependence with Hardware (Unit Size),max size of new project in year,kW,ene,1.5601,0.10981,400.62,2015.8,2.8167,15855,0.00026738,1859.1,-7.9893e+05,0.59111,0.55504,4518.1,2230,0.47491,0.4449,5120,2811,0.38657,0.35152,5534,3640.4,38,28,2.2194,0.00095362,2.2185,36,5,12,1,1,1,0.58444,0,0,m,y,y,m,m,m,m,y,y,m,m,,,,,,,,,,,,,,,,,,,,,,,,,,,,,,,,,,,,,,
ene_net_2.95Uni_d220_m133,energy communities,The Netherlands,2.95,Interdependence with Hardware (Unit Size),min size of new project in year,kW,ene,0.46146,0.00054112,0.51406,1994.9,9.5229,703.69,242.49,534.07,-493.08,0.040304,-0.044375,1152.9,726.98,1.2995e-05,-0.057129,1176.9,742.39,2.2943e-05,-0.057119,1176.9,742.48,38,28,6.537,0.0032514,6.5337,36,13,11,1,1,1,0.24232,0,0,n,y,y,m,m,m,m,y,m,n,m,,,,,,,,,,,,,,,,,,,,,,,,,,,,,,,,,,,,,,
ene_net_2.9Int_d092_m194,energy communities,The Netherlands,2.9,Interdependence with Hardware,Energy community installed capacity,MW,ene,0.34125,0.22424,11.727,2021.9,12.877,1196.5,0.00069131,1961,-23409,0.99405,0.99352,13.683,9.6689,0.98836,0.9877,19.135,10.605,0.52567,0.49857,122.15,95.08,38,36,0.57487,0.0002591,0.57461,36,0,35,0,0,1,0.83066,0,0,y,y,y,y,y,y,y,y,y,y,y,,,,,,,,,,,,,,,,,,,,,,,,,,,,,,,,,,,,,,
ene_net_4.1Sal_d213_m100,energy communities,The Netherlands,4.1,Knowledge Flows (social networks),annualised Google search frequency (index 100=monthly max.),Index 0-100,ene,17.486,0.076623,0.82857,2014.8,0.25131,25.667,1.8419,1985.6,-1649.9,-0.062201,-0.24965,27.423,13.556,0.057705,-0.046994,25.828,17.593,0.035557,-0.071604,26.13,18.629,21,10,3.8961,0.62338,3.2727,19,18,1,0,0,1,0.1768,0,1,n,y,y,m,m,m,m,y,m,n,m,n,m,,,,noisy,0,prefer,original,0,0,0,0,1,1,,0,0,0,0,1,1,863,,,,,,,,0,0,0,0,1,1,,
ene_net_4.1Sal_d239_m153,energy communities,The Netherlands,4.1,Knowledge Flows (social networks),Partial up to max annualised Google search frequency (index 100=monthly max.),Partial up to max Index 0-100,ene,18.917,,50,2006,0.2323,249.64,,,-1.0022e+05,1,1,5.8764e-07,3.6034e-07,,,,,0.75,-inf,23.57,22.222,3,1,0.40057,0.40057,0,1,0,0,0,0,,,0,1,y,n,y,m,m,m,m,m,y,n,n,n,n,,,,too few,0,hide,transformed-partial,0,0,0,0,0,0,,0,0,0,0,0,0,864,,,,,,,,0,0,0,0,0,0,delete,
foo_glo_3.3Sci_d235_m020,reducing food waste,Global,3.3,Risk & Uncertainty (Shared Expectations),scientific publications,# publications,foo,0.29887,0.14324,46.62,2018.9,14.703,4657.5,0.00010383,1901.7,-92540,0.98472,0.98382,125.45,81.826,0.96497,0.96362,189.92,90.726,0.53188,0.51388,694.29,549.17,55,55,0.80774,0.00021471,0.80752,55,2,54,0,0,1,0.91207,0,0,y,y,y,y,y,y,y,y,y,y,y,y,y,,,,"good; only available global, apply to all EA regions",0,,,1,1,0,0,1,1,,1,1,0,0,1,1,882,,,,,,,,1,1,0,0,1,1,,
foo_glo_4.1Sal_d213_m100,reducing food waste,Global,4.1,Knowledge Flows (social networks),annualised Google search frequency (index 100=monthly max.),Index 0-100,foo,0.2805,0.14295,5.2934,2018.9,15.667,125.05,0.10006,1974.8,-10624,0.98617,0.98372,3.9339,2.8166,0.9555,0.95056,7.0553,5.944,0.91846,0.9094,9.5505,7.7633,21,20,0.79965,0.0058726,0.79378,21,2,19,0,0,1,0.89369,0,1,y,y,y,y,y,y,y,y,y,y,y,y,y,,,,,0,hide,original,1,1,0,0,0,0,,1,1,0,0,0,0,883,,,,,,,,1,1,0,0,0,0,delete,
foo_glo_4.1Sal_d239_m153,reducing food waste,Global,4.1,Knowledge Flows (social networks),Partial up to max annualised Google search frequency (index 100=monthly max.),Partial up to max Index 0-100,foo,0.25015,0.17114,4.9569,2020.7,17.567,158.2,0.10618,1982.1,-9947.6,0.98117,0.97741,3.9405,2.9986,0.97305,0.96968,4.7147,3.5923,0.89376,0.88048,9.3609,7.0591,19,18,0.6321,0.0046421,0.62746,19,0,17,0,0,1,0.83125,0,1,y,y,y,y,y,y,y,y,y,y,y,y,y,,,,,0,prefer,transformed-partial,1,1,0,0,0,1,,1,1,0,0,0,1,884,,,,,,,,1,1,0,0,0,1,,
foo_usa_1.1Ado_d337_m185,reducing food waste,US,1.1,Adoption over time,share of food that is wasted,market share,foo,2.6528,-0.0016594,-0.00099599,2003.2,1.6565,0.65738,3.1116,1079.8,2.6659,-3.5398e-08,-0.6,0.090852,0.064003,0.0013478,-0.33154,0.090791,0.064726,0.0012285,-0.3317,0.090796,0.064667,9,9,1.2169,0.68365,0.53324,12,8,7,0,1,0,0.84132,1,1,n,y,y,y,y,y,y,y,m,n,m,n,m,,,,* is this market share? identical to kg/cap *needs sign reversal * negative slope = LED innovation,0,prefer-relative,transformed-marketshare,1,1,1,1,0,0,,0,1,1,1,0,0,886,check,,,,,,,1,1,1,1,0,0,,
foo_usa_4.1Sal_d213_m100,reducing food waste,US,4.1,Knowledge Flows (social networks),annualised Google search frequency (index 100=monthly max.),Index 0-100,foo,0.19165,0.13909,4.673,2023.6,22.93,183.77,0.14587,1976.9,-9377,0.95333,0.9451,6.4203,4.5703,0.94746,0.94162,6.8123,5.4841,0.90653,0.89614,9.0863,6.96,21,20,0.54416,0.0056264,0.53853,21,0,18,0,0,1,0.86375,0,1,y,y,y,y,y,y,y,y,y,y,y,y,y,,,,,0,hide,original,1,1,0,0,0,0,,1,1,0,0,0,0,887,,,,,,,,1,1,0,0,0,0,delete,
foo_usa_4.1Sal_d239_m153,reducing food waste,US,4.1,Knowledge Flows (social networks),Partial up to max annualised Google search frequency (index 100=monthly max.),Partial up to max Index 0-100,foo,0.19165,0.13909,4.673,2023.6,22.93,183.77,0.14587,1976.9,-9377,0.95333,0.9451,6.4203,4.5703,0.94746,0.94162,6.8123,5.4841,0.90653,0.89614,9.0863,6.96,21,20,0.54416,0.0056264,0.53853,21,0,18,0,0,1,0.86375,0,1,y,y,y,y,y,y,y,y,y,y,y,y,y,,,,,0,prefer,transformed-partial,1,1,0,0,1,1,,1,1,0,0,1,1,888,,,,,,,,1,1,0,0,1,1,,
hea_aus_1.1Adod_m_0,heat pumps,Austria,1.1,Adoption over Time,Annual production of air-source heat pumps,Units (number of heat pumps),hea,0.095142,0.095141,1649,2142.8,46.189,4.4539e+09,0.00023688,1821.5,-3.2966e+06,0.87536,0.85568,4330.6,2893.1,0.87536,0.8629,4330.6,2893.1,0.79515,0.77467,5551.8,3457.7,23,23,1.3548e-05,1.0597e-06,1.2488e-05,23,0,22,0,0,0,0.82584,0,0,y,y,y,y,y,y,y,m,y,m,y,,,,,,,,,,,,,,,,,,,,,,,,,,,,,,,,,,,,,,
hea_ger_1.1Adod_m_0,heat pumps,Germany,1.1,Adoption over Time,Annual production of air-source heat pumps,Units (number of heat pumps),hea,0.25467,0.25466,19738,2071.2,17.255,8.2578e+10,1.3613e-11,1874.3,-3.9673e+07,0.872,0.8336,36943,33220,0.872,0.84872,36942,33219,0.59381,0.51995,65809,52385,14,14,5.3101e-06,7.2659e-07,4.5835e-06,14,0,13,0,0,0,0.69527,0,0,y,y,y,y,y,y,m,m,y,m,m,,,,,,,,,,,,,,,,,,,,,,,,,,,,,,,,,,,,,,
hea_net_1.1Adod_m_0,heat pumps,Netherlands,1.1,Adoption over Time,Annual production of air-source heat pumps,Units (number of heat pumps),hea,0.35839,0.32966,32018,2026.1,12.262,2.8868e+06,4.3903e-14,1888.6,-6.4419e+07,0.91243,0.8749,35804,26427,0.91217,0.89021,35857,26169,0.70033,0.62542,66231,59018,11,11,0.13156,0.014029,0.11754,11,1,8,0,1,1,0.72839,0,0,y,y,y,y,y,y,y,m,y,m,y,,,,,,,,,,,,,,,,,,,,,,,,,,,,,,,,,,,,,,
hea_nor_1.1Adod_m_0,heat pumps,Norway,1.1,Adoption over Time,Annual production of air-source heat pumps,Units (number of heat pumps),hea,0.080526,0.080524,5180.3,2149.6,54.572,3.827e+09,0.00056042,1782.6,-1.0355e+07,0.80607,0.77545,17203,14211,0.80607,0.78668,17203,14211,0.77372,0.75109,18583,15278,23,23,3.9524e-05,3.6582e-06,3.5866e-05,23,0,21,0,0,1,0.87598,0,0,y,y,y,y,y,y,y,m,y,m,y,,,,,,,,,,,,,,,,,,,,,,,,,,,,,,,,,,,,,,
hea_pol_1.1Adod_m_0,heat pumps,Poland,1.1,Adoption over Time,Annual production of air-source heat pumps,Units (number of heat pumps),hea,0.64149,0.64149,2690.5,2040.8,6.8503,3.3022e+10,2.5852e-19,1936.3,-5.3838e+06,0.96941,0.96559,6751.5,5298.3,0.96941,0.96696,6751.5,5298.3,0.35147,0.29958,31087,18335,28,27,5.9384e-06,3.0283e-09,5.9354e-06,28,0,26,0,0,1,0.48979,0,0,y,y,y,y,y,y,m,m,y,m,m,,,,,,,,,,,,,,,,,,,,,,,,,,,,,,,,,,,,,,
hea_swi_1.1Adod_m_0,heat pumps,Switzerland,1.1,Adoption over Time,Annual production of air-source heat pumps,Units (number of heat pumps),hea,0.21202,0.21201,4685.5,2079.5,20.726,1.3909e+10,3.4902e-09,1877.5,-9.4151e+06,0.74464,0.66804,12810,10499,0.74465,0.69822,12810,10499,0.55514,0.47425,16908,11727,14,14,8.3639e-06,2.5596e-07,8.108e-06,14,0,13,0,0,1,0.62954,0,0,y,y,y,y,y,y,m,m,y,m,m,,,,,,,,,,,,,,,,,,,,,,,,,,,,,,,,,,,,,,
hea_usa_1.1Adod_m_0,heat pumps,United States,1.1,Adoption over Time,Annual production of air-source heat pumps,Units (number of heat pumps),hea,0.05323,0.05323,1.0999e+05,2234.7,82.555,3.0971e+11,0.01314,1656.2,-2.1897e+08,0.7992,0.76155,3.4054e+05,2.9768e+05,0.7992,0.77558,3.4054e+05,2.9768e+05,0.6965,0.66079,4.1867e+05,3.5749e+05,20,20,1.3995e-05,5.2512e-06,8.744e-06,20,0,19,0,0,0,0.90987,0,0,y,y,y,y,y,y,y,m,y,m,y,,,,,,,,,,,,,,,,,,,,,,,,,,,,,,,,,,,,,,
int_bra_1.1Adod_m_0,household internet access,Brazil,1.1,Adoption over Time,Fixed broadband subscriptions (per 100 people),%,h12,0.21641,0.0018747,0.0093701,2014.7,20.307,0.24294,1555,1.5749e+05,-18.753,0.98269,0.98032,0.0093874,0.0085828,-1.4468,-1.6596,0.1116,0.085813,0.97034,0.96777,0.012286,0.0096087,26,26,0.92282,2.408e-05,0.9228,26,0,25,0,0,1,0.91789,1,1,y,y,y,y,y,y,y,y,y,y,y,,,,,,,,,,,,,,,,,,,,,,,,,,,,,,,,,,,,,,
int_chi_1.1Ado_d362_m195,household internet access,China,1.1,Adoption over Time,Share of Households,%,h12,0.26105,0.10097,2.592,2011.7,16.834,75.475,0.72117,1974.6,-5174.7,0.9895,0.98841,2.665,2.226,0.93483,0.93049,6.6389,5.9959,0.90064,0.89401,8.1978,6.8004,33,30,1.0018,2.2349e-06,1.0018,30,0,29,0,0,1,0.92916,0,1,y,y,y,y,y,y,y,y,y,y,y,,,,,,,,,,,,,,,,,,,,,,,,,,,,,,,,,,,,,,
int_den_1.1Ado_d362_m195,household internet access,Denmark,1.1,Adoption over Time,Share of Households,%,h12,0.48388,0.048521,3.7567,2000.8,9.0817,94.573,0.69247,1914.9,-7474,0.99268,0.99192,3.3099,2.7781,0.70191,0.68204,21.115,18.935,0.85556,0.84593,14.698,12.455,33,33,1.0454,0.0010286,1.0444,33,1,32,0,0,1,0.97003,0,1,y,y,y,y,y,y,y,y,y,y,y,,,,,,,,,,,,,,,,,,,,,,,,,,,,,,,,,,,,,,
int_fin_1.1Ado_d362_m195,household internet access,Finland,1.1,Adoption over Time,Share of Households,%,h12,0.37902,0.045567,3.339,2000.5,11.594,89.622,0.79756,1912.9,-6638.5,0.99437,0.99379,2.5692,2.0967,0.71437,0.69533,18.302,16.431,0.86202,0.85282,12.72,11.365,33,33,1.0376,0.0044753,1.0331,33,0,32,0,0,1,0.96975,0,1,y,y,y,y,y,y,y,y,y,y,y,,,,,,,,,,,,,,,,,,,,,,,,,,,,,,,,,,,,,,
int_ger_1.1Adod_m_0,household internet access,Germany,1.1,Adoption over Time,Fixed broadband subscriptions (per 100 people),%,h12,0.39603,0.0028753,0.020264,2006.9,11.096,0.41778,1554.8,1.5752e+05,-40.477,0.97992,0.97691,0.020878,0.018454,-3.7421,-4.1938,0.32085,0.28502,0.90642,0.89751,0.04507,0.039717,24,24,1.0862,0.0077546,1.0785,24,0,23,0,0,1,0.95548,1,1,y,y,y,y,y,y,y,y,y,y,y,,,,,,,,,,,,,,,,,,,,,,,,,,,,,,,,,,,,,,
int_ita_1.1Adod_m_0,household internet access,Italy,1.1,Adoption over Time,Fixed broadband subscriptions (per 100 people),%,h12,0.33202,0.061274,0.013903,2007,13.236,0.29231,4.0045,2061.9,-27.769,0.95892,0.95276,0.020335,0.018034,0.80302,0.78426,0.044526,0.036545,0.92014,0.91254,0.028351,0.023543,24,24,1.0893,0.0068693,1.0824,24,0,23,0,0,1,0.95342,1,1,y,y,y,y,y,y,y,y,y,y,y,,,,,,,,,,,,,,,,,,,,,,,,,,,,,,,,,,,,,,
int_jap_1.1Adod_m_0,household internet access,Japan,1.1,Adoption over Time,Fixed broadband subscriptions (per 100 people),%,h12,0.33957,0.0024083,0.015219,2005.5,12.941,0.33836,1554.9,1.575e+05,-30.369,0.96424,0.95937,0.022593,0.019423,-3.6789,-4.0858,0.25845,0.22917,0.91266,0.90507,0.03531,0.031282,26,26,1.1417,0.00074875,1.141,26,0,25,0,0,1,0.95435,1,1,y,y,y,y,y,y,y,y,y,y,y,,,,,,,,,,,,,,,,,,,,,,,,,,,,,,,,,,,,,,
int_ldc_1.1Adod_m_0,household internet access,LDCs,1.1,Adoption over Time,Fixed broadband subscriptions (per 100 people),%,h12,0.29862,0.12694,0.0013382,2018.3,14.716,0.022788,6.1824,2069.1,-2.6895,0.97863,0.9737,0.00096774,0.00080035,0.92851,0.9183,0.0017701,0.0015823,0.9807,0.97794,0.00091979,0.00080969,17,17,0.87766,0.043883,0.83378,17,1,16,0,0,0,0.90786,1,1,y,y,y,y,y,y,y,y,y,y,y,,,,,,,,,,,,,,,,,,,,,,,,,,,,,,,,,,,,,,
int_lka_1.1Ado_d362_m195,household internet access,Sri Lanka,1.1,Adoption over Time,Share of Households,%,h12,0.95329,0.15971,1.4333,2015.8,4.6098,45.543,4.1875,2005.2,-2862.3,0.96867,0.9644,2.9242,1.7931,0.91199,0.90434,4.9012,3.1562,0.73117,0.7078,8.566,7.1999,26,22,1.1129,6.0721e-05,1.1129,28,2,21,0,0,1,0.86436,0,1,y,y,y,y,y,y,y,y,y,y,y,,,,,,,,,,,,,,,,,,,,,,,,,,,,,,,,,,,,,,
int_net_1.1Adod_m_0,household internet access,Netherlands,1.1,Adoption over Time,Fixed broadband subscriptions (per 100 people),%,h12,0.57579,0.046717,0.017664,2004.5,7.6321,0.41498,0.39525,2016.9,-35.208,0.99063,0.98929,0.014051,0.012725,0.65401,0.62255,0.085362,0.073355,0.78522,0.76569,0.067256,0.059552,25,25,1.0498,0.011572,1.0382,26,1,24,0,0,1,0.9655,1,1,y,y,y,y,y,y,y,y,y,y,y,,,,,,,,,,,,,,,,,,,,,,,,,,,,,,,,,,,,,,
int_nig_1.1Adod_m_0,household internet access,Nigeria,1.1,Adoption over Time,Fixed broadband subscriptions (per 100 people),%,h12,21.87,0.0010008,9.0888e-06,2015.1,0.20093,0.00042725,1555.3,1.5748e+05,-0.017979,-0.65131,-1.0324,0.00024401,0.00016583,-3.0447,-3.6226,0.0003819,0.00033134,0.066017,-0.067409,0.00018351,0.00015952,17,17,1.392,0.0080748,1.3839,19,12,16,1,0,1,0.8067,1,1,n,y,y,m,y,m,y,y,m,n,m,,,,,,,,,,,,,,,,,,,,,,,,,,,,,,,,,,,,,,
int_por_1.1Adod_m_0,household internet access,Portugal,1.1,Adoption over Time,Fixed broadband subscriptions (per 100 people),%,h12,0.20957,0.081838,0.019718,2012,20.968,0.47534,1.4703,2036.1,-39.434,0.9858,0.98377,0.016982,0.01348,0.9228,0.91578,0.039595,0.033091,0.9956,0.99519,0.0094576,0.0079829,25,25,0.92799,6.101e-05,0.92793,25,0,24,0,0,1,0.94005,1,1,y,y,y,y,y,y,y,y,y,y,y,,,,,,,,,,,,,,,,,,,,,,,,,,,,,,,,,,,,,,
int_sou_1.1Ado_d362_m195,household internet access,South Korea,1.1,Adoption over Time,Share of Households,%,h12,0.5155,0.05176,3.7106,2000.8,8.5246,89.315,0.28532,1905,-7385.4,0.97848,0.97625,5.5513,4.7401,0.72367,0.70525,19.892,17.913,0.87179,0.86325,13.549,11.61,33,33,1.0924,0.00026048,1.0922,33,1,32,0,0,1,0.96688,0,1,y,y,y,y,y,y,y,y,y,y,y,,,,,,,,,,,,,,,,,,,,,,,,,,,,,,,,,,,,,,
int_sou_1.1Adod_m_0,household internet access,South Korea,1.1,Adoption over Time,Fixed broadband subscriptions (per 100 people),%,h12,0.30279,0.044219,0.01576,2003.5,14.513,0.42095,2.656,2059.9,-31.372,0.94048,0.93236,0.031163,0.024209,0.75497,0.73366,0.06323,0.04771,0.85625,0.84375,0.04843,0.039088,26,26,1.1063,0.00071909,1.1055,26,0,25,0,0,1,0.9602,1,1,y,y,y,y,y,y,y,y,y,y,y,,,,,,,,,,,,,,,,,,,,,,,,,,,,,,,,,,,,,,
int_swe_1.1Adod_m_0,household internet access,Sweden,1.1,Adoption over Time,Fixed broadband subscriptions (per 100 people),%,h12,0.43194,0.04365,0.014695,2004.3,10.174,0.376,2.5112,2061.4,-29.264,0.9447,0.93641,0.026497,0.022698,0.7186,0.6918,0.059773,0.049347,0.815,0.79738,0.048465,0.039805,24,24,1.0861,0.074643,1.0114,24,2,23,0,0,1,0.96093,1,1,y,y,y,y,y,y,y,y,y,y,y,,,,,,,,,,,,,,,,,,,,,,,,,,,,,,,,,,,,,,
int_uki_1.1Adod_m_0,household internet access,United Kingdom,1.1,Adoption over Time,Fixed broadband subscriptions (per 100 people),%,h12,0.43184,0.0027449,0.018877,2006.4,10.176,0.39516,1554.8,1.5751e+05,-37.694,0.98097,0.97812,0.019341,0.017171,-3.9262,-4.3954,0.31121,0.27784,0.8685,0.85597,0.050848,0.046096,24,24,1.0486,0.0022664,1.0463,24,0,23,0,0,1,0.96006,1,1,y,y,y,y,y,y,y,y,y,y,y,,,,,,,,,,,,,,,,,,,,,,,,,,,,,,,,,,,,,,
int_usa_1.1Ado_d362_m195,household internet access,United States,1.1,Adoption over Time,Share of Households,%,h12,0.34627,0.049395,3.1551,1999.9,12.691,80.868,0.64128,1917.4,-6273.5,0.96989,0.96891,5.321,4.3275,0.77385,0.76899,14.583,12.262,0.90246,0.90036,9.5772,8.2809,96,96,1.1346,0.0097038,1.1249,32,2,95,0,0,1,0.98775,0,1,y,y,y,y,y,y,y,y,y,y,y,,,,,,,,,,,,,,,,,,,,,,,,,,,,,,,,,,,,,,
int_usa_1.1Adod_m_0,household internet access,United States,1.1,Adoption over Time,Fixed broadband subscriptions (per 100 people),%,h12,0.34749,0.0024283,0.015436,2005.6,12.646,0.34472,1554.9,1.575e+05,-30.8,0.97678,0.97362,0.01843,0.016326,-3.7131,-4.123,0.26259,0.23308,0.91605,0.90875,0.035045,0.031521,26,26,1.1066,0.0074238,1.0992,26,0,25,0,0,1,0.95698,1,1,y,y,y,y,y,y,y,y,y,y,y,,,,,,,,,,,,,,,,,,,,,,,,,,,,,,,,,,,,,,
mig_usa_1.1Adod_m_0,microgrids,United States,1.1,Adoption over Time,Cumulative installed capacity of microgrids in the United States,Cumulative installed capacity (MW),mig,0.082283,0.069291,170.62,2034.5,53.406,20382,0.016717,1838.8,-3.4018e+05,0.99044,0.9893,144.43,123.04,0.98899,0.98815,155,120.21,0.93352,0.9284,380.96,342.8,29,29,0.26582,0.043562,0.22226,29,0,28,0,0,0,0.93962,0,0,y,y,y,y,y,y,y,y,y,y,y,,,,,,,,,,,,,,,,,,,,,,,,,,,,,,,,,,,,,,
mob_bra_1.1Adod_m_0,mobile/cellphone,Brazil,1.1,Adoption over Time,aggregate of 3 time series: subscriptions; phone use; phone ownership,% of individuals who own/use/subscribe mobile cellular telephone,mob,0.47103,0.055707,3.8518,2005.1,9.3294,97.809,1.0251,1937.6,-7676.1,0.98737,0.98615,4.7308,3.2848,0.70423,0.68575,22.897,20.445,0.85372,0.84458,16.103,13.574,35,35,1.1335,4.5724e-06,1.1335,35,11,34,1,0,1,0.97021,0,0,y,y,y,y,y,y,y,y,y,y,y,,,,,,,,,,,,,,,,,,,,,,,,,,,,,,,,,,,,,,
mob_ger_1.1Adod_m_0,mobile/cellphone,Germany,1.1,Adoption over Time,aggregate of 3 time series: subscriptions; phone use; phone ownership,% of individuals who own/use/subscribe mobile cellular telephone,mob,0.55926,0.041005,3.7088,2000.3,7.8576,103.87,0.85714,1900.6,-7372,0.99007,0.98911,4.2219,3.3372,0.63006,0.60693,25.77,23.503,0.78161,0.76796,19.799,17.813,35,35,1.0613,0.0032926,1.058,35,0,34,0,0,1,0.9711,0,0,y,y,y,y,y,y,y,y,y,y,y,,,,,,,,,,,,,,,,,,,,,,,,,,,,,,,,,,,,,,
mob_ita_1.1Adod_m_0,mobile/cellphone,Italy,1.1,Adoption over Time,aggregate of 3 time series: subscriptions; phone use; phone ownership,% of individuals who own/use/subscribe mobile cellular telephone,mob,0.67159,0.034236,3.6191,1999.2,6.5433,113.07,1.5148,1891.7,-7181.7,0.98579,0.98441,5.3792,4.2344,0.51471,0.48438,31.432,28.061,0.65626,0.63477,26.453,24.209,35,35,1.0805,0.0041248,1.0764,35,19,34,1,0,1,0.97523,0,0,y,y,y,y,y,y,y,y,y,y,y,,,,,,,,,,,,,,,,,,,,,,,,,,,,,,,,,,,,,,
mob_jap_1.1Adod_m_0,mobile/cellphone,Japan,1.1,Adoption over Time,aggregate of 3 time series: subscriptions; phone use; phone ownership,% of individuals who own/use/subscribe mobile cellular telephone,mob,0.24433,0.044373,3.5617,2001.2,17.986,104.39,0.73806,1906.9,-7080.3,0.96126,0.95751,7.4053,6.3336,0.78567,0.77227,17.417,14.142,0.91417,0.9088,11.022,8.8581,35,35,1.1695,0.0067387,1.1628,35,1,34,0,0,1,0.97546,0,0,y,y,y,y,y,y,y,y,y,y,y,,,,,,,,,,,,,,,,,,,,,,,,,,,,,,,,,,,,,,
mob_ldc_1.1Adod_m_0,mobile/cellphone,LDCs,1.1,Adoption over Time,aggregate of 3 time series: subscriptions; phone use; phone ownership,% of individuals who own/use/subscribe mobile cellular telephone,mob,0.51286,0.023156,1.4143,2015.6,8.5685,63.611,2.7164,1888.3,-2799.6,0.99627,0.99254,0.18531,0.13758,0.85513,0.78269,1.1551,0.97972,0.86865,0.80298,1.0999,0.94694,7,7,0.99197,0.85206,0.13991,7,0,6,0,0,0,0.86325,0,1,y,y,y,y,y,y,y,m,y,m,y,,,,,,,,,,,,,,,,,,,,,,,,,,,,,,,,,,,,,,
mob_net_1.1Adod_m_0,mobile/cellphone,Netherlands,1.1,Adoption over Time,aggregate of 3 time series: subscriptions; phone use; phone ownership,% of individuals who own/use/subscribe mobile cellular telephone,mob,0.58169,0.039668,3.6454,1999.8,7.5546,103.67,0.93425,1898.6,-7243.6,0.98707,0.98582,4.7865,3.5393,0.61604,0.59204,26.086,23.172,0.76485,0.75015,20.415,18.598,35,35,1.1067,0.0050698,1.1016,35,11,34,1,0,0,0.97113,0,0,y,y,y,y,y,y,y,y,y,y,y,,,,,,,,,,,,,,,,,,,,,,,,,,,,,,,,,,,,,,
mob_nig_1.1Adod_m_0,mobile/cellphone,Nigeria,1.1,Adoption over Time,aggregate of 3 time series: subscriptions; phone use; phone ownership,% of individuals who own/use/subscribe mobile cellular telephone,mob,0.48224,0.075013,3.1474,2008.3,9.1126,76.548,14.855,1998.2,-6281.6,0.9812,0.97939,4.6528,2.8873,0.79482,0.782,15.373,13.359,0.87723,0.86956,11.892,10.05,35,32,1.1032,0.00011245,1.103,32,2,31,0,0,1,0.96158,0,1,y,y,y,y,y,y,y,y,y,y,y,,,,,,,,,,,,,,,,,,,,,,,,,,,,,,,,,,,,,,
mob_por_1.1Adod_m_0,mobile/cellphone,Portugal,1.1,Adoption over Time,aggregate of 3 time series: subscriptions; phone use; phone ownership,% of individuals who own/use/subscribe mobile cellular telephone,mob,0.62385,0.038875,3.7811,1999.6,7.0441,108.25,0.91447,1894.5,-7511.8,0.99153,0.99072,4.0364,3.2479,0.6075,0.58296,27.485,24.894,0.75765,0.74251,21.597,19.16,35,35,1.0611,0.0006011,1.0605,35,6,34,1,0,1,0.97401,0,0,y,y,y,y,y,y,y,y,y,y,y,,,,,,,,,,,,,,,,,,,,,,,,,,,,,,,,,,,,,,
mob_sou_1.1Adod_m_0,mobile/cellphone,South Korea,1.1,Adoption over Time,aggregate of 3 time series: subscriptions; phone use; phone ownership,% of individuals who own/use/subscribe mobile cellular telephone,mob,0.31562,0.045891,3.9044,2001,13.923,107.52,0.38075,1894.9,-7765.2,0.96972,0.96679,7.2292,6.0627,0.7643,0.74957,20.17,17.754,0.90082,0.89462,13.085,11.893,35,35,1.1481,0.001688,1.1464,35,0,34,0,0,1,0.96541,0,0,y,y,y,y,y,y,y,y,y,y,y,,,,,,,,,,,,,,,,,,,,,,,,,,,,,,,,,,,,,,
mob_swe_1.1Adod_m_0,mobile/cellphone,Sweden,1.1,Adoption over Time,aggregate of 3 time series: subscriptions; phone use; phone ownership,% of individuals who own/use/subscribe mobile cellular telephone,mob,0.42251,0.033603,3.2429,1998.4,10.401,106.86,1.2022,1883.5,-6428.9,0.9853,0.98387,4.5682,3.3041,0.62851,0.60529,22.963,20.492,0.75573,0.74046,18.62,17.101,35,35,1.1032,0.050426,1.0528,35,0,34,0,0,0,0.9721,0,0,y,y,y,y,y,y,y,y,y,y,y,,,,,,,,,,,,,,,,,,,,,,,,,,,,,,,,,,,,,,
mob_uki_1.1Adod_m_0,mobile/cellphone,United Kingdom,1.1,Adoption over Time,aggregate of 3 time series: subscriptions; phone use; phone ownership,% of individuals who own/use/subscribe mobile cellular telephone,mob,0.53806,0.037497,3.7677,1999.7,8.1672,111.53,0.93232,1889.9,-7482.5,0.9848,0.98333,5.4174,4.4731,0.6003,0.57532,27.78,25.986,0.74991,0.73428,21.974,20.321,35,35,1.0955,0.017411,1.0781,35,11,34,1,0,0,0.97592,0,0,y,y,y,y,y,y,y,y,y,y,y,,,,,,,,,,,,,,,,,,,,,,,,,,,,,,,,,,,,,,
mob_usa_1.1Adod_m_0,mobile/cellphone,United States,1.1,Adoption over Time,aggregate of 3 time series: subscriptions; phone use; phone ownership,% of individuals who own/use/subscribe mobile cellular telephone,mob,0.27364,0.045248,3.5631,2002.2,16.059,103.36,0.77646,1910.8,-7085.9,0.99869,0.99856,1.3641,1.1441,0.77375,0.75961,17.916,16.18,0.91281,0.90736,11.122,9.729,35,35,1.0171,0.020174,0.99691,35,0,34,0,0,0,0.9709,0,0,y,y,y,y,y,y,y,y,y,y,y,,,,,,,,,,,,,,,,,,,,,,,,,,,,,,,,,,,,,,
net_usa_1.1Adod_m_0,net metering,United States,1.1,Adoption over Time,Total net metering customers as share of total U.S. households,Total net metering customers / total households,net,0.22087,-0.035986,0.0033772,2025,19.896,0.091412,1.1687,812.68,-6.7973,0.99516,0.99309,0.00075079,0.00065187,-3.8757,-5.0946,0.023838,0.021253,0.97859,0.97324,0.0015795,0.0014124,11,11,0.44657,0.065027,0.38154,11,0,10,0,0,0,0.8532,1,1,y,y,y,y,y,y,y,y,y,y,y,,,,,,,,,,,,,,,,,,,,,,,,,,,,,,,,,,,,,,
non_bra_1.1Adod_m_0,digital (non-cash) payments,Brazil,1.1,Adoption over Time,Individuals using internet banking (within last 3 months),%,non,0.20555,0.13788,2.9578,2023.4,21.379,92.75,0.41618,1989.1,-5942.3,0.97823,0.97097,2.1045,1.8572,0.96991,0.96389,2.4741,2.0421,0.91661,0.89993,4.1188,3.6585,13,13,0.5095,0.057898,0.4516,16,0,12,0,0,0,0.88172,0,1,y,y,y,y,y,y,y,y,y,y,y,,,,,,,,,,,,,,,,,,,,,,,,,,,,,,,,,,,,,,
non_ger_1.1Adod_m_0,digital (non-cash) payments,Germany,1.1,Adoption over Time,Individuals using internet banking (within last 3 months),%,non,0.1805,0.032501,1.5288,2004.9,24.346,57.633,2.1144,1920.3,-3033.6,0.87686,0.85377,3.6809,2.4951,0.80395,0.78088,4.6445,3.9039,0.84138,0.82272,4.1776,3.551,20,20,1.1612,0.35834,0.80287,22,0,19,0,0,0,0.93755,0,1,y,y,y,y,y,y,y,y,y,y,y,,,,,,,,,,,,,,,,,,,,,,,,,,,,,,,,,,,,,,
non_ita_1.1Adod_m_0,digital (non-cash) payments,Italy,1.1,Adoption over Time,Individuals using internet banking (within last 3 months),%,non,0.08909,0.08909,2.1177,2147.7,49.326,3.2998e+06,1.0943,1980.2,-4240.1,0.95169,0.93962,2.6372,2.0844,0.95169,0.94426,2.6372,2.0844,0.90338,0.88851,3.7297,2.7974,16,16,1.5687e-05,2.3139e-06,1.3373e-05,19,0,15,0,0,0,0.85444,0,1,y,y,y,y,y,y,y,m,y,m,y,,,,,,,,,,,,,,,,,,,,,,,,,,,,,,,,,,,,,,
non_jap_1.1Adod_m_0,digital (non-cash) payments,Japan,1.1,Adoption over Time,Individuals using internet banking (within last 3 months),%,non,0.087077,0.087075,0.88202,2156.9,50.467,2.4053e+06,6.1188,2008.9,-1765.8,0.88781,0.86192,1.6866,1.45,0.88781,0.87178,1.6866,1.45,0.767,0.73371,2.4305,2.0856,17,17,1.0134e-05,2.7855e-06,7.3482e-06,18,0,16,0,0,0,0.86463,0,1,y,y,y,y,y,y,y,m,y,m,y,,,,,,,,,,,,,,,,,,,,,,,,,,,,,,,,,,,,,,
non_net_1.1Adod_m_0,digital (non-cash) payments,Netherlands,1.1,Adoption over Time,Individuals using internet banking (within last 3 months),%,non,0.38528,0.023326,1.9598,2004,11.406,84.21,3.0429,1874.6,-3867.6,0.99512,0.9935,0.7301,0.62946,0.65899,0.59079,6.1042,4.9016,0.71678,0.66014,5.5629,4.4896,13,13,1.013,0.58928,0.42369,18,0,12,0,0,0,0.93224,0,1,y,y,y,y,y,y,y,y,y,y,y,,,,,,,,,,,,,,,,,,,,,,,,,,,,,,,,,,,,,,
non_por_1.1Adod_m_0,digital (non-cash) payments,Portugal,1.1,Adoption over Time,Individuals using internet banking (within last 3 months),%,non,0.1207,0.095847,2.6845,2028.5,36.409,176.14,0.52675,1973.5,-5376.2,0.98838,0.98644,1.884,1.5238,0.98557,0.98405,2.0992,1.8597,0.94987,0.94459,3.9127,3.0829,22,22,0.36046,0.034536,0.32592,22,0,21,0,0,0,0.91446,0,1,y,y,y,y,y,y,y,y,y,y,y,,,,,,,,,,,,,,,,,,,,,,,,,,,,,,,,,,,,,,
non_sou_1.1Adod_m_0,digital (non-cash) payments,South Korea,1.1,Adoption over Time,Individuals using internet banking (within last 3 months),%,non,0.18769,0.072391,4.1087,2015.1,23.413,100.71,0.27303,1943.7,-8229.1,0.96555,0.95694,3.7559,3.1787,0.92345,0.91167,5.5993,4.8706,0.95256,0.94527,4.4076,3.8261,16,16,0.82733,0.26725,0.56008,17,0,15,0,0,0,0.92745,0,1,y,y,y,y,y,y,y,y,y,y,y,,,,,,,,,,,,,,,,,,,,,,,,,,,,,,,,,,,,,,
non_swe_1.1Adod_m_0,digital (non-cash) payments,Sweden,1.1,Adoption over Time,Individuals using internet banking (within last 3 months),%,non,0.34692,0.021009,1.6591,2003.8,12.667,81.795,2.8613,1860.9,-3269.3,0.97809,0.97422,2.058,1.7066,0.599,0.55445,8.8034,7.362,0.6559,0.61767,8.155,6.8766,21,21,1.007,0.46881,0.53818,23,2,20,0,0,0,0.96345,0,1,y,y,y,y,y,y,y,y,y,y,y,,,,,,,,,,,,,,,,,,,,,,,,,,,,,,,,,,,,,,
non_uki_1.1Adod_m_0,digital (non-cash) payments,United Kingdom,1.1,Adoption over Time,Individuals using internet banking (within last 3 months),%,non,0.15668,0.067114,3.3082,2010.6,28.047,91.963,0.42245,1941.6,-6605.6,0.98703,0.98314,1.8393,1.4362,0.94994,0.94084,3.6138,3.2186,0.98801,0.98583,1.7685,1.3714,14,14,0.8299,0.24281,0.58708,18,0,13,0,0,0,0.89289,0,1,y,y,y,y,y,y,y,y,y,y,y,,,,,,,,,,,,,,,,,,,,,,,,,,,,,,,,,,,,,,
non_usa_1.1Adod_m_0,digital (non-cash) payments,United States,1.1,Adoption over Time,Individuals using internet banking (within last 3 months),%,non,,,,,,,,,,,,,,,,,,,,,,1,1,,,,1,0,0,0,0,,,0,1,n,n,y,m,m,m,m,m,m,n,n,,,,,,,,,,,,,,,,,,,,,,,,,,,,,,,,,,,,,,
org_aus_1.1Ado_d164_m195,organic food,Austria,1.1,Adoption over time,Organic retail sales share [%],%,org,0.057689,0.057688,0.003994,2207,76.175,5023.5,8.9152e-29,939.64,-7.9666,0.98329,0.98015,0.0030454,0.0021624,0.98329,0.98132,0.0030454,0.0021624,0.95583,0.95064,0.0049506,0.0044213,20,20,2.2892e-05,7.5644e-06,1.5328e-05,20,0,19,0,0,0,0.93187,1,1,y,y,y,y,y,y,y,m,y,m,y,,,,,,,,,,,,,,,,,,,,,,,,,,,,,,,,,,,,,,
org_aus_2.2Reld_m_0,organic food,Austria,2.2,Relative Advantage (Profitability),All qualities MILK price,price (‚Äö√á¬®c/kg),org,0.018599,0.018598,0.61495,2552.2,236.28,8.2693e+05,5.0474,1906.6,-1201.1,0.71103,0.67769,3.471,2.8001,0.71103,0.68963,3.471,2.8001,0.67952,0.65579,3.6553,2.9007,30,30,6.2388e-05,3.302e-05,2.9368e-05,30,1,29,0,0,0,0.95211,0,1,y,y,y,y,y,y,y,m,y,m,y,,,,,,,,,,,,,,,,,,,,,,,,,,,,,,,,,,,,,,
org_aus_2.2Reld_m_0,organic food,Austria,2.2,Relative Advantage (Profitability),Conventional EGGS price,sales price (‚Äö√á¬®/100 pieces),org,0.029166,0.029165,0.30308,2370,150.67,3.7586e+05,8.4516,2003.1,-598.59,0.85113,0.83083,0.96597,0.73058,0.85113,0.83818,0.96596,0.73058,0.82439,0.80912,1.0491,0.75998,26,26,4.6879e-05,1.9103e-05,2.7776e-05,26,0,24,0,0,0,0.93638,0,1,y,y,y,y,y,y,y,m,y,m,y,,,,,,,,,,,,,,,,,,,,,,,,,,,,,,,,,,,,,,
org_aus_2.2Reld_m_0,organic food,Austria,2.2,Relative Advantage (Profitability),Conventional MILK price,price (‚Äö√á¬®c/kg),org,0.016061,0.01606,0.51388,2614.4,273.61,5.4983e+05,5.6793,1899.6,-999.13,0.60623,0.56079,3.6663,2.9236,0.60623,0.57706,3.6663,2.9236,0.57955,0.5484,3.7885,2.9783,30,30,9.0118e-05,4.9661e-05,4.0457e-05,30,1,29,0,0,0,0.95129,0,1,m,y,y,y,y,y,y,m,y,m,y,,,,,,,,,,,,,,,,,,,,,,,,,,,,,,,,,,,,,,
org_aus_2.2Reld_m_0,organic food,Austria,2.2,Relative Advantage (Profitability),Free range EGGS price,sales price (‚Äö√á¬®/100 pieces),org,0.026066,0.026065,0.38252,2400.5,168.59,3.5292e+05,5.616,1976.6,-755.37,0.70079,0.63174,1.254,1.0469,0.70079,0.65804,1.254,1.0469,0.66818,0.62078,1.3206,1.0531,17,17,6.0609e-05,3.3775e-05,2.6833e-05,17,0,16,0,0,0,0.92474,0,1,y,y,y,y,y,y,y,m,y,m,y,,,,,,,,,,,,,,,,,,,,,,,,,,,,,,,,,,,,,,
org_aus_2.2Reld_m_0,organic food,Austria,2.2,Relative Advantage (Profitability),Organic EGGS price,sales price (‚Äö√á¬®/100 pieces),org,0.039026,0.039026,0.82724,2298,112.6,1.3912e+06,2.6121,1960.1,-1644.2,0.79243,0.74054,2.0336,1.7064,0.79243,0.7605,2.0336,1.7064,0.72985,0.68829,2.32,1.9297,16,16,2.3987e-05,1.4153e-05,9.8333e-06,16,0,15,0,0,0,0.91298,0,1,y,y,y,y,y,y,y,m,y,m,y,,,,,,,,,,,,,,,,,,,,,,,,,,,,,,,,,,,,,,
org_aus_2.2Reld_m_0,organic food,Austria,2.2,Relative Advantage (Profitability),Organic MILK price,price (‚Äö√á¬®c/kg),org,0.020901,0.0209,0.82144,2471.5,210.25,6.1552e+05,4.8729,1909.5,-1610.7,0.84929,0.83191,3.0208,2.4916,0.8493,0.83813,3.0208,2.4916,0.83484,0.82261,3.1623,2.5815,30,30,9.362e-05,4.4361e-05,4.9259e-05,30,2,29,0,0,0,0.95845,0,1,y,y,y,y,y,y,y,m,y,m,y,,,,,,,,,,,,,,,,,,,,,,,,,,,,,,,,,,,,,,
org_aus_2.2Reld_m_0,organic food,Austria,2.2,Relative Advantage (Profitability),Organic per capita consumption [‚Äö√á¬®/person],‚Äö√á¬®/person,org,0.1287,0.087699,11.328,2020.5,34.145,503.74,0.061968,1925.6,-22651,0.98645,0.98431,8.8864,7.7509,0.97869,0.97656,11.145,9.8434,0.96857,0.96543,13.535,10.624,23,23,0.54421,0.055684,0.48853,23,0,21,0,0,0,0.92257,0,0,y,y,y,y,y,y,y,y,y,y,y,,,,,,,,,,,,,,,,,,,,,,,,,,,,,,,,,,,,,,
org_aus_2.5Var_d159_m001,organic food,Austria,2.5,Variety (Choice Availability),Organic importers,#,org,-0.19641,-0.0086034,-0.89328,2023.7,-22.374,97.07,156.5,1939.8,1881.3,0.057408,-0.091422,43.687,39.227,0.014223,-0.084355,44.677,40.305,0.01734,-0.080926,44.606,40.184,23,23,1.4217,0.14423,1.2774,23,17,9,1,1,1,0.92785,0,0,n,y,y,y,m,m,y,y,m,n,m,n,m,3,,"volatile, don't use",weird data,0,,,0,1,0,0,0,0,,,,,,,,1030,,,,,,,,0,1,0,0,0,0,delete,
org_aus_2.5Var_d161_m001,organic food,Austria,2.5,Variety (Choice Availability),Organic processors,#,org,0.13595,0.050098,69.541,2008.4,32.323,2331,0.018866,1789.1,-1.3851e+05,0.74082,0.6999,273.26,189.05,0.71153,0.68268,288.29,190.59,0.73854,0.71239,274.46,181.54,23,23,1.0266,0.24582,0.78079,23,9,22,1,0,1,0.91124,0,0,y,y,y,y,y,y,y,y,y,y,y,y,y,2,,,,0,,,1,1,0,0,0,0,,,,,,,,1031,,,,,,,,1,1,0,0,0,0,delete,
org_aus_2.5Var_d162_m001,organic food,Austria,2.5,Variety (Choice Availability),Organic producers,#,org,0.014318,0.014314,307.49,2598,306.93,9.6126e+07,27.802,1546.3,-5.9674e+05,0.87163,0.85136,785.38,599.13,0.87163,0.85879,785.38,599.13,0.86585,0.85244,802.84,604.68,23,23,0.00027309,0.00019027,8.2818e-05,23,0,21,0,0,0,0.95053,0,0,y,y,y,y,y,y,y,m,y,m,y,m,y,1,,,,0,,,1,1,0,0,0,1,,,,,,,,1032,,,,,,,,1,1,0,0,0,1,,
org_aus_3.5Mar_d074_m128,organic food,Austria,3.5,Market Formation,CumulativeStartups,cum. # companies,org,0.096694,0.082698,0.20527,2033.3,45.447,35.1,5.052,2015.2,-408.15,0.91964,0.91376,0.84434,0.65675,0.91793,0.91402,0.85326,0.66137,0.80113,0.79166,1.3282,1.0765,45,32,0.25641,0.02849,0.22792,32,6,31,1,0,0,0.93218,0,1,y,y,y,y,y,y,y,y,y,y,y,y,y,,,,,0,prefer,original,1,1,0,0,0,1,,,,,,,,1033,,,,,,,,1,1,0,0,0,1,,
org_aus_3.5Mar_d126_m008,organic food,Austria,3.5,Market Formation,NewStartups,# companies,org,0.13539,0.001994,0.010672,2007.9,32.457,0.50542,1554.9,1.5747e+05,-21.165,0.047745,-0.021933,0.63741,0.32564,-0.09375,-0.14583,0.68313,0.2,0.045022,-0.0004529,0.63832,0.33435,45,6,7.9142,1.9785,5.9356,26,0,25,0,0,1,0.19048,0,1,n,y,y,m,m,m,m,y,m,n,m,n,m,,,,,0,hide,original,0,1,0,0,0,0,,,,,,,,1034,,,,,,,,0,1,0,0,0,0,delete,
org_aus_3.5Mar_d171_m011,organic food,Austria,3.5,Market Formation,PrivateEquityDeals,# deals,org,17.427,0.0024279,0.01502,2020.9,0.25217,1.3333,1554.8,1.5749e+05,-29.936,0.49405,0.45703,0.35486,0.096301,-0.071429,-0.12245,0.5164,0.13333,0.15288,0.11254,0.45917,0.25546,45,4,2.25,0.75,1.5,8,1,7,1,0,1,0.5,0,1,m,n,m,m,m,m,m,y,m,n,n,n,n,,,,,0,hide,original,0,1,0,0,0,0,,,,,,,,1035,,,,,,,,0,1,0,0,0,0,delete,
org_aus_3.5Mar_d175_m027,organic food,Austria,3.5,Market Formation,PrivateEquityInvestment,$ million,org,46.602,0.0010312,0.00033209,2015.2,0.094298,0.020004,1555.1,1.5746e+05,-0.66084,0.090909,0.02439,0.025304,0.0071128,-0.022727,-0.071429,0.026839,0.0040009,0.02641,-0.019951,0.026186,0.0084221,45,1,9,9,0,1,0,0,0,0,,,1,1,n,n,m,m,m,m,m,m,m,n,n,n,n,,,,,0,hide,original,0,1,0,0,0,0,,,,,,,,1036,,,,,,,,0,1,0,0,0,0,delete,
org_aus_3.5Mar_d200_m027,organic food,Austria,3.5,Market Formation,TotalFundraisingAmount,$ million,org,36.134,0.062332,0.00091314,2015.2,0.12162,0.052672,3.8286,2099.2,-1.8176,0.17543,0.1151,0.045677,0.016387,0.048752,0.0034542,0.04906,0.02074,0.055582,0.01061,0.048884,0.021395,45,2,5.5819,3.4181,2.1638,2,0,1,0,0,0,0.44536,1,1,n,n,m,y,y,y,m,y,m,n,n,n,n,,,,,0,hide,original,0,1,0,0,0,0,,,,,,,,1037,,,,,,,,0,1,0,0,0,0,delete,
org_aus_3.5Mar_d204_m011,organic food,Austria,3.5,Market Formation,TotalFundraisingDeals,# deals,org,0.29135,0.0034226,0.025692,2014.8,15.083,1.3394,1554.6,1.575e+05,-51.101,0.34401,0.29601,0.53996,0.30485,-0.25,-0.30952,0.74536,0.33333,0.25049,0.2148,0.57716,0.41604,45,11,2.2398,0.7466,1.4932,35,1,34,0,0,1,0.6,0,1,m,y,y,m,m,m,m,y,m,m,m,m,m,,,,,0,hide,original,0,1,0,0,0,0,,,,,,,,1038,,,,,,,,0,1,0,0,0,0,delete,
org_aus_3.5Mar_d242_m156,organic food,Austria,3.5,Market Formation,cumulative CumulativeStartups,cumulative cum. # companies,org,0.11685,0.097069,2.4684,2029.3,37.609,355.76,0.44706,1965.5,-4911.9,0.99357,0.9931,2.8449,2.4815,0.99139,0.99098,3.2939,2.8886,0.81596,0.80719,15.225,12.909,45,32,0.35417,0.0028109,0.35136,32,0,31,0,0,0,0.91391,0,0,y,y,y,y,y,y,y,y,y,y,y,y,y,,,,not needed as transformed-cumulative twice (error),1,delete,transformed-cumx2error,0,0,0,0,0,0,,,,,,,,1039,,,,,,,,0,0,0,0,0,0,delete,
org_aus_3.5Mar_d243_m157,organic food,Austria,3.5,Market Formation,Partial up to max CumulativeStartups,Partial up to max cum. # companies,org,0.082499,0.082498,0.14595,2140.6,53.267,1.508e+05,1.8826,2003.8,-289.91,0.83101,0.81652,0.75937,0.57959,0.83101,0.82162,0.75936,0.57959,0.79075,0.77913,0.84498,0.4952,39,26,5.9682e-05,6.6313e-06,5.305e-05,26,0,25,0,0,0,0.80827,0,1,y,y,y,y,y,y,y,m,y,m,y,m,y,,,,not needed as transformed-cumulative preferred,1,delete,transformed-partial,0,0,0,0,0,0,,,,,,,,1040,,,,,,,,0,0,0,0,0,0,delete,
org_aus_3.5Mar_d244_m158,organic food,Austria,3.5,Market Formation,cumulative NewStartups,cumulative # companies,org,0.096694,0.082698,0.20527,2033.3,45.447,35.1,5.052,2015.2,-408.15,0.91964,0.91376,0.84434,0.65675,0.91793,0.91402,0.85326,0.66137,0.80113,0.79166,1.3282,1.0765,45,32,0.25641,0.02849,0.22792,32,6,31,1,0,0,0.93218,0,1,y,y,y,y,y,y,y,y,y,y,y,y,y,,,,not needed as cumulative in original data,1,delete,transformed-cumulative,0,0,0,0,0,0,,,,,,,,1041,,,,,,,,0,0,0,0,0,0,delete,
org_aus_3.5Mar_d245_m159,organic food,Austria,3.5,Market Formation,Partial up to max NewStartups,Partial up to max # companies,org,1.3377,0.0030779,0.021862,2024.9,3.2852,39587,1554.6,1.5749e+05,-43.472,0.79183,0.77399,0.31781,0.10997,-0.10976,-0.17141,0.7338,0.23077,0.12478,0.076152,0.65166,0.3782,39,6,0.00010104,2.5261e-05,7.5783e-05,26,0,25,0,0,1,0.19048,0,1,y,y,y,m,m,m,m,m,m,m,m,m,m,,,,not needed as transformed-cumulative preferred,1,delete,transformed-partial,0,0,0,0,0,0,,,,,,,,1042,,,,,,,,0,0,0,0,0,0,delete,
org_aus_3.5Mar_d246_m160,organic food,Austria,3.5,Market Formation,cumulative PrivateEquityDeals,cumulative # deals,org,0.98809,0.319,0.062714,2021.4,4.4474,6.8896,6.2067,2023.7,-125.02,0.95898,0.95598,0.29146,0.12193,0.93928,0.93639,0.35461,0.16378,0.3203,0.28793,1.1865,0.79406,45,9,0.87088,0.14515,0.72573,9,1,8,1,0,1,0.77358,0,1,y,y,y,y,y,y,y,y,y,y,y,y,y,,,,,0,prefer,transformed-cumulative,1,1,0,0,0,0,,,,,,,,1043,,,,,,,,1,1,0,0,0,0,delete,
org_aus_3.5Mar_d247_m161,organic food,Austria,3.5,Market Formation,Partial up to max PrivateEquityDeals,Partial up to max # deals,org,8.7348,1.2617,0.014799,2021.1,0.5031,3.001,1.4711e-08,2006.8,-29.497,0.90402,0.89663,0.1525,0.023262,0.89615,0.89095,0.15863,0.03488,0.1392,0.096165,0.45669,0.2418,43,3,0.99968,0.33323,0.66645,7,0,6,0,0,1,0.27273,0,1,y,n,m,m,m,m,m,y,m,n,n,n,n,,,,not needed as transformed-cumulative preferred,1,delete,transformed-partial,0,0,0,0,0,0,,,,,,,,1044,,,,,,,,0,0,0,0,0,0,delete,
org_aus_3.5Mar_d248_m162,organic food,Austria,3.5,Market Formation,cumulative PrivateEquityInvestment,cumulative $ million,org,59.323,0.0013646,0.0038428,2015.5,0.074076,0.18004,1555,1.5746e+05,-7.6572,1,1,4.8433e-15,1.456e-15,-0.25,-0.30952,0.080516,0.036008,0.48024,0.45549,0.05192,0.044664,45,9,1,1,0,9,8,8,0,0,0,0.88889,1,1,y,y,y,y,y,y,y,m,y,m,y,m,y,,,,too few,0,prefer,transformed-cumulative,0,1,0,0,0,0,,,,,,,,1045,,,,,,,,0,1,0,0,0,0,delete,
org_aus_3.5Mar_d249_m163,organic food,Austria,3.5,Market Formation,Partial up to max PrivateEquityInvestment,Partial up to max $ million,org,17.959,0.0010736,0.00076831,2016,0.24469,0.31839,1555,1.5745e+05,-1.5302,1,1,1.0813e-09,1.8284e-10,-0.027778,-0.088235,0.029598,0.0048659,0.078947,0.024768,0.02802,0.011795,37,1,0.56547,0.56547,0,1,0,0,0,0,,,1,1,y,n,m,m,m,m,m,m,m,n,n,n,n,,,,not needed as transformed-cumulative preferred,1,delete,transformed-partial,0,0,0,0,0,0,,,,,,,,1046,,,,,,,,0,0,0,0,0,0,delete,
org_aus_3.5Mar_d250_m162,organic food,Austria,3.5,Market Formation,cumulative TotalFundraisingAmount,cumulative $ million,org,,0.0019091,0.0095758,,,,1554.9,1.5748e+05,-19.082,,,,,-0.23702,-0.29592,0.20167,0.088276,0.4704,0.44518,0.13196,0.1117,45,9,,,,9,7,8,1,0,1,0.90614,1,1,n,y,y,y,y,y,y,m,y,n,y,y,y,,,,too few,0,prefer,transformed-cumulative,0,1,0,0,0,0,,,,,,,,1047,,,,,,,,0,1,0,0,0,0,delete,
org_aus_3.5Mar_d251_m163,organic food,Austria,3.5,Market Formation,Partial up to max TotalFundraisingAmount,Partial up to max $ million,org,,,0.0018798,,,,,,-3.7444,,,,,,,,,0.14297,0.093998,0.05047,0.027631,38,2,,,,2,0,1,0,0,0,0.44536,1,1,n,n,m,y,y,y,m,m,m,n,n,n,n,,,,not needed as transformed-cumulative preferred,1,delete,transformed-partial,0,0,0,0,0,0,,,,,,,,1048,,,,,,,,0,0,0,0,0,0,delete,
org_aus_3.5Mar_d252_m160,organic food,Austria,3.5,Market Formation,cumulative TotalFundraisingDeals,cumulative # deals,org,0.11197,0.11197,0.26469,2126.1,39.248,1.4431e+06,6.7892,2016.5,-526.58,0.98183,0.9805,0.5467,0.43561,0.98183,0.98096,0.54669,0.43561,0.7186,0.7052,2.1512,1.6858,45,36,1.0394e-05,6.9294e-07,9.7011e-06,36,1,35,0,0,0,0.89919,0,1,y,y,y,y,y,y,y,m,y,m,y,m,y,,,,,0,prefer,transformed-cumulative,1,1,0,0,0,0,,,,,,,,1049,,,,,,,,1,1,0,0,0,0,delete,
org_aus_3.5Mar_d253_m161,organic food,Austria,3.5,Market Formation,Partial up to max TotalFundraisingDeals,Partial up to max # deals,org,0.2622,0.26193,0.02839,2063.9,16.76,1.4785e+05,0.099031,2009.7,-56.483,0.53949,0.50407,0.4563,0.24038,0.53949,0.51646,0.4563,0.24044,0.27453,0.23826,0.57272,0.4189,43,10,2.0291e-05,6.7635e-06,1.3527e-05,34,0,33,0,0,1,0.5,0,1,m,y,y,m,m,m,m,m,m,m,m,m,m,,,,not needed as transformed-cumulative preferred,1,delete,transformed-partial,0,0,0,0,0,0,,,,,,,,1050,,,,,,,,0,0,0,0,0,0,delete,
org_aus_4.1Sal_d213_m100,organic food,Austria,4.1,Knowledge Flows (social networks),annualised Google search frequency (index 100=monthly max.),Index 0-100,org,2.0768,0.061342,2.702,2011.5,2.116,49.475,1.0479,1959.7,-5411.4,0.66924,0.61088,16.1,9.5053,0.24319,0.1591,24.354,20.168,0.34158,0.26843,22.716,17.416,21,14,2.0212,0.22996,1.7913,14,9,3,1,1,1,0.86178,0,1,m,y,y,m,y,m,y,y,y,m,m,n,m,,,,,0,hide,original,1,1,0,0,,0,,,,,,,,1051,,,,,,,,1,1,0,0,0,0,delete,
org_aus_4.1Sal_d239_m153,organic food,Austria,4.1,Knowledge Flows (social networks),Partial up to max annualised Google search frequency (index 100=monthly max.),Partial up to max Index 0-100,org,0.59157,0.46065,7.515,2015.5,7.4284,222.12,0.021757,1996.7,-15080,0.96324,0.94945,5.9284,4.3638,0.96027,0.95144,6.1633,4.6898,0.70394,0.63815,16.824,13.338,12,5,0.45021,0.068295,0.38191,5,0,4,0,0,1,0.61071,0,1,y,n,y,y,y,y,m,y,y,n,n,y,y,,,,,0,prefer,transformed-partial,1,1,0,0,,0,,,,,,,,1052,,,,,,,,1,1,0,0,0,0,delete,
org_aus_4.5Inf_d157_m130,organic food,Austria,4.5,Physical Infrastructure dependence,Organic area (farmland) [ha],ha,org,0.018602,0.018601,10340,2525.6,236.23,8.0117e+09,24.456,1471.5,-2.0232e+07,0.91715,0.90407,20725,16204,0.91715,0.90886,20725,16204,0.90745,0.89819,21905,16740,23,23,8.81e-05,5.3567e-05,3.4533e-05,23,0,22,0,0,0,0.95328,0,0,y,y,y,y,y,y,y,m,y,m,y,m,y,1,,,,0,,,1,1,0,0,0,1,,,,,,,,1053,,,,,,,,1,1,0,0,0,1,,
org_aus_4.5Inf_d158_m195,organic food,Austria,4.5,Physical Infrastructure dependence,Organic area share of total farmland [%],%,org,0.025966,0.0014793,0.0052981,2390.4,169.24,3855.8,1555.2,1.5748e+05,-10.448,0.95604,0.9491,0.0075711,0.0057796,-32.577,-35.935,0.20925,0.20611,0.94715,0.94186,0.008302,0.0067295,23,23,7.1373e-05,3.5712e-05,3.566e-05,23,0,22,0,0,0,0.9521,1,1,y,y,y,y,y,y,y,m,y,m,y,,,,,,,,,,,,,,,,,,,,,,,,,,,,,,,,,,,,,,
org_can_1.1Ado_d164_m195,organic food,Canada,1.1,Adoption over time,Organic retail sales share [%],%,org,0.023678,0.0010582,0.00064835,2401.6,185.59,261.3,1555.3,1.5748e+05,-1.2787,0.70542,0.61705,0.0017098,0.0013895,-79.408,-94.028,0.028248,0.028071,0.68835,0.63169,0.0017586,0.0014411,14,14,0.00012629,9.5676e-05,3.0616e-05,14,2,13,1,0,0,0.92105,1,1,y,y,y,y,y,y,y,m,y,m,y,,,,,,,,,,,,,,,,,,,,,,,,,,,,,,,,,,,,,,
org_can_2.2Reld_m_0,organic food,Canada,2.2,Relative Advantage (Profitability),Organic per capita consumption [‚Äö√á¬®/person],‚Äö√á¬®/person,org,0.087828,0.087827,6.7076,2149.3,50.035,9.9743e+06,0.067594,1935.2,-13435,0.9389,0.92223,7.575,6.4423,0.9389,0.92871,7.575,6.4423,0.89435,0.87674,9.9608,7.8839,15,15,1.4696e-05,3.8138e-06,1.0882e-05,15,0,14,0,0,0,0.88955,0,0,y,y,y,y,y,y,y,m,y,m,y,,,,,,,,,,,,,,,,,,,,,,,,,,,,,,,,,,,,,,
org_can_2.5Var_d161_m001,organic food,Canada,2.5,Variety (Choice Availability),Organic processors,#,org,0.18004,0.055529,72.986,2007.9,24.408,2017.3,0.0028298,1778.5,-1.4556e+05,0.95804,0.95141,101.96,78.05,0.88158,0.86973,171.29,143.02,0.94606,0.94066,115.61,94.574,23,23,0.92448,0.16011,0.76437,23,5,22,1,0,0,0.95015,0,0,y,y,y,y,y,y,y,y,y,y,y,y,y,1,,,,0,,,1,1,0,0,0,0,,,,,,,,1059,,,,,,,,1,1,0,0,0,0,delete,
org_can_2.5Var_d162_m001,organic food,Canada,2.5,Variety (Choice Availability),Organic producers,#,org,0.037343,0.037343,144.68,2314.8,117.68,3.4624e+08,0.42377,1765.3,-2.8673e+05,0.81734,0.7885,473.41,402.09,0.81734,0.79908,473.4,402.09,0.75071,0.72578,553.05,458.94,23,23,1.9975e-05,8.6097e-06,1.1365e-05,23,1,22,0,0,0,0.93828,0,0,y,y,y,y,y,y,y,m,y,m,y,m,y,2,,,,0,,,1,1,0,0,0,1,,,,,,,,1060,,,,,,,,1,1,0,0,0,1,,
org_can_3.5Mar_d074_m128,organic food,Canada,3.5,Market Formation,CumulativeStartups,cum. # companies,org,0.14846,0.067154,1.6145,2010.9,29.6,73.35,1.7049,1967.6,-3208.8,0.99564,0.99532,1.438,1.127,0.9502,0.94782,4.8601,4.1,0.92697,0.9235,5.8852,5.3753,45,44,0.84526,0.013633,0.83163,44,1,43,0,0,0,0.95629,0,1,y,y,y,y,y,y,y,y,y,y,y,y,y,,,,,0,prefer,original,1,1,0,0,0,1,,,,,,,,1061,,,,,,,,1,1,0,0,0,1,,
org_can_3.5Mar_d126_m008,organic food,Canada,3.5,Market Formation,NewStartups,# companies,org,0.28602,0.005506,0.049275,1994.5,15.364,2.0617,1554.5,1.5751e+05,-97.271,0.31608,0.26603,1.1471,0.72885,-0.98665,-1.0813,1.9551,1.3778,0.21286,0.17538,1.2306,0.83281,45,32,3.3953,0.48504,2.9103,43,10,42,1,0,1,0.69186,0,1,m,y,y,m,m,m,m,y,m,m,m,n,m,,,,,0,hide,original,0,1,0,0,0,0,,,,,,,,1062,,,,,,,,0,1,0,0,0,0,delete,
org_can_3.5Mar_d171_m011,organic food,Canada,3.5,Market Formation,PrivateEquityDeals,# deals,org,0.31955,0.0074152,0.067984,2013.4,13.752,3.0101,1553.8,1.5759e+05,-135.33,0.59805,0.56864,0.83351,0.47006,-0.35,-0.41429,1.5275,0.77778,0.45103,0.42488,0.97409,0.72921,45,17,1.9933,0.33222,1.6611,29,4,28,1,0,1,0.73333,0,1,m,y,y,m,m,m,y,y,y,m,m,m,m,,,,,0,hide,original,1,1,0,0,0,0,,,,,,,,1063,,,,,,,,1,1,0,0,0,0,delete,
org_can_3.5Mar_d175_m027,organic food,Canada,3.5,Market Formation,PrivateEquityInvestment,$ million,org,35.853,0.10643,2.1367,2019.1,0.12257,170.14,1.0957,1980.5,-4257.1,0.18255,0.12274,111.8,31.389,0.067291,0.022877,119.42,38.466,0.050365,0.0051441,120.5,42.58,45,14,4.9348,0.0007745,4.934,28,3,16,1,1,1,0.0060509,0,0,n,y,y,m,m,m,m,y,m,n,m,n,m,,,,,0,hide,original,0,1,0,0,0,0,,,,,,,,1064,,,,,,,,0,1,0,0,0,0,delete,
org_can_3.5Mar_d200_m027,organic food,Canada,3.5,Market Formation,TotalFundraisingAmount,$ million,org,0.51988,0.070862,4.8534,2010.3,8.4528,179.99,0.42159,1936.7,-9660.1,0.21788,0.16065,142.51,61.908,0.14916,0.10865,148.64,76.939,0.15299,0.11266,148.31,80.415,45,20,5.354,0.0013889,5.3526,28,3,27,1,0,1,0.28271,0,0,n,y,y,m,m,m,m,y,m,n,m,n,m,,,,,0,hide,original,1,1,0,0,0,0,,,,,,,,1065,,,,,,,,1,1,0,0,0,0,delete,
org_can_3.5Mar_d204_m011,organic food,Canada,3.5,Market Formation,TotalFundraisingDeals,# deals,org,0.28528,0.027572,0.28155,2013.7,15.404,12.777,1549.7,1.58e+05,-560.47,0.7537,0.73567,2.3827,1.209,-0.44427,-0.51305,5.7697,3.2,0.5801,0.56011,3.111,2.3228,45,22,1.4871,0.078266,1.4088,29,4,28,1,0,1,0.90387,0,1,y,y,y,y,m,m,y,y,y,m,m,m,m,,,,,0,hide,original,1,1,0,0,0,0,,,,,,,,1066,,,,,,,,1,1,0,0,0,0,delete,
org_can_3.5Mar_d242_m156,organic food,Canada,3.5,Market Formation,cumulative CumulativeStartups,cumulative cum. # companies,org,0.14183,0.094193,21.786,2020.3,30.985,1658.9,0.018388,1906.9,-43351,0.99938,0.99934,7.7601,6.8727,0.98926,0.98875,32.376,28.937,0.82006,0.8115,132.54,114.98,45,44,0.63416,0.00060281,0.63355,44,0,43,0,0,0,0.92379,0,0,y,y,y,y,y,y,y,y,y,y,y,y,y,,,,not needed as transformed-cumulative twice (error),1,delete,transformed-cumx2error,0,0,0,0,0,0,,,,,,,,1067,,,,,,,,0,0,0,0,0,0,delete,
org_can_3.5Mar_d243_m157,organic food,Canada,3.5,Market Formation,Partial up to max CumulativeStartups,Partial up to max cum. # companies,org,0.14581,0.070405,1.6047,2011.2,30.138,75.08,1.7792,1970.1,-3189.2,0.99564,0.99531,1.4017,1.1051,0.95769,0.95562,4.3655,3.6888,0.92188,0.91807,5.9315,5.4313,44,43,0.82578,0.013319,0.81246,43,0,42,0,0,0,0.95229,0,1,y,y,y,y,y,y,y,y,y,y,y,y,y,,,,not needed as transformed-cumulative preferred,1,delete,transformed-partial,0,0,0,0,0,0,,,,,,,,1068,,,,,,,,0,0,0,0,0,0,delete,
org_can_3.5Mar_d244_m158,organic food,Canada,3.5,Market Formation,cumulative NewStartups,cumulative # companies,org,0.14846,0.067154,1.6145,2010.9,29.6,73.35,1.7049,1967.6,-3208.8,0.99564,0.99532,1.438,1.127,0.9502,0.94782,4.8601,4.1,0.92697,0.9235,5.8852,5.3753,45,44,0.84526,0.013633,0.83163,44,1,43,0,0,0,0.95629,0,1,y,y,y,y,y,y,y,y,y,y,y,y,y,,,,not needed as cumulative in original data,1,delete,transformed-cumulative,0,0,0,0,0,0,,,,,,,,1069,,,,,,,,0,0,0,0,0,0,delete,
org_can_3.5Mar_d245_m159,organic food,Canada,3.5,Market Formation,Partial up to max NewStartups,Partial up to max # companies,org,0.086712,0.08671,0.097632,2130.5,50.679,1.0031e+05,6.2628,2018.9,-193.66,0.51204,0.46325,0.97779,0.75449,0.51204,0.48056,0.97779,0.75449,0.46824,0.43394,1.0207,0.70178,34,23,6.9782e-05,9.9688e-06,5.9813e-05,33,0,32,0,0,1,0.55372,0,1,m,y,y,m,m,m,m,m,y,m,m,m,m,,,,not needed as transformed-cumulative preferred,1,delete,transformed-partial,0,0,0,0,0,0,,,,,,,,1070,,,,,,,,0,0,0,0,0,0,delete,
org_can_3.5Mar_d246_m160,organic food,Canada,3.5,Market Formation,cumulative PrivateEquityDeals,cumulative # deals,org,0.21507,0.14152,0.62292,2021.8,20.432,60.069,9.0899,2013.6,-1240.7,0.99254,0.99199,0.87485,0.58649,0.98405,0.98329,1.2791,0.79786,0.6379,0.62066,6.0952,4.9986,45,29,0.58267,0.016648,0.56602,29,0,28,0,0,0,0.89727,0,1,y,y,y,y,y,y,y,y,y,y,y,y,y,,,,,0,prefer,transformed-cumulative,1,1,0,0,0,0,,,,,,,,1071,,,,,,,,1,1,0,0,0,0,delete,
org_can_3.5Mar_d247_m161,organic food,Canada,3.5,Market Formation,Partial up to max PrivateEquityDeals,Partial up to max # deals,org,0.23786,0.0074183,0.067596,2067.5,18.475,4.0288e+05,1553.7,1.5758e+05,-134.56,0.78146,0.76374,0.5726,0.32283,-0.26804,-0.33478,1.3793,0.63415,0.42637,0.39618,0.92769,0.6694,41,13,1.4893e-05,2.4821e-06,1.2411e-05,25,0,24,0,0,1,0.53846,0,1,y,y,y,m,m,m,m,m,y,m,m,m,m,,,,not needed as transformed-cumulative preferred,1,delete,transformed-partial,0,0,0,0,0,0,,,,,,,,1072,,,,,,,,0,0,0,0,0,0,delete,
org_can_3.5Mar_d248_m162,organic food,Canada,3.5,Market Formation,cumulative PrivateEquityInvestment,cumulative $ million,org,7.1922,0.23237,13.076,2019.3,0.611,923.9,8.9372e-06,1943.6,-26064,0.99325,0.99276,23.556,10.168,0.83672,0.82894,115.88,54.829,0.35067,0.31975,231.08,176.73,45,29,1.0046,0.00027059,1.0043,29,1,28,0,0,1,0.81697,0,0,y,y,y,m,y,m,y,y,y,m,m,m,m,,,,too few,0,prefer,transformed-cumulative,0,1,0,0,0,0,,,,,,,,1073,,,,,,,,0,1,0,0,0,0,delete,
org_can_3.5Mar_d249_m163,organic food,Canada,3.5,Market Formation,Partial up to max PrivateEquityInvestment,Partial up to max $ million,org,5.4791,5.3797,3.1051,2020.4,0.80203,9013.4,4.0669e-11,2014.3,-6187.9,0.99679,0.99653,7.3354,1.7959,0.99679,0.99662,7.3354,1.796,0.080606,0.032217,124.08,50.219,41,11,0.093148,1.4619e-05,0.093134,25,0,13,0,1,1,0.0046853,0,0,y,y,y,m,m,m,m,m,m,m,m,n,m,,,,not needed as transformed-cumulative preferred,1,delete,transformed-partial,0,0,0,0,0,0,,,,,,,,1074,,,,,,,,0,0,0,0,0,0,delete,
org_can_3.5Mar_d250_m162,organic food,Canada,3.5,Market Formation,cumulative TotalFundraisingAmount,cumulative $ million,org,0.33496,0.14255,49.111,2017.5,13.119,2979.6,0.00020153,1907.9,-97844,0.98281,0.98156,107.98,57.113,0.94461,0.94197,193.86,130.42,0.59964,0.58058,521.16,433.39,45,29,0.85081,8.3904e-05,0.85073,29,1,28,0,0,1,0.90511,0,0,y,y,y,y,y,y,y,y,y,y,y,y,y,,,,,0,prefer,transformed-cumulative,1,1,0,0,0,0,,,,,,,,1075,,,,,,,,1,1,0,0,0,0,delete,
org_can_3.5Mar_d251_m163,organic food,Canada,3.5,Market Formation,Partial up to max TotalFundraisingAmount,Partial up to max $ million,org,2.7528,2.7464,6.8007,2021.9,1.5964,1.8125e+05,1.2558e-19,2001.7,-13543,0.68169,0.65589,94.955,33.556,0.68169,0.66494,94.955,33.557,0.22858,0.18798,147.82,87.615,41,17,0.0053169,1.3793e-06,0.0053155,25,0,24,0,0,1,0.21526,0,0,m,y,y,m,m,m,m,m,m,m,m,n,m,,,,not needed as transformed-cumulative preferred,1,delete,transformed-partial,0,0,0,0,0,0,,,,,,,,1076,,,,,,,,0,0,0,0,0,0,delete,
org_can_3.5Mar_d252_m160,organic food,Canada,3.5,Market Formation,cumulative TotalFundraisingDeals,cumulative # deals,org,0.20218,0.14051,2.5501,2022.7,21.735,266.3,0.31121,1979.5,-5079.1,0.99633,0.99606,2.4933,1.716,0.98958,0.98908,4.2007,2.7988,0.6477,0.63093,24.425,20.117,45,29,0.54074,0.0037551,0.53698,29,0,28,0,0,0,0.89599,0,0,y,y,y,y,y,y,y,y,y,y,y,y,y,,,,,0,prefer,transformed-cumulative,1,1,0,0,0,0,,,,,,,,1077,,,,,,,,1,1,0,0,0,0,delete,
org_can_3.5Mar_d253_m161,organic food,Canada,3.5,Market Formation,Partial up to max TotalFundraisingDeals,Partial up to max # deals,org,0.16981,0.025061,0.25366,2086.1,25.878,1.1547e+06,1550.2,1.5794e+05,-504.88,0.87835,0.86849,1.3952,0.8694,-0.37175,-0.44394,4.6852,2.439,0.56291,0.53991,2.6447,1.871,41,18,1.6455e-05,8.6603e-07,1.5589e-05,25,0,24,0,0,1,0.71111,0,1,y,y,y,y,y,y,y,m,y,m,y,m,y,,,,not needed as transformed-cumulative preferred,1,delete,transformed-partial,0,0,0,0,0,0,,,,,,,,1078,,,,,,,,0,0,0,0,0,0,delete,
org_can_4.1Sal_d213_m100,organic food,Canada,4.1,Knowledge Flows (social networks),annualised Google search frequency (index 100=monthly max.),Index 0-100,org,-0.33183,-0.072259,-4.9021,2017,-13.243,92.554,105.04,2004.8,9931,0.92053,0.90651,8.8955,7.2174,0.7708,0.74533,15.107,13.191,0.88485,0.87205,10.708,10.037,21,19,1.0805,0.073448,1.007,19,15,0,1,0,1,0.9403,0,1,y,y,y,y,y,y,y,y,y,y,y,y,y,,,,downward,0,prefer,original,1,1,0,0,0,0,,,,,,,,1079,,,,,,,,1,1,0,0,0,0,delete,
org_can_4.1Sal_d239_m153,organic food,Canada,4.1,Knowledge Flows (social networks),Partial up to max annualised Google search frequency (index 100=monthly max.),Partial up to max Index 0-100,org,0.02851,0.028498,2.5581,2275.6,154.14,2.0339e+05,1.7091,1865.6,-5038.2,0.38022,-inf,3.6999,2.9862,0.38023,-0.85932,3.6999,2.9862,0.37035,-0.88894,3.7292,2.9964,4,4,0.00049167,0.0004301,6.1568e-05,4,0,1,0,1,0,0.73101,0,1,m,n,y,y,y,y,y,m,y,n,n,n,n,,,,too few,0,hide,transformed-partial,0,1,0,0,0,1,,,,,,,,1080,,,,,,,,0,1,0,0,0,1,,
org_can_4.5Inf_d157_m130,organic food,Canada,4.5,Physical Infrastructure dependence,Organic area (farmland) [ha],ha,org,0.073557,0.060574,50381,2034.7,59.742,5.3422e+06,0.0046469,1698.2,-1.0047e+08,0.96566,0.96024,63775,49116,0.96452,0.96097,64823,46962,0.94303,0.93733,82143,70675,23,23,0.29334,0.063682,0.22966,23,0,22,0,0,0,0.92631,0,0,y,y,y,y,y,y,y,y,y,y,y,y,y,1,,,,0,,,1,1,0,0,0,1,,,,,,,,1081,,,,,,,,1,1,0,0,0,1,,
org_can_4.5Inf_d158_m195,organic food,Canada,4.5,Physical Infrastructure dependence,Organic area share of total farmland [%],%,org,0.080498,0.0010876,0.00094328,2041.2,54.591,0.15186,1555.2,1.5747e+05,-1.8833,0.96489,0.95935,0.0012218,0.0009506,-4.4031,-4.9434,0.015157,0.013683,0.92077,0.91285,0.0018354,0.0016457,23,23,0.18109,0.032925,0.14816,23,0,22,0,0,0,0.91819,1,1,y,y,y,y,y,y,y,m,y,m,y,,,,,,,,,,,,,,,,,,,,,,,,,,,,,,,,,,,,,,
org_chi_1.1Ado_d163_m140,organic food,China,1.1,Adoption over time,Organic retail sales market size [million],million EUR,org,0.32444,0.14724,914.82,2018.2,13.545,16323,2.0349e-06,1869.1,-1.8379e+06,0.98425,0.98088,609.59,479.77,0.94483,0.93747,1141.1,1024.7,0.95447,0.9484,1036.6,825.77,18,18,0.94734,0.022387,0.92495,18,0,17,0,0,1,0.87614,0,0,y,y,y,y,y,y,y,y,y,y,y,,,,,,,,,,,,,,,,,,,,,,,,,,,,,,,,,,,,,,
org_den_1.1Ado_d164_m195,organic food,Denmark,1.1,Adoption over time,Organic retail sales share [%],%,org,0.13792,0.0015237,0.0056579,2014.6,31.861,0.17905,1555.1,1.5749e+05,-11.309,0.95885,0.95062,0.006422,0.0057774,-6.5209,-7.461,0.08682,0.080842,0.95821,0.95298,0.0064719,0.0055014,19,19,0.72607,0.16755,0.55852,19,2,18,1,0,0,0.94228,1,1,y,y,y,y,y,y,y,y,y,y,y,,,,,,,,,,,,,,,,,,,,,,,,,,,,,,,,,,,,,,
org_den_2.2Reld_m_0,organic food,Denmark,2.2,Relative Advantage (Profitability),Organic per capita consumption [‚Äö√á¬®/person],‚Äö√á¬®/person,org,0.12476,0.094851,16.074,2024.6,35.224,963.45,0.029455,1921.2,-32147,0.96738,0.96223,20.178,16.297,0.96305,0.95935,21.477,17.864,0.91072,0.9018,33.384,26.28,23,23,0.39813,0.052198,0.34593,23,2,20,0,0,0,0.92631,0,0,y,y,y,y,y,y,y,y,y,y,y,,,,,,,,,,,,,,,,,,,,,,,,,,,,,,,,,,,,,,
org_den_2.5Var_d159_m001,organic food,Denmark,2.5,Variety (Choice Availability),Organic importers,#,org,1.0772,0.0099172,1.6107,2003.8,4.0794,144.4,5.9207,1707.6,-3118.9,0.36155,0.26074,55.149,48.959,0.017717,-0.080511,68.406,60.459,0.023962,-0.073642,68.188,60.72,23,23,1.5997,0.18697,1.4127,23,11,22,1,0,1,0.93737,0,0,m,y,y,y,y,y,y,y,m,m,m,m,m,4,,"volatile, use lin fit",weird data,0,,,0,1,0,0,0,0,,,,,,,,1087,,,,,,,,0,1,0,0,0,0,delete,
org_den_2.5Var_d161_m001,organic food,Denmark,2.5,Variety (Choice Availability),Organic processors,#,org,,,0,,,,,,1162,,,,,,,,,,,0,0,2,2,,,,2,1,1,0,0,0,0.5,0,0,n,n,y,y,y,y,m,m,m,n,n,n,n,3,,,too few,0,,,0,0,0,0,0,0,,,,,,,,1088,,,,,,,,0,0,0,0,0,0,delete,
org_den_2.5Var_d162_m001,organic food,Denmark,2.5,Variety (Choice Availability),Organic producers,#,org,0.012109,0.012107,34.546,2763.6,362.92,2.9558e+07,18.762,1585.1,-66203,0.18783,0.059587,510,464.22,0.18783,0.10661,510,464.22,0.16397,0.080368,517.44,474.22,23,23,0.00014162,8.6777e-05,5.484e-05,23,2,8,0,1,0,0.94008,0,0,n,y,y,y,y,y,y,m,m,n,m,n,m,4,,"reversal, use partial pre-minimum",,0,,,1,1,0,0,1,1,,,,,,,,1089,,,,,,,,1,1,0,0,1,1,,
org_den_3.5Mar_d074_m128,organic food,Denmark,3.5,Market Formation,CumulativeStartups,cum. # companies,org,0.089739,0.055917,0.29236,2016.1,48.969,18.831,9.9309,2018,-580.21,0.96078,0.95792,0.77073,0.65397,0.94481,0.94219,0.9143,0.72392,0.95173,0.94943,0.85507,0.68784,45,37,0.63725,0.053104,0.58415,37,5,36,1,0,0,0.95723,0,1,y,y,y,y,y,y,y,y,y,y,y,y,y,,,,,0,prefer,original,1,1,0,0,1,1,,,,,,,,1090,,,,,,,,1,1,0,0,1,1,,
org_den_3.5Mar_d126_m008,organic food,Denmark,3.5,Market Formation,NewStartups,# companies,org,,0.0015582,0.0061924,,,,1555,1.5746e+05,-12.13,,,,,-0.2963,-0.35802,0.55777,0.26667,0.026948,-0.019388,0.48325,0.39443,45,11,,,,32,1,31,0,0,1,0.42857,0,1,n,y,y,m,m,m,m,m,m,n,m,n,m,,,,,0,hide,original,0,1,0,0,0,0,,,,,,,,1091,,,,,,,,0,1,0,0,0,0,delete,
org_den_3.5Mar_d171_m011,organic food,Denmark,3.5,Market Formation,PrivateEquityDeals,# deals,org,80.616,0.17685,0.024638,2018.1,0.054511,1.5,0.0096266,1994.4,-49.102,0.63437,0.60762,0.38006,0.13333,0.50211,0.4784,0.44351,0.2313,0.25916,0.22388,0.541,0.36301,45,6,2,0.66667,1.3333,11,2,10,1,0,1,0.5,0,1,m,y,y,m,m,m,m,y,m,m,m,m,m,,,,,0,hide,original,1,1,0,0,0,0,,,,,,,,1092,,,,,,,,1,1,0,0,0,0,delete,
org_den_3.5Mar_d175_m027,organic food,Denmark,3.5,Market Formation,PrivateEquityInvestment,$ million,org,50.697,0.0020104,0.010724,2013.2,0.086681,0.50486,1554.9,1.5748e+05,-21.347,0.15157,0.089486,0.51333,0.16038,-0.049036,-0.09899,0.5708,0.12341,0.06246,0.017815,0.53962,0.21508,45,5,7.2414,0.19067,7.0507,10,9,4,0,1,1,0.055067,0,1,n,n,y,m,m,m,m,y,m,n,n,n,n,,,,,0,hide,original,0,1,0,0,0,0,,,,,,,,1093,,,,,,,,0,1,0,0,0,0,delete,
org_den_3.5Mar_d200_m027,organic food,Denmark,3.5,Market Formation,TotalFundraisingAmount,$ million,org,41.554,0.0074618,0.068921,2013.2,0.10575,3.5439,1553.8,1.5758e+05,-137.1,0.094395,0.028131,4.6894,1.3456,-0.032034,-0.081178,5.0061,0.88197,0.032994,-0.013054,4.8458,1.634,45,8,9.412,0.020982,9.391,12,8,7,1,1,1,0.11104,0,1,n,y,y,m,m,m,m,y,m,n,m,n,m,,,,,0,hide,original,0,1,0,0,0,0,,,,,,,,1094,,,,,,,,0,1,0,0,0,0,delete,
org_den_3.5Mar_d204_m011,organic food,Denmark,3.5,Market Formation,TotalFundraisingDeals,# deals,org,0.87995,0.0053842,0.046377,2012.7,4.994,1.8086,1554.2,1.5755e+05,-92.357,0.64889,0.6232,0.53907,0.24401,-0.28878,-0.35015,1.0328,0.48889,0.43831,0.41156,0.68182,0.49211,45,13,2.2116,0.5529,1.6587,17,2,16,1,0,1,0.64583,0,1,m,y,y,m,m,m,m,y,y,m,m,m,m,,,,,0,hide,original,1,1,0,0,0,0,,,,,,,,1095,,,,,,,,1,1,0,0,0,0,delete,
org_den_3.5Mar_d242_m156,organic food,Denmark,3.5,Market Formation,cumulative CumulativeStartups,cumulative cum. # companies,org,0.11518,0.077695,4.9957,2019.9,38.154,362.54,0.041762,1912.4,-9933.6,0.99537,0.99504,4.6534,4.1412,0.98494,0.98422,8.3978,7.5522,0.89908,0.89427,21.737,18.519,45,37,0.63165,0.0027583,0.62889,37,0,36,0,0,1,0.93493,0,0,y,y,y,y,y,y,y,y,y,y,y,y,y,,,,not needed as transformed-cumulative twice (error),1,delete,transformed-cumx2error,0,0,0,0,0,0,,,,,,,,1096,,,,,,,,0,0,0,0,0,0,delete,
org_den_3.5Mar_d243_m157,organic food,Denmark,3.5,Market Formation,Partial up to max CumulativeStartups,Partial up to max cum. # companies,org,0.088622,0.062469,0.27045,2016.3,49.586,18.88,7.5739,2012.5,-536.54,0.93939,0.93434,0.79104,0.66933,0.93281,0.92918,0.83287,0.67405,0.94401,0.94099,0.76028,0.56386,40,32,0.63558,0.052965,0.58261,32,0,31,0,0,0,0.9299,0,1,y,y,y,y,y,y,y,y,y,y,y,y,y,,,,not needed as transformed-cumulative preferred,1,delete,transformed-partial,0,0,0,0,0,0,,,,,,,,1097,,,,,,,,0,0,0,0,0,0,delete,
org_den_3.5Mar_d244_m158,organic food,Denmark,3.5,Market Formation,cumulative NewStartups,cumulative # companies,org,0.089739,0.055917,0.29236,2016.1,48.969,18.831,9.9309,2018,-580.21,0.96078,0.95792,0.77073,0.65397,0.94481,0.94219,0.9143,0.72392,0.95173,0.94943,0.85507,0.68784,45,37,0.63725,0.053104,0.58415,37,5,36,1,0,0,0.95723,0,1,y,y,y,y,y,y,y,y,y,y,y,y,y,,,,not needed as cumulative in original data,1,delete,transformed-cumulative,0,0,0,0,0,0,,,,,,,,1098,,,,,,,,0,0,0,0,0,0,delete,
org_den_3.5Mar_d245_m159,organic food,Denmark,3.5,Market Formation,Partial up to max NewStartups,Partial up to max # companies,org,0.06792,0.0021928,0.012753,2164.5,64.7,15290,1554.8,1.5747e+05,-25.211,0.10546,0.028784,0.47646,0.37072,-0.31347,-0.38644,0.57735,0.28205,0.081177,0.030131,0.48289,0.39068,39,10,0.00013081,6.5404e-05,6.5404e-05,31,0,30,0,0,1,0.30769,0,1,n,y,y,m,m,m,m,m,m,n,m,n,m,,,,not needed as transformed-cumulative preferred,1,delete,transformed-partial,0,0,0,0,0,0,,,,,,,,1099,,,,,,,,0,0,0,0,0,0,delete,
org_den_3.5Mar_d246_m160,organic food,Denmark,3.5,Market Formation,cumulative PrivateEquityDeals,cumulative # deals,org,0.54722,0.28087,0.11054,2021.7,8.0305,13.19,6.6575,2022.2,-220.35,0.98648,0.98549,0.2751,0.12673,0.97201,0.97068,0.39582,0.19532,0.36816,0.33807,1.8807,1.3308,45,11,0.75817,0.075817,0.68235,11,0,10,0,0,1,0.79522,0,1,y,y,y,y,y,y,y,y,y,y,y,y,y,,,,,0,prefer,transformed-cumulative,1,1,0,0,0,0,,,,,,,,1100,,,,,,,,1,1,0,0,0,0,delete,
org_den_3.5Mar_d247_m161,organic food,Denmark,3.5,Market Formation,Partial up to max PrivateEquityDeals,Partial up to max # deals,org,0.50649,0.50638,0.022954,2041.3,8.6762,51170,0.022948,2012.4,-45.744,0.74754,0.72812,0.31136,0.1059,0.74754,0.73491,0.31136,0.10591,0.2113,0.17187,0.55032,0.3563,43,4,5.8628e-05,1.9543e-05,3.9086e-05,9,0,8,0,0,1,0.33333,0,1,y,n,m,m,m,m,m,m,m,n,n,n,n,,,,not needed as transformed-cumulative preferred,1,delete,transformed-partial,0,0,0,0,0,0,,,,,,,,1101,,,,,,,,0,0,0,0,0,0,delete,
org_den_3.5Mar_d248_m162,organic food,Denmark,3.5,Market Formation,cumulative PrivateEquityInvestment,cumulative $ million,org,7.2865,0.13628,0.1068,2013.8,0.6031,4.2676,8.1766,2025.6,-212.78,0.95969,0.95674,0.37139,0.15622,0.86265,0.85611,0.68555,0.45397,0.5622,0.54135,1.224,1.0606,45,11,1.3013,0.85666,0.44465,11,1,10,0,0,0,0.88719,0,1,y,y,y,y,y,y,y,y,y,y,y,y,y,,,,too few,0,prefer,transformed-cumulative,0,1,0,0,0,0,,,,,,,,1102,,,,,,,,0,1,0,0,0,0,delete,
org_den_3.5Mar_d249_m163,organic food,Denmark,3.5,Market Formation,Partial up to max PrivateEquityInvestment,Partial up to max $ million,org,18.116,0.0026692,0.017409,2014,0.24257,6.0877,1554.6,1.5748e+05,-34.661,1,1,2.0982e-08,3.6546e-09,-0.029412,-0.09375,0.61795,0.10445,0.083333,0.026042,0.58313,0.25168,35,1,0.60053,0.60053,0,1,0,0,0,0,,,0,1,y,n,m,m,m,m,m,m,m,n,n,n,n,,,,not needed as transformed-cumulative preferred,1,delete,transformed-partial,0,0,0,0,0,0,,,,,,,,1103,,,,,,,,0,0,0,0,0,0,delete,
org_den_3.5Mar_d250_m162,organic food,Denmark,3.5,Market Formation,cumulative TotalFundraisingAmount,cumulative $ million,org,5.9448,0.12644,0.89678,2014.3,0.73921,38.472,8.8036,2009.9,-1786.7,0.99941,0.99936,0.38778,0.17836,0.7881,0.77801,7.3244,5.0229,0.53577,0.51366,10.841,9.5268,45,13,1.0316,0.01834,1.0133,13,1,12,0,0,1,0.90849,0,1,y,y,y,y,y,y,y,y,y,y,y,y,y,,,,,0,prefer,transformed-cumulative,1,1,0,0,0,0,,,,,,,,1104,,,,,,,,1,1,0,0,0,0,delete,
org_den_3.5Mar_d251_m163,organic food,Denmark,3.5,Market Formation,Partial up to max TotalFundraisingAmount,Partial up to max $ million,org,9.5877,0.017138,0.16841,2014.2,0.45834,33.374,1551.6,1.5778e+05,-335.35,0.99954,0.9995,0.1176,0.019608,-0.036355,-0.099165,5.5937,1.0477,0.10137,0.046911,5.2088,2.2799,36,3,0.99944,0.021142,0.9783,4,0,3,0,0,1,0.10825,0,1,y,n,m,m,y,m,m,y,m,n,n,n,n,,,,not needed as transformed-cumulative preferred,1,delete,transformed-partial,0,0,0,0,0,0,,,,,,,,1105,,,,,,,,0,0,0,0,0,0,delete,
org_den_3.5Mar_d252_m160,organic food,Denmark,3.5,Market Formation,cumulative TotalFundraisingDeals,cumulative # deals,org,0.33139,,0.36245,2019,13.261,26.151,,,-722.2,0.99585,0.99555,0.40517,0.22258,,,,,0.55986,0.5389,4.1737,3.4169,45,17,0.84128,0.03824,0.80304,17,0,16,0,0,0,0.88475,0,1,y,y,y,y,y,y,y,y,y,y,y,y,y,,,,,0,prefer,transformed-cumulative,1,1,0,0,0,0,,,,,,,,1106,,,,,,,,1,1,0,0,0,0,delete,
org_den_3.5Mar_d253_m161,organic food,Denmark,3.5,Market Formation,Partial up to max TotalFundraisingDeals,Partial up to max # deals,org,0.22782,0.15377,0.049683,2019.1,19.289,4.1123,5.9118,2026.3,-98.95,0.70255,0.67967,0.50384,0.25822,0.70086,0.6859,0.50527,0.28594,0.44541,0.41768,0.68797,0.50415,43,11,0.97269,0.24317,0.72952,15,0,14,0,0,1,0.56522,0,1,y,y,y,m,m,m,m,y,y,m,m,m,m,,,,not needed as transformed-cumulative preferred,1,delete,transformed-partial,0,0,0,0,0,0,,,,,,,,1107,,,,,,,,0,0,0,0,0,0,delete,
org_den_4.1Sal_d213_m100,organic food,Denmark,4.1,Knowledge Flows (social networks),annualised Google search frequency (index 100=monthly max.),Index 0-100,org,1.2857,0.051747,3.3221,2010.4,3.418,65.793,0.90539,1939.5,-6646.9,0.72199,0.67293,17.757,13.4,0.24868,0.1652,29.192,25.927,0.35679,0.28532,27.01,23.266,21,15,1.5199,0.33618,1.1837,15,7,3,1,1,1,0.92853,0,1,y,y,y,y,y,y,y,y,y,y,y,y,y,,,,,0,hide,original,1,1,0,0,0,0,,,,,,,,1108,,,,,,,,1,1,0,0,0,0,delete,
org_den_4.1Sal_d239_m153,organic food,Denmark,4.1,Knowledge Flows (social networks),Partial up to max annualised Google search frequency (index 100=monthly max.),Partial up to max Index 0-100,org,0.82724,0.20107,8.9223,2011.4,5.3122,91.275,0.019201,1973.8,-17899,0.95215,0.93779,8.3467,6.45,0.83865,0.80932,15.326,12.546,0.88859,0.86833,12.736,9.9303,14,8,1.0956,0.37373,0.72186,8,0,6,0,1,0,0.83817,0,1,y,y,y,y,y,y,y,y,y,y,y,y,y,,,,,0,prefer,transformed-partial,1,1,0,0,1,1,,,,,,,,1109,,,,,,,,1,1,0,0,1,1,,
org_den_4.5Inf_d157_m130,organic food,Denmark,4.5,Physical Infrastructure dependence,Organic area (farmland) [ha],ha,org,0.040098,0.040097,6709.1,2296,109.59,1.6916e+10,0.19991,1668.4,-1.33e+07,0.74277,0.70216,27994,25008,0.74277,0.71705,27994,25008,0.65009,0.6151,32650,30206,23,23,1.7917e-05,7.9291e-06,9.9884e-06,23,1,17,0,1,0,0.93458,0,0,y,y,y,y,y,y,y,m,y,m,y,m,y,2,,,,0,,,1,1,0,0,1,1,,,,,,,,1110,,,,,,,,1,1,0,0,1,1,,
org_den_4.5Inf_d158_m195,organic food,Denmark,4.5,Physical Infrastructure dependence,Organic area share of total farmland [%],%,org,0.040606,0.0012363,0.0025748,2293.2,108.22,6634.5,1555.2,1.5747e+05,-5.1051,0.74797,0.70818,0.010603,0.0094423,-11.877,-13.165,0.075789,0.072787,0.65397,0.61936,0.012424,0.011464,23,23,1.7394e-05,7.8076e-06,9.5862e-06,23,1,17,0,1,0,0.93439,1,1,y,y,y,y,y,y,y,m,y,m,y,,,,,,,,,,,,,,,,,,,,,,,,,,,,,,,,,,,,,,
org_glo_3.3Sci_d235_m020,organic food,Global,3.3,Risk & Uncertainty (Shared Expectations),scientific publications,# publications,org,0.15436,0.093645,232.51,2018.8,28.469,21918,0.0010576,1847.1,-4.6109e+05,0.9869,0.98613,500.34,276.14,0.97386,0.97286,706.79,403.7,0.7128,0.70175,2342.8,1959.7,55,55,0.67957,0.00068436,0.67889,55,2,54,0,0,1,0.94425,0,0,y,y,y,y,y,y,y,y,y,y,y,y,y,,,,"good; only available global, apply to all EA regions",0,,,1,1,0,0,1,1,,,,,,,,1112,,,,,,,,1,1,0,0,1,1,,
org_glo_3.5Mar_d074_m128,organic food,Global,3.5,Market Formation,CumulativeStartups,cum. # companies,org,0.10511,0.069646,26.913,2019.8,41.807,2032.4,0.073745,1883.2,-53466,0.99182,0.99122,33.436,27.368,0.98034,0.9794,51.828,36.726,0.89424,0.8892,120.2,105.71,45,45,0.56435,0.0044282,0.55992,45,0,44,0,0,0,0.95066,0,0,y,y,y,y,y,y,y,y,y,y,y,y,y,1,,good as cum.!,,0,prefer,original,1,1,0,0,0,1,,,,,,,,1113,,,,,,,,1,1,0,0,0,1,,
org_glo_3.5Mar_d126_m008,organic food,Global,3.5,Market Formation,NewStartups,# companies,org,0.15702,0.033403,1.027,2001.2,27.986,47.238,2.7757,1937.7,-2030.6,0.47676,0.43847,15,10.86,0.35639,0.32575,16.636,11.526,0.4137,0.38578,15.879,10.694,45,45,1.6089,0.021169,1.5877,45,6,0,1,0,1,0.96756,0,1,m,y,y,y,m,m,y,y,y,m,m,m,m,4,,cum.,,0,hide,original,1,1,0,0,0,0,,,,,,,,1114,,,,,,,,1,1,0,0,0,0,delete,
org_glo_3.5Mar_d171_m011,organic food,Global,3.5,Market Formation,PrivateEquityDeals,# deals,org,0.4908,0.098431,2.2888,2013.7,8.9536,98.586,1.0745,1976.4,-4557.6,0.89292,0.88508,12.426,5.3323,0.75704,0.74547,18.716,11.906,0.61282,0.59438,23.627,19.775,45,31,1.3592,0.010143,1.3491,37,3,36,0,0,1,0.9573,0,0,y,y,y,y,y,y,y,y,y,y,y,y,y,2,drop at end,cum.,,0,hide,original,1,1,0,0,0,0,,,,,,,,1115,,,,,,,,1,1,0,0,0,0,delete,
org_glo_3.5Mar_d175_m027,organic food,Global,3.5,Market Formation,PrivateEquityInvestment,$ million,org,21.04,0.0838,12.29,2011,0.20886,439.44,0.094406,1920.1,-24466,0.53777,0.50395,178.54,85.285,0.40541,0.37709,202.49,121.37,0.36942,0.3394,208.53,139.27,45,30,2.895,0.0016498,2.8934,37,4,31,1,1,1,0.59248,0,0,m,y,y,m,m,m,m,y,y,m,m,m,m,3,,cum.,,0,hide,original,1,1,0,0,0,0,,,,,,,,1116,,,,,,,,1,1,0,0,0,0,delete,
org_glo_3.5Mar_d200_m027,organic food,Global,3.5,Market Formation,TotalFundraisingAmount,$ million,org,0.4022,0.060436,99.713,2008.1,10.926,3526.3,0.069193,1842.5,-1.9834e+05,0.34796,0.30025,2027.4,922.16,0.23685,0.20051,2193.4,1181.4,0.26602,0.23107,2151,1185.8,45,32,4.0325,0.0002056,4.0323,37,7,31,1,1,1,0.51695,0,0,m,y,y,m,m,m,m,y,m,m,m,m,m,3,,cum.,,0,hide,original,1,1,0,0,0,0,,,,,,,,1117,,,,,,,,1,1,0,0,0,0,delete,
org_glo_3.5Mar_d204_m011,organic food,Global,3.5,Market Formation,TotalFundraisingDeals,# deals,org,0.38625,0.087722,4.1345,2012.7,11.377,172.84,0.29209,1949.4,-8229.2,0.88237,0.87376,22.599,10.414,0.76781,0.75675,31.751,19.81,0.66408,0.64809,38.19,32.04,45,42,1.3422,0.0057855,1.3365,45,3,44,0,0,1,0.9598,0,0,y,y,y,y,y,y,y,y,y,y,y,y,y,2,drop at end,cum.,,0,hide,original,1,1,0,0,0,0,,,,,,,,1118,,,,,,,,1,1,0,0,0,0,delete,
org_glo_3.5Mar_d242_m156,organic food,Global,3.5,Market Formation,cumulative CumulativeStartups,cumulative cum. # companies,org,0.10897,0.087026,376.14,2027.6,40.326,46180,0.0011836,1833.1,-7.4807e+05,0.99894,0.99886,173.09,148.58,0.99581,0.99561,343.74,292.09,0.84564,0.83829,2087.1,1771.7,45,45,0.40247,0.00019489,0.40228,45,0,44,0,0,1,0.92443,0,0,y,y,y,y,y,y,y,y,y,y,y,y,y,,,,not needed as transformed-cumulative twice (error),1,delete,transformed-cumx2error,0,0,0,0,0,0,,,,,,,,1119,,,,,,,,0,0,0,0,0,0,delete,
org_glo_3.5Mar_d243_m157,organic food,Global,3.5,Market Formation,Partial up to max CumulativeStartups,Partial up to max cum. # companies,org,0.10511,0.069646,26.913,2019.8,41.807,2032.4,0.073745,1883.2,-53466,0.99182,0.99122,33.436,27.368,0.98034,0.9794,51.828,36.726,0.89424,0.8892,120.2,105.71,45,45,0.56435,0.0044282,0.55992,45,0,44,0,0,0,0.95066,0,0,y,y,y,y,y,y,y,y,y,y,y,y,y,,,,not needed as transformed-cumulative preferred,1,delete,transformed-partial,0,0,0,0,0,0,,,,,,,,1120,,,,,,,,0,0,0,0,0,0,delete,
org_glo_3.5Mar_d244_m158,organic food,Global,3.5,Market Formation,cumulative NewStartups,cumulative # companies,org,0.10511,0.069646,26.913,2019.8,41.807,2032.4,0.073745,1883.2,-53466,0.99182,0.99122,33.436,27.368,0.98034,0.9794,51.828,36.726,0.89424,0.8892,120.2,105.71,45,45,0.56435,0.0044282,0.55992,45,0,44,0,0,0,0.95066,0,0,y,y,y,y,y,y,y,y,y,y,y,y,y,,,,not needed as cumulative in original data,1,delete,transformed-cumulative,0,0,0,0,0,0,,,,,,,,1121,,,,,,,,0,0,0,0,0,0,delete,
org_glo_3.5Mar_d245_m159,organic food,Global,3.5,Market Formation,Partial up to max NewStartups,Partial up to max # companies,org,0.080547,0.080546,1.5789,2153.6,54.558,4.3044e+06,1.1921,1966.2,-3131.1,0.92295,0.91635,5.7502,4.5149,0.92296,0.91867,5.7502,4.5149,0.73582,0.72115,10.648,8.7418,39,39,1.7656e-05,1.3939e-06,1.6262e-05,39,0,37,0,0,0,0.90696,0,1,y,y,y,y,y,y,y,m,y,m,y,m,y,,,,not needed as transformed-cumulative preferred,1,delete,transformed-partial,0,0,0,0,0,0,,,,,,,,1122,,,,,,,,0,0,0,0,0,0,delete,
org_glo_3.5Mar_d246_m160,organic food,Global,3.5,Market Formation,cumulative PrivateEquityDeals,cumulative # deals,org,0.28232,0.1598,18.324,2020.2,15.566,1538,0.0013225,1937.9,-36505,0.999,0.99893,9.8603,6.6066,0.98477,0.98404,38.488,24.921,0.58239,0.5625,201.52,164.13,45,37,0.72044,0.00065021,0.71979,37,0,36,0,0,1,0.88697,0,0,y,y,y,y,y,y,y,y,y,y,y,n,y,,,,,0,prefer,transformed-cumulative,1,1,0,0,0,0,,,,,,,,1123,,,,,,,,1,1,0,0,0,0,delete,
org_glo_3.5Mar_d247_m161,organic food,Global,3.5,Market Formation,Partial up to max PrivateEquityDeals,Partial up to max # deals,org,0.26825,0.16684,2.2298,2018.2,16.382,188.37,0.4905,1987.1,-4440,0.99262,0.99204,3.0154,1.9707,0.98303,0.98216,4.5723,2.9316,0.59298,0.57211,22.392,18.459,42,28,0.71135,0.0053086,0.70605,34,0,33,0,0,1,0.85558,0,0,y,y,y,y,y,y,y,y,y,y,y,y,y,,,,not needed as transformed-cumulative preferred,1,delete,transformed-partial,0,0,0,0,0,0,,,,,,,,1124,,,,,,,,0,0,0,0,0,0,delete,
org_glo_3.5Mar_d248_m162,organic food,Global,3.5,Market Formation,cumulative PrivateEquityInvestment,cumulative $ million,org,0.2773,0.14428,112.28,2018.7,15.847,7803.3,0.0001687,1902.2,-2.2369e+05,0.99114,0.99049,175.19,100.11,0.96879,0.9673,328.83,237.38,0.61379,0.5954,1156.7,942.47,45,37,0.79669,0.00057668,0.79611,37,0,36,0,0,1,0.89894,0,0,y,y,y,y,y,y,y,y,y,y,y,y,y,,,,,0,prefer,transformed-cumulative,1,1,0,0,0,0,,,,,,,,1125,,,,,,,,1,1,0,0,0,0,delete,
org_glo_3.5Mar_d249_m163,organic food,Global,3.5,Market Formation,Partial up to max PrivateEquityInvestment,Partial up to max $ million,org,0.17715,0.17714,12.52,2079.4,24.806,2.8416e+07,7.275e-05,1928.7,-24926,0.54542,0.50856,171.22,78.072,0.54542,0.52149,171.22,78.071,0.3403,0.30557,206.26,134.63,41,26,4.477e-05,2.5513e-08,4.4744e-05,33,0,27,0,1,1,0.32244,0,0,m,y,y,m,m,m,m,m,y,m,m,m,m,,,,not needed as transformed-cumulative preferred,1,delete,transformed-partial,0,0,0,0,0,0,,,,,,,,1126,,,,,,,,0,0,0,0,0,0,delete,
org_glo_3.5Mar_d250_m162,organic food,Global,3.5,Market Formation,cumulative TotalFundraisingAmount,cumulative $ million,org,0.30512,0.11856,1234.7,2015.8,14.403,64050,6.9303e-05,1849.1,-2.4591e+06,0.99175,0.99114,1758.6,1008.3,0.94619,0.94363,4490,3206.5,0.68634,0.67141,10840,9645.5,45,37,0.90418,7.0258e-05,0.90411,37,0,36,0,0,1,0.92334,0,0,y,y,y,m,y,m,y,y,y,m,m,m,m,,,,,0,prefer,transformed-cumulative,1,1,0,0,0,0,,,,,,,,1127,,,,,,,,1,1,0,0,0,0,delete,
org_glo_3.5Mar_d251_m163,organic food,Global,3.5,Market Formation,Partial up to max TotalFundraisingAmount,Partial up to max $ million,org,0.59062,0.58969,132.08,2036.4,7.4404,1.126e+09,4.8609e-15,1945.2,-2.6287e+05,0.64555,0.61428,1568.4,677.5,0.64555,0.6253,1568.4,677.43,0.30227,0.2624,2200.5,1350.2,38,25,1.2628e-05,6.4385e-10,1.2628e-05,30,0,24,0,1,1,0.2701,0,0,m,y,y,m,m,m,m,m,y,m,m,m,m,,,,not needed as transformed-cumulative preferred,1,delete,transformed-partial,0,0,0,0,0,0,,,,,,,,1128,,,,,,,,0,0,0,0,0,0,delete,
org_glo_3.5Mar_d252_m160,organic food,Global,3.5,Market Formation,cumulative TotalFundraisingDeals,cumulative # deals,org,0.20856,0.1358,38.75,2021.5,21.07,3588.7,0.00016384,1902.4,-77168,0.99855,0.99844,23.675,16.668,0.99009,0.98962,61.832,41.764,0.65619,0.63982,364.27,302.99,45,45,0.60356,0.00027865,0.60328,45,0,44,0,0,0,0.89986,0,0,y,y,y,y,y,y,y,y,y,y,y,y,y,,,,,0,prefer,transformed-cumulative,1,1,0,0,0,0,,,,,,,,1129,,,,,,,,1,1,0,0,0,0,delete,
org_glo_3.5Mar_d253_m161,organic food,Global,3.5,Market Formation,Partial up to max TotalFundraisingDeals,Partial up to max # deals,org,0.2062,0.13924,4.1196,2019.1,21.311,365.61,0.085656,1964.1,-8199.6,0.99097,0.99026,5.7996,4.0325,0.98451,0.98372,7.5967,4.9716,0.66918,0.65222,35.108,29.702,42,39,0.63456,0.0027352,0.63182,42,0,41,0,0,1,0.87075,0,0,y,y,y,y,y,y,y,y,y,y,y,y,y,,,,not needed as transformed-cumulative preferred,1,delete,transformed-partial,0,0,0,0,0,0,,,,,,,,1130,,,,,,,,0,0,0,0,0,0,delete,
org_jap_1.1Ado_d164_m195,organic food,Japan,1.1,Adoption over time,Organic retail sales share [%],%,org,2.418,0.021425,0.00026198,2009.2,1.8174,0.011088,2.739,2275.3,-0.51752,0.26285,0.041709,0.0029231,0.0021172,0.082762,-0.084008,0.0032607,0.0021664,0.096216,-0.068109,0.0032367,0.0021581,14,14,1.2626,0.2435,1.0191,14,5,0,1,0,1,0.9408,1,1,n,y,y,y,m,m,y,y,m,n,m,,,,,,,,,,,,,,,,,,,,,,,,,,,,,,,,,,,,,,
org_jap_2.2Reld_m_0,organic food,Japan,2.2,Relative Advantage (Profitability),Organic per capita consumption [‚Äö√á¬®/person],‚Äö√á¬®/person,org,0.11909,0.04534,0.45738,2012.1,36.9,16.703,8.5442,2012.5,-911.91,0.36215,0.17079,2.4583,1.4302,0.35449,0.23712,2.473,1.3466,0.35882,0.24224,2.4647,1.3999,14,14,1.1346,0.46879,0.66577,14,5,13,1,0,1,0.8613,0,1,m,y,y,y,y,y,y,y,y,m,y,,,,,,,,,,,,,,,,,,,,,,,,,,,,,,,,,,,,,,
org_jap_2.5Var_d159_m001,organic food,Japan,2.5,Variety (Choice Availability),Organic importers,#,org,0.063175,0.061828,12.831,2076.6,69.56,10485,0.14481,1897.3,-25636,0.87536,0.8442,22.568,17.195,0.87536,0.85618,22.568,17.2,0.85613,0.834,24.246,19.168,16,16,0.028803,0.012971,0.015832,16,4,15,1,0,0,0.92128,0,0,y,y,y,y,y,y,y,m,y,m,y,m,y,2,,,,0,,,1,1,0,0,0,0,,,,,,,,1135,,,,,,,,1,1,0,0,0,0,delete,
org_jap_2.5Var_d161_m001,organic food,Japan,2.5,Variety (Choice Availability),Organic processors,#,org,0.077208,0.076676,162.52,2080.7,56.917,3.4182e+05,0.0022963,1835.8,-3.2521e+05,0.80931,0.76164,368.57,313.09,0.80931,0.77998,368.57,313.16,0.78781,0.75517,388.8,316.55,16,16,0.0098327,0.0027237,0.0071091,16,4,15,1,0,0,0.91232,0,0,y,y,y,y,y,y,y,m,y,m,y,m,y,2,,,,0,,,1,1,0,0,0,0,,,,,,,,1136,,,,,,,,1,1,0,0,0,0,delete,
org_jap_2.5Var_d162_m001,organic food,Japan,2.5,Variety (Choice Availability),Organic producers,#,org,0.010487,0.010481,28.755,2721.9,419.03,5.2334e+06,28.809,1566.9,-54785,0.031392,-0.19213,835,785.57,0.031395,-0.10698,835,785.58,0.027568,-0.11135,836.65,789.57,17,17,0.00085356,0.000407,0.00044656,17,0,10,0,1,0,0.90768,0,0,n,y,y,y,y,y,y,m,m,n,m,n,m,4,,use lin fit,noisy,0,,,0,1,0,0,0,1,,,,,,,,1137,,,,,,,,0,1,0,0,0,1,,
org_jap_3.5Mar_d074_m128,organic food,Japan,3.5,Market Formation,CumulativeStartups,cum. # companies,org,0.062542,0.026784,0.27563,2201,70.264,9.5666e+05,1550.8,1.5788e+05,-546.63,0.96109,0.95825,0.77493,0.67288,-1.7369,-1.8672,6.4996,5.1778,0.83016,0.82207,1.6191,1.4282,45,42,1.4634e-05,1.0453e-06,1.3589e-05,42,2,41,0,0,0,0.94319,0,1,y,y,y,y,y,y,y,m,y,m,y,m,y,,,,,0,prefer,original,1,1,0,0,0,1,,,,,,,,1138,,,,,,,,1,1,0,0,0,1,,
org_jap_3.5Mar_d126_m008,organic food,Japan,3.5,Market Formation,NewStartups,# companies,org,53.226,0.042812,0.011726,2004.2,0.082562,0.55,0.36994,2009.6,-23.164,0.10831,0.043064,0.55678,0.33556,0.078378,0.034492,0.56604,0.418,0.066708,0.022266,0.56962,0.42555,45,12,5.4545,1.8182,3.6364,40,5,39,1,0,1,0.2,0,1,n,y,y,m,m,m,m,y,m,n,m,n,m,,,,,0,hide,original,0,1,0,0,0,0,,,,,,,,1139,,,,,,,,0,1,0,0,0,0,delete,
org_jap_3.5Mar_d171_m011,organic food,Japan,3.5,Market Formation,PrivateEquityDeals,# deals,org,1.0435,0.17232,0.040053,2018.2,4.2114,2.5479,7.2762,2029.3,-79.83,0.8035,0.78913,0.39819,0.14385,0.65225,0.63569,0.52972,0.25982,0.33532,0.30367,0.73235,0.50021,45,8,1.5699,0.39248,1.1774,8,3,7,1,0,1,0.78571,0,1,y,y,y,m,y,m,y,y,y,m,m,m,m,,,,,0,hide,original,1,1,0,0,0,0,,,,,,,,1140,,,,,,,,1,1,0,0,0,0,delete,
org_jap_3.5Mar_d175_m027,organic food,Japan,3.5,Market Formation,PrivateEquityInvestment,$ million,org,1.0919,0.24061,0.060858,2019.8,4.0245,5.0081,6.4404,2024.5,-121.32,0.66259,0.6379,0.96719,0.36239,0.57843,0.55836,1.0811,0.48885,0.22532,0.18843,1.4655,0.90088,45,6,1.7452,0.069109,1.6761,6,1,4,1,1,1,0.41316,0,1,m,y,y,m,y,m,m,y,m,m,m,m,m,,,,,0,hide,original,1,1,0,0,0,0,,,,,,,,1141,,,,,,,,1,1,0,0,0,0,delete,
org_jap_3.5Mar_d200_m027,organic food,Japan,3.5,Market Formation,TotalFundraisingAmount,$ million,org,48.385,0.016149,0.16144,2011.2,0.090823,7.2329,1552.1,1.5775e+05,-321.11,0.12696,0.063083,8.5965,2.5693,-0.051579,-0.10165,9.4346,2.0895,0.051931,0.0067846,8.9583,3.2903,45,8,8.5036,0.047852,8.4557,13,12,4,0,1,1,0.021903,0,1,n,y,y,m,m,m,m,y,m,n,m,n,m,,,,,0,hide,original,0,1,0,0,0,0,,,,,,,,1142,,,,,,,,0,1,0,0,0,0,delete,
org_jap_3.5Mar_d204_m011,organic food,Japan,3.5,Market Formation,TotalFundraisingDeals,# deals,org,0.65433,0.1368,0.055072,2017.4,6.7159,3.1263,6.4879,2028.6,-109.7,0.72018,0.69971,0.59593,0.24833,0.63997,0.62283,0.67596,0.36291,0.40308,0.37465,0.87039,0.64266,45,12,1.5993,0.31987,1.2795,29,3,28,1,0,1,0.73239,0,1,y,y,y,m,m,m,y,y,y,m,m,m,m,,,,,0,hide,original,1,1,0,0,0,0,,,,,,,,1143,,,,,,,,1,1,0,0,0,0,delete,
org_jap_3.5Mar_d242_m156,organic food,Japan,3.5,Market Formation,cumulative CumulativeStartups,cumulative cum. # companies,org,0.080692,0.070764,4.7236,2037.5,54.459,912.5,0.064802,1908.1,-9384,0.99478,0.99439,4.6627,3.6883,0.9937,0.9934,5.1215,3.6769,0.9041,0.89954,19.979,16.275,45,42,0.25534,0.0010959,0.25425,42,0,41,0,0,1,0.93382,0,0,y,y,y,y,y,y,y,y,y,y,y,y,y,,,,not needed as transformed-cumulative twice (error),1,delete,transformed-cumx2error,0,0,0,0,0,0,,,,,,,,1144,,,,,,,,0,0,0,0,0,0,delete,
org_jap_3.5Mar_d243_m157,organic food,Japan,3.5,Market Formation,Partial up to max CumulativeStartups,Partial up to max cum. # companies,org,0.064144,0.024968,0.25596,2204.3,68.509,1.6075e+06,1551.2,1.5784e+05,-507.42,0.95115,0.9474,0.77715,0.67187,-1.8382,-1.9801,5.9239,4.7674,0.81603,0.80683,1.5082,1.2662,43,40,8.7093e-06,6.2209e-07,8.0872e-06,40,0,39,0,0,0,0.92843,0,1,y,y,y,y,y,y,y,m,y,m,y,m,y,,,,not needed as transformed-cumulative preferred,1,delete,transformed-partial,0,0,0,0,0,0,,,,,,,,1145,,,,,,,,0,0,0,0,0,0,delete,
org_jap_3.5Mar_d244_m158,organic food,Japan,3.5,Market Formation,cumulative NewStartups,cumulative # companies,org,0.062542,0.026784,0.27563,2201,70.264,9.5666e+05,1550.8,1.5788e+05,-546.63,0.96109,0.95825,0.77493,0.67288,-1.7369,-1.8672,6.4996,5.1778,0.83016,0.82207,1.6191,1.4282,45,42,1.4634e-05,1.0453e-06,1.3589e-05,42,2,41,0,0,0,0.94319,0,1,y,y,y,y,y,y,y,m,y,m,y,m,y,,,,not needed as cumulative in original data,1,delete,transformed-cumulative,0,0,0,0,0,0,,,,,,,,1146,,,,,,,,0,0,0,0,0,0,delete,
org_jap_3.5Mar_d245_m159,organic food,Japan,3.5,Market Formation,Partial up to max NewStartups,Partial up to max # companies,org,7.2255,5.5972,0.015428,2017.6,0.60818,299.75,4.0736,2017.1,-30.544,0.42095,0.36986,0.45883,0.21059,0.42095,0.38786,0.45883,0.21082,0.078729,0.026085,0.57875,0.41463,38,9,0.010009,0.0033362,0.0066723,35,0,34,0,0,1,0.11765,0,1,m,y,y,m,m,m,m,m,m,m,m,n,m,,,,not needed as transformed-cumulative preferred,1,delete,transformed-partial,0,0,0,0,0,0,,,,,,,,1147,,,,,,,,0,0,0,0,0,0,delete,
org_jap_3.5Mar_d246_m160,organic food,Japan,3.5,Market Formation,cumulative PrivateEquityDeals,cumulative # deals,org,0.72521,0.3023,0.16904,2021.1,6.0595,18.187,1.732,2016.2,-336.99,0.99761,0.99743,0.18752,0.076776,0.96591,0.96429,0.70763,0.36163,0.32811,0.29612,3.1415,2.2113,45,8,0.87975,0.054985,0.82477,8,0,7,0,0,0,0.80186,0,1,y,y,y,y,y,y,y,y,y,y,y,y,y,,,,,0,prefer,transformed-cumulative,1,1,0,0,0,0,,,,,,,,1148,,,,,,,,1,1,0,0,0,0,delete,
org_jap_3.5Mar_d247_m161,organic food,Japan,3.5,Market Formation,Partial up to max PrivateEquityDeals,Partial up to max # deals,org,0.50635,0.50628,0.027956,2043.1,8.6788,2.636e+05,0.0047583,2007.9,-55.711,0.88343,0.87423,0.24183,0.088194,0.88343,0.87745,0.24183,0.088197,0.22886,0.18931,0.622,0.37269,42,5,1.5175e-05,3.7937e-06,1.1381e-05,5,0,4,0,0,1,0.3913,0,1,y,n,y,m,y,m,m,m,m,n,n,m,m,,,,not needed as transformed-cumulative preferred,1,delete,transformed-partial,0,0,0,0,0,0,,,,,,,,1149,,,,,,,,0,0,0,0,0,0,delete,
org_jap_3.5Mar_d248_m162,organic food,Japan,3.5,Market Formation,cumulative PrivateEquityInvestment,cumulative $ million,org,0.80971,0.39151,0.19732,2022.1,5.4272,28.65,4.7928,2019.7,-393.41,0.99033,0.98962,0.49001,0.19622,0.9689,0.96742,0.87877,0.38654,0.26449,0.22946,4.2734,2.8128,45,6,0.81159,0.1176,0.69399,6,0,5,0,0,1,0.72581,0,1,y,y,y,y,y,y,y,y,m,y,m,y,m,,,,,0,prefer,transformed-cumulative,1,1,0,0,0,0,,,,,,,,1150,,,,,,,,1,1,0,0,0,0,delete,
org_jap_3.5Mar_d249_m163,organic food,Japan,3.5,Market Formation,Partial up to max PrivateEquityInvestment,Partial up to max $ million,org,0.465,0.46498,0.058658,2044.9,9.4505,2.0658e+05,6.4986,2022.6,-116.93,0.7797,0.76318,0.77685,0.28646,0.7797,0.76896,0.77685,0.28646,0.20253,0.16363,1.4781,0.88963,44,5,4.2308e-05,1.6754e-06,4.0633e-05,5,0,3,0,1,1,0.26276,0,1,y,n,y,m,y,m,m,m,m,n,n,m,m,,,,not needed as transformed-cumulative preferred,1,delete,transformed-partial,0,0,0,0,0,0,,,,,,,,1151,,,,,,,,0,0,0,0,0,0,delete,
org_jap_3.5Mar_d250_m162,organic food,Japan,3.5,Market Formation,cumulative TotalFundraisingAmount,cumulative $ million,org,6.8555,0.11299,2.0452,2011.8,0.64101,72.988,0.70315,1979.1,-4073.7,0.96774,0.96538,5.9742,2.6591,0.85111,0.84402,12.835,9.5865,0.63768,0.62043,20.021,17.606,45,13,1.2882,0.84267,0.44558,13,0,12,0,0,0,0.90733,0,1,y,y,y,y,y,y,y,y,y,y,y,y,y,,,,,0,prefer,transformed-cumulative,1,1,0,0,0,0,,,,,,,,1152,,,,,,,,1,1,0,0,0,0,delete,
org_jap_3.5Mar_d251_m163,organic food,Japan,3.5,Market Formation,Partial up to max TotalFundraisingAmount,Partial up to max $ million,org,,0.032558,0.32891,,,,1548.6,1.5808e+05,-654.63,,,,,-0.03125,-0.1,10.707,1.8638,0.088235,0.027451,10.067,4.4651,33,1,,,,1,0,0,0,0,,,0,1,n,n,m,m,m,m,m,m,m,n,n,n,n,,,,not needed as transformed-cumulative preferred,1,delete,transformed-partial,0,0,0,0,0,0,,,,,,,,1153,,,,,,,,0,0,0,0,0,0,delete,
org_jap_3.5Mar_d252_m160,organic food,Japan,3.5,Market Formation,cumulative TotalFundraisingDeals,cumulative # deals,org,0.26039,,0.34756,2024.8,16.877,58.963,,,-692.33,0.98962,0.98886,0.64018,0.47315,,,,,0.51589,0.49284,4.3726,3.2601,45,29,0.424,0.01696,0.40704,29,0,28,0,0,1,0.85032,0,1,y,y,y,y,y,y,y,y,y,y,y,y,y,,,,,0,prefer,transformed-cumulative,1,1,0,0,0,0,,,,,,,,1154,,,,,,,,1,1,0,0,0,0,delete,
org_jap_3.5Mar_d253_m161,organic food,Japan,3.5,Market Formation,Partial up to max TotalFundraisingDeals,Partial up to max # deals,org,0.33764,0.33763,0.044972,2054.1,13.015,3.1114e+05,6.2342,2022.1,-89.562,0.81814,0.80378,0.40627,0.17793,0.81814,0.80881,0.40627,0.17793,0.32739,0.2929,0.78132,0.52746,42,9,1.607e-05,3.214e-06,1.2856e-05,26,0,25,0,0,1,0.46667,0,1,y,y,y,m,m,m,m,m,y,m,m,m,m,,,,not needed as transformed-cumulative preferred,1,delete,transformed-partial,0,0,0,0,0,0,,,,,,,,1155,,,,,,,,0,0,0,0,0,0,delete,
org_jap_4.1Sal_d213_m100,organic food,Japan,4.1,Knowledge Flows (social networks),annualised Google search frequency (index 100=monthly max.),Index 0-100,org,1.3765,0.035014,2.6932,2007.7,3.1926,72.986,1.4437,1908.8,-5365.8,0.75301,0.70943,14.949,12.156,0.22361,0.13734,26.504,22.046,0.29394,0.21549,25.275,21.254,21,18,1.3701,0.45346,0.91666,18,14,17,1,0,1,0.92638,0,1,y,y,y,y,y,y,y,y,m,y,m,y,m,,,,,0,hide,original,1,1,0,0,0,0,,,,,,,,1156,,,,,,,,1,1,0,0,0,0,delete,
org_jap_4.1Sal_d239_m153,organic food,Japan,4.1,Knowledge Flows (social networks),Partial up to max annualised Google search frequency (index 100=monthly max.),Partial up to max Index 0-100,org,0.7407,0.54289,16.281,2010.1,5.9328,204.37,0.00066554,1988,-32644,0.96151,0.92302,6.8567,5.1618,0.95602,0.93404,7.3292,5.719,0.86803,0.80205,12.696,10.146,7,4,0.48931,0.16194,0.32737,4,0,3,0,0,0,0.58115,0,1,y,n,y,y,y,y,m,y,y,n,n,n,n,,,,,0,prefer,transformed-partial,1,1,0,0,0,1,,,,,,,,1157,,,,,,,,1,1,0,0,0,1,,
org_jap_4.5Inf_d157_m130,organic food,Japan,4.5,Physical Infrastructure dependence,Organic area (farmland) [ha],ha,org,0.0019944,0.0019019,19.805,3536.3,2203.4,2.4091e+05,459.9,342.91,-28851,0.0004876,-0.15733,6097.8,3687,0.0004889,-0.099462,6097.8,3687.1,0.00046392,-0.09949,6097.9,3688.8,23,23,0.12101,0.0211,0.099906,23,19,22,1,0,1,0.81969,0,0,n,y,y,y,y,y,y,m,m,n,m,n,m,2,1 hi pt,,noisy,0,,,0,1,0,0,0,1,,,,,,,,1158,,,,,,,,0,1,0,0,0,1,,
org_jap_4.5Inf_d158_m195,organic food,Japan,4.5,Physical Infrastructure dependence,Organic area share of total farmland [%],%,org,-0.0084815,0.00077126,-0.0021739,1452.9,-518.12,30.422,1555.4,1.5745e+05,4.6374,0.0086925,-0.14783,0.15618,0.093249,-2.8679,-3.2547,0.30851,0.26565,0.0084504,-0.090705,0.1562,0.09327,23,23,0.024653,0.0042732,0.02038,23,19,22,1,0,1,0.81358,1,1,n,y,y,y,y,y,y,m,m,n,m,,,,,,,,,,,,,,,,,,,,,,,,,,,,,,,,,,,,,,
org_net_1.1Ado_d164_m195,organic food,The Netherlands,1.1,Adoption over time,Organic retail sales share [%],%,org,0.13931,0.059837,0.17913,2012.7,31.545,5.8629,4.0879,2019.4,-357.59,0.84208,0.81421,0.5042,0.40471,0.81028,0.7892,0.55264,0.42222,0.8283,0.80922,0.52575,0.40895,21,21,0.83577,0.23879,0.59698,22,4,20,1,0,0,0.92719,0,1,y,y,y,y,y,y,y,y,y,y,y,,,,,,,,,,,,,,,,,,,,,,,,,,,,,,,,,,,,,,
org_net_2.2Reld_m_0,organic food,The Netherlands,2.2,Relative Advantage (Profitability),Organic per capita consumption [‚Äö√á¬®/person],‚Äö√á¬®/person,org,0.099748,0.064111,3.0806,2020.4,44.056,155.64,0.50989,1942,-6148.2,0.99107,0.98973,2.0437,1.7856,0.98312,0.98152,2.809,2.2993,0.97253,0.96991,3.5839,2.8646,24,24,0.58243,0.13158,0.45085,24,0,23,0,0,0,0.93337,0,1,y,y,y,y,y,y,y,y,y,y,y,,,,,,,,,,,,,,,,,,,,,,,,,,,,,,,,,,,,,,
org_swi_1.1Ado_d164_m195,organic food,Switzerland,1.1,Adoption over time,Organic retail sales share [%],%,org,0.098497,0.062113,0.0045535,2020.5,44.615,0.21576,6.505,2086.4,-9.0944,0.99091,0.98896,0.0023151,0.0018249,0.98448,0.98241,0.0030244,0.0022639,0.98192,0.97951,0.0032646,0.0027478,18,18,0.5191,0.16222,0.35688,19,0,17,0,0,0,0.93468,1,1,y,y,y,y,y,y,y,y,y,y,y,,,,,,,,,,,,,,,,,,,,,,,,,,,,,,,,,,,,,,
org_swi_2.2Reld_m_0,organic food,Switzerland,2.2,Relative Advantage (Profitability),Organic per capita consumption [‚Äö√á¬®/person],‚Äö√á¬®/person,org,0.086049,0.086046,16.496,2133.6,51.069,6.7555e+06,0.04196,1914,-32966,0.98626,0.98409,13.416,10.758,0.98626,0.98489,13.416,10.757,0.91397,0.90537,33.57,29.478,23,23,6.4681e-05,1.0577e-05,5.4104e-05,23,0,22,0,0,0,0.91894,0,0,y,y,y,y,y,y,y,m,y,m,y,,,,,,,,,,,,,,,,,,,,,,,,,,,,,,,,,,,,,,
org_swi_2.5Var_d159_m001,organic food,Switzerland,2.5,Variety (Choice Availability),Organic importers,#,org,0.047315,0.047311,22.679,2215.7,92.876,5.7412e+06,0.2331,1856,-45265,0.33302,-0.33397,67.023,60.112,0.33302,-0.0004719,67.023,60.112,0.30547,-0.041801,68.393,60.673,7,7,0.00011966,6.7407e-05,5.2253e-05,7,0,4,0,1,0,0.7982,0,0,m,y,y,y,y,y,y,m,y,m,y,n,y,2,,,,0,,,0,1,0,0,0,0,,,,,,,,1164,,,,,,,,0,1,0,0,0,0,delete,
org_swi_2.5Var_d161_m001,organic food,Switzerland,2.5,Variety (Choice Availability),Organic processors,#,org,0.025154,0.025144,33.107,2332.9,174.7,3.5618e+06,0.12501,1650.3,-65514,0.72173,0.44346,41.302,34.259,0.72173,0.5826,41.302,34.259,0.71521,0.57282,41.783,34.673,7,7,0.00040569,0.00034364,6.2047e-05,7,0,6,0,0,0,0.85409,0,0,y,y,y,y,y,y,y,m,y,m,y,m,y,1,,,,0,,,1,1,0,0,0,0,,,,,,,,1165,,,,,,,,1,1,0,0,0,0,delete,
org_swi_2.5Var_d162_m001,organic food,Switzerland,2.5,Variety (Choice Availability),Organic producers,#,org,0.013922,0.013921,85.318,2678.5,315.64,6.8472e+07,7.5706,1528,-1.6525e+05,0.6555,0.60111,416.81,382.27,0.6555,0.62105,416.81,382.27,0.6351,0.59861,428.98,394.78,23,23,0.00011419,7.1591e-05,4.2601e-05,23,0,22,0,0,0,0.9537,0,0,m,y,y,y,y,y,y,m,y,m,y,m,y,2,,,,0,,,1,1,0,0,0,1,,,,,,,,1166,,,,,,,,1,1,0,0,0,1,,
org_swi_3.5Mar_d074_m128,organic food,Switzerland,3.5,Market Formation,CumulativeStartups,cum. # companies,org,0.14194,0.030276,0.31133,2015.8,30.96,17.969,1549.4,1.5802e+05,-619.08,0.9773,0.97563,0.65687,0.50534,-0.9282,-1.02,6.0535,4.2,0.86024,0.85358,1.6298,1.4084,45,34,0.72348,0.055653,0.66783,34,1,33,0,0,0,0.94239,0,1,y,y,y,y,y,y,y,y,y,y,y,y,y,,,,,0,prefer,original,1,1,0,0,0,1,,,,,,,,1167,,,,,,,,1,1,0,0,0,1,,
org_swi_3.5Mar_d126_m008,organic food,Switzerland,3.5,Market Formation,NewStartups,# companies,org,36.916,0.0023453,0.014493,2003.2,0.11904,0.52381,1554.9,1.5748e+05,-28.726,0.11635,0.05169,0.58191,0.34709,-0.21778,-0.27577,0.68313,0.28889,0.092447,0.049231,0.58973,0.40636,45,10,5.7273,1.9091,3.8182,33,7,32,1,0,1,0.14286,0,1,n,y,y,m,m,m,m,y,m,n,m,n,m,,,,,0,hide,original,0,1,0,0,0,0,,,,,,,,1168,,,,,,,,0,1,0,0,0,0,delete,
org_swi_3.5Mar_d171_m011,organic food,Switzerland,3.5,Market Formation,PrivateEquityDeals,# deals,org,49.948,0.0058385,0.051252,2013.2,0.08798,2.1818,1554.1,1.5756e+05,-102.05,0.67368,0.64981,0.64354,0.25657,-0.24319,-0.30239,1.2561,0.55556,0.34909,0.31809,0.9089,0.64265,45,11,2.2917,0.45833,1.8333,14,7,13,1,0,1,0.74648,0,1,m,y,y,y,y,y,y,y,y,m,y,m,y,,,,,0,hide,original,0,1,0,0,0,0,,,,,,,,1169,,,,,,,,0,1,0,0,0,0,delete,
org_swi_3.5Mar_d175_m027,organic food,Switzerland,3.5,Market Formation,PrivateEquityInvestment,$ million,org,0.77736,0.024079,0.24323,2017.2,5.6531,13.568,1550.1,1.5795e+05,-484.66,0.49897,0.46231,4.4352,1.6896,-0.13235,-0.18627,6.6676,2.2795,0.25415,0.21864,5.4113,3.396,45,10,2.0781,0.050693,2.0274,14,1,13,0,0,1,0.4308,0,1,m,y,y,m,m,m,m,y,m,m,m,m,m,,,,,0,hide,original,1,1,0,0,0,0,,,,,,,,1170,,,,,,,,1,1,0,0,0,0,delete,
org_swi_3.5Mar_d200_m027,organic food,Switzerland,3.5,Market Formation,TotalFundraisingAmount,$ million,org,0.78217,0.025271,0.25582,2016.8,5.6183,13.875,1549.9,1.5798e+05,-509.76,0.54843,0.51539,4.2173,1.5588,-0.14694,-0.20155,6.7211,2.4057,0.28026,0.24599,5.3243,3.3727,45,11,2.0321,0.04957,1.9825,14,1,13,0,0,1,0.5024,0,1,m,y,y,m,m,m,m,y,m,m,m,m,m,,,,,0,hide,original,0,1,0,0,0,0,,,,,,,,1171,,,,,,,,0,1,0,0,0,0,delete,
org_swi_3.5Mar_d204_m011,organic food,Switzerland,3.5,Market Formation,TotalFundraisingDeals,# deals,org,0.85246,0.0083385,0.077734,2012.4,5.155,3.0794,1553.6,1.5761e+05,-154.78,0.67876,0.65525,0.86953,0.40617,-0.30298,-0.36503,1.7512,0.84444,0.43303,0.40603,1.1552,0.89272,45,13,1.9484,0.32474,1.6237,14,7,13,1,0,1,0.82609,0,1,m,y,y,m,y,m,y,y,y,m,m,m,m,,,,,0,hide,original,1,1,0,0,0,0,,,,,,,,1172,,,,,,,,1,1,0,0,0,0,delete,
org_swi_3.5Mar_d242_m156,organic food,Switzerland,3.5,Market Formation,cumulative CumulativeStartups,cumulative cum. # companies,org,0.13316,0.10142,3.7103,2025,33.002,404.97,0.21654,1956.7,-7383.9,0.99884,0.99876,1.8386,1.5899,0.99449,0.99422,4.0162,3.3317,0.79354,0.78371,24.578,20.934,45,34,0.4667,0.0024693,0.46423,34,0,33,0,0,0,0.91474,0,0,y,y,y,y,y,y,y,y,y,y,y,y,y,,,,not needed as transformed-cumulative twice (error),1,delete,transformed-cumx2error,0,0,0,0,0,0,,,,,,,,1173,,,,,,,,0,0,0,0,0,0,delete,
org_swi_3.5Mar_d243_m157,organic food,Switzerland,3.5,Market Formation,Partial up to max CumulativeStartups,Partial up to max cum. # companies,org,0.13707,0.029722,0.30514,2016.8,32.06,19.258,1549.5,1.5801e+05,-606.75,0.97591,0.9741,0.65187,0.50585,-0.90722,-1.0003,5.7997,4,0.85134,0.84409,1.6192,1.3868,44,33,0.67505,0.051927,0.62312,33,0,32,0,0,0,0.93581,0,1,y,y,y,y,y,y,y,y,y,y,y,y,y,,,,not needed as transformed-cumulative preferred,1,delete,transformed-partial,0,0,0,0,0,0,,,,,,,,1174,,,,,,,,0,0,0,0,0,0,delete,
org_swi_3.5Mar_d244_m158,organic food,Switzerland,3.5,Market Formation,cumulative NewStartups,cumulative # companies,org,0.14194,0.030276,0.31133,2015.8,30.96,17.969,1549.4,1.5802e+05,-619.08,0.9773,0.97563,0.65687,0.50534,-0.9282,-1.02,6.0535,4.2,0.86024,0.85358,1.6298,1.4084,45,34,0.72348,0.055653,0.66783,34,1,33,0,0,0,0.94239,0,1,y,y,y,y,y,y,y,y,y,y,y,y,y,,,,not needed as cumulative in original data,1,delete,transformed-cumulative,0,0,0,0,0,0,,,,,,,,1175,,,,,,,,0,0,0,0,0,0,delete,
org_swi_3.5Mar_d245_m159,organic food,Switzerland,3.5,Market Formation,Partial up to max NewStartups,Partial up to max # companies,org,0.44435,0.44405,0.027501,2039.7,9.8897,91417,2.9257,2016.4,-54.65,0.43303,0.38149,0.49095,0.25344,0.43303,0.39968,0.49095,0.25346,0.20281,0.15592,0.58216,0.41477,37,8,3.2817e-05,1.0939e-05,2.1878e-05,26,0,25,0,0,1,0.15789,0,1,m,y,y,m,m,m,m,m,m,m,m,n,m,,,,not needed as transformed-cumulative preferred,1,delete,transformed-partial,0,0,0,0,0,0,,,,,,,,1176,,,,,,,,0,0,0,0,0,0,delete,
org_swi_3.5Mar_d246_m160,organic food,Switzerland,3.5,Market Formation,cumulative PrivateEquityDeals,cumulative # deals,org,0.49904,0.026645,0.44229,2016.9,8.8058,24.681,0.392,2910.8,-881.34,0.99124,0.99059,0.72852,0.36977,-0.28211,-0.34316,8.8116,4.1333,0.54483,0.52316,5.2502,4.4628,45,15,1.0129,0.040518,0.97243,15,1,14,0,0,1,0.9004,0,1,y,y,y,y,y,y,y,y,y,y,y,y,y,,,,,0,prefer,transformed-cumulative,1,1,0,0,0,0,,,,,,,,1177,,,,,,,,1,1,0,0,0,0,delete,
org_swi_3.5Mar_d247_m161,organic food,Switzerland,3.5,Market Formation,Partial up to max PrivateEquityDeals,Partial up to max # deals,org,1.4514,0.53905,0.047653,2014.2,3.0278,4.9957,6.2165,2016.3,-94.886,0.92316,0.91618,0.28861,0.1078,0.90633,0.90082,0.31866,0.12036,0.23881,0.19403,0.90837,0.59225,37,4,1.0009,0.20017,0.80069,7,0,6,0,0,1,0.54545,0,1,y,n,y,m,y,m,m,y,m,n,n,n,n,,,,not needed as transformed-cumulative preferred,1,delete,transformed-partial,0,0,0,0,0,0,,,,,,,,1178,,,,,,,,0,0,0,0,0,0,delete,
org_swi_3.5Mar_d248_m162,organic food,Switzerland,3.5,Market Formation,cumulative PrivateEquityInvestment,cumulative $ million,org,0.53565,0.24286,1.3076,2020.6,8.2039,124.5,2.4213,2007.9,-2606.3,0.99122,0.99057,2.5117,1.1972,0.96506,0.9634,5.0097,2.7321,0.40146,0.37295,20.735,15.556,45,15,0.82394,0.0055246,0.81842,15,1,14,0,0,1,0.83599,0,0,y,y,y,y,y,y,y,y,y,y,y,y,y,,,,,0,prefer,transformed-cumulative,1,1,0,0,0,0,,,,,,,,1179,,,,,,,,1,1,0,0,0,0,delete,
org_swi_3.5Mar_d249_m163,organic food,Switzerland,3.5,Market Formation,Partial up to max PrivateEquityInvestment,Partial up to max $ million,org,0.29336,0.024616,0.24798,2051.1,14.979,1.1884e+05,1550,1.5796e+05,-494.15,0.64128,0.61369,3.6804,1.3182,-0.11255,-0.16817,6.4815,2.0615,0.2508,0.21334,5.3188,3.2565,43,9,0.00023725,5.7876e-06,0.00023147,13,0,12,0,0,1,0.25961,0,1,m,y,y,m,m,m,m,m,m,m,m,m,m,,,,not needed as transformed-cumulative preferred,1,delete,transformed-partial,0,0,0,0,0,0,,,,,,,,1180,,,,,,,,0,0,0,0,0,0,delete,
org_swi_3.5Mar_d250_m162,organic food,Switzerland,3.5,Market Formation,cumulative TotalFundraisingAmount,cumulative $ million,org,0.54445,0.23972,1.3962,2020.4,8.0713,128.87,1.2264,2004.7,-2783,0.99348,0.993,2.3022,1.0943,0.96491,0.96324,5.3411,2.968,0.40442,0.37606,22.005,16.545,45,15,0.84002,0.005337,0.83469,15,1,14,0,0,1,0.84106,0,0,y,y,y,y,y,y,y,y,y,y,y,y,y,,,,,0,prefer,transformed-cumulative,1,1,0,0,0,0,,,,,,,,1181,,,,,,,,1,1,0,0,0,0,delete,
org_swi_3.5Mar_d251_m163,organic food,Switzerland,3.5,Market Formation,Partial up to max TotalFundraisingAmount,Partial up to max $ million,org,0.31077,0.02607,0.26328,2025.7,14.141,97.765,1549.7,1.5799e+05,-524.62,0.69725,0.67397,3.3895,1.198,-0.12679,-0.18313,6.5391,2.1935,0.28129,0.24536,5.2224,3.251,43,10,0.2884,0.0070352,0.28136,13,0,12,0,0,1,0.34178,0,1,m,y,y,m,m,m,m,y,m,m,m,m,m,,,,not needed as transformed-cumulative preferred,1,delete,transformed-partial,0,0,0,0,0,0,,,,,,,,1182,,,,,,,,0,0,0,0,0,0,delete,
org_swi_3.5Mar_d252_m160,organic food,Switzerland,3.5,Market Formation,cumulative TotalFundraisingDeals,cumulative # deals,org,0.40886,0.15802,0.67181,2017.6,10.748,40.897,8.472,2013.4,-1338.6,0.99588,0.99558,0.75065,0.42831,0.95307,0.95084,2.5328,1.8072,0.55685,0.53575,7.7833,6.5359,45,15,0.92916,0.024452,0.90471,15,1,14,0,0,1,0.90043,0,1,y,y,y,y,y,y,y,y,y,y,y,y,y,,,,,0,prefer,transformed-cumulative,1,1,0,0,0,0,,,,,,,,1183,,,,,,,,1,1,0,0,0,0,delete,
org_swi_3.5Mar_d253_m161,organic food,Switzerland,3.5,Market Formation,Partial up to max TotalFundraisingDeals,Partial up to max # deals,org,0.45997,0.0068661,0.061404,2040,9.5537,3.5398e+05,1553.8,1.5757e+05,-122.25,0.8949,0.88535,0.3883,0.15745,-0.13035,-0.19684,1.2734,0.43243,0.29961,0.25841,1.0024,0.66835,37,6,1.695e-05,2.825e-06,1.4125e-05,7,0,6,0,0,1,0.51667,0,1,y,y,y,m,y,m,m,m,m,m,m,m,m,,,,not needed as transformed-cumulative preferred,1,delete,transformed-partial,0,0,0,0,0,0,,,,,,,,1184,,,,,,,,0,0,0,0,0,0,delete,
org_swi_4.1Sal_d213_m100,organic food,Switzerland,4.1,Knowledge Flows (social networks),annualised Google search frequency (index 100=monthly max.),Index 0-100,org,1.0637,0.054422,3.1224,2010.6,4.1313,60.596,0.92855,1945.4,-6248.4,0.73065,0.68312,15.533,12.032,0.28458,0.20509,25.315,21.639,0.39905,0.33228,23.202,19.629,21,16,1.6503,0.19861,1.4517,16,9,14,1,0,1,0.93697,0,1,y,y,y,y,y,y,y,y,y,y,y,y,y,,,,,0,hide,original,1,1,0,0,0,0,,,,,,,,1185,,,,,,,,1,1,0,0,0,0,delete,
org_swi_4.1Sal_d239_m153,organic food,Switzerland,4.1,Knowledge Flows (social networks),Partial up to max annualised Google search frequency (index 100=monthly max.),Partial up to max Index 0-100,org,0.41446,0.33122,8.4253,2016.1,10.603,249.73,0.01638,1988.7,-16902,0.95246,0.93463,6.9501,5.7941,0.94943,0.9382,7.1678,6.1599,0.83254,0.79533,13.044,10.54,12,7,0.40044,0.048193,0.35225,7,0,5,0,1,1,0.70098,0,1,y,y,y,y,y,y,y,y,y,y,y,y,y,,,,,0,prefer,transformed-partial,1,1,0,0,0,1,,,,,,,,1186,,,,,,,,1,1,0,0,0,1,,
org_swi_4.5Inf_d157_m130,organic food,Switzerland,4.5,Physical Infrastructure dependence,Organic area (farmland) [ha],ha,org,0.031766,0.031766,3984.3,2359.8,138.34,8.281e+09,0.93179,1638.7,-7.8819e+06,0.9203,0.90771,7928.3,7246.1,0.9203,0.91233,7928.3,7246.1,0.88568,0.87425,9495.2,8727.9,23,23,2.2501e-05,9.9912e-06,1.251e-05,23,0,22,0,0,0,0.94829,0,0,y,y,y,y,y,y,y,m,y,m,y,n,y,1,,,* error in fit,0,,,0,1,0,0,0,1,,,,,,,,1187,,,,,,,,0,1,0,0,0,1,,
org_swi_4.5Inf_d158_m195,organic food,Switzerland,4.5,Physical Infrastructure dependence,Organic area share of total farmland [%],%,org,0.03312,0.033119,0.0039447,2348.6,132.68,8663.6,6.7842,2132.6,-7.8088,0.9295,0.91837,0.0073444,0.0067033,0.9295,0.92245,0.0073444,0.0067033,0.89483,0.88431,0.0089704,0.0082371,23,23,2.0638e-05,8.8993e-06,1.1739e-05,23,0,22,0,0,0,0.94782,1,1,y,y,y,y,y,y,y,m,y,m,y,,,,,,,,,,,,,,,,,,,,,,,,,,,,,,,,,,,,,,
org_uki_1.1Ado_d164_m195,organic food,UK,1.1,Adoption over time,Organic retail sales share [%],%,org,0.31769,0.0010669,0.00073333,2012,13.832,0.019528,1555.3,1.5749e+05,-1.4634,0.92133,0.87413,0.00057345,0.00045081,-64.69,-86.587,0.016571,0.016444,0.85765,0.8102,0.0007714,0.00064198,9,9,0.93709,0.66569,0.2714,9,3,8,1,0,0,0.89601,1,1,y,y,y,y,y,y,y,y,y,y,y,,,,,,,,,,,,,,,,,,,,,,,,,,,,,,,,,,,,,,
org_uki_2.2Reld_m_0,organic food,UK,2.2,Relative Advantage (Profitability),Organic per capita consumption [‚Äö√á¬®/person],‚Äö√á¬®/person,org,0.028413,0.028404,0.99396,2296.9,154.66,1.1612e+05,3.1578,1926.9,-1963.8,0.58117,0.51504,5.5932,4.6248,0.58117,0.53929,5.5932,4.6248,0.58199,0.54019,5.5877,4.6697,23,23,0.00044472,0.0001421,0.00030262,23,1,22,0,0,0,0.94554,0,1,m,y,y,y,y,y,y,m,y,m,y,,,,,,,,,,,,,,,,,,,,,,,,,,,,,,,,,,,,,,
org_uki_2.5Var_d159_m001,organic food,UK,2.5,Variety (Choice Availability),Organic importers,#,org,0.016097,0.01609,2.0504,2489.7,273,3.3075e+05,5.5912,1807.1,-3973.2,0.0181,-0.16601,95.286,75.842,0.018101,-0.097416,95.286,75.842,0.015117,-0.10075,95.431,77.052,20,20,0.0012033,3.3258e-05,0.0011701,20,15,19,1,0,1,0.84583,0,0,n,y,y,m,y,m,y,m,m,n,m,n,m,3,,,noisy,0,,,0,1,0,0,0,0,,,,,,,,1193,,,,,,,,0,1,0,0,0,0,delete,
org_uki_2.5Var_d161_m001,organic food,UK,2.5,Variety (Choice Availability),Organic processors,#,org,0.17004,0.018088,44.722,1998.8,25.843,2732.8,6.1705,1683.2,-87608,0.61965,0.55253,225.19,182.41,0.52807,0.47564,250.84,198.07,0.55005,0.50005,244.93,192.08,21,21,1.1457,0.56352,0.58219,21,5,18,1,0,0,0.95418,0,0,m,y,y,y,y,y,y,y,y,m,y,m,y,2,,,,0,,,1,1,0,0,0,0,,,,,,,,1194,,,,,,,,1,1,0,0,0,0,delete,
org_uki_2.5Var_d162_m001,organic food,UK,2.5,Variety (Choice Availability),Organic producers,#,org,-0.17482,-0.011216,-49.437,2026.5,-25.137,4536.4,7164,1960.8,1.0351e+05,0.3685,0.26879,525.3,426.69,0.22855,0.1514,580.59,466.47,0.2461,0.17071,573.95,459.08,23,23,1.2137,0.74972,0.46403,23,15,1,1,0,0,0.96524,0,0,m,y,y,y,y,y,y,y,m,m,m,m,m,4,,"reversal, use partial pre-peak",,0,,,1,1,0,0,0,1,,,,,,,,1195,,,,,,,,1,1,0,0,0,1,,
org_uki_3.5Mar_d074_m128,organic food,UK,3.5,Market Formation,CumulativeStartups,cum. # companies,org,0.11706,0.075264,1.1166,2019,37.54,80.617,5.7662,1993.8,-2219.2,0.99249,0.99194,1.3471,1.0083,0.98029,0.97935,2.1825,1.6866,0.87012,0.86393,5.6027,5.013,45,43,0.60781,0.012404,0.59541,43,1,42,0,0,0,0.9441,0,1,y,y,y,y,y,y,y,y,y,y,y,y,y,,,,,0,prefer,original,1,1,0,0,0,1,,,,,,,,1196,,,,,,,,1,1,0,0,0,1,,
org_uki_3.5Mar_d126_m008,organic food,UK,3.5,Market Formation,NewStartups,# companies,org,0.21589,0.0058611,0.052306,2003.3,20.355,2.1548,1554.3,1.5753e+05,-103.63,0.28047,0.22782,1.1702,0.83488,-0.62299,-0.70027,1.7575,1.0889,0.24246,0.20639,1.2007,0.87659,45,26,2.3204,0.46407,1.8563,42,11,41,1,0,1,0.51079,0,1,n,y,y,m,m,m,m,y,m,n,m,n,m,,,,,0,hide,original,0,1,0,0,0,0,,,,,,,,1197,,,,,,,,0,1,0,0,0,0,delete,
org_uki_3.5Mar_d171_m011,organic food,UK,3.5,Market Formation,PrivateEquityDeals,# deals,org,1.4489,0.015755,0.15599,2015,3.0329,7.0258,1552,1.5776e+05,-310.68,0.80984,0.79593,1.2847,0.58807,-0.3032,-0.36525,3.3632,1.6222,0.47288,0.44778,2.139,1.6424,45,17,1.5657,0.14233,1.4233,26,5,25,1,0,1,0.88998,0,1,y,y,y,m,m,m,y,y,y,m,m,m,m,,,,,0,hide,original,0,1,0,0,0,0,,,,,,,,1198,,,,,,,,0,1,0,0,0,0,delete,
org_uki_3.5Mar_d175_m027,organic food,UK,3.5,Market Formation,PrivateEquityInvestment,$ million,org,23.201,0.13294,0.86988,2020,0.18941,71.02,7.3823,2009.2,-1733.5,0.26605,0.21235,32.849,9.6964,0.13946,0.098481,35.569,11.449,0.086812,0.043327,36.641,13.926,45,14,3.6623,0.0034666,3.6588,16,2,15,1,0,1,0.13467,0,0,n,y,y,m,m,m,m,y,m,n,m,n,m,,,,,0,hide,original,1,1,0,0,0,0,,,,,,,,1199,,,,,,,,1,1,0,0,0,0,delete,
org_uki_3.5Mar_d200_m027,organic food,UK,3.5,Market Formation,TotalFundraisingAmount,$ million,org,1.0913,0.066424,4.041,2012.8,4.0269,168.68,0.51522,1936.9,-8040.8,0.27576,0.22277,107.38,48.54,0.16374,0.12392,115.39,62.052,0.17299,0.13361,114.75,64.665,45,22,4.2642,0.00044463,4.2637,24,8,0,1,0,1,0.2118,0,0,n,y,y,m,m,m,m,y,m,n,m,n,m,,,,,0,hide,original,0,1,0,0,0,0,,,,,,,,1200,,,,,,,,0,1,0,0,0,0,delete,
org_uki_3.5Mar_d204_m011,organic food,UK,3.5,Market Formation,TotalFundraisingDeals,# deals,org,0.93784,0.024361,0.24743,2014.2,4.6857,10.449,1550.3,1.5794e+05,-492.6,0.82247,0.80948,1.7902,0.92359,-0.42064,-0.48829,5.064,2.7556,0.57204,0.55166,2.7794,2.2801,45,24,1.3398,0.095703,1.2441,26,5,25,1,0,1,0.91854,0,1,y,y,y,m,m,m,y,y,y,m,m,m,m,,,,,0,hide,original,1,1,0,0,0,0,,,,,,,,1201,,,,,,,,1,1,0,0,0,0,delete,
org_uki_3.5Mar_d242_m156,organic food,UK,3.5,Market Formation,cumulative CumulativeStartups,cumulative cum. # companies,org,0.11371,0.092338,14.409,2028.4,38.647,1943.1,0.038385,1916.8,-28661,0.99947,0.99943,4.7668,3.7847,0.99691,0.99676,11.477,9.5736,0.82151,0.81301,87.224,73.696,45,43,0.37569,0.00051464,0.37517,43,0,42,0,0,0,0.91958,0,0,y,y,y,y,y,y,y,y,y,y,y,y,y,,,,not needed as transformed-cumulative twice (error),1,delete,transformed-cumx2error,0,0,0,0,0,0,,,,,,,,1202,,,,,,,,0,0,0,0,0,0,delete,
org_uki_3.5Mar_d243_m157,organic food,UK,3.5,Market Formation,Partial up to max CumulativeStartups,Partial up to max cum. # companies,org,0.11199,0.078492,1.0906,2021.1,39.24,91.415,2.3718,1983.1,-2167.3,0.99279,0.99224,1.2661,0.9707,0.98503,0.9843,1.824,1.3689,0.86307,0.85639,5.5161,4.8922,44,42,0.53602,0.010939,0.52508,42,0,41,0,0,0,0.93749,0,1,y,y,y,y,y,y,y,y,y,y,y,y,y,,,,not needed as transformed-cumulative preferred,1,delete,transformed-partial,0,0,0,0,0,0,,,,,,,,1203,,,,,,,,0,0,0,0,0,0,delete,
org_uki_3.5Mar_d244_m158,organic food,UK,3.5,Market Formation,cumulative NewStartups,cumulative # companies,org,0.11706,0.075264,1.1166,2019,37.54,80.617,5.7662,1993.8,-2219.2,0.99249,0.99194,1.3471,1.0083,0.98029,0.97935,2.1825,1.6866,0.87012,0.86393,5.6027,5.013,45,43,0.60781,0.012404,0.59541,43,1,42,0,0,0,0.9441,0,1,y,y,y,y,y,y,y,y,y,y,y,y,y,,,,not needed as cumulative in original data,1,delete,transformed-cumulative,0,0,0,0,0,0,,,,,,,,1204,,,,,,,,0,0,0,0,0,0,delete,
org_uki_3.5Mar_d245_m159,organic food,UK,3.5,Market Formation,Partial up to max NewStartups,Partial up to max # companies,org,0.1322,0.13216,0.051471,2094.5,33.24,1.4212e+05,3.823,2014.9,-102.01,0.33863,0.27022,0.83207,0.59257,0.33864,0.29454,0.83207,0.5926,0.22945,0.17808,0.89813,0.64807,33,16,3.5183e-05,7.0365e-06,2.8146e-05,31,0,30,0,0,1,0.36538,0,1,m,y,y,m,m,m,m,m,m,m,m,m,m,,,,not needed as transformed-cumulative preferred,1,delete,transformed-partial,0,0,0,0,0,0,,,,,,,,1205,,,,,,,,0,0,0,0,0,0,delete,
org_uki_3.5Mar_d246_m160,organic food,UK,3.5,Market Formation,cumulative PrivateEquityDeals,cumulative # deals,org,0.41662,0.1772,1.1642,2019,10.548,84.183,4.0975,2006.9,-2319.7,0.99739,0.99719,1.066,0.69662,0.96936,0.9679,3.6496,2.2362,0.52584,0.50326,14.357,11.703,45,26,0.86716,0.011879,0.85528,26,0,25,0,0,1,0.88327,0,1,y,y,y,y,y,y,y,y,y,y,y,y,y,,,,,0,prefer,transformed-cumulative,1,1,0,0,0,0,,,,,,,,1206,,,,,,,,1,1,0,0,0,0,delete,
org_uki_3.5Mar_d247_m161,organic food,UK,3.5,Market Formation,Partial up to max PrivateEquityDeals,Partial up to max # deals,org,0.63087,0.013979,0.13621,2016.7,6.9657,13.301,1552.3,1.5772e+05,-271.25,0.94748,0.94311,0.58381,0.28267,-0.18644,-0.25057,2.7749,1.1,0.38093,0.34746,2.0044,1.4132,40,12,0.82701,0.075182,0.75182,21,0,20,0,0,1,0.71753,0,1,y,y,y,m,m,m,y,y,y,m,m,m,m,,,,not needed as transformed-cumulative preferred,1,delete,transformed-partial,0,0,0,0,0,0,,,,,,,,1207,,,,,,,,0,0,0,0,0,0,delete,
org_uki_3.5Mar_d248_m162,organic food,UK,3.5,Market Formation,cumulative PrivateEquityInvestment,cumulative $ million,org,3.6757,0.27714,4.3423,2020.3,1.1955,358.51,0.0019157,1979.5,-8656.2,0.98647,0.98548,11.558,4.5222,0.88576,0.88032,33.586,15.26,0.32209,0.2898,81.815,58.878,45,17,1.0029,0.00068672,1.0022,17,1,16,0,0,1,0.80408,0,0,y,y,y,m,y,m,y,y,y,m,m,m,m,,,,,0,prefer,transformed-cumulative,1,1,0,0,0,0,,,,,,,,1208,,,,,,,,1,1,0,0,0,0,delete,
org_uki_3.5Mar_d249_m163,organic food,UK,3.5,Market Formation,Partial up to max PrivateEquityInvestment,Partial up to max $ million,org,2.5183,2.5182,1.0724,2024.9,1.745,5.299e+06,0.0033296,2016.5,-2137.4,0.98927,0.98842,4.108,1.4326,0.98927,0.98872,4.108,1.4326,0.10745,0.061682,37.463,15.641,42,12,4.9084e-05,4.6462e-08,4.9038e-05,14,0,13,0,0,1,0.075774,0,0,y,y,y,m,y,m,m,m,m,m,m,m,m,,,,not needed as transformed-cumulative preferred,1,delete,transformed-partial,0,0,0,0,0,0,,,,,,,,1209,,,,,,,,0,0,0,0,0,0,delete,
org_uki_3.5Mar_d250_m162,organic food,UK,3.5,Market Formation,cumulative TotalFundraisingAmount,cumulative $ million,org,0.37997,0.13383,44.527,2016.9,11.565,2489.3,0.00027875,1903.7,-88691,0.98462,0.98349,90.409,53.713,0.94454,0.9419,171.68,119.54,0.62925,0.61159,443.88,385.36,45,24,0.89102,0.029648,0.86137,24,0,23,0,0,1,0.91324,0,0,y,y,y,y,y,y,y,y,y,y,y,y,y,,,,,0,prefer,transformed-cumulative,1,1,0,0,0,0,,,,,,,,1210,,,,,,,,1,1,0,0,0,0,delete,
org_uki_3.5Mar_d251_m163,organic food,UK,3.5,Market Formation,Partial up to max TotalFundraisingAmount,Partial up to max $ million,org,4.388,4.3115,4.288,2016.6,1.0015,10111,1.091e-17,2005.4,-8534.6,0.90761,0.89921,36.248,13.142,0.90761,0.90217,36.248,13.142,0.1474,0.097243,110.11,53.856,37,14,0.071136,2.4349e-05,0.071112,16,0,8,0,1,1,0.038988,0,0,y,y,y,m,m,m,m,m,m,m,m,m,m,,,,not needed as transformed-cumulative preferred,1,delete,transformed-partial,0,0,0,0,0,0,,,,,,,,1211,,,,,,,,0,0,0,0,0,0,delete,
org_uki_3.5Mar_d252_m160,organic food,UK,3.5,Market Formation,cumulative TotalFundraisingDeals,cumulative # deals,org,0.26119,0.14906,2.1628,2020.1,16.825,176.47,0.46591,1985.6,-4308.4,0.99637,0.99611,2.1579,1.4134,0.98287,0.98205,4.6906,3.1581,0.6143,0.59593,22.258,18.593,45,26,0.70267,0.0056667,0.69701,26,0,25,0,0,0,0.89522,0,0,y,y,y,y,y,y,y,y,y,y,y,y,y,,,,,0,prefer,transformed-cumulative,1,1,0,0,0,0,,,,,,,,1212,,,,,,,,1,1,0,0,0,0,delete,
org_uki_3.5Mar_d253_m161,organic food,UK,3.5,Market Formation,Partial up to max TotalFundraisingDeals,Partial up to max # deals,org,0.26444,0.021901,0.21989,2021.4,16.618,41.183,1550.8,1.5788e+05,-437.71,0.91854,0.91176,1.021,0.56624,-0.29713,-0.36724,4.0743,1.95,0.50343,0.47659,2.5209,1.9316,40,19,0.33994,0.024282,0.31566,21,0,20,0,0,1,0.77259,0,1,y,y,y,m,y,m,y,y,y,m,m,m,m,,,,not needed as transformed-cumulative preferred,1,delete,transformed-partial,0,0,0,0,0,0,,,,,,,,1213,,,,,,,,0,0,0,0,0,0,delete,
org_uki_4.1Sal_d213_m100,organic food,UK,4.1,Knowledge Flows (social networks),annualised Google search frequency (index 100=monthly max.),Index 0-100,org,-0.65535,-0.22382,-4.0451,2007.5,-6.7055,109.13,48.241,2007.5,8172.5,0.92896,0.91643,8.0713,6.5095,0.91287,0.90319,8.939,7.2905,0.65422,0.6158,17.807,14.124,21,20,0.91637,0.010925,0.90544,21,19,3,0,1,1,0.85016,0,1,y,y,y,m,m,m,y,y,y,m,m,m,m,,,,downward,0,prefer,original,1,1,0,0,0,1,,,,,,,,1214,,,,,,,,1,1,0,0,0,1,,
org_uki_4.1Sal_d239_m153,organic food,UK,4.1,Knowledge Flows (social networks),Partial up to max annualised Google search frequency (index 100=monthly max.),Partial up to max Index 0-100,org,,,10.432,,,,,,-20817,,,,,,,,,1,1,1.7083e-12,1.2079e-12,2,2,,,,2,0,1,0,0,0,0.49698,0,1,n,n,y,y,y,y,m,m,y,n,n,n,n,,,,too few,0,hide,transformed-partial,0,0,0,0,0,0,,,,,,,,1215,,,,,,,,0,0,0,0,0,0,delete,
org_uki_4.5Inf_d157_m130,organic food,UK,4.5,Physical Infrastructure dependence,Organic area (farmland) [ha],ha,org,-0.11082,,-11603,2025.1,-39.654,7.3529e+05,,,2.3923e+07,0.69349,0.64509,52795,44213,,,,,0.65138,0.61652,56304,44747,23,23,1.008,0.62204,0.38597,23,20,4,0,1,0,0.96237,0,0,m,y,y,y,y,y,y,y,y,m,y,m,y,2,,,,0,,,1,1,0,0,0,1,,,,,,,,1216,,,,,,,,1,1,0,0,0,1,,
org_uki_4.5Inf_d158_m195,organic food,UK,4.5,Physical Infrastructure dependence,Organic area share of total farmland [%],%,org,-0.12357,0.00093692,-0.00063528,2025.3,-35.562,0.040853,1555.2,1.5747e+05,1.3113,0.67902,0.62833,0.0030259,0.0025096,-39.918,-44.01,0.034164,0.033743,0.62254,0.58479,0.0032813,0.0025761,23,23,1.0256,0.64132,0.3843,23,20,3,0,1,0,0.96263,1,1,m,y,y,y,y,y,y,y,y,m,y,,,,,,,,,,,,,,,,,,,,,,,,,,,,,,,,,,,,,,
per_bra_1.1Adod_m_0,personal computer,Brazil,1.1,Adoption over Time,households with a computer,%,per,0.3569,0.0023653,0.014931,2005.3,12.313,0.4486,1555,1.575e+05,-29.693,0.89169,0.87459,0.040623,0.03568,-7.9204,-8.8125,0.36867,0.34739,0.64377,0.60815,0.073673,0.063603,23,23,1.1146,0.28979,0.82479,23,9,22,1,0,0,0.96606,1,1,y,y,y,y,y,y,y,y,y,y,y,,,,,,,,,,,,,,,,,,,,,,,,,,,,,,,,,,,,,,
per_ger_1.1Adod_m_0,personal computer,Germany,1.1,Adoption over Time,households with a computer,%,per,0.254,0.0031761,0.023891,1999.7,17.301,0.91761,1554.9,1.5749e+05,-47.208,0.99166,0.98988,0.012163,0.0089584,-33.943,-38.602,0.78746,0.77611,0.86572,0.84781,0.048816,0.038519,18,18,0.9917,0.5122,0.47951,18,3,17,1,0,0,0.95442,1,1,y,y,y,y,y,y,y,y,y,y,y,,,,,,,,,,,,,,,,,,,,,,,,,,,,,,,,,,,,,,
per_ita_1.1Adod_m_0,personal computer,Italy,1.1,Adoption over Time,households with a computer,%,per,0.24048,0.0022632,0.014069,2000.9,18.273,0.68392,1555.1,1.5748e+05,-27.715,0.93204,0.92131,0.028369,0.023934,-29.48,-32.528,0.60081,0.59087,0.7521,0.72731,0.054184,0.041798,23,23,1.0381,0.42402,0.6141,24,10,22,1,0,0,0.96488,1,1,y,y,y,y,y,y,y,y,y,y,y,,,,,,,,,,,,,,,,,,,,,,,,,,,,,,,,,,,,,,
per_jap_1.1Adod_m_0,personal computer,Japan,1.1,Adoption over Time,households with a computer,%,per,0.84887,0.0012139,0.0030929,1999.5,5.1768,0.79498,1555.5,1.5744e+05,-5.452,0.77559,0.74015,0.037638,0.032716,-93.393,-102.83,0.77193,0.76783,0.066676,-0.026657,0.076758,0.057356,23,23,1.0944,0.64153,0.45284,23,13,22,1,0,0,0.96848,1,1,y,y,y,y,y,y,y,y,m,y,m,,,,,,,,,,,,,,,,,,,,,,,,,,,,,,,,,,,,,,
per_net_1.1Adod_m_0,personal computer,Netherlands,1.1,Adoption over Time,households with a computer,%,per,0.3209,0.0020332,0.011878,1999.1,13.694,0.92218,1555.3,1.5746e+05,-23.02,0.90236,0.88144,0.02472,0.022355,-118.64,-134.59,0.86529,0.86167,0.60683,0.55441,0.049604,0.045545,18,18,1.0302,0.74823,0.28194,18,6,17,1,0,0,0.95112,1,1,y,y,y,y,y,y,y,y,y,y,y,,,,,,,,,,,,,,,,,,,,,,,,,,,,,,,,,,,,,,
per_nig_1.1Adod_m_0,personal computer,Nigeria,1.1,Adoption over Time,households with a computer,%,per,0.79005,0.001197,0.0021638,2004.2,5.5622,0.064509,1555.1,1.5747e+05,-4.2954,0.62447,0.51181,0.014062,0.008763,-5.0233,-6.1184,0.056315,0.051429,0.20002,0.054571,0.020523,0.016954,14,14,1.2401,0.15502,1.0851,17,5,13,1,0,1,0.88739,1,1,m,y,y,y,y,y,y,y,m,m,m,,,,,,,,,,,,,,,,,,,,,,,,,,,,,,,,,,,,,,
per_por_1.1Adod_m_0,personal computer,Portugal,1.1,Adoption over Time,households with a computer,%,per,0.20633,0.0038076,0.03031,2004.2,21.299,0.77395,1554.6,1.5752e+05,-60.358,0.98685,0.98403,0.018395,0.01443,-10.444,-11.97,0.54258,0.51833,0.96123,0.95606,0.031582,0.026468,18,18,0.91737,0.29718,0.62019,18,2,17,1,0,0,0.94514,1,1,y,y,y,y,y,y,y,y,y,y,y,,,,,,,,,,,,,,,,,,,,,,,,,,,,,,,,,,,,,,
per_sou_1.1Adod_m_0,personal computer,South Korea,1.1,Adoption over Time,households with a computer,%,per,-0.11778,-0.0017781,-0.0014087,2046.6,-37.312,0.79509,0.72312,2052.8,3.6119,0.12825,-0.0025074,0.03253,0.02593,0.07696,-0.010949,0.033473,0.027025,0.078333,-0.0094454,0.033448,0.026993,24,24,1.0313,0.89298,0.13835,24,13,23,1,0,0,0.96138,1,1,n,y,y,y,y,y,y,m,m,n,m,,,,,,,,,,,,,,,,,,,,,,,,,,,,,,,,,,,,,,
per_swe_1.1Adod_m_0,personal computer,Sweden,1.1,Adoption over Time,households with a computer,%,per,0.27098,0.002408,0.015784,1997.2,16.217,0.91237,1555.1,1.5747e+05,-30.866,0.95028,0.93881,0.019616,0.01741,-88.755,-101.58,0.83348,0.82882,0.77256,0.74007,0.041956,0.033979,17,17,1.0084,0.65763,0.35074,17,5,16,1,0,0,0.95127,1,1,y,y,y,y,y,y,y,y,y,y,y,,,,,,,,,,,,,,,,,,,,,,,,,,,,,,,,,,,,,,
per_uki_1.1Adod_m_0,personal computer,United Kingdom,1.1,Adoption over Time,households with a computer,%,per,0.26428,0.0034296,0.026553,2000.5,16.628,0.90327,1554.8,1.575e+05,-52.584,0.98278,0.97909,0.019393,0.015174,-25.646,-29.198,0.76278,0.74833,0.86912,0.85167,0.05346,0.042071,18,18,0.99638,0.42069,0.57569,18,2,17,1,0,0,0.95547,1,1,y,y,y,y,y,y,y,y,y,y,y,,,,,,,,,,,,,,,,,,,,,,,,,,,,,,,,,,,,,,
per_usa_1.1Adod_m_0,personal computer,United States,1.1,Adoption over Time,households with a computer,%,per,0.15754,0.0024394,0.016023,1997.3,27.894,0.86087,1555.1,1.5748e+05,-31.474,0.98153,0.97806,0.013117,0.0087911,-56.208,-62.938,0.72991,0.7235,0.91659,0.90678,0.02787,0.022587,20,20,0.97576,0.59243,0.38334,20,6,19,1,0,0,0.9548,1,1,y,y,y,y,y,y,y,y,y,y,y,,,,,,,,,,,,,,,,,,,,,,,,,,,,,,,,,,,,,,
pod_usa_1.1Ado_d367_m195,podcasting,United States,1.1,Adoption over Time,Share of Population,%,h20,0.38583,0.0031736,0.023333,2007.8,11.39,0.33263,1554.6,1.5752e+05,-46.681,0.96874,0.96513,0.012184,0.010312,-11.236,-12.143,0.24106,0.231,0.94581,0.9418,0.016042,0.014667,30,30,0.9921,0.3307,0.6614,10,2,29,0,0,0,0.96277,1,1,y,y,y,y,y,y,y,y,y,y,y,,,,,,,,,,,,,,,,,,,,,,,,,,,,,,,,,,,,,,
pro_glo_3.3Scid_m_0,prosperity indicators (non-GDP),Global,3.3,Risk & Uncertainty (Shared Expectations),scientific publications on non-GDP prosperity indicators,# publications,pro,0.2013,0.2013,19.699,2087.1,21.83,1.1078e+09,2.8586e-05,1931.7,-38810,0.98167,0.98094,100.54,56.367,0.98167,0.98119,100.54,56.367,0.36582,0.34913,591.46,376.61,79,58,4.0387e-06,9.027e-10,4.0378e-06,79,0,78,0,0,1,0.77573,0,0,y,y,y,y,y,y,y,m,y,m,y,,,,,,,,,,,,,,,,,,,,,,,,,,,,,,,,,,,,,,
qui_bra_1.1Ado_d348_m185,smoking (quitting),Brazil,1.1,Adoption over Time,share of payments that are non-cash,market share,qui,-0.038382,0.00046694,-0.0054871,1969.6,-114.49,0.99987,1555.5,1.5745e+05,11.208,0.99857,0.99713,0.0014831,0.0011803,-17.817,-27.225,0.16986,0.16529,0.99219,0.98829,0.0034599,0.0032998,7,7,0.23803,0.12802,0.11001,21,6,0,0,0,0,0.81182,1,1,y,y,y,y,y,y,y,m,y,m,y,m,y,,,,* error in description * + *needs sign reversal * negative slope = LED innovation,0,prefer-relative,transformed-marketshare,1,1,0,1,0,0,,,,,,,,1273,,,,,,,,1,1,0,1,0,0,,
qui_bra_2.2Rel_d009_m195,smoking (quitting),Brazil,2.2,Relative Advantage (Profitability),% of GDP required to purchase 2000 cigarettes of the most sold brand,%,qui,-0.34907,0.00093459,-0.00068,2023.3,-12.589,0.019621,1555.4,1.5748e+05,1.3882,0.74087,0.35218,0.0015074,0.0012565,-31.678,-53.463,0.016928,0.016667,0.61521,0.35868,0.0018369,0.0015733,6,6,1.0397,0.62177,0.41791,11,3,0,1,0,0,0.85474,1,1,y,y,y,y,y,y,y,y,y,y,y,,,,,,,,,,,,,,,,,,,,,,,,,,,,,,,,,,,,,,
qui_bra_2.9Int_d067_m006,smoking (quitting),Brazil,2.9,Interdependence with Hardware,Cigarette consumption per smoker per day,# cigarettes,qui,-0.04443,-0.013523,-0.4372,2014.2,-98.907,46.715,50.169,1962.1,904.64,0.97243,0.96958,0.70186,0.53774,0.9595,0.9568,0.8507,0.64198,0.96975,0.96774,0.73523,0.54545,33,33,0.8477,0.48807,0.35963,33,32,0,0,0,0,0.96944,0,1,y,y,y,y,y,y,y,y,y,y,y,y,y,1,,,,0,,,1,1,0,0,0,1,,,,,,,,1275,,,,,,,,1,1,0,0,0,1,,
qui_bra_4.1Sal_d213_m100,smoking (quitting),Brazil,4.1,Knowledge Flows (social networks),annualised Google search frequency (index 100=monthly max.),Index 0-100,qui,0.64359,0.12949,5.3194,2015.9,6.828,84.679,0.15915,1974,-10678,0.89301,0.87413,11.757,7.5927,0.74927,0.72141,17.998,14.214,0.80308,0.7812,15.95,12.296,21,13,1.1809,0.14762,1.0333,14,5,11,1,1,1,0.86036,0,1,y,y,y,y,y,y,y,y,y,y,y,y,y,,,,better fit,0,prefer,original,1,1,0,0,0,1,,,,,,,,1276,,,,,,,,1,1,0,0,0,1,,
qui_bra_4.1Sal_d239_m153,smoking (quitting),Brazil,4.1,Knowledge Flows (social networks),Partial up to max annualised Google search frequency (index 100=monthly max.),Partial up to max Index 0-100,qui,0.30566,0.30565,5.0939,2050.1,14.377,1.2326e+06,0.085,1996.1,-10225,0.83595,0.79494,11.782,8.2979,0.83595,0.81072,11.782,8.2979,0.65165,0.59805,17.169,12.752,16,8,8.1128e-05,1.0141e-05,7.0987e-05,9,0,6,0,1,1,0.55962,0,1,y,y,y,m,y,m,m,m,y,m,m,m,m,,,,,0,hide,transformed-partial,1,1,0,0,0,0,,,,,,,,1277,,,,,,,,1,1,0,0,0,0,delete,
qui_chi_1.1Ado_d348_m185,smoking (quitting),China,1.1,Adoption over Time,share of payments that are non-cash,market share,qui,-0.028395,-0.0022202,-0.00058158,2097.5,-154.76,0.28421,0.071936,2592.1,1.431,0.98708,0.97415,0.00047406,0.0004088,0.98216,0.97324,0.00055698,0.0004045,0.98296,0.97444,0.00054436,0.0003928,7,7,0.93946,0.90076,0.038704,21,6,0,0,0,0,0.85606,1,1,y,y,y,y,y,y,y,m,y,m,y,m,y,,,,* error in description * + *needs sign reversal * negative slope = LED innovation,0,prefer-relative,transformed-marketshare,1,1,0,1,0,0,,,,,,,,1279,,,,,,,,1,1,0,1,0,0,,
qui_chi_2.2Rel_d009_m195,smoking (quitting),China,2.2,Relative Advantage (Profitability),% of GDP required to purchase 2000 cigarettes of the most sold brand,%,qui,-0.080373,0.00092702,-0.00075571,2021.3,-54.676,0.039091,1555.4,1.5748e+05,1.5471,0.97339,0.93347,0.00042679,0.00039953,-76.059,-127.43,0.022966,0.022817,0.97343,0.95572,0.00042643,0.00039429,6,6,0.68303,0.47838,0.20465,11,5,0,0,0,0,0.82949,1,1,y,y,y,y,y,y,y,y,y,y,y,,,,,,,,,,,,,,,,,,,,,,,,,,,,,,,,,,,,,,
qui_chi_2.9Int_d067_m006,smoking (quitting),China,2.9,Interdependence with Hardware,Cigarette consumption per smoker per day,# cigarettes,qui,0.012291,0.011794,0.2247,2254.8,357.54,476.16,5.6896,1893.9,-429.4,0.96897,0.96576,0.38334,0.32956,0.96897,0.9669,0.38337,0.33026,0.96651,0.96428,0.39828,0.32121,33,33,0.046833,0.032552,0.014281,33,2,32,0,0,0,0.96967,0,1,y,y,y,y,y,y,y,m,y,m,y,m,y,1,,,,0,,,1,1,0,0,0,1,,,,,,,,1281,,,,,,,,1,1,0,0,0,1,,
qui_chi_4.1Sal_d213_m100,smoking (quitting),China,4.1,Knowledge Flows (social networks),annualised Google search frequency (index 100=monthly max.),Index 0-100,qui,-50.689,-0.023875,-0.57485,2014.8,-0.086695,32.967,27.876,2001.2,1178.5,0.12491,-0.029515,31.281,21.094,0.0094421,-0.10062,33.281,28.262,0.010836,-0.099071,33.257,28.188,21,7,3.0334,0.38316,2.6502,19,11,14,1,1,1,0.4021,0,1,n,y,y,m,m,m,m,y,m,n,m,n,m,,,,,0,hide,original,0,0,0,0,0,0,,,,,,,,1282,,,,,,,,0,0,0,0,0,0,delete,
qui_chi_4.1Sal_d239_m153,smoking (quitting),China,4.1,Knowledge Flows (social networks),Partial up to max annualised Google search frequency (index 100=monthly max.),Partial up to max Index 0-100,qui,0.37349,0.37347,7.0941,2040,11.766,2.2455e+06,0.0043414,1986.3,-14217,0.40452,0.10678,30.032,20.667,0.40452,0.23439,30.032,20.667,0.27412,0.066725,33.158,26.695,10,5,4.4534e-05,5.6253e-06,3.8908e-05,8,0,3,0,1,1,0.34365,0,1,m,n,y,m,y,m,m,m,m,n,n,n,m,,,,,0,prefer,transformed-partial,1,1,0,0,0,1,,,,,,,,1283,,,,,,,,1,1,0,0,0,1,,
qui_glo_3.3Sci_d235_m020,smoking (quitting),Global,3.3,Risk & Uncertainty (Shared Expectations),scientific publications,# publications,qui,0.18315,0.058122,69.609,2006.5,23.994,3374.4,0.040817,1826.6,-1.3787e+05,0.97418,0.97266,191.6,115.55,0.88603,0.88164,402.52,322,0.85892,0.85349,447.84,394.38,55,55,1.052,0.0011854,1.0509,55,3,53,0,0,1,0.97888,0,0,y,y,y,y,y,y,y,y,y,y,y,y,y,,,,"good; only available global, apply to all EA regions",0,,,1,1,0,0,1,1,,,,,,,,1284,,,,,,,,1,1,0,0,1,1,,
qui_glo_3.5Mar_d074_m128,smoking (quitting),Global,3.5,Market Formation,CumulativeStartups,cum. # companies,qui,0.38531,0.11416,0.7137,2014.4,11.405,32.447,9.4658,2011.5,-1421.4,0.99725,0.99705,0.58432,0.36166,0.93,0.92666,2.9501,2.2934,0.69102,0.67631,6.198,5.4956,45,22,0.98621,0.061638,0.92457,22,1,21,0,0,0,0.93113,0,1,y,y,y,y,y,y,y,y,y,y,y,y,y,,,,,0,prefer,original,1,1,0,0,0,1,,,,,,,,1285,,,,,,,,1,1,0,0,0,1,,
qui_glo_3.5Mar_d126_m008,smoking (quitting),Global,3.5,Market Formation,NewStartups,# companies,qui,15.018,0.0059768,0.053096,2009,0.29261,1.9333,1554.1,1.5755e+05,-105.59,0.54252,0.50904,0.80185,0.4237,-0.3598,-0.42456,1.3824,0.71111,0.33833,0.30683,0.96433,0.71882,45,15,2.069,0.51724,1.5517,21,9,14,1,1,1,0.76744,0,1,m,y,y,m,m,m,y,y,y,m,m,m,m,,,,,0,hide,original,0,1,0,0,0,0,,,,,,,,1286,,,,,,,,0,1,0,0,0,0,delete,
qui_glo_3.5Mar_d171_m011,smoking (quitting),Global,3.5,Market Formation,PrivateEquityDeals,# deals,qui,0.53813,0.008624,0.080501,2014.4,8.1661,3.6163,1553.5,1.5762e+05,-160.36,0.84969,0.83869,0.55795,0.24727,-0.30901,-0.37135,1.6465,0.8,0.52775,0.50526,0.98898,0.81347,45,13,1.3826,0.27653,1.1061,13,1,12,0,0,1,0.88525,0,1,y,y,y,y,m,m,y,y,y,m,m,m,m,,,,,0,hide,original,1,1,0,0,0,0,,,,,,,,1287,,,,,,,,1,1,0,0,0,0,delete,
qui_glo_3.5Mar_d175_m027,smoking (quitting),Global,3.5,Market Formation,PrivateEquityInvestment,$ million,qui,1.8524,0.12919,2.6809,2017.9,2.3723,168.08,0.48087,1979,-5342.6,0.44547,0.40489,62.883,18.528,0.26719,0.23229,72.288,30.8,0.17,0.13048,76.932,42.073,45,12,3.0337,0.0021452,3.0315,13,3,11,1,0,1,0.61769,0,0,m,y,y,m,m,m,m,y,m,m,m,m,m,,,,,0,hide,original,1,1,0,0,0,0,,,,,,,,1288,,,,,,,,1,1,0,0,0,0,delete,
qui_glo_3.5Mar_d200_m027,smoking (quitting),Global,3.5,Market Formation,TotalFundraisingAmount,$ million,qui,1.7366,0.13147,2.875,2018,2.5305,182.08,4.591,1996.3,-5729.5,0.44483,0.40421,67.391,19.471,0.2716,0.23692,77.192,31.796,0.17043,0.13093,82.378,43.903,45,12,3.0562,0.0019802,3.0542,13,3,11,1,0,1,0.59461,0,0,m,y,y,y,m,m,m,y,m,m,m,m,m,,,,,0,hide,original,1,1,0,0,0,0,,,,,,,,1289,,,,,,,,1,1,0,0,0,0,delete,
qui_glo_3.5Mar_d204_m011,smoking (quitting),Global,3.5,Market Formation,TotalFundraisingDeals,# deals,qui,0.50895,0.013793,0.13505,2014.8,8.6344,6.2606,1552.4,1.5773e+05,-269.03,0.84396,0.83255,0.96039,0.42932,-0.30075,-0.36269,2.7729,1.3333,0.52038,0.49755,1.6838,1.394,45,13,1.2778,0.15973,1.1181,13,2,8,1,1,1,0.89017,0,1,y,y,y,y,y,y,y,y,y,y,y,y,y,,,,,0,hide,original,1,1,0,0,0,0,,,,,,,,1290,,,,,,,,1,1,0,0,0,0,delete,
qui_glo_3.5Mar_d242_m156,smoking (quitting),Global,3.5,Market Formation,cumulative CumulativeStartups,cumulative cum. # companies,qui,0.28347,0.16488,5.2074,2020.4,15.502,446.73,0.010327,1960.5,-10375,0.99962,0.99959,1.7395,1.1848,0.98626,0.9856,10.496,7.7564,0.57058,0.55013,58.67,47.916,45,22,0.74541,0.004477,0.74094,22,0,21,0,0,0,0.87411,0,0,y,y,y,y,y,y,y,y,y,y,y,y,y,,,,not needed as transformed-cumulative twice (error),1,delete,transformed-cumx2error,0,0,0,0,0,0,,,,,,,,1291,,,,,,,,0,0,0,0,0,0,delete,
qui_glo_3.5Mar_d243_m157,smoking (quitting),Global,3.5,Market Formation,Partial up to max CumulativeStartups,Partial up to max cum. # companies,qui,0.38873,0.12372,0.68548,2014.3,11.305,32.27,5.5963,2007.4,-1365.2,0.99694,0.99671,0.58799,0.36317,0.93858,0.93558,2.6355,2.0332,0.67,0.6539,6.1089,5.39,44,21,0.99163,0.061977,0.92965,21,0,20,0,0,0,0.92111,0,1,y,y,y,y,y,y,y,y,y,y,y,y,y,,,,not needed as transformed-cumulative preferred,1,delete,transformed-partial,0,0,0,0,0,0,,,,,,,,1292,,,,,,,,0,0,0,0,0,0,delete,
qui_glo_3.5Mar_d244_m158,smoking (quitting),Global,3.5,Market Formation,cumulative NewStartups,cumulative # companies,qui,0.38531,0.11416,0.7137,2014.4,11.405,32.447,9.4658,2011.5,-1421.4,0.99725,0.99705,0.58432,0.36166,0.93,0.92666,2.9501,2.2934,0.69102,0.67631,6.198,5.4956,45,22,0.98621,0.061638,0.92457,22,1,21,0,0,0,0.93113,0,1,y,y,y,y,y,y,y,y,y,y,y,y,y,,,,not needed as cumulative in original data,1,delete,transformed-cumulative,0,0,0,0,0,0,,,,,,,,1293,,,,,,,,0,0,0,0,0,0,delete,
qui_glo_3.5Mar_d245_m159,smoking (quitting),Global,3.5,Market Formation,Partial up to max NewStartups,Partial up to max # companies,qui,0.51119,0.0070152,0.063025,2012.6,8.5965,5.8345,1553.8,1.5757e+05,-125.4,0.84089,0.82549,0.40838,0.16586,-0.19938,-0.27434,1.1212,0.45714,0.38654,0.3482,0.80187,0.61705,35,7,0.68558,0.17139,0.51418,12,0,5,0,1,1,0.63636,0,1,y,y,y,m,y,m,m,y,y,m,m,y,y,,,,not needed as transformed-cumulative preferred,1,delete,transformed-partial,0,0,0,0,0,0,,,,,,,,1294,,,,,,,,0,0,0,0,0,0,delete,
qui_glo_3.5Mar_d246_m160,smoking (quitting),Global,3.5,Market Formation,cumulative PrivateEquityDeals,cumulative # deals,qui,0.38266,0.19222,0.53149,2019.9,11.484,44.006,8.114,2015.6,-1059.2,0.99773,0.99756,0.46909,0.262,0.975,0.97381,1.5549,1.0031,0.49259,0.46843,7.0056,5.5741,45,13,0.81808,0.022724,0.79535,13,0,12,0,0,1,0.86868,0,1,y,y,y,y,y,y,y,y,y,y,y,y,y,,,,,0,prefer,transformed-cumulative,1,1,0,0,0,0,,,,,,,,1295,,,,,,,,1,1,0,0,0,0,delete,
qui_glo_3.5Mar_d247_m161,smoking (quitting),Global,3.5,Market Formation,Partial up to max PrivateEquityDeals,Partial up to max # deals,qui,0.37778,0.0091129,0.085483,2016.3,11.632,4.8569,1553.3,1.5763e+05,-170.3,0.94613,0.94209,0.33771,0.1769,-0.29885,-0.36221,1.6583,0.79545,0.55652,0.53489,0.96899,0.80244,44,12,1.0295,0.20589,0.82357,12,0,11,0,0,1,0.85124,0,1,y,y,y,y,y,y,y,y,y,y,y,m,m,,,,not needed as transformed-cumulative preferred,1,delete,transformed-partial,0,0,0,0,0,0,,,,,,,,1296,,,,,,,,0,0,0,0,0,0,delete,
qui_glo_3.5Mar_d248_m162,smoking (quitting),Global,3.5,Market Formation,cumulative PrivateEquityInvestment,cumulative $ million,qui,1.4219,0.27381,13.434,2020.1,3.0906,1140.1,3.9115e-06,1952.2,-26781,0.99477,0.99438,22.139,8.5158,0.90623,0.90177,93.717,45.052,0.32496,0.29282,251.45,182.31,45,13,0.9705,0.0017543,0.96875,13,0,12,0,0,1,0.83598,0,0,y,y,y,y,y,y,y,y,y,y,y,n,y,,,,,0,prefer,transformed-cumulative,1,1,0,0,0,0,,,,,,,,1297,,,,,,,,1,1,0,0,0,0,delete,
qui_glo_3.5Mar_d249_m163,smoking (quitting),Global,3.5,Market Formation,Partial up to max PrivateEquityInvestment,Partial up to max $ million,qui,0.78663,0.78662,2.998,2036,5.5864,6.7718e+07,0.0083402,2007,-5975.1,0.98291,0.98157,11.098,3.041,0.98291,0.98204,11.098,3.041,0.1832,0.14131,76.73,41.565,42,9,7.5295e-06,5.3244e-09,7.5242e-06,10,0,8,0,1,1,0.41888,0,0,y,y,y,m,y,m,m,m,m,m,m,m,m,,,,not needed as transformed-cumulative preferred,1,delete,transformed-partial,0,0,0,0,0,0,,,,,,,,1298,,,,,,,,0,0,0,0,0,0,delete,
qui_glo_3.5Mar_d250_m162,smoking (quitting),Global,3.5,Market Formation,cumulative TotalFundraisingAmount,cumulative $ million,qui,1.4255,0.27645,14.218,2020.2,3.0828,1215.3,3.4362e-06,1952.2,-28344,0.9946,0.9942,23.857,8.9713,0.90866,0.90431,98.102,47.485,0.32358,0.29137,266.97,192.95,45,13,0.97364,0.0016456,0.972,13,0,12,0,0,1,0.83302,0,0,y,y,y,y,y,y,y,y,y,y,y,y,y,,,,,0,prefer,transformed-cumulative,1,1,0,0,0,0,,,,,,,,1299,,,,,,,,1,1,0,0,0,0,delete,
qui_glo_3.5Mar_d251_m163,smoking (quitting),Global,3.5,Market Formation,Partial up to max TotalFundraisingAmount,Partial up to max $ million,qui,0.84543,0.84543,3.1741,2035.2,5.1979,8.6374e+07,2.8718e-05,2001.2,-6326,0.98332,0.982,11.797,2.9657,0.98332,0.98247,11.797,2.9657,0.17739,0.1352,82.849,43.73,42,9,6.4427e-06,4.1744e-09,6.4386e-06,10,0,8,0,1,1,0.39193,0,0,y,y,y,m,y,m,m,m,m,m,m,m,m,,,,not needed as transformed-cumulative preferred,1,delete,transformed-partial,0,0,0,0,0,0,,,,,,,,1300,,,,,,,,0,0,0,0,0,0,delete,
qui_glo_3.5Mar_d252_m160,smoking (quitting),Global,3.5,Market Formation,cumulative TotalFundraisingDeals,cumulative # deals,qui,0.3804,0.19577,0.87154,2020.1,11.552,74.802,5.8772,2011.5,-1736.9,0.99759,0.99741,0.79665,0.42771,0.97655,0.97544,2.4835,1.5821,0.48699,0.46256,11.617,9.1817,45,13,0.80211,0.026737,0.77538,13,0,12,0,0,0,0.86522,0,1,y,y,y,y,y,y,y,y,y,y,y,y,y,,,,,0,prefer,transformed-cumulative,1,1,0,0,0,0,,,,,,,,1301,,,,,,,,1,1,0,0,0,0,delete,
qui_glo_3.5Mar_d253_m161,smoking (quitting),Global,3.5,Market Formation,Partial up to max TotalFundraisingDeals,Partial up to max # deals,qui,0.37733,0.013382,0.13032,2016.5,11.646,8.2404,1552.4,1.5772e+05,-259.61,0.92163,0.9156,0.63301,0.32494,-0.26444,-0.32766,2.5427,1.1628,0.51155,0.48712,1.5803,1.3028,43,11,0.97083,0.12135,0.84948,11,0,6,0,1,1,0.82014,0,1,y,y,y,y,y,y,y,y,y,y,y,y,y,,,,not needed as transformed-cumulative preferred,1,delete,transformed-partial,0,0,0,0,0,0,,,,,,,,1302,,,,,,,,0,0,0,0,0,0,delete,
qui_ind_1.1Ado_d348_m185,smoking (quitting),India,1.1,Adoption over Time,share of payments that are non-cash,market share,qui,,-0.035318,-0.013512,,,,2.3268,1958.8,27.554,,,,,0.99881,0.99822,0.0033272,0.0026248,0.98862,0.98293,0.010305,0.0096792,7,7,,,,21,6,0,0,0,0,0.80208,1,1,n,y,y,y,y,y,y,m,y,n,y,m,y,,,,* error in description * + *needs sign reversal * negative slope = LED innovation,0,prefer-relative,transformed-marketshare,1,1,0,1,0,0,,,,,,,,1304,,,,,,,,1,1,0,1,0,0,,
qui_ind_2.2Rel_d009_m195,smoking (quitting),India,2.2,Relative Advantage (Profitability),% of GDP required to purchase 2000 cigarettes of the most sold brand,%,qui,-2.2335,0.00044241,-0.0058214,2021.8,-1.9675,0.13503,1555.6,1.5746e+05,11.862,0.971,0.9275,0.0054575,0.0034505,-14.11,-24.183,0.12458,0.12038,0.38494,-0.025096,0.025134,0.022089,6,6,1.062,0.36882,0.6932,11,4,0,1,0,1,0.86431,1,1,y,y,y,y,y,y,y,y,y,y,y,,,,,,,,,,,,,,,,,,,,,,,,,,,,,,,,,,,,,,
qui_ind_2.9Int_d067_m006,smoking (quitting),India,2.9,Interdependence with Hardware,Cigarette consumption per smoker per day,# cigarettes,qui,-0.086631,-0.011831,-0.13269,2017.7,-50.726,12.884,10.311,1999.6,275.66,0.93178,0.92473,0.35579,0.30875,0.8305,0.8192,0.56083,0.48267,0.86024,0.85092,0.50926,0.42513,33,33,0.95469,0.63646,0.31823,33,26,0,1,0,0,0.97415,0,1,y,y,y,y,y,y,y,y,y,y,y,y,y,2,1 lo,,,0,,,1,1,0,0,0,1,,,,,,,,1306,,,,,,,,1,1,0,0,0,1,,
qui_ind_4.1Sal_d213_m100,smoking (quitting),India,4.1,Knowledge Flows (social networks),annualised Google search frequency (index 100=monthly max.),Index 0-100,qui,-0.61118,-0.08372,-4.106,2014.3,-7.1901,69.854,67.932,2005.8,8306.5,0.72917,0.68138,16.854,10.015,0.47093,0.41214,23.557,17.919,0.58938,0.54375,20.753,13.924,21,20,1.4316,0.016392,1.4152,21,16,2,1,0,1,0.94481,0,1,y,y,y,m,m,m,y,y,y,m,m,m,m,,,,downard,0,hide,original,1,1,0,0,0,0,,,,,,,,1307,,,,,,,,1,1,0,0,0,0,delete,
qui_ind_4.1Sal_d239_m153,smoking (quitting),India,4.1,Knowledge Flows (social networks),Partial up to max annualised Google search frequency (index 100=monthly max.),Partial up to max Index 0-100,qui,2.9045,0.25874,20.153,2004.8,1.513,89.94,0.0023562,1966.6,-40359,0.95099,0.80396,7.1245,5.019,0.67436,0.34872,18.365,15.153,0.78428,0.56855,14.947,13.817,5,5,1.1119,0.097606,1.0143,5,0,4,0,0,1,0.7432,0,1,y,n,y,y,y,y,y,y,y,n,n,y,y,,,,,0,prefer,transformed-partial,1,1,0,0,0,1,,,,,,,,1308,,,,,,,,1,1,0,0,0,1,,
qui_net_1.1Ado_d186_m059,smoking (quitting),The Netherlands,1.1,Adoption over Time,Share of adults who smoke,% of adults,qui,,-0.021937,-0.58639,,,,56.284,1977.6,1206.7,,,,,0.99976,0.99967,0.069929,0.056056,0.99456,0.99239,0.33373,0.29328,8,8,,,,23,7,0,0,0,0,0.85523,0,1,n,y,y,y,y,y,y,m,y,n,y,,,,,,,,,,,,,,,,,,,,,,,,,,,,,,,,,,,,,,
qui_uki_1.1Ado_d348_m185,smoking (quitting),UK,1.1,Adoption over Time,share of payments that are non-cash,market share,qui,-0.061392,-0.045612,-0.011067,1991.6,-71.58,1,0.088115,2032,22.498,0.99739,0.99477,0.0040519,0.0038086,0.99901,0.99852,0.0024923,0.0018137,0.98514,0.97772,0.0096606,0.0090122,7,7,0.379,0.154,0.225,21,6,0,0,0,0,0.77733,1,1,y,y,y,y,y,y,y,y,y,y,y,m,y,,,,* error in description * + *needs sign reversal * negative slope = LED innovation,0,prefer-relative,transformed-marketshare,1,1,1,1,0,0,,,,,,,,1310,,,,,,,,1,1,1,1,0,0,,
qui_uki_2.2Rel_d009_m195,smoking (quitting),UK,2.2,Relative Advantage (Profitability),% of GDP required to purchase 2000 cigarettes of the most sold brand,%,qui,0.15242,0.001029,0.00033857,2000.9,28.831,0.029103,1555.3,1.5748e+05,-0.65635,0.60473,0.011819,0.00094915,0.00074677,-309.28,-516.13,0.026593,0.02655,0.58677,0.31129,0.00097047,0.00086286,6,6,0.99645,0.83839,0.15806,11,1,5,1,0,0,0.83761,1,1,m,y,y,y,y,y,y,m,y,m,y,,,,,,,,,,,,,,,,,,,,,,,,,,,,,,,,,,,,,,
qui_uki_2.9Int_d067_m006,smoking (quitting),UK,2.9,Interdependence with Hardware,Cigarette consumption per smoker per day,# cigarettes,qui,-0.044202,-0.010397,-0.16644,2022.3,-99.416,20.967,20.077,1972.5,348.02,0.91167,0.90253,0.49681,0.44648,0.88738,0.87987,0.56097,0.48648,0.89892,0.89218,0.53145,0.46837,33,33,0.85371,0.64863,0.20508,33,27,6,1,1,0,0.97105,0,1,y,y,y,y,y,y,y,y,y,y,y,y,y,1,,,,0,,,1,1,0,0,1,1,,,,,,,,1312,,,,,,,,1,1,0,0,1,1,,
qui_uki_3.5Mar_d074_m128,smoking (quitting),UK,3.5,Market Formation,CumulativeStartups,cum. # companies,qui,0.33889,0.014206,0.13979,2013.5,12.967,6.0813,1552.3,1.5773e+05,-278.32,0.96642,0.96397,0.38938,0.23719,-0.52067,-0.59308,2.6204,1.5333,0.7299,0.71704,1.1044,0.99919,45,22,0.98662,0.16444,0.82219,22,2,21,0,0,0,0.9288,0,1,y,y,y,y,y,y,y,y,y,y,y,y,y,,,,,0,prefer,original,1,1,0,0,1,1,,,,,,,,1313,,,,,,,,1,1,0,0,1,1,,
qui_uki_3.5Mar_d126_m008,smoking (quitting),UK,3.5,Market Formation,NewStartups,# companies,qui,38.924,0.0018499,0.0090909,2002.2,0.1129,0.27273,1554.9,1.5747e+05,-18.067,0.11616,0.051491,0.37605,0.20606,-0.11111,-0.16402,0.42164,0.13333,0.087121,0.043651,0.38218,0.2268,45,5,7.3333,3.6667,3.6667,20,7,19,1,0,1,0.25,0,1,n,m,y,m,m,m,m,y,m,n,m,n,m,,,,,0,hide,original,0,1,0,0,0,0,,,,,,,,1314,,,,,,,,0,1,0,0,0,0,delete,
qui_uki_3.5Mar_d171_m011,smoking (quitting),UK,3.5,Market Formation,PrivateEquityDeals,# deals,qui,39.306,0.001264,0.0027668,2022.3,0.1118,0.5,1555,1.5746e+05,-5.5169,0.48864,0.45122,0.10541,0.022222,-0.022727,-0.071429,0.14907,0.022222,0.059423,0.014634,0.14296,0.053732,45,1,2,2,0,1,0,0,0,0,,,1,1,m,n,m,m,m,m,m,m,m,n,n,n,n,,,,,0,hide,original,0,1,0,0,0,0,,,,,,,,1315,,,,,,,,0,1,0,0,0,0,delete,
qui_uki_3.5Mar_d200_m027,smoking (quitting),UK,3.5,Market Formation,TotalFundraisingAmount,$ million,qui,39.976,0.078481,0.015438,2016.2,0.10993,0.92444,27.691,2071.4,-30.743,0.14743,0.085046,0.84993,0.24652,0.049367,0.004099,0.89748,0.31343,0.047444,0.0020838,0.89839,0.33827,45,2,6.6494,1.3506,5.2988,6,5,0,0,0,1,0,0,1,n,n,m,m,m,m,m,y,m,n,n,n,n,,,,,0,hide,original,0,1,0,0,0,0,,,,,,,,1316,,,,,,,,0,1,0,0,0,0,delete,
qui_uki_3.5Mar_d204_m011,smoking (quitting),UK,3.5,Market Formation,TotalFundraisingDeals,# deals,qui,0.3494,0.15987,0.018972,2018.3,12.577,1.2587,2.7047,2028.6,-37.805,0.46035,0.42086,0.35616,0.16414,0.44508,0.41865,0.36117,0.18542,0.25828,0.22296,0.41755,0.2906,45,6,1.5889,0.79445,0.79445,11,5,10,1,0,1,0.25,0,1,m,y,y,m,m,m,m,y,m,m,m,m,m,,,,,0,hide,original,1,1,0,0,0,0,,,,,,,,1317,,,,,,,,1,1,0,0,0,0,delete,
qui_uki_3.5Mar_d242_m156,smoking (quitting),UK,3.5,Market Formation,cumulative CumulativeStartups,cumulative cum. # companies,qui,0.23612,0.14415,1.1704,2020.5,18.611,97.88,3.8312,2003.4,-2331.4,0.99889,0.99881,0.636,0.47481,0.98735,0.98674,2.1496,1.7043,0.63262,0.61513,11.583,9.7224,45,22,0.70495,0.010217,0.69473,22,0,21,0,0,0,0.88774,0,1,y,y,y,y,y,y,y,y,y,y,y,y,y,,,,not needed as transformed-cumulative twice (error),1,delete,transformed-cumulativeX2error,0,0,0,0,0,0,,,,,,,,1318,,,,,,,,0,0,0,0,0,0,delete,
qui_uki_3.5Mar_d243_m157,smoking (quitting),UK,3.5,Market Formation,Partial up to max CumulativeStartups,Partial up to max cum. # companies,qui,0.35648,0.013294,0.12987,2013.3,12.327,5.9167,1552.5,1.5771e+05,-258.54,0.95811,0.95489,0.39657,0.24139,-0.46802,-0.54142,2.3477,1.3256,0.69182,0.67641,1.0757,0.95299,43,20,1.0141,0.16901,0.84507,20,0,19,0,0,0,0.90717,0,1,y,y,y,y,y,y,y,y,y,y,y,y,y,,,,not needed as transformed-cumulative preferred,1,delete,transformed-partial,0,0,0,0,0,0,,,,,,,,1319,,,,,,,,0,0,0,0,0,0,delete,
qui_uki_3.5Mar_d244_m158,smoking (quitting),UK,3.5,Market Formation,cumulative NewStartups,cumulative # companies,qui,0.33889,0.014206,0.13979,2013.5,12.967,6.0813,1552.3,1.5773e+05,-278.32,0.96642,0.96397,0.38938,0.23719,-0.52067,-0.59308,2.6204,1.5333,0.7299,0.71704,1.1044,0.99919,45,22,0.98662,0.16444,0.82219,22,2,21,0,0,0,0.9288,0,1,y,y,y,y,y,y,y,y,y,y,y,y,y,,,,,0,prefer,transformed-cumulative,1,1,0,0,0,0,,,,,,,,1320,,,,,,,,1,1,0,0,0,0,delete,
qui_uki_3.5Mar_d245_m159,smoking (quitting),UK,3.5,Market Formation,Partial up to max NewStartups,Partial up to max # companies,qui,0.69024,0.6902,0.018404,2029.3,6.3665,38158,0.1167,2010.9,-36.623,0.70961,0.68239,0.22553,0.070603,0.70961,0.69201,0.22553,0.070604,0.20869,0.16073,0.37229,0.24746,36,4,5.2414e-05,2.6207e-05,2.6207e-05,13,0,12,0,0,1,0.28571,0,1,y,m,y,m,m,m,m,m,m,m,m,m,m,,,,not needed as transformed-cumulative preferred,1,delete,transformed-partial,0,0,0,0,0,0,,,,,,,,1321,,,,,,,,0,0,0,0,0,0,delete,
qui_uki_3.5Mar_d246_m160,smoking (quitting),UK,3.5,Market Formation,cumulative PrivateEquityDeals,cumulative # deals,qui,65.537,0.69315,0.0056653,2022.5,0.067053,1,0.0008102,2013.6,-11.298,1,1,1.2041e-15,3.0482e-16,0.83648,0.8287,0.083333,0.025,0.12747,0.085921,0.1925,0.10114,45,2,1,1,0,2,1,1,0,0,0,0.5,1,1,y,n,m,y,y,y,m,m,m,n,n,n,n,,,,,0,prefer,transformed-cumulative,1,1,0,0,0,0,,,,,,,,1322,,,,,,,,1,1,0,0,0,0,delete,
qui_uki_3.5Mar_d247_m161,smoking (quitting),UK,3.5,Market Formation,Partial up to max PrivateEquityDeals,Partial up to max # deals,qui,18.055,0.0012897,0.0030303,2023,0.24339,1.6462,1555,1.5746e+05,-6.0424,1,1,5.5376e-09,8.5829e-10,-0.023256,-0.073171,0.15076,0.022727,0.066667,0.021138,0.14398,0.055923,44,1,0.60745,0.60745,0,1,0,0,0,0,,,1,1,y,n,m,m,m,m,m,m,m,n,n,n,n,,,,not needed as transformed-cumulative preferred,1,delete,transformed-partial,0,0,0,0,0,0,,,,,,,,1323,,,,,,,,0,0,0,0,0,0,delete,
qui_uki_3.5Mar_d250_m162,smoking (quitting),UK,3.5,Market Formation,cumulative TotalFundraisingAmount,cumulative $ million,qui,9.8459,0.17058,0.13023,2016.8,0.44632,6.6821,4.0425,2019.1,-259.54,0.99081,0.99014,0.24369,0.095218,0.82771,0.81951,1.0551,0.63612,0.44267,0.41613,1.8977,1.6017,45,8,1.1068,0.91992,0.18685,8,2,7,1,0,0,0.8668,0,1,y,y,y,y,y,y,y,m,y,m,y,m,y,,,,,0,prefer,transformed-cumulative,1,1,0,0,0,0,,,,,,,,1324,,,,,,,,1,1,0,0,0,0,delete,
qui_uki_3.5Mar_d251_m163,smoking (quitting),UK,3.5,Market Formation,Partial up to max TotalFundraisingAmount,Partial up to max $ million,qui,18.109,,0.024887,2017,0.24267,10.283,,,-49.574,1,1,3.3888e-08,5.6621e-09,,,,,0.076923,0.024176,0.94536,0.39295,38,1,0.59775,0.59775,0,1,0,0,0,0,,,0,1,y,n,m,m,m,m,m,m,m,n,n,n,n,,,,not needed as transformed-cumulative preferred,1,delete,transformed-partial,0,0,0,0,0,0,,,,,,,,1325,,,,,,,,0,0,0,0,0,0,delete,
qui_uki_3.5Mar_d252_m160,smoking (quitting),UK,3.5,Market Formation,cumulative TotalFundraisingDeals,cumulative # deals,qui,0.35692,0.22355,0.10013,2021.9,12.312,11.675,6.7347,2022.9,-199.57,0.98534,0.98427,0.23702,0.11185,0.97536,0.97419,0.30729,0.17956,0.4413,0.4147,1.4632,1.1216,45,11,0.6852,0.085651,0.59955,11,0,10,0,0,0,0.81731,0,1,y,y,y,y,y,y,y,y,y,y,y,y,y,,,,,0,prefer,transformed-cumulative,1,1,0,0,0,0,,,,,,,,1326,,,,,,,,1,1,0,0,0,0,delete,
qui_uki_3.5Mar_d253_m161,smoking (quitting),UK,3.5,Market Formation,Partial up to max TotalFundraisingDeals,Partial up to max # deals,qui,3.3944,0.0022715,0.013321,2021.5,1.2946,8746.5,1554.7,1.5748e+05,-26.535,0.64286,0.61309,0.22361,0.051656,-0.071429,-0.12934,0.3873,0.1,0.16889,0.12396,0.34111,0.20259,40,3,0.00022866,0.00011433,0.00011433,6,0,5,0,0,1,0,0,1,m,n,m,m,m,m,m,m,m,n,n,n,n,,,,not needed as transformed-cumulative preferred,1,delete,transformed-partial,0,0,0,0,0,0,,,,,,,,1327,,,,,,,,0,0,0,0,0,0,delete,
qui_uki_4.1Sal_d213_m100,smoking (quitting),UK,4.1,Knowledge Flows (social networks),annualised Google search frequency (index 100=monthly max.),Index 0-100,qui,-0.10361,-0.1036,-3.7789,1920.3,-42.413,4.9613e+05,66.878,2006.4,7647,0.72541,0.67695,13.995,10.338,0.72541,0.6949,13.995,10.338,0.7341,0.70456,13.772,9.5497,21,20,0.00020156,3.3511e-06,0.00019821,21,20,0,0,0,1,0.84272,0,1,y,y,y,m,m,m,y,m,y,m,m,m,m,,,,not needed as transformed-cumulative preferred,1,delete,transformed-partial,0,0,0,0,1,1,,,,,,,,1328,,,,,,,,0,0,0,0,1,1,,
qui_uki_4.1Sal_d239_m153,smoking (quitting),UK,4.1,Knowledge Flows (social networks),Partial up to max annualised Google search frequency (index 100=monthly max.),Partial up to max Index 0-100,qui,,,,,,,,,,,,,,,,,,,,,,1,1,,,,1,0,0,0,0,,,0,1,n,n,y,m,m,m,m,m,m,n,n,n,n,,,,,0,prefer,transformed-cumulative,1,1,0,0,0,0,,,,,,,,1329,,,,,,,,1,1,0,0,0,0,delete,
qui_usa_1.1Ado_d348_m185,smoking (quitting),US,1.1,Adoption over Time,share of payments that are non-cash,market share,qui,-0.027246,0.00046259,-0.0054297,1975.3,-161.28,0.998,1555.5,1.5744e+05,11.195,0.99784,0.99568,0.0017967,0.0014684,-47.974,-72.461,0.27063,0.26786,0.99611,0.99417,0.0024107,0.0022105,7,7,0.33868,0.23046,0.10822,21,6,0,0,0,0,0.83426,1,1,y,y,y,y,y,y,y,m,y,m,y,m,y,,,,* error in description * + *needs sign reversal * negative slope = LED innovation,0,prefer-relative,transformed-marketshare,1,1,0,1,0,0,,,,,,,,1331,,,,,,,,1,1,0,1,0,0,,
qui_usa_2.2Rel_d009_m195,smoking (quitting),US,2.2,Relative Advantage (Profitability),% of GDP required to purchase 2000 cigarettes of the most sold brand,%,qui,-0.0035959,0.00099505,-4e-05,477.28,-1222.1,2.8708,1555.3,1.5748e+05,0.091947,0.21186,-0.97036,0.00026468,0.00022839,-1428.1,-2380.8,0.011271,0.011267,0.21,-0.31667,0.00026499,0.00022889,6,6,0.0040755,0.0037968,0.00027866,11,5,2,0,1,0,0.8301,1,1,n,y,y,y,y,y,y,m,m,n,m,,,,,,,,,,,,,,,,,,,,,,,,,,,,,,,,,,,,,,
qui_usa_2.9Int_d067_m006,smoking (quitting),US,2.9,Interdependence with Hardware,Cigarette consumption per smoker per day,# cigarettes,qui,-0.066188,-0.012183,-0.34255,2018.6,-66.394,34.447,39.506,1965.8,711.24,0.95165,0.94665,0.74663,0.5894,0.9032,0.89675,1.0564,0.82231,0.92271,0.91756,0.94398,0.75285,33,33,0.92605,0.64156,0.28449,33,32,4,0,1,0,0.96984,0,1,y,y,y,y,y,y,y,y,y,y,y,y,y,,,,,0,,,1,1,0,0,0,1,,,,,,,,1333,,,,,,,,1,1,0,0,0,1,,
qui_usa_3.5Mar_d074_m128,smoking (quitting),US,3.5,Market Formation,CumulativeStartups,cum. # companies,qui,0.39982,0.036927,0.37945,2014.5,10.991,17.386,1547.5,1.5821e+05,-755.83,0.99203,0.99144,0.54109,0.30103,-0.39782,-0.46438,7.1647,3.8222,0.66127,0.64514,3.5269,3.0399,45,16,0.97777,0.057516,0.92025,16,2,15,1,0,1,0.92944,0,1,y,y,y,y,y,y,y,y,y,y,y,y,y,,,,,0,prefer,original,1,1,0,0,0,1,,,,,,,,1334,,,,,,,,1,1,0,0,0,1,,
qui_usa_3.5Mar_d126_m008,smoking (quitting),US,3.5,Market Formation,NewStartups,# companies,qui,16.279,0.054563,0.028854,2008.8,0.26994,1.0667,0.095714,1979.3,-57.387,0.38081,0.33551,0.64865,0.29631,0.16966,0.13012,0.75115,0.49566,0.20665,0.16887,0.73422,0.48143,45,10,3.75,0.9375,2.8125,14,5,13,1,0,1,0.54054,0,1,m,y,y,m,m,m,m,y,m,m,m,m,m,,,,,0,hide,original,1,1,0,0,0,0,,,,,,,,1335,,,,,,,,1,1,0,0,0,0,delete,
qui_usa_3.5Mar_d171_m011,smoking (quitting),US,3.5,Market Formation,PrivateEquityDeals,# deals,qui,0.62852,0.006888,0.062187,2014.1,6.9918,2.7292,1553.8,1.5758e+05,-123.88,0.87694,0.86793,0.38634,0.18396,-0.31922,-0.38204,1.2649,0.62222,0.53781,0.5158,0.74871,0.63497,45,13,1.0992,0.36641,0.73282,13,7,12,1,0,1,0.91667,0,1,y,y,y,y,y,y,y,y,y,y,y,y,y,,,,,0,hide,original,1,1,0,0,0,0,,,,,,,,1336,,,,,,,,1,1,0,0,0,0,delete,
qui_usa_3.5Mar_d175_m027,smoking (quitting),US,3.5,Market Formation,PrivateEquityInvestment,$ million,qui,1.8518,0.12928,2.6754,2017.9,2.373,167.74,0.43604,1978.3,-5331.6,0.44495,0.40434,62.838,18.467,0.26686,0.23195,72.219,30.749,0.1697,0.13016,76.856,42.005,45,12,3.0387,0.00047692,3.0382,13,3,11,1,0,1,0.61615,0,0,m,y,y,m,m,m,m,y,m,m,m,m,m,,,,,0,hide,original,1,1,0,0,0,0,,,,,,,,1337,,,,,,,,1,1,0,0,0,0,delete,
qui_usa_3.5Mar_d200_m027,smoking (quitting),US,3.5,Market Formation,TotalFundraisingAmount,$ million,qui,1.8002,0.12987,2.7975,2018,2.4411,177.4,1.3247,1986.7,-5575,0.42587,0.38386,68.492,19.871,0.25514,0.21967,78.014,32.137,0.16155,0.12163,82.77,43.889,45,12,3.1359,0.00045095,3.1354,13,3,11,1,0,1,0.58272,0,0,m,y,y,m,m,m,m,y,m,m,m,m,m,,,,,0,hide,original,1,1,0,0,0,0,,,,,,,,1338,,,,,,,,1,1,0,0,0,0,delete,
qui_usa_3.5Mar_d204_m011,smoking (quitting),US,3.5,Market Formation,TotalFundraisingDeals,# deals,qui,0.58147,0.0095883,0.090646,2015,7.5575,4.2598,1553.2,1.5764e+05,-180.58,0.84368,0.83224,0.6575,0.28869,-0.28571,-0.34694,1.8856,0.88889,0.50114,0.47739,1.1745,0.9605,45,13,1.1738,0.23475,0.93901,13,5,12,1,0,1,0.9,0,1,y,y,y,y,m,m,y,y,y,m,m,m,m,,,,,0,hide,original,1,1,0,0,0,0,,,,,,,,1339,,,,,,,,1,1,0,0,0,0,delete,
qui_usa_3.5Mar_d242_m156,smoking (quitting),US,3.5,Market Formation,cumulative CumulativeStartups,cumulative cum. # companies,qui,0.32582,0.17766,2.5796,2020,13.487,214.67,0.19077,1985.2,-5140.4,0.99849,0.99838,1.7837,1.1448,0.98097,0.98006,6.3406,4.4068,0.5313,0.50899,31.466,25.389,45,16,0.80124,0.0046584,0.79659,16,0,15,0,0,1,0.86798,0,0,y,y,y,y,y,y,y,y,y,y,y,y,y,,,,not needed as transformed-cumulative twice (error),1,delete,transformed-cumx2error,0,0,0,0,0,0,,,,,,,,1340,,,,,,,,0,0,0,0,0,0,delete,
qui_usa_3.5Mar_d243_m157,smoking (quitting),US,3.5,Market Formation,Partial up to max CumulativeStartups,Partial up to max cum. # companies,qui,0.40317,0.033773,0.34536,2014.4,10.9,17.274,1548.2,1.5814e+05,-687.86,0.98981,0.98903,0.5526,0.30951,-0.34356,-0.41073,6.3466,3.2093,0.6127,0.59334,3.4075,2.8838,43,14,0.98414,0.057891,0.92625,14,0,13,0,0,1,0.90589,0,1,y,y,y,y,y,y,y,y,y,y,y,y,y,,,,not needed as transformed-cumulative preferred,1,delete,transformed-partial,0,0,0,0,0,0,,,,,,,,1341,,,,,,,,0,0,0,0,0,0,delete,
qui_usa_3.5Mar_d244_m158,smoking (quitting),US,3.5,Market Formation,cumulative NewStartups,cumulative # companies,qui,0.39982,0.036927,0.37945,2014.5,10.991,17.386,1547.5,1.5821e+05,-755.83,0.99203,0.99144,0.54109,0.30103,-0.39782,-0.46438,7.1647,3.8222,0.66127,0.64514,3.5269,3.0399,45,16,0.97777,0.057516,0.92025,16,2,15,1,0,1,0.92944,0,1,y,y,y,y,y,y,y,y,y,y,y,y,y,,,,not needed as cumulative in original data,1,delete,transformed-cumulative,0,0,0,0,0,0,,,,,,,,1342,,,,,,,,0,0,0,0,0,0,delete,
qui_usa_3.5Mar_d245_m159,smoking (quitting),US,3.5,Market Formation,Partial up to max NewStartups,Partial up to max # companies,qui,21.045,0.0050309,0.042346,2009,0.20881,1.5,1554.2,1.5753e+05,-84.286,0.54807,0.50819,0.56195,0.21053,-0.16749,-0.23421,0.90321,0.34211,0.30859,0.26908,0.69507,0.47601,38,7,2.6667,0.66667,2,9,0,8,0,0,1,0.35484,0,1,m,y,y,m,m,m,m,y,y,m,m,m,m,,,,not needed as transformed-cumulative preferred,1,delete,transformed-partial,0,0,0,0,0,0,,,,,,,,1343,,,,,,,,0,0,0,0,0,0,delete,
qui_usa_3.5Mar_d246_m160,smoking (quitting),US,3.5,Market Formation,cumulative PrivateEquityDeals,cumulative # deals,qui,0.41605,0.18933,0.42121,2019.3,10.562,32.193,0.13294,1995,-839.44,0.99861,0.99851,0.29051,0.1632,0.96966,0.96822,1.3563,0.8821,0.49352,0.4694,5.5417,4.451,45,13,0.86975,0.031063,0.83869,13,0,12,0,0,0,0.8736,0,1,y,y,y,y,y,y,y,y,y,y,y,y,y,,,,,0,prefer,transformed-cumulative,1,1,0,0,0,0,,,,,,,,1344,,,,,,,,1,1,0,0,0,0,delete,
qui_usa_3.5Mar_d247_m161,smoking (quitting),US,3.5,Market Formation,Partial up to max PrivateEquityDeals,Partial up to max # deals,qui,0.31535,0.31532,0.032498,2046.5,13.935,28634,1.1606,2014.5,-64.711,0.81813,0.80208,0.26676,0.12756,0.81813,0.80773,0.26676,0.12757,0.32458,0.28598,0.51408,0.35193,38,6,0.00010477,3.4923e-05,6.9846e-05,6,0,5,0,0,1,0.52941,0,1,y,y,y,y,y,y,m,m,y,m,m,m,m,,,,not needed as transformed-cumulative preferred,1,delete,transformed-partial,0,0,0,0,0,0,,,,,,,,1345,,,,,,,,0,0,0,0,0,0,delete,
qui_usa_3.5Mar_d248_m162,smoking (quitting),US,3.5,Market Formation,cumulative PrivateEquityInvestment,cumulative $ million,qui,1.4239,0.27402,13.395,2020.1,3.0861,1137.4,4.119e-06,1952.4,-26703,0.99475,0.99436,22.13,8.4734,0.90608,0.90161,93.572,44.99,0.32461,0.29245,250.93,181.87,45,13,0.97055,0.0017583,0.96879,13,0,12,0,0,1,0.83585,0,0,y,y,y,y,y,y,y,y,y,y,y,n,y,,,,,0,prefer,transformed-cumulative,1,1,0,0,0,0,,,,,,,,1346,,,,,,,,1,1,0,0,0,0,delete,
qui_usa_3.5Mar_d249_m163,smoking (quitting),US,3.5,Market Formation,Partial up to max PrivateEquityInvestment,Partial up to max $ million,qui,0.78936,0.78935,2.9911,2036,5.5671,6.7946e+07,0.0099452,2007.3,-5961.4,0.98266,0.98129,11.165,3.0608,0.98266,0.98177,11.165,3.0608,0.1828,0.14089,76.657,41.491,42,9,7.5017e-06,1.1774e-09,7.5005e-06,10,0,8,0,1,1,0.41694,0,0,y,y,y,m,y,m,m,m,m,m,m,m,m,,,,not needed as transformed-cumulative preferred,1,delete,transformed-partial,0,0,0,0,0,0,,,,,,,,1347,,,,,,,,0,0,0,0,0,0,delete,
qui_usa_3.5Mar_d250_m162,smoking (quitting),US,3.5,Market Formation,cumulative TotalFundraisingAmount,cumulative $ million,qui,1.495,0.27561,13.93,2020.2,2.9394,1185.5,4.3737e-06,1952.9,-27771,0.99427,0.99386,24.121,9.2536,0.90398,0.89941,98.779,47.513,0.32211,0.28982,262.46,189.61,45,13,0.97249,0.001687,0.97081,13,0,12,0,0,1,0.83378,0,0,y,y,y,y,y,y,y,y,y,y,y,y,y,,,,,0,prefer,transformed-cumulative,1,1,0,0,0,0,,,,,,,,1348,,,,,,,,1,1,0,0,0,0,delete,
qui_usa_3.5Mar_d251_m163,smoking (quitting),US,3.5,Market Formation,Partial up to max TotalFundraisingAmount,Partial up to max $ million,qui,0.85381,0.85381,3.1502,2035,5.1468,8.4112e+07,3.9877e-05,2001.7,-6278.4,0.98307,0.98173,11.875,3.0259,0.98307,0.9822,11.875,3.0259,0.17507,0.13276,82.886,43.679,42,9,6.614e-06,9.5111e-10,6.613e-06,10,0,8,0,1,1,0.38823,0,0,y,y,y,m,y,m,m,m,m,m,m,m,m,,,,not needed as transformed-cumulative preferred,1,delete,transformed-partial,0,0,0,0,0,0,,,,,,,,1349,,,,,,,,0,0,0,0,0,0,delete,
qui_usa_3.5Mar_d252_m160,smoking (quitting),US,3.5,Market Formation,cumulative TotalFundraisingDeals,cumulative # deals,qui,0.4182,0.20247,0.57404,2020,10.508,48.55,1.2789,2006.3,-1144.1,0.99834,0.99822,0.44223,0.23602,0.9738,0.97256,1.7581,1.0805,0.47103,0.44584,7.9005,6.1908,45,13,0.82389,0.020597,0.8033,13,0,12,0,0,0,0.86474,0,1,y,y,y,y,y,y,y,y,y,y,y,y,y,,,,,0,prefer,transformed-cumulative,1,1,0,0,0,0,,,,,,,,1350,,,,,,,,1,1,0,0,0,0,delete,
qui_usa_3.5Mar_d253_m161,smoking (quitting),US,3.5,Market Formation,Partial up to max TotalFundraisingDeals,Partial up to max # deals,qui,0.29824,0.0067855,0.060694,2023,14.734,19.666,1553.8,1.5757e+05,-120.88,0.89922,0.89082,0.35484,0.17187,-0.18059,-0.24441,1.2145,0.475,0.39289,0.36007,0.87093,0.64661,40,8,0.25424,0.050848,0.20339,8,0,7,0,0,1,0.66102,0,1,y,y,y,y,y,y,m,y,y,m,m,y,y,,,,not needed as transformed-cumulative preferred,1,delete,transformed-partial,0,0,0,0,0,0,,,,,,,,1351,,,,,,,,0,0,0,0,0,0,delete,
qui_usa_4.1Sal_d213_m100,smoking (quitting),US,4.1,Knowledge Flows (social networks),annualised Google search frequency (index 100=monthly max.),Index 0-100,qui,-0.21029,-0.089113,-4.9961,2012.9,-20.897,114.41,95.236,2005.8,10114,0.94577,0.93621,7.2223,6.3884,0.8972,0.88578,9.9441,8.1761,0.95146,0.94607,6.833,5.959,21,20,0.87408,0.097247,0.77684,20,17,1,1,0,0,0.92962,0,1,y,y,y,y,y,y,y,y,y,y,y,y,y,,,,,0,prefer,original,1,1,0,0,0,0,,,,,,,,1352,,,,,,,,1,1,0,0,0,0,delete,
qui_usa_4.1Sal_d239_m153,smoking (quitting),US,4.1,Knowledge Flows (social networks),Partial up to max annualised Google search frequency (index 100=monthly max.),Partial up to max Index 0-100,qui,2.0554,0.036502,3.5854,2002.8,2.138,100.13,0.94909,1878.2,-7091.4,1,1,1.998e-13,1.3737e-13,0.83158,-inf,1.3113,1.2361,0.83941,-inf,1.2804,1.2072,3,3,0.99871,0.9271,0.071616,3,0,2,0,0,0,0.67203,0,1,y,n,y,y,y,y,m,m,y,n,n,n,n,,,,too few,0,hide,transformed-partial,0,0,0,0,0,1,,,,,,,,1353,,,,,,,,0,0,0,0,0,1,,
red_chi_1.1Adod_m_0,reduced alcohol consumption,China,1.1,Adoption over time,"Recorded per capita (more than 15 years old) alcohol consumption (in litres of pure alcohol), include all beverage types: beers, spirits, wine, other alcoholic beverage, and all types",Per capita alcohol consumption (15+),red,0.25249,0.011964,0.12257,2001.4,17.404,6.2385,1554.3,1.5756e+05,-241.27,0.50949,0.43204,1.0353,0.91767,-12.482,-13.83,5.4277,5.2225,0.30252,0.23277,1.2345,1.0666,23,23,1.2066,0.52858,0.67801,23,7,19,1,1,0,0.97196,0,1,m,y,y,y,y,y,y,y,y,m,y,,,,,,,,,,,,,,,,,,,,,,,,,,,,,,,,,,,,,,
red_net_1.1Adod_m_0,reduced alcohol consumption,The Netherlands,1.1,Adoption over time,"Recorded per capita (more than 15 years old) alcohol consumption (in litres of pure alcohol), include all beverage types: beers, spirits, wine, other alcoholic beverage, and all types",Per capita alcohol consumption (15+),red,0.28354,0.0025739,0.026648,1964,15.499,9.7446,9.405,2007.5,-44.035,0.70705,0.69189,0.99241,0.79656,0.059011,0.027113,1.7786,1.4487,0.067646,0.03604,1.7704,1.4484,62,62,1.1955,0.40741,0.78813,62,43,61,1,0,0,0.9911,0,1,y,y,y,y,y,y,y,y,m,y,m,,,,,,,,,,,,,,,,,,,,,,,,,,,,,,,,,,,,,,
res_can_1.1Adod_m_0,residential solar PV,Canada,1.1,Adoption over Time,"Grid-connected distributed PV capacity, cumulative end of year",Cumulative installed PV capacity (MW (AC)),res,0.27322,0.15604,120.36,2019.5,16.084,2188.1,7.1692e-05,1914.1,-2.4197e+05,0.95582,0.94257,103.66,91.607,0.94057,0.92977,120.23,110.55,0.96792,0.96208,88.336,61.558,14,14,0.81382,0.010776,0.80304,14,0,13,0,0,1,0.83979,0,0,y,y,y,y,y,y,y,y,y,y,y,,,,,,,,,,,,,,,,,,,,,,,,,,,,,,,,,,,,,,
res_can_1.2Ford_m_0,residential solar PV,Canada,1.2,Installed Capacity per household,"Installed PV capacity per household, end of year",W per household,res,0.30936,0.14378,7.2751,2017.7,14.205,110.91,0.039184,1968.1,-14623,0.95282,0.93867,6.4589,5.667,0.92395,0.91012,8.2008,7.418,0.97257,0.96759,4.9248,3.7544,14,14,0.96355,0.015373,0.94818,14,0,13,0,0,1,0.85501,0,0,y,y,y,y,y,y,y,y,y,y,y,,,,,,,,,,,,,,,,,,,,,,,,,,,,,,,,,,,,,,
res_chi_1.1Adod_m_0,residential solar PV,China,1.1,Adoption over Time,"Cumulative installed solar PV capacity, grid-connected, end of year",Cumulative installed PV capacity (MW (AC)),res,0.39322,0.39322,20430,2054.9,11.176,7.0882e+10,7.3116e-16,1902.7,-4.1131e+07,0.99604,0.99495,6671.4,5176.8,0.99604,0.99538,6671.4,5176.7,0.69393,0.64292,58620,48181,15,15,5.2874e-06,2.6805e-09,5.2847e-06,15,0,14,0,0,1,0.66916,0,0,y,y,y,y,y,y,m,m,y,m,m,,,,,,,,,,,,,,,,,,,,,,,,,,,,,,,,,,,,,,
res_chi_1.2Ford_m_0,residential solar PV,China,1.2,Installed Capacity per household,"Installed PV capacity per household, end of year",W per household,res,,,15.8,,,,,,-31757,,,,,,,,,1,1,1.6726e-12,1.6693e-12,2,2,,,,11,0,1,0,0,1,0.0029847,0,0,n,m,y,m,y,m,m,m,y,n,m,,,,,,,,,,,,,,,,,,,,,,,,,,,,,,,,,,,,,,
res_fra_1.1Adod_m_0,residential solar PV,France,1.1,Adoption over Time,"Cumulative installed PV power (grid-connected distributed), end of year",Cumulative installed PV capacity (MW),res,0.13986,0.13986,835.27,2105.6,31.421,1.3612e+09,3.5737e-06,1865.5,-1.6779e+06,0.95182,0.93977,893.71,786.83,0.95182,0.94441,893.71,786.83,0.89431,0.87805,1323.7,939.64,16,16,1.2223e-05,2.6447e-07,1.1959e-05,16,0,15,0,0,1,0.83296,0,0,y,y,y,y,y,y,y,m,y,m,y,,,,,,,,,,,,,,,,,,,,,,,,,,,,,,,,,,,,,,
res_fra_1.2Ford_m_0,residential solar PV,France,1.2,Installed Capacity per household,"Installed PV capacity per household, end of year",W per household,res,0.12728,0.12728,30.844,2120.7,34.527,1.1193e+08,0.0018135,1925.5,-61955,0.99374,-inf,12.826,10.917,0.99374,0.98121,12.826,10.917,0.94835,0.84505,36.836,36.154,4,4,4.6325e-06,8.7877e-07,3.7537e-06,14,0,3,0,0,0,0.62449,0,0,y,m,y,y,y,y,m,m,y,m,m,,,,,,,,,,,,,,,,,,,,,,,,,,,,,,,,,,,,,,
res_ita_1.1Adod_m_0,residential solar PV,Italy,1.1,Adoption over Time,"Cumulative installed PV power (grid-connected distributed), end of year",Cumulative installed PV capacity (MW (DC)),res,0.15121,0.15121,2461.7,2100.2,29.062,2.4775e+09,1.2651e-06,1867.3,-4.9589e+06,0.94655,0.86638,1030.6,876.04,0.94655,0.91092,1030.6,876.02,0.88939,0.81565,1482.6,1227,6,6,1.0264e-05,5.2557e-06,5.0079e-06,6,0,5,0,0,0,0.77742,0,0,y,y,y,y,y,y,y,m,y,m,y,,,,,,,,,,,,,,,,,,,,,,,,,,,,,,,,,,,,,,
res_ita_1.2Ford_m_0,residential solar PV,Italy,1.2,Installed Capacity per household,"Installed PV capacity per household, end of year",W per household,res,0.14497,0.14497,89.492,2102.9,30.313,8.5395e+07,0.00014148,1915.8,-1.8025e+05,0.9404,0.85099,39.698,33.367,0.9404,0.90066,39.698,33.367,0.88348,0.80581,55.504,46.299,6,6,1.1165e-05,5.8984e-06,5.2665e-06,6,0,5,0,0,0,0.77905,0,0,y,y,y,y,y,y,y,m,y,m,y,,,,,,,,,,,,,,,,,,,,,,,,,,,,,,,,,,,,,,
res_net_1.1Adod_m_0,residential solar PV,Netherlands,1.1,Adoption over Time,"Cumulative residential PV capacity (small systems <15 kWp), end of year",Cumulative installed PV capacity (MW),res,0.297,0.25765,817.07,2026.6,14.796,45824,6.4104e-10,1904.4,-1.644e+06,0.99715,0.99629,188.99,156.09,0.99597,0.99523,224.75,201.76,0.86613,0.84179,1294.9,1097.4,14,14,0.25735,0.0045172,0.25283,14,0,13,0,0,1,0.78087,0,0,y,y,y,y,y,y,y,y,y,y,y,,,,,,,,,,,,,,,,,,,,,,,,,,,,,,,,,,,,,,
res_net_1.2Ford_m_0,residential solar PV,Netherlands,1.2,Installed Capacity per household,"Installed PV capacity per household, end of year",W per household,res,0.29576,0.24871,99.924,2025.8,14.858,4660.2,1.7881e-07,1931.2,-2.0105e+05,0.99692,0.99599,23.876,19.813,0.99513,0.99424,30.006,26.843,0.87774,0.85551,150.34,127.68,14,14,0.30599,0.0060137,0.29997,14,0,13,0,0,1,0.78962,0,0,y,y,y,y,y,y,y,y,y,y,y,,,,,,,,,,,,,,,,,,,,,,,,,,,,,,,,,,,,,,
res_swe_1.1Adod_m_0,residential solar PV,Sweden,1.1,Adoption over Time,"Total cumulative installed PV capacity (grid-connected), end of year",Cumulative installed PV capacity (MW),res,0.56188,0.37618,68.501,2023.5,7.821,7976.1,8.7767e-09,1952.2,-1.3711e+05,0.99546,0.99499,70.278,31.143,0.98992,0.98925,104.72,44.66,0.39087,0.35026,814.25,580.02,33,33,0.5567,1.2537e-06,0.5567,33,0,32,0,0,1,0.72208,0,0,y,y,y,y,y,y,y,y,y,y,y,,,,,,,,,,,,,,,,,,,,,,,,,,,,,,,,,,,,,,
res_swe_1.2Ford_m_0,residential solar PV,Sweden,1.2,Installed Capacity per household,"Installed PV capacity per household, end of year",W per household,res,0.54505,0.36798,59.725,2023.5,8.0625,1628.6,5.6613e-07,1966.3,-1.2028e+05,0.9938,0.99195,22.146,14.952,0.9867,0.98429,32.442,20.437,0.73229,0.68362,145.57,125.26,14,14,0.54837,1.1974e-06,0.54837,14,0,13,0,0,1,0.72732,0,0,y,y,y,y,y,y,y,y,y,y,y,,,,,,,,,,,,,,,,,,,,,,,,,,,,,,,,,,,,,,
res_swi_1.1Adod_m_0,residential solar PV,Switzerland,1.1,Adoption over Time,"Cumulative installed PV power (grid-connected distributed), end of year",Cumulative installed PV capacity (MW (DC)),res,0.2278,0.2278,159.07,2076.6,19.291,1.2797e+09,9.9966e-07,1923.9,-3.1825e+05,0.99245,0.99167,171.17,124.56,0.99245,0.99194,171.17,124.56,0.59135,0.56411,1259.1,957.37,33,33,6.3774e-06,3.2039e-09,6.3742e-06,33,0,32,0,0,0,0.78287,0,0,y,y,y,y,y,y,y,m,y,m,y,,,,,,,,,,,,,,,,,,,,,,,,,,,,,,,,,,,,,,
res_swi_1.2Ford_m_0,residential solar PV,Switzerland,1.2,Installed Capacity per household,"Installed PV capacity per household, end of year",W per household,res,0.20772,0.20772,132.87,2084.4,21.155,5.3954e+08,5.1704e-06,1929,-2.6738e+05,0.98587,0.98116,63.579,56.707,0.98587,0.98304,63.579,56.707,0.86411,0.83693,197.15,163.68,13,13,3.7229e-06,2.303e-07,3.4926e-06,13,0,12,0,0,0,0.79293,0,0,y,y,y,y,y,y,y,m,y,m,y,,,,,,,,,,,,,,,,,,,,,,,,,,,,,,,,,,,,,,
res_usa_1.1Adod_m_0,residential solar PV,United States,1.1,Adoption over Time,"Cumulative installed PV power (grid-connected), end of year",Cumulative installed PV capacity (MW (AC)),res,0.22589,0.18841,4323,2027.2,19.454,1.6872e+05,4.1692e-08,1875.6,-8.7023e+06,0.99847,0.9977,494.77,441.43,0.99712,0.9963,677.72,520.7,0.96642,0.95682,2314.7,1969.4,10,10,0.28275,0.043428,0.23932,10,0,9,0,0,0,0.82405,0,0,y,y,y,y,y,y,y,y,y,y,y,,,,,,,,,,,,,,,,,,,,,,,,,,,,,,,,,,,,,,
res_usa_1.2Ford_m_0,residential solar PV,United States,1.2,Installed Capacity per household,"Installed PV capacity per household, end of year",W per household,res,0.22526,0.17421,32.269,2025.3,19.508,965.25,0.00077168,1948,-64947,0.99777,0.99666,4.4281,4.0282,0.99519,0.99381,6.5075,5.2308,0.97671,0.97006,14.311,11.975,10,10,0.37631,0.064735,0.31157,10,0,9,0,0,0,0.83462,0,0,y,y,y,y,y,y,y,y,y,y,y,,,,,,,,,,,,,,,,,,,,,,,,,,,,,,,,,,,,,,
sea_uki_1.1Adod_m_0,search engines,United Kingdom,1.1,Adoption over Time,Individuals with info search & data literacy skills,%,sea,0.1604,0.054423,0.028893,2007.6,27.398,0.83637,1.6973,2033.6,-57.588,0.93486,0.91858,0.038192,0.030039,0.86784,0.84751,0.054402,0.04122,0.91666,0.90384,0.043201,0.03319,16,16,0.83695,0.275,0.56195,19,0,15,0,0,0,0.9248,1,1,y,y,y,y,y,y,y,y,y,y,y,,,,,,,,,,,,,,,,,,,,,,,,,,,,,,,,,,,,,,
smt_usa_1.1Adod_m_0,smart meters,United States,1.1,Adoption over Time,Number of residential advanced (smart) meters installed in the United States,Number of smart meters (millions),smt,0.15343,0.088035,6.584,2020.4,28.642,186.25,0.080654,1940.5,-13209,0.99861,0.99809,0.84886,0.56922,0.99055,0.98846,2.2123,1.6926,0.99692,0.99623,1.264,1.0008,12,12,0.6023,0.20682,0.39549,12,0,11,0,0,0,0.89937,0,0,y,y,y,y,y,y,y,y,y,y,y,,,,,,,,,,,,,,,,,,,,,,,,,,,,,,,,,,,,,,
smt_usa_1.2Ford_m_0,smart meters,United States,1.2,Smart Meter Penetration Rate,Smart meter penetration rate as share of total U.S. households,Smart meters as share of total households,smt,0.17339,0.0052994,0.046602,2016.7,25.344,1.1346,1554.2,1.576e+05,-93.418,0.99773,0.99688,0.0076781,0.0057899,-13.986,-17.316,0.62354,0.60237,0.99754,0.99699,0.007991,0.0064801,12,12,0.75284,0.29275,0.46009,12,0,11,0,0,0,0.90719,1,1,y,y,y,y,y,y,y,y,y,y,y,,,,,,,,,,,,,,,,,,,,,,,,,,,,,,,,,,,,,,
smw_chi_1.1Adod_m_0,smartwatches,China,1.1,Adoption over time,% penetration rate smartwatches,% penetration rate,smw,0.24021,0.2402,0.0074433,2071,18.294,5072.9,1.8627,2038.1,-15.005,0.8897,0.82352,0.0074253,0.0062249,0.8897,0.85293,0.0074253,0.0062248,0.7389,0.65187,0.011424,0.010049,9,9,1.5376e-05,4.2973e-06,1.1078e-05,9,0,7,0,1,0,0.77851,1,1,y,y,y,y,y,y,y,m,y,m,y,,,,,,,,,,,,,,,,,,,,,,,,,,,,,,,,,,,,,,
smw_glo_1.1Adod_m_0,smartwatches,Global,1.1,Adoption over time,% penetration rate smartwatches,% penetration rate,smw,0.50457,0.28961,0.0075667,2023.5,8.7092,0.094386,1.799,2036.3,-15.265,0.98647,0.97836,0.0023797,0.002101,0.9678,0.95707,0.0036715,0.0029069,0.91169,0.88226,0.0060803,0.0052593,9,9,0.65688,0.063569,0.59331,9,0,8,0,0,0,0.78622,1,1,y,y,y,y,y,y,y,y,y,y,y,,,,,,,,,,,,,,,,,,,,,,,,,,,,,,,,,,,,,,
smw_jap_1.1Adod_m_0,smartwatches,Japan,1.1,Adoption over time,% penetration rate smartwatches,% penetration rate,smw,0.75255,0.31298,0.012082,2022.4,5.8394,0.10527,1.1356,2032.7,-24.379,0.99507,0.99211,0.0022695,0.0017687,0.94373,0.92497,0.0076639,0.0069724,0.93228,0.9097,0.0084077,0.0072205,9,9,0.84737,0.022799,0.82457,9,0,8,0,0,1,0.78896,1,1,y,y,y,y,y,y,y,y,y,y,y,,,,,,,,,,,,,,,,,,,,,,,,,,,,,,,,,,,,,,
smw_net_1.1Adod_m_0,smartwatches,The Netherlands,1.1,Adoption over time,% penetration rate smartwatches,% penetration rate,smw,0.73755,0.31786,0.013223,2022.5,5.9581,0.1181,1.0327,2032,-26.683,0.99397,0.99034,0.0027529,0.0020564,0.94725,0.92967,0.0081388,0.0073169,0.92829,0.90439,0.0094893,0.008002,9,9,0.83316,0.020321,0.81284,9,0,8,0,0,1,0.78385,1,1,y,y,y,y,y,y,y,y,y,y,y,,,,,,,,,,,,,,,,,,,,,,,,,,,,,,,,,,,,,,
soc_bra_1.1Adod_m_0,social media,Brazil,1.1,Adoption over Time,Individuals who participated in social networks in the last 3 months,%,soc,0.1398,0.050081,2.8006,2014.8,31.434,88.383,0.69432,1931.5,-5598,0.98628,0.98039,1.1364,0.82318,0.96703,0.95879,1.7613,1.2482,0.98228,0.97785,1.2914,0.81617,11,11,0.77278,0.44579,0.32699,12,0,10,0,0,0,0.91015,0,1,y,y,y,y,y,y,y,y,y,y,y,,,,,,,,,,,,,,,,,,,,,,,,,,,,,,,,,,,,,,
soc_ger_1.1Adod_m_0,social media,Germany,1.1,Adoption over Time,Individuals who participated in social networks in the last 3 months,%,soc,0.015288,0.015268,0.71766,2449.3,287.44,34730,5.7222,1879.4,-1400.7,0.31678,0.060577,4.2618,2.9894,0.31679,0.16496,4.2618,2.9894,0.31468,0.16239,4.2684,2.9971,12,12,0.00167,0.0012064,0.00046357,14,0,11,0,0,0,0.89667,0,1,m,y,y,y,y,y,y,m,y,m,y,,,,,,,,,,,,,,,,,,,,,,,,,,,,,,,,,,,,,,
soc_ita_1.1Adod_m_0,social media,Italy,1.1,Adoption over Time,Individuals who participated in social networks in the last 3 months,%,soc,0.057061,0.057059,2.2161,2201.2,77.014,1.391e+06,0.93957,1952.2,-4430.9,0.96331,0.9413,1.6921,1.2993,0.96331,0.95109,1.6921,1.2993,0.94771,0.93027,2.0203,1.5763,9,9,3.8246e-05,1.8907e-05,1.9339e-05,13,1,8,0,0,0,0.86674,0,1,y,y,y,y,y,y,y,m,y,m,y,,,,,,,,,,,,,,,,,,,,,,,,,,,,,,,,,,,,,,
soc_jap_1.1Adod_m_0,social media,Japan,1.1,Adoption over Time,Individuals who participated in social networks in the last 3 months,%,soc,0.031975,0.031935,1.8691,2227.2,137.44,47715,1.6834,1906.4,-3712.2,0.53098,0.29647,5.0516,3.6817,0.53098,0.39698,5.0516,3.6817,0.52973,0.39536,5.0583,3.6509,10,10,0.0014482,0.00097872,0.00046945,10,0,4,0,1,0,0.89167,0,1,m,y,y,y,y,y,y,m,y,m,y,,,,,,,,,,,,,,,,,,,,,,,,,,,,,,,,,,,,,,
soc_net_1.1Adod_m_0,social media,Netherlands,1.1,Adoption over Time,Individuals who participated in social networks in the last 3 months,%,soc,0.22648,0.031246,1.9605,2008.4,19.403,72.343,1.8165,1904.7,-3892.9,0.97584,0.9396,1.0961,1.0195,0.88445,0.80742,2.3971,2.0414,0.91243,0.85405,2.0868,1.7982,6,6,0.96208,0.63171,0.33037,12,0,5,0,0,0,0.82453,0,1,y,y,y,y,y,y,y,y,y,y,y,,,,,,,,,,,,,,,,,,,,,,,,,,,,,,,,,,,,,,
soc_por_1.1Adod_m_0,social media,Portugal,1.1,Adoption over Time,Individuals who participated in social networks in the last 3 months,%,soc,0.21976,0.047437,2.7568,2011.9,19.997,74.258,0.79813,1928.6,-5506.7,0.99045,0.98726,1.0658,0.85544,0.92041,0.90449,3.0761,2.2524,0.95844,0.95013,2.2229,1.7465,13,13,0.94939,0.4242,0.5252,14,0,12,0,0,0,0.92753,0,1,y,y,y,y,y,y,y,y,y,y,y,,,,,,,,,,,,,,,,,,,,,,,,,,,,,,,,,,,,,,
soc_sou_1.1Adod_m_0,social media,South Korea,1.1,Adoption over Time,Individuals who participated in social networks in the last 3 months,%,soc,0.58024,0.027604,1.7972,2011.9,7.5735,67.606,1.8339,1890.8,-3565.2,0.92306,0.8942,2.0508,1.7085,0.67559,0.60349,4.2111,2.9665,0.70416,0.63841,4.0214,2.8315,12,12,1.0532,0.64343,0.40973,12,0,11,0,0,0,0.92421,0,1,y,y,y,y,y,y,y,y,y,y,y,,,,,,,,,,,,,,,,,,,,,,,,,,,,,,,,,,,,,,
soc_swe_1.1Adod_m_0,social media,Sweden,1.1,Adoption over Time,Individuals who participated in social networks in the last 3 months,%,soc,0.33943,0.012728,0.84002,2007.3,12.946,68.103,6.5437,1838.7,-1631,0.87548,0.82878,1.6271,1.3038,0.64977,0.57194,2.7288,2.1798,0.66629,0.59213,2.6637,2.1417,12,12,1.0176,0.78704,0.23053,15,5,11,1,0,0,0.92352,0,1,y,y,y,y,y,y,y,y,y,y,y,,,,,,,,,,,,,,,,,,,,,,,,,,,,,,,,,,,,,,
soc_uki_1.1Adod_m_0,social media,United Kingdom,1.1,Adoption over Time,Individuals who participated in social networks in the last 3 months,%,soc,0.33149,0.03455,2.3189,2008.8,13.257,73.089,1.4323,1905.9,-4610,0.96611,0.91527,1.3092,1.12,0.79054,0.6509,3.2548,2.6922,0.82986,0.71643,2.9335,2.4865,6,6,0.96457,0.67999,0.28458,10,0,5,0,0,0,0.83873,0,1,y,y,y,y,y,y,y,y,y,y,y,,,,,,,,,,,,,,,,,,,,,,,,,,,,,,,,,,,,,,
soc_usa_1.1Adod_m_0,social media,United States,1.1,Adoption over Time,Individuals who participated in social networks in the last 3 months,%,soc,,,,,,,,,,,,,,,,,,,,,,1,1,,,,1,0,0,0,0,,,0,1,n,n,y,m,m,m,m,m,m,n,n,,,,,,,,,,,,,,,,,,,,,,,,,,,,,,,,,,,,,,
sol_cal_1.1Ado_d039_m195,third-party solar leasing,California,1.1,Adopter Characteristics,% third party owned systems (income=$100k-$150k),%,sol,22.813,0.0015025,0.0054076,2018.1,0.19263,0.08688,1555.2,1.575e+05,-10.872,0.18106,-0.091918,0.08082,0.041455,-0.11023,-0.33227,0.094102,0.029651,0.051328,-0.13841,0.086987,0.046003,13,13,3.9019,0.02256,3.8794,13,3,12,1,0,1,0.021276,1,1,n,y,y,m,m,m,m,y,m,n,m,,,,,,,,,,,,,,,,,,,,,,,,,,,,,,,,,,,,,,
sol_cal_1.1Ado_d040_m195,third-party solar leasing,California,1.1,Adopter Characteristics,% third party owned systems (income=$150k-$200k),%,sol,-0.40363,-0.038161,-0.016033,2021.6,-10.887,0.43757,1.8059,1973.8,32.687,0.40604,0.20805,0.088244,0.061622,0.23882,0.08658,0.099897,0.07548,0.2745,0.1294,0.097527,0.071828,13,13,1.3712,0.47079,0.90044,13,10,12,1,0,0,0.94689,1,1,m,y,y,y,y,y,y,y,m,m,m,,,,,,,,,,,,,,,,,,,,,,,,,,,,,,,,,,,,,,
sol_cal_1.1Ado_d041_m195,third-party solar leasing,California,1.1,Adopter Characteristics,% third party owned systems (income=$200k-$250k),%,sol,-0.36299,-0.058765,-0.021126,2020,-12.106,0.42087,0.44182,2009.7,42.903,0.50712,0.34283,0.085821,0.058089,0.36605,0.23926,0.097331,0.071411,0.41815,0.30178,0.093246,0.064286,13,13,1.4066,0.36828,1.0383,13,10,0,1,0,0,0.93798,1,1,m,y,y,y,y,y,y,y,y,m,y,,,,,,,,,,,,,,,,,,,,,,,,,,,,,,,,,,,,,,
sol_cal_1.1Ado_d044_m195,third-party solar leasing,California,1.1,Adopter Characteristics,% third party owned systems (income>$250k),%,sol,-0.34939,-0.063172,-0.02194,2019.6,-12.577,0.42137,0.85963,1999.1,44.532,0.47721,0.30294,0.093343,0.063752,0.35502,0.22603,0.10368,0.074551,0.40434,0.28521,0.099636,0.067985,13,13,1.4453,0.36073,1.0846,13,10,0,1,0,1,0.931,1,1,m,y,y,y,y,y,y,y,y,m,y,,,,,,,,,,,,,,,,,,,,,,,,,,,,,,,,,,,,,,
sol_cal_1.1Ado_d213_m100,third-party solar leasing,California,1.1,Knowledge Flows (social networks),annualised Google search frequency (index 100=monthly max.),Index 0-100,sol,1.0931,0.079868,5.493,2010.5,4.0201,84.654,0.18895,1943.8,-11007,0.92311,0.90954,10.372,7.9399,0.66029,0.62255,21.802,17.894,0.79071,0.76746,17.112,13.437,21,17,1.1813,0.10316,1.0781,17,1,16,0,0,1,0.93316,0,1,y,y,y,y,y,y,y,y,y,y,y,,,,,,,,,,,,,,,,,,,,,,,,,,,,,,,,,,,,,,
sol_cal_1.1Ado_d239_m153,third-party solar leasing,California,1.1,Knowledge Flows (social networks),Partial up to max annualised Google search frequency (index 100=monthly max.),Partial up to max Index 0-100,sol,1.1273,0.086544,5.7496,2010.5,3.8984,83.58,0.16169,1947.4,-11523,0.92298,0.90854,10.349,7.8496,0.6608,0.6209,21.718,18.177,0.79043,0.76578,17.071,13.573,20,16,1.1965,0.10449,1.092,16,0,15,0,0,1,0.92071,0,1,y,y,y,y,y,y,y,y,y,y,y,,,,,,,,,,,,,,,,,,,,,,,,,,,,,,,,,,,,,,
sol_con_1.1Ado_d039_m195,third-party solar leasing,Connecticut,1.1,Adopter Characteristics,% third party owned systems (income=$100k-$150k),%,sol,1.565,0.006204,0.056242,2013.5,2.8079,0.69614,1553.8,1.5763e+05,-112.9,0.86846,0.82461,0.10863,0.086907,-2.6264,-3.3516,0.57035,0.48538,0.49366,0.39239,0.21312,0.18208,13,11,1.1592,0.11636,1.0429,11,6,10,1,0,1,0.94009,1,1,y,y,y,y,y,y,y,y,y,y,y,,,,,,,,,,,,,,,,,,,,,,,,,,,,,,,,,,,,,,
sol_con_1.1Ado_d040_m195,third-party solar leasing,Connecticut,1.1,Adopter Characteristics,% third party owned systems (income=$150k-$200k),%,sol,1.7293,0.0058417,0.052335,2013.5,2.5411,0.65036,1553.9,1.5762e+05,-105.06,0.85104,0.80138,0.11119,0.085631,-2.464,-3.1568,0.5362,0.45223,0.46199,0.35438,0.21132,0.18293,13,11,1.204,0.06458,1.1394,11,6,10,1,0,1,0.93998,1,1,y,y,y,y,y,y,y,y,y,y,y,,,,,,,,,,,,,,,,,,,,,,,,,,,,,,,,,,,,,,
sol_con_1.1Ado_d041_m195,third-party solar leasing,Connecticut,1.1,Adopter Characteristics,% third party owned systems (income=$200k-$250k),%,sol,1.8191,0.0041522,0.034225,2013,2.4158,0.52564,1554.4,1.5757e+05,-68.617,0.69734,0.59645,0.13779,0.10098,-2.3188,-2.9825,0.45627,0.38138,0.26143,0.11372,0.21524,0.1857,13,11,1.3488,0.12366,1.2252,11,6,10,1,0,1,0.94394,1,1,m,y,y,y,y,y,y,y,m,m,m,,,,,,,,,,,,,,,,,,,,,,,,,,,,,,,,,,,,,,
sol_con_1.1Ado_d044_m195,third-party solar leasing,Connecticut,1.1,Adopter Characteristics,% third party owned systems (income>$250k),%,sol,1.9477,0.0046557,0.039588,2013,2.2562,0.53661,1554.3,1.5758e+05,-79.421,0.81012,0.74683,0.1056,0.083274,-2.5684,-3.2821,0.45779,0.38838,0.37358,0.2483,0.19181,0.16624,13,11,1.2653,0.033544,1.2318,11,6,10,1,0,1,0.92642,1,1,y,y,y,y,y,y,y,y,y,y,y,,,,,,,,,,,,,,,,,,,,,,,,,,,,,,,,,,,,,,
sol_con_1.1Ado_d213_m100,third-party solar leasing,Connecticut,1.1,Knowledge Flows (social networks),annualised Google search frequency (index 100=monthly max.),Index 0-100,sol,0.16789,0.1677,2.6675,2061.1,26.174,36636,0.29808,1991.3,-5349.7,0.35103,0.23651,25.796,15.944,0.35103,0.27892,25.796,15.946,0.25446,0.17162,27.649,19.206,21,9,0.0027296,0.00057321,0.0021564,17,16,6,0,1,1,0.38902,0,1,m,y,y,m,m,m,m,m,m,m,m,,,,,,,,,,,,,,,,,,,,,,,,,,,,,,,,,,,,,,
sol_con_1.1Ado_d239_m153,third-party solar leasing,Connecticut,1.1,Knowledge Flows (social networks),Partial up to max annualised Google search frequency (index 100=monthly max.),Partial up to max Index 0-100,sol,15.561,,20,2008.1,0.2824,376.72,,,-40100,1,1,1.063e-05,4.8925e-06,,,,,0.5,0,28.284,24,5,1,0.26545,0.26545,0,1,0,0,0,0,,,0,1,y,n,y,m,m,m,m,m,y,n,n,,,,,,,,,,,,,,,,,,,,,,,,,,,,,,,,,,,,,,
sol_glo_1.1Ado_d235_m020,third-party solar leasing,Global,1.1,Risk & Uncertainty (Shared Expectations),scientific publications,# publications,sol,0.1118,0.058152,1.074,2010.9,39.307,66.289,1.7285,1962.5,-2126.6,0.88873,0.88219,6.2522,3.9189,0.85728,0.85179,7.0811,5.2731,0.82731,0.82067,7.789,6.2459,55,38,0.95038,0.015085,0.93529,45,2,44,0,0,1,0.93508,0,1,y,y,y,y,y,y,y,y,y,y,y,,,,,,,,,,,,,,,,,,,,,,,,,,,,,,,,,,,,,,
sol_mas_1.1Ado_d039_m195,third-party solar leasing,Massachusetts,1.1,Adopter Characteristics,% third party owned systems (income=$100k-$150k),%,sol,0.81536,0.0045736,0.038698,2012.4,5.3896,0.57759,1554.3,1.5758e+05,-77.568,0.70264,0.60352,0.11121,0.081006,-4.7973,-5.9567,0.49105,0.44669,0.50405,0.40487,0.14362,0.097588,13,13,1.3002,0.083105,1.2171,13,7,12,1,0,1,0.8924,1,1,y,y,y,y,y,y,y,y,y,y,y,,,,,,,,,,,,,,,,,,,,,,,,,,,,,,,,,,,,,,
sol_mas_1.1Ado_d040_m195,third-party solar leasing,Massachusetts,1.1,Adopter Characteristics,% third party owned systems (income=$150k-$200k),%,sol,0.93922,0.0040471,0.033033,2012.2,4.6788,0.51548,1554.5,1.5756e+05,-66.189,0.66146,0.54861,0.11034,0.074134,-4.5747,-5.6897,0.44776,0.40562,0.42477,0.30973,0.14383,0.10379,13,13,1.3909,0.10864,1.2823,13,7,12,1,0,1,0.8875,1,1,m,y,y,y,y,y,y,y,y,m,y,,,,,,,,,,,,,,,,,,,,,,,,,,,,,,,,,,,,,,
sol_mas_1.1Ado_d041_m195,third-party solar leasing,Massachusetts,1.1,Adopter Characteristics,% third party owned systems (income=$200k-$250k),%,sol,1.1188,0.053799,0.021148,2011.8,3.9278,0.3915,0.72839,2031.5,-42.314,0.51519,0.35358,0.11168,0.081868,0.19875,0.0385,0.14357,0.10316,0.24341,0.092089,0.13951,0.10403,13,13,1.6194,0.074074,1.5453,13,7,12,1,0,1,0.86821,1,1,m,y,y,y,y,y,y,y,m,m,m,,,,,,,,,,,,,,,,,,,,,,,,,,,,,,,,,,,,,,
sol_mas_1.1Ado_d044_m195,third-party solar leasing,Massachusetts,1.1,Adopter Characteristics,% third party owned systems (income>$250k),%,sol,1.1202,0.0026462,0.017967,2011.7,3.9231,0.37315,1554.9,1.5752e+05,-35.914,0.46106,0.28142,0.11572,0.082799,-3.7949,-4.7539,0.34517,0.30708,0.18188,0.018259,0.14258,0.10084,13,13,1.7124,0.10719,1.6052,13,7,12,1,0,1,0.85268,1,1,m,y,y,y,y,y,y,y,m,m,m,,,,,,,,,,,,,,,,,,,,,,,,,,,,,,,,,,,,,,
sol_mas_1.1Ado_d213_m100,third-party solar leasing,Massachusetts,1.1,Knowledge Flows (social networks),annualised Google search frequency (index 100=monthly max.),Index 0-100,sol,0.18362,0.18362,3.4061,2078.9,23.932,2.3438e+06,0.080333,1985.3,-6830.4,0.5581,0.48011,22.429,14.829,0.5581,0.509,22.429,14.829,0.37368,0.30409,26.702,20.496,21,12,4.2666e-05,4.1169e-06,3.8549e-05,20,0,11,0,1,1,0.60786,0,1,m,y,y,m,m,m,m,m,y,m,m,,,,,,,,,,,,,,,,,,,,,,,,,,,,,,,,,,,,,,
sol_mas_1.1Ado_d239_m153,third-party solar leasing,Massachusetts,1.1,Knowledge Flows (social networks),Partial up to max annualised Google search frequency (index 100=monthly max.),Partial up to max Index 0-100,sol,0.18362,0.18362,3.4061,2078.9,23.932,2.3438e+06,0.080333,1985.3,-6830.4,0.5581,0.48011,22.429,14.829,0.5581,0.509,22.429,14.829,0.37368,0.30409,26.702,20.496,21,12,4.2666e-05,4.1169e-06,3.8549e-05,20,0,11,0,1,1,0.60786,0,1,m,y,y,m,m,m,m,m,y,m,m,,,,,,,,,,,,,,,,,,,,,,,,,,,,,,,,,,,,,,
sol_new_1.1Ado_d039_m195,third-party solar leasing,New Jersey,1.1,Adopter Characteristics,% third party owned systems (income=$100k-$150k),%,sol,-0.73546,0.00052246,-0.0042527,2022.2,-5.9751,0.72812,1555.8,1.5743e+05,9.24,0.17097,-0.10537,0.21804,0.14932,-7.7452,-9.4943,0.70818,0.66646,0.0044152,-0.1947,0.23894,0.19538,13,13,1.2828,0.12773,1.155,13,9,12,1,0,1,0.96068,1,1,n,y,y,y,y,y,y,y,m,n,m,,,,,,,,,,,,,,,,,,,,,,,,,,,,,,,,,,,,,,
sol_new_1.1Ado_d040_m195,third-party solar leasing,New Jersey,1.1,Adopter Characteristics,% third party owned systems (income=$150k-$200k),%,sol,-0.7097,0.00055877,-0.0039066,2022.1,-6.192,0.68549,1555.7,1.5744e+05,8.4982,0.16131,-0.11825,0.22223,0.15945,-6.5817,-8.098,0.66816,0.62254,0.0036285,-0.19565,0.24222,0.20152,13,13,1.3115,0.094823,1.2166,13,7,12,1,0,1,0.96013,1,1,n,y,y,y,y,y,y,y,m,n,m,,,,,,,,,,,,,,,,,,,,,,,,,,,,,,,,,,,,,,
sol_new_1.1Ado_d041_m195,third-party solar leasing,New Jersey,1.1,Adopter Characteristics,% third party owned systems (income=$200k-$250k),%,sol,-0.67847,0.00042985,-0.0053434,2021.7,-6.477,0.62903,1555.8,1.5744e+05,11.331,0.1559,-0.12547,0.23592,0.17586,-4.7294,-5.8753,0.61463,0.55842,0.0060624,-0.19273,0.256,0.21925,13,13,1.4165,0.036564,1.3799,13,9,12,1,0,1,0.95467,1,1,n,y,y,y,y,y,y,y,m,n,m,,,,,,,,,,,,,,,,,,,,,,,,,,,,,,,,,,,,,,
sol_new_1.1Ado_d044_m195,third-party solar leasing,New Jersey,1.1,Adopter Characteristics,% third party owned systems (income>$250k),%,sol,-0.69314,0.00039716,-0.0056978,2021.7,-6.34,0.62839,1555.8,1.5743e+05,12.046,0.1693,-0.1076,0.22365,0.16574,-5.1983,-6.438,0.61091,0.55946,0.0075486,-0.19094,0.24445,0.20675,13,13,1.4004,0.074795,1.3256,13,9,12,1,0,1,0.95705,1,1,n,y,y,y,y,y,y,y,m,n,m,,,,,,,,,,,,,,,,,,,,,,,,,,,,,,,,,,,,,,
sol_new_1.1Ado_d213_m100,third-party solar leasing,New Jersey,1.1,Knowledge Flows (social networks),annualised Google search frequency (index 100=monthly max.),Index 0-100,sol,0.17112,0.17111,3.6032,2081.9,25.681,1.6812e+06,0.19536,1988.6,-7232.3,0.70677,0.65503,15.038,12.153,0.70677,0.67419,15.038,12.153,0.61726,0.57474,17.181,14.216,21,13,5.9481e-05,5.4275e-06,5.4053e-05,14,0,6,0,1,1,0.62767,0,1,y,y,y,m,y,m,m,m,y,m,m,,,,,,,,,,,,,,,,,,,,,,,,,,,,,,,,,,,,,,
sol_new_1.1Ado_d239_m153,third-party solar leasing,New Jersey,1.1,Knowledge Flows (social networks),Partial up to max annualised Google search frequency (index 100=monthly max.),Partial up to max Index 0-100,sol,0.17112,0.17111,3.6032,2081.9,25.681,1.6812e+06,0.19536,1988.6,-7232.3,0.70677,0.65503,15.038,12.153,0.70677,0.67419,15.038,12.153,0.61726,0.57474,17.181,14.216,21,13,5.9481e-05,5.4275e-06,5.4053e-05,14,0,6,0,1,1,0.62767,0,1,y,y,y,m,y,m,m,m,y,m,m,,,,,,,,,,,,,,,,,,,,,,,,,,,,,,,,,,,,,,
sol_usa_1.1Ado_d039_m195,third-party solar leasing,US,1.1,Adopter Characteristics,% third party owned systems (income=$100k-$150k),%,sol,-0.65707,0.00029441,-0.0070385,2022.2,-6.688,0.45401,1555.7,1.5744e+05,14.603,0.24416,-0.0077914,0.1087,0.074091,-10.91,-13.292,0.43151,0.413,0.044363,-0.14676,0.12223,0.092408,13,13,1.3105,0.33479,0.97574,13,7,12,1,0,1,0.95344,1,1,n,y,y,y,y,y,y,y,m,n,m,,,,,,,,,,,,,,,,,,,,,,,,,,,,,,,,,,,,,,
sol_usa_1.1Ado_d040_m195,third-party solar leasing,US,1.1,Adopter Characteristics,% third party owned systems (income=$150k-$200k),%,sol,-0.54542,-0.024757,-0.011418,2021.9,-8.057,0.43859,3.8106,1923.4,23.404,0.3289,0.10519,0.096697,0.067849,0.10991,-0.068107,0.11136,0.085243,0.13099,-0.04281,0.11003,0.081547,13,13,1.3133,0.38532,0.92796,13,10,12,1,0,1,0.9533,1,1,m,y,y,y,y,y,y,y,m,m,m,,,,,,,,,,,,,,,,,,,,,,,,,,,,,,,,,,,,,,
sol_usa_1.1Ado_d041_m195,third-party solar leasing,US,1.1,Adopter Characteristics,% third party owned systems (income=$200k-$250k),%,sol,-0.46393,-0.03971,-0.015802,2021,-9.4722,0.40451,1.703,1974.7,32.19,0.4055,0.20733,0.092188,0.066682,0.20542,0.046498,0.10658,0.083815,0.24455,0.093462,0.10392,0.077926,13,13,1.4066,0.40542,1.0012,13,10,12,1,0,1,0.94537,1,1,m,y,y,y,y,y,y,y,m,m,m,,,,,,,,,,,,,,,,,,,,,,,,,,,,,,,,,,,,,,
sol_usa_1.1Ado_d044_m195,third-party solar leasing,US,1.1,Adopter Characteristics,% third party owned systems (income>$250k),%,sol,-0.42742,-0.04475,-0.017027,2020.8,-10.281,0.4,0.46934,2007.2,34.648,0.40355,0.20474,0.094297,0.067514,0.23062,0.076739,0.1071,0.082755,0.27227,0.12673,0.10416,0.076277,13,13,1.4475,0.395,1.0525,13,10,12,1,0,1,0.94015,1,1,m,y,y,y,y,y,y,y,m,m,m,,,,,,,,,,,,,,,,,,,,,,,,,,,,,,,,,,,,,,
sol_usa_1.1Ado_d213_m100,third-party solar leasing,US,1.1,Knowledge Flows (social networks),annualised Google search frequency (index 100=monthly max.),Index 0-100,sol,0.54291,0.073816,4.999,2009.9,8.0943,83.84,0.14032,1933.6,-10011,0.93132,0.9192,8.5099,7.5051,0.74557,0.7173,16.379,13.425,0.869,0.85444,11.753,9.9238,21,18,1.1927,0.049467,1.1433,18,0,17,0,0,1,0.93325,0,1,y,y,y,y,y,y,y,y,y,y,y,,,,,,,,,,,,,,,,,,,,,,,,,,,,,,,,,,,,,,
sol_usa_1.1Ado_d239_m153,third-party solar leasing,US,1.1,Knowledge Flows (social networks),Partial up to max annualised Google search frequency (index 100=monthly max.),Partial up to max Index 0-100,sol,0.54291,0.073816,4.999,2009.9,8.0943,83.84,0.14032,1933.6,-10011,0.93132,0.9192,8.5099,7.5051,0.74557,0.7173,16.379,13.425,0.869,0.85444,11.753,9.9238,21,18,1.1927,0.049467,1.1433,18,0,17,0,0,1,0.93325,0,1,y,y,y,y,y,y,y,y,y,y,y,,,,,,,,,,,,,,,,,,,,,,,,,,,,,,,,,,,,,,
sol_usa_1.1Adod_m_0,third-party solar leasing,United States,1.1,Adopter Characteristics,% third party owned systems (income > =$100k),Share of solar leasing among income >= $100k households (%),sol,-0.50758,-0.029504,-0.012821,2021.7,-8.6576,0.42137,0.12426,2052.2,26.211,0.34263,0.12351,0.09663,0.06891,0.13575,-0.037101,0.1108,0.085951,0.16203,-0.005569,0.1091,0.081577,13,13,1.3705,0.3815,0.98904,13,10,12,1,0,1,0.94925,1,1,m,y,y,y,y,y,y,y,m,m,m,,,,,,,,,,,,,,,,,,,,,,,,,,,,,,,,,,,,,,
sto_usa_1.1Adod_m_0,home energy storage,United States,1.1,Adoption over Time,Annual residential battery storage installed capacity in the United States,Residential battery storage installed (MWh),sto,2.5034,0.063093,157.2,2022.8,1.7554,2306.7,0.0064535,1823.7,-3.162e+05,0.31208,-inf,544.12,416.72,0.059249,-1.8223,636.31,540.09,0.071772,-1.7847,632.06,536,4,4,1.3521,0.62123,0.73091,4,1,3,1,0,0,0.77345,0,0,m,n,y,y,y,y,y,y,m,n,n,,,,,,,,,,,,,,,,,,,,,,,,,,,,,,,,,,,,,,
sto_usa_1.2Ford_m_0,home energy storage,United States,1.2,Estimated Number of Systems,"Estimated number of residential battery storage systems installed annually, derived by dividing total installed capacity (MWh) by 13.5 kWh assumed average capacity",Estimated number of residential battery systems,sto,2.5034,0.06309,11644,2022.8,1.7554,1.7087e+05,0.0028268,1742.4,-2.3422e+07,0.31208,-inf,40305,30869,0.059249,-1.8223,47134,40006,0.071772,-1.7847,46819,39704,4,4,1.3521,0.62123,0.73091,4,1,3,1,0,0,0.77345,0,0,m,n,y,y,y,y,y,y,m,n,n,,,,,,,,,,,,,,,,,,,,,,,,,,,,,,,,,,,,,,
tel_aus_1.1Ado_d324_m183,teleworking/commuting,Austria,1.1,Adoption over time,Partial up to 2019 Employed persons teleworking as a percentage of the total employment (%),Partial up to 2019 Percentage of total employment,tel,-0.014532,0.00085711,-0.0014286,1497.4,-302.41,189.47,1555.4,1.5747e+05,2.981,0.4592,-0.352,0.0026741,0.002374,-761.35,-1269.6,0.1004,0.10033,0.45018,0.083633,0.0026963,0.002381,6,6,0.00056474,0.0005014,6.3335e-05,6,5,2,0,1,0,0.82369,1,1,m,y,y,y,y,y,y,m,y,m,y,m,y,,,,,0,prefer-relative,transformed-partial,1,1,0,1,0,0,,,,,,,,1539,,,,,,,,1,1,0,1,0,0,,
tel_aus_3.2Adc_d098_m036,teleworking/commuting,Austria,3.2,Adopter characteristics,Female employees teleworking as a % of total female employment,% female teleworkers of total female employment,tel,-0.13864,-0.0020985,-0.0025286,2048.9,-31.696,1.2228,1.0356,2090.2,6.3076,0.9484,0.9226,0.0017227,0.0014496,0.91619,0.89224,0.0021955,0.0018052,0.91716,0.8935,0.0021827,0.001793,10,10,0.99123,0.97481,0.016424,10,9,0,0,0,0,0.90026,0,1,y,y,y,y,y,y,y,m,y,m,y,n,m,,,,needs to be partial to 2019 to match 1.1,0,,,0,0,0,0,0,1,,,,,,,,1541,,,,,,,,0,0,0,0,0,1,,
tel_aus_3.2Adc_d117_m039,teleworking/commuting,Austria,3.2,Adopter characteristics,Male employees teleworking as a % of total male employment,% male teleworkers of total male employment,tel,-0.0048127,-0.0047674,-0.0055486,1051.1,-913.09,123.65,0.28584,2313,12.364,0.89487,0.8423,0.0054634,0.0044715,0.89487,0.86483,0.0054633,0.0044715,0.89464,0.86453,0.0054693,0.0044704,10,10,0.0096033,0.0092452,0.00035804,10,9,0,0,0,0,0.89977,0,1,y,y,y,y,y,y,y,m,y,m,y,n,m,,,,needs to be partial to 2019 to match 1.1,0,,,0,0,0,0,0,0,,,,,,,,1542,,,,,,,,0,0,0,0,0,0,delete,
tel_aus_3.5Mar_d074_m128,teleworking/commuting,Austria,3.5,Market Formation,CumulativeStartups,cum. # companies,tel,,0.00078174,-0.0012122,,,,1555.6,1.574e+05,3.5202,,,,,-3958.6,-4147.2,1.0935,1.0934,0.82064,0.8121,0.0073597,0.0058873,45,45,,,,45,44,0,0,0,0,0.97709,0,1,n,y,y,y,y,y,y,m,y,n,y,y,y,,,,,0,prefer,original,1,1,0,0,0,1,,,,,,,,1543,,,,,,,,1,1,0,0,0,1,,
tel_aus_3.5Mar_d126_m008,teleworking/commuting,Austria,3.5,Market Formation,NewStartups,# companies,tel,-5.1501e-05,0.0009027,-2.6137e-05,1382.8,-85327,2.0305,1555.6,1.5741e+05,1.0514,0.49555,0.45864,0.00034248,0.0002612,-4.2929e+06,-4.4973e+06,0.99908,0.99908,0.49555,0.47153,0.00034248,0.00026121,45,45,0.49248,0.49101,0.0014774,45,44,0,0,0,0,0.9778,1,1,m,y,y,y,y,y,y,m,y,m,y,n,n,,,,,0,hide,original,0,1,0,0,0,0,,,,,,,,1544,,,,,,,,0,1,0,0,0,0,delete,
tel_aus_3.5Mar_d171_m011,teleworking/commuting,Austria,3.5,Market Formation,PrivateEquityDeals,# deals,tel,,0.00085219,-0.00060356,,,,1555.6,1.5741e+05,2.1624,,,,,-14612,-15307,0.95413,0.9541,0.98622,0.98557,0.00092641,0.00072645,45,45,,,,45,44,0,0,0,0,0.97774,1,1,n,y,y,y,y,y,y,m,y,n,y,n,n,,,,,0,hide,original,0,1,0,0,0,0,,,,,,,,1545,,,,,,,,0,1,0,0,0,0,delete,
tel_aus_3.5Mar_d175_m027,teleworking/commuting,Austria,3.5,Market Formation,PrivateEquityInvestment,$ million,tel,-0.019997,-0.00065461,-0.00058249,2172.2,-219.76,0.91959,1.6296,1076.3,2.0552,0.99353,0.99305,0.00061439,0.00048953,0.98068,0.97976,0.0010614,0.00090196,0.98153,0.98065,0.0010377,0.00088194,45,45,0.97869,0.95212,0.026568,45,44,0,0,0,0,0.97784,1,1,y,y,y,y,y,y,y,m,y,m,y,n,n,,,,,0,hide,original,0,1,0,0,0,0,,,,,,,,1546,,,,,,,,0,1,0,0,0,0,delete,
tel_aus_3.5Mar_d200_m027,teleworking/commuting,Austria,3.5,Market Formation,TotalFundraisingAmount,$ million,tel,-0.020604,-0.00061692,-0.00050185,2171.7,-213.29,0.83825,0.20852,4207.1,1.8175,0.99356,0.99308,0.00052835,0.00043103,0.97973,0.97876,0.00093719,0.00078001,0.98057,0.97964,0.00091755,0.00076401,45,45,0.98058,0.95437,0.026215,45,44,0,0,0,0,0.97787,1,1,y,y,y,y,y,y,y,m,y,m,y,n,n,,,,,0,hide,original,0,1,0,0,0,0,,,,,,,,1547,,,,,,,,0,1,0,0,0,0,delete,
tel_aus_3.5Mar_d204_m011,teleworking/commuting,Austria,3.5,Market Formation,TotalFundraisingDeals,# deals,tel,-0.022135,-0.00067503,-0.00050419,2159.2,-198.53,0.77006,1.7896,706,1.7556,0.99318,0.99268,0.0005466,0.00044692,0.97733,0.97625,0.00099684,0.00089187,0.97831,0.97727,0.00097504,0.00087005,45,45,0.98096,0.95338,0.027574,45,44,0,0,0,0,0.97786,1,1,y,y,y,y,y,y,y,m,y,m,y,n,n,,,,,0,hide,original,0,1,0,0,0,0,,,,,,,,1548,,,,,,,,0,1,0,0,0,0,delete,
tel_aus_3.5Mar_d242_m156,teleworking/commuting,Austria,3.5,Market Formation,cumulative CumulativeStartups,cumulative cum. # companies,tel,,-0.0010579,-0.0011075,,,,0.48252,2734.5,3.2645,,,,,0.98945,0.98895,0.0014857,0.0011934,0.98892,0.98839,0.0015226,0.0012032,45,45,,,,45,44,0,0,0,0,0.9777,0,1,n,y,y,y,y,y,y,m,y,n,y,y,y,,,,not needed as transformed-cumulative twice (error),1,delete,transformed-cumx2error,0,0,0,0,0,0,,,,,,,,1549,,,,,,,,0,0,0,0,0,0,delete,
tel_aus_3.5Mar_d243_m157,teleworking/commuting,Austria,3.5,Market Formation,Partial up to max CumulativeStartups,Partial up to max cum. # companies,tel,,0.00084669,-0.00060825,,,,1555.6,1.574e+05,2.2244,,,,,-15674,-16458,1.0074,1.0073,0.88004,0.87404,0.0027868,0.0023914,43,43,,,,43,42,17,0,1,0,0.97657,0,1,n,y,y,y,y,y,y,m,y,n,y,y,y,,,,not needed as transformed-cumulative preferred,1,delete,transformed-partial,0,0,0,0,0,0,,,,,,,,1550,,,,,,,,0,0,0,0,0,0,delete,
tel_aus_3.5Mar_d244_m158,teleworking/commuting,Austria,3.5,Market Formation,cumulative NewStartups,cumulative # companies,tel,,-0.00019502,-0.00019345,,,,1.2631,766,1.3798,,,,,0.88927,0.884,0.00088678,0.00078508,0.88873,0.88343,0.00088894,0.00078751,45,45,,,,45,44,17,0,1,0,0.97773,1,1,n,y,y,y,y,y,y,m,y,n,y,y,y,,,,not needed as cumulative in original data,1,delete,transformed-cumulative,0,0,0,0,0,0,,,,,,,,1551,,,,,,,,0,0,0,0,0,0,delete,
tel_aus_3.5Mar_d245_m159,teleworking/commuting,Austria,3.5,Market Formation,Partial up to max NewStartups,Partial up to max # companies,tel,-0.021452,0.00083784,-0.00071765,2153.4,-204.85,1.0165,1555.5,1.574e+05,2.4147,0.9649,0.9615,0.0013893,0.0011138,-17524,-18619,0.98158,0.98155,0.95548,0.95269,0.0015646,0.0011467,35,35,0.97389,0.95428,0.019608,35,34,0,0,0,0,0.97151,1,1,y,y,y,y,y,y,y,m,y,m,y,n,n,,,,not needed as transformed-cumulative preferred,1,delete,transformed-partial,0,0,0,0,0,0,,,,,,,,1552,,,,,,,,0,0,0,0,0,0,delete,
tel_aus_3.5Mar_d246_m160,teleworking/commuting,Austria,3.5,Market Formation,cumulative PrivateEquityDeals,cumulative # deals,tel,,0.00086318,-0.00051422,,,,1555.5,1.5741e+05,1.957,,,,,-19158,-20070,0.92756,0.92753,0.99315,0.99282,0.00055459,0.00045201,45,45,,,,45,44,0,0,0,0,0.97775,1,1,n,y,y,y,y,y,y,m,y,n,y,y,y,,,,too few,0,prefer,transformed-cumulative,0,1,0,0,0,0,,,,,,,,1553,,,,,,,,0,1,0,0,0,0,delete,
tel_aus_3.5Mar_d247_m161,teleworking/commuting,Austria,3.5,Market Formation,Partial up to max PrivateEquityDeals,Partial up to max # deals,tel,-0.00067683,-0.00053669,-0.00048717,14.494,-6492.7,4.3843,1.2786,1360.3,1.8814,0.9901,0.98923,0.00053408,0.00041423,0.99011,0.98955,0.00053392,0.0004146,0.99008,0.98952,0.00053468,0.000414,38,38,0.20906,0.20528,0.0037846,38,37,3,0,0,0,0.97365,1,1,y,y,y,y,y,y,y,m,y,m,y,n,n,,,,not needed as transformed-cumulative preferred,1,delete,transformed-partial,0,0,0,0,0,0,,,,,,,,1554,,,,,,,,0,0,0,0,0,0,delete,
tel_aus_3.5Mar_d248_m162,teleworking/commuting,Austria,3.5,Market Formation,cumulative PrivateEquityInvestment,cumulative $ million,tel,,0.00084278,-0.00079875,,,,1555.5,1.5741e+05,2.4575,,,,,-6671.4,-6989.1,0.85846,0.85839,0.97431,0.97308,0.0016845,0.0014033,45,45,,,,45,44,0,0,0,0,0.97774,1,1,n,y,y,y,y,y,y,m,y,n,y,y,y,,,,too few,0,prefer,transformed-cumulative,0,1,0,0,0,0,,,,,,,,1555,,,,,,,,0,1,0,0,0,0,delete,
tel_aus_3.5Mar_d249_m163,teleworking/commuting,Austria,3.5,Market Formation,Partial up to max PrivateEquityInvestment,Partial up to max $ million,tel,-0.0080181,-0.00067183,-0.00055964,2297,-548.07,0.90912,1.0898,1598.1,1.9513,0.99101,0.99022,0.00058484,0.00047527,0.98963,0.98904,0.0006281,0.00047614,0.98987,0.98929,0.00062082,0.00047227,38,38,0.92584,0.90534,0.020506,38,37,0,0,0,0,0.97371,1,1,y,y,y,y,y,y,y,m,y,m,y,n,n,,,,not needed as transformed-cumulative preferred,1,delete,transformed-partial,0,0,0,0,0,0,,,,,,,,1556,,,,,,,,0,0,0,0,0,0,delete,
tel_aus_3.5Mar_d250_m162,teleworking/commuting,Austria,3.5,Market Formation,cumulative TotalFundraisingAmount,cumulative $ million,tel,-0.0046308,0.00088818,-0.00038744,2463,-948.96,0.8843,1555.5,1.5742e+05,1.5663,0.96093,0.95807,0.0010147,0.0008987,-23719,-24848,0.79069,0.79067,0.9606,0.95872,0.0010191,0.00090259,45,45,0.90467,0.88288,0.021791,45,44,0,0,0,0,0.97779,1,1,y,y,y,y,y,y,y,m,y,m,y,y,y,,,,too few,0,prefer,transformed-cumulative,0,1,0,0,0,0,,,,,,,,1557,,,,,,,,0,1,0,0,0,0,delete,
tel_aus_3.5Mar_d251_m163,teleworking/commuting,Austria,3.5,Market Formation,Partial up to max TotalFundraisingAmount,Partial up to max $ million,tel,-0.027106,0.00086058,-0.00069233,2123.8,-162.12,0.79722,1555.4,1.5741e+05,2.154,0.97443,0.97218,0.0012389,0.0010127,-9885.5,-10450,0.77038,0.77034,0.96016,0.95789,0.0015464,0.0013264,38,38,0.97921,0.9483,0.030915,38,37,0,0,0,0,0.97382,1,1,y,y,y,y,y,y,y,m,y,m,y,n,n,,,,not needed as transformed-cumulative preferred,1,delete,transformed-partial,0,0,0,0,0,0,,,,,,,,1558,,,,,,,,0,0,0,0,0,0,delete,
tel_aus_3.5Mar_d252_m160,teleworking/commuting,Austria,3.5,Market Formation,cumulative TotalFundraisingDeals,cumulative # deals,tel,,0.00087632,-0.00058956,,,,1555.4,1.5742e+05,1.8946,,,,,-8497.6,-8902.3,0.71432,0.71428,0.97644,0.97532,0.0011893,0.00083018,45,45,,,,45,44,0,0,0,0,0.97756,1,1,n,y,y,y,y,y,y,m,y,n,y,y,y,,,,too few,0,prefer,transformed-cumulative,0,1,0,0,0,0,,,,,,,,1559,,,,,,,,0,1,0,0,0,0,delete,
tel_aus_3.5Mar_d253_m161,teleworking/commuting,Austria,3.5,Market Formation,Partial up to max TotalFundraisingDeals,Partial up to max # deals,tel,,0.00087816,-0.00058996,,,,1555.4,1.5741e+05,1.8692,,,,,-10859,-11479,0.69021,0.69018,0.95407,0.95145,0.0014194,0.0012163,38,38,,,,38,37,0,0,0,0,0.97361,1,1,n,y,y,y,y,y,y,m,y,n,y,n,n,,,,not needed as transformed-cumulative preferred,1,delete,transformed-partial,0,0,0,0,0,0,,,,,,,,1560,,,,,,,,0,0,0,0,0,0,delete,
tel_eun_1.1Ado_d325_m184,teleworking/commuting,EU,1.1,Adoption over time,Partial up to 2019 Employed persons teleworking as a % of total employment,Partial up to 2019 % teleworkers of total employment,tel,0.024076,0.0011076,0.0012,2371.1,182.52,256.65,1555.3,1.5748e+05,-2.3695,0.86734,0.66836,0.00080532,0.00060981,-518.2,-864.34,0.050382,0.050333,0.85909,0.76515,0.00082999,0.00062222,6,6,0.0002104,0.00018702,2.3378e-05,6,0,5,0,0,0,0.8281,1,1,y,y,y,y,y,y,y,m,y,m,y,m,y,,,,,0,prefer-relative,transformed-partial,1,1,0,1,0,0,,,,,,,,1562,,,,,,,,1,1,0,1,0,0,,
tel_eun_3.2Adc_d087_m116,teleworking/commuting,EU,3.2,Adopter characteristics,Employed persons (Age: 15-24) teleworking as a percentage of total employees age: 15-24 (%),Percentage of employment within age group,tel,-0.0018233,-0.0016714,-0.0011273,702.56,-2410.2,8.0971,0.94912,1813.6,2.9493,0.96163,0.93861,0.0005814,0.00050527,0.96163,0.94884,0.00058139,0.00050534,0.96161,0.94882,0.00058153,0.00050464,9,9,0.083797,0.082808,0.00098888,9,8,0,0,0,0,0.88887,1,1,y,y,y,y,y,y,y,m,y,m,y,m,y,,,,needs to be partial to 2019 to match 1.1,0,,,0,1,0,0,0,0,,,,,,,,1564,,,,,,,,0,1,0,0,0,0,delete,
tel_eun_3.2Adc_d088_m116,teleworking/commuting,EU,3.2,Adopter characteristics,Employed persons (Age: 25-49) teleworking as a percentage of total employees age: 25-49 (%),Percentage of employment within age group,tel,-0.022212,0.0008981,-0.00042226,2177.5,-197.84,0.68804,1555.7,1.5745e+05,1.5208,0.94848,0.92272,0.00028279,0.00024723,-2.8786e+05,-3.7011e+05,0.66846,0.66846,0.94765,0.9327,0.00028505,0.00024328,10,10,0.97378,0.9691,0.0046741,10,9,0,0,0,0,0.90002,1,1,y,y,y,y,y,y,y,m,y,m,y,m,y,,,,needs to be partial to 2019 to match 1.1,0,,,0,1,0,0,0,0,,,,,,,,1565,,,,,,,,0,1,0,0,0,0,delete,
tel_eun_3.2Adc_d089_m116,teleworking/commuting,EU,3.2,Adopter characteristics,Employed persons (Age: 50+) teleworking as a percentage of total employees age: 50+ (%),Percentage of employment within age group,tel,-0.055442,-0.0010959,-0.00072699,2089,-79.263,0.67668,1.0401,1608,2.1307,0.97469,0.96204,0.00033727,0.00029979,0.96995,0.96136,0.0003675,0.00033771,0.97014,0.96161,0.00036634,0.00033685,10,10,0.98422,0.9746,0.0096147,10,9,0,0,0,0,0.90014,1,1,y,y,y,y,y,y,y,m,y,m,y,n,y,,,,needs to be partial to 2019 to match 1.1,0,,,0,1,0,0,0,0,,,,,,,,1566,,,,,,,,0,1,0,0,0,0,delete,
tel_eun_3.2Adc_d098_m036,teleworking/commuting,EU,3.2,Adopter characteristics,Female employees teleworking as a % of total female employment,% female teleworkers of total female employment,tel,-0.0010927,0.00088588,-0.00056667,796.46,-4021.5,3.1449,1555.7,1.5745e+05,1.7988,0.91957,0.87935,0.00048137,0.00041333,-1.4892e+05,-1.9146e+05,0.65499,0.65499,0.91956,0.89658,0.00048139,0.00041333,10,10,0.20923,0.20738,0.0018443,10,9,0,0,0,0,0.89996,1,1,y,y,y,y,y,y,y,m,y,m,y,m,y,,,,needs to be partial to 2019 to match 1.1,0,,,0,1,0,0,0,1,,,,,,,,1567,,,,,,,,0,1,0,0,0,1,,
tel_eun_3.2Adc_d117_m039,teleworking/commuting,EU,3.2,Adopter characteristics,Male employees teleworking as a % of total male employment,% male teleworkers of total male employment,tel,-0.00092361,0.0008911,-0.00051777,6.2446,-4757.9,4.8071,1555.7,1.5745e+05,1.6935,0.814,0.721,0.00071106,0.00055439,-1.5464e+05,-1.9882e+05,0.64835,0.64835,0.8136,0.76034,0.00071183,0.00055484,10,10,0.13563,0.13437,0.001264,10,9,0,0,0,0,0.89981,1,1,y,y,y,y,y,y,y,m,y,m,y,m,y,,,,needs to be partial to 2019 to match 1.1,0,,,0,1,0,0,0,0,,,,,,,,1568,,,,,,,,0,1,0,0,0,0,delete,
tel_eun_3.5Mar_d074_m128,teleworking/commuting,EU,3.5,Market Formation,CumulativeStartups,cum. # companies,tel,-0.0089234,-0.0012154,-0.00076583,2209.2,-492.46,0.72936,1.248,1439.1,2.1629,0.99318,0.99268,0.00082501,0.00070902,0.99108,0.99065,0.00094352,0.00078634,0.99168,0.99128,0.00091098,0.00075668,45,45,0.88556,0.84032,0.045233,45,44,0,0,0,0,0.97779,1,1,y,y,y,y,y,y,y,m,y,m,y,y,y,,,,,0,prefer,original,1,1,0,0,0,1,,,,,,,,1569,,,,,,,,1,1,0,0,0,1,,
tel_eun_3.5Mar_d126_m008,teleworking/commuting,EU,3.5,Market Formation,NewStartups,# companies,tel,-0.015787,-0.0017652,-0.00091689,2133.6,-278.35,0.58454,1.1464,1552.5,2.3542,0.99111,0.99046,0.0011307,0.00088029,0.98422,0.98347,0.0015066,0.0012218,0.98584,0.98516,0.0014272,0.0011441,45,45,0.91764,0.85023,0.067403,45,44,0,0,0,0,0.97791,1,1,y,y,y,y,y,y,y,m,y,m,y,m,m,,,,,0,hide,original,1,1,0,0,0,0,,,,,,,,1570,,,,,,,,1,1,0,0,0,0,delete,
tel_eun_3.5Mar_d171_m011,teleworking/commuting,EU,3.5,Market Formation,PrivateEquityDeals,# deals,tel,,0.00090181,-0.00060616,,,,1555.3,1.5743e+05,1.643,,,,,-2870.8,-3007.6,0.42955,0.42948,0.96456,0.96287,0.001509,0.0013129,45,45,,,,45,44,0,0,0,0,0.97756,1,1,n,y,y,y,y,y,y,m,y,n,y,m,m,,,,,0,hide,original,1,1,0,0,0,0,,,,,,,,1571,,,,,,,,1,1,0,0,0,0,delete,
tel_eun_3.5Mar_d175_m027,teleworking/commuting,EU,3.5,Market Formation,PrivateEquityInvestment,$ million,tel,,0.00091933,-0.00048088,,,,737.28,75638,1.3321,,,,,-3462.5,-3627.4,0.36938,0.36932,0.99011,0.98964,0.00062411,0.00052185,45,45,,,,45,44,0,0,0,0,0.97775,1,1,n,y,y,y,y,y,y,m,y,n,y,m,m,,,,,0,hide,original,1,1,0,0,0,0,,,,,,,,1572,,,,,,,,1,1,0,0,0,0,delete,
tel_eun_3.5Mar_d200_m027,teleworking/commuting,EU,3.5,Market Formation,TotalFundraisingAmount,$ million,tel,,0.00092457,-0.00049344,,,,1555.2,1.5744e+05,1.2894,,,,,-2184.1,-2288.2,0.3016,0.30153,0.98651,0.98587,0.0007493,0.00060611,45,45,,,,45,44,0,0,0,0,0.97772,1,1,n,y,y,y,y,y,y,m,y,n,y,m,m,,,,,0,hide,original,0,1,0,0,0,0,,,,,,,,1573,,,,,,,,0,1,0,0,0,0,delete,
tel_eun_3.5Mar_d204_m011,teleworking/commuting,EU,3.5,Market Formation,TotalFundraisingDeals,# deals,tel,-0.0058328,0.00092487,-0.00055774,2065,-753.4,0.39584,1555.2,1.5744e+05,1.3504,0.98873,0.98791,0.0007732,0.00062604,-1030.2,-1079.3,0.23393,0.23382,0.98869,0.98815,0.00077481,0.00062668,45,45,0.6214,0.56175,0.059651,45,44,0,0,0,0,0.97767,1,1,y,y,y,y,y,y,y,m,y,m,y,m,m,,,,,0,hide,original,1,1,0,0,0,0,,,,,,,,1574,,,,,,,,1,1,0,0,0,0,delete,
tel_eun_3.5Mar_d242_m156,teleworking/commuting,EU,3.5,Market Formation,cumulative CumulativeStartups,cumulative cum. # companies,tel,,0.00086971,-0.00078156,,,,1555.4,1.5743e+05,2.1571,,,,,-3324.4,-3482.8,0.59254,0.59245,0.97581,0.97466,0.0015982,0.0012958,45,45,,,,45,44,0,0,0,0,0.97758,1,1,n,y,y,y,y,y,y,m,y,n,y,m,y,,,,not needed as transformed-cumulative twice (error),1,delete,transformed-cumx2error,0,0,0,0,0,0,,,,,,,,1575,,,,,,,,0,0,0,0,0,0,delete,
tel_eun_3.5Mar_d243_m157,teleworking/commuting,EU,3.5,Market Formation,Partial up to max CumulativeStartups,Partial up to max cum. # companies,tel,-0.020464,-0.0015681,-0.00087756,2123.8,-214.74,0.60574,1.2198,1503.4,2.3151,0.9939,0.99344,0.00087725,0.00076168,0.98322,0.9824,0.0014546,0.001205,0.98493,0.9842,0.0013784,0.0011366,44,44,0.95187,0.88618,0.065688,44,43,0,0,0,0,0.97741,1,1,y,y,y,y,y,y,y,m,y,m,y,y,y,,,,not needed as transformed-cumulative preferred,1,delete,transformed-partial,0,0,0,0,0,0,,,,,,,,1576,,,,,,,,0,0,0,0,0,0,delete,
tel_eun_3.5Mar_d244_m158,teleworking/commuting,EU,3.5,Market Formation,cumulative NewStartups,cumulative # companies,tel,-0.017897,,-0.00060927,2146.8,-245.54,0.51965,,,1.7024,0.98816,0.98729,0.00086925,0.00071601,,,,,0.98136,0.98048,0.0010904,0.00088203,45,45,0.95492,0.89827,0.056651,45,44,0,0,0,0,0.97787,1,1,y,y,y,y,y,y,y,m,y,m,y,y,y,,,,not needed as cumulative in original data,1,delete,transformed-cumulative,0,0,0,0,0,0,,,,,,,,1577,,,,,,,,0,0,0,0,0,0,delete,
tel_eun_3.5Mar_d245_m159,teleworking/commuting,EU,3.5,Market Formation,Partial up to max NewStartups,Partial up to max # companies,tel,,-0.0010463,-0.00047681,,,,0.88276,1368.2,1.4094,,,,,0.98921,0.98864,0.00058922,0.00047724,0.98903,0.98846,0.00059409,0.00047734,41,41,,,,41,40,0,0,0,0,0.9756,1,1,n,y,y,y,y,y,y,m,y,n,y,m,m,,,,not needed as transformed-cumulative preferred,1,delete,transformed-partial,0,0,0,0,0,0,,,,,,,,1578,,,,,,,,0,0,0,0,0,0,delete,
tel_eun_3.5Mar_d246_m160,teleworking/commuting,EU,3.5,Market Formation,cumulative PrivateEquityDeals,cumulative # deals,tel,-0.014405,0.00091874,-0.00044839,2175.6,-305.06,0.44141,1555.3,1.5744e+05,1.3051,0.98735,0.98642,0.00066089,0.00046649,-4810.4,-5039.5,0.40752,0.40747,0.98248,0.98164,0.00077773,0.00054528,45,45,0.94594,0.89259,0.053345,45,44,0,0,0,0,0.97795,1,1,y,y,y,y,y,y,y,m,y,m,y,y,y,,,,,0,prefer,transformed-cumulative,1,1,0,0,0,0,,,,,,,,1579,,,,,,,,1,1,0,0,0,0,delete,
tel_eun_3.5Mar_d247_m161,teleworking/commuting,EU,3.5,Market Formation,Partial up to max PrivateEquityDeals,Partial up to max # deals,tel,-0.018045,-0.00091005,-0.00035346,2164.3,-243.52,0.40886,0.68822,1371.2,1.0953,0.98949,0.98868,0.00045399,0.00038571,0.98024,0.97925,0.00062249,0.00048892,0.9812,0.98026,0.00060723,0.00047873,43,43,0.96359,0.92941,0.03418,43,42,0,0,0,0,0.97686,1,1,y,y,y,y,y,y,y,m,y,m,y,m,m,,,,not needed as transformed-cumulative preferred,1,delete,transformed-partial,0,0,0,0,0,0,,,,,,,,1580,,,,,,,,0,0,0,0,0,0,delete,
tel_eun_3.5Mar_d248_m162,teleworking/commuting,EU,3.5,Market Formation,cumulative PrivateEquityInvestment,cumulative $ million,tel,,-0.0015893,-0.00055079,,,,0.16167,2482,1.4494,,,,,0.99467,0.99441,0.000524,0.0004236,0.99416,0.99388,0.00054824,0.0004483,45,45,,,,45,44,0,0,0,0,0.97773,1,1,n,y,y,y,y,y,y,m,y,n,y,y,y,,,,,0,prefer,transformed-cumulative,1,1,0,0,0,0,,,,,,,,1581,,,,,,,,1,1,0,0,0,0,delete,
tel_eun_3.5Mar_d249_m163,teleworking/commuting,EU,3.5,Market Formation,Partial up to max PrivateEquityInvestment,Partial up to max $ million,tel,,0.0009207,-0.00051347,,,,1555.2,1.5744e+05,1.3497,,,,,-2462.3,-2585.5,0.32228,0.32221,0.96295,0.9611,0.0012498,0.0010635,43,43,,,,43,42,0,0,0,0,0.97642,1,1,n,y,y,y,y,y,y,m,y,n,y,m,m,,,,not needed as transformed-cumulative preferred,1,delete,transformed-partial,0,0,0,0,0,0,,,,,,,,1582,,,,,,,,0,0,0,0,0,0,delete,
tel_eun_3.5Mar_d250_m162,teleworking/commuting,EU,3.5,Market Formation,cumulative TotalFundraisingAmount,cumulative $ million,tel,-0.0078562,0.00092907,-0.00046721,2168.9,-559.36,0.35566,1555.2,1.5744e+05,1.2154,0.97133,0.96923,0.0010428,0.00088294,-2067.2,-2165.7,0.28006,0.28,0.97081,0.96942,0.0010522,0.00088537,45,45,0.81691,0.75475,0.062165,45,44,0,0,0,0,0.97783,1,1,y,y,y,y,y,y,y,m,y,m,y,y,y,,,,,0,prefer,transformed-cumulative,1,1,0,0,0,0,,,,,,,,1583,,,,,,,,1,1,0,0,0,0,delete,
tel_eun_3.5Mar_d251_m163,teleworking/commuting,EU,3.5,Market Formation,Partial up to max TotalFundraisingAmount,Partial up to max $ million,tel,-0.0020178,0.00092768,-0.00050604,0.80713,-2177.9,14.735,1555.2,1.5744e+05,1.2685,0.97927,0.97768,0.00091482,0.00075587,-1622,-1703.2,0.256,0.25592,0.97666,0.97549,0.00097078,0.00080334,43,43,0.018203,0.016709,0.0014939,43,42,0,0,0,0,0.97648,1,1,y,y,y,y,y,y,y,m,y,m,y,m,m,,,,not needed as transformed-cumulative preferred,1,delete,transformed-partial,0,0,0,0,0,0,,,,,,,,1584,,,,,,,,0,0,0,0,0,0,delete,
tel_eun_3.5Mar_d252_m160,teleworking/commuting,EU,3.5,Market Formation,cumulative TotalFundraisingDeals,cumulative # deals,tel,-0.021397,-0.0026364,-0.0005526,2094.2,-205.38,0.23892,5.9049e-05,5101.4,1.3153,0.99101,0.99035,0.00068611,0.0005565,0.98065,0.97973,0.0010066,0.00077917,0.98342,0.98263,0.0009318,0.00071809,45,45,0.92499,0.81694,0.10805,45,44,0,0,0,0,0.97791,1,1,y,y,y,y,y,y,y,m,y,m,y,y,y,,,,,0,prefer,transformed-cumulative,1,1,0,0,0,0,,,,,,,,1585,,,,,,,,1,1,0,0,0,0,delete,
tel_eun_3.5Mar_d253_m161,teleworking/commuting,EU,3.5,Market Formation,Partial up to max TotalFundraisingDeals,Partial up to max # deals,tel,,0.00090843,-0.00078585,,,,1555.2,1.5744e+05,1.7509,,,,,-331.9,-348.54,0.17863,0.17836,0.99219,0.9918,0.00086514,0.00072758,43,43,,,,43,42,0,0,0,0,0.97638,1,1,n,y,y,y,y,y,y,m,y,n,y,m,m,,,,not needed as transformed-cumulative preferred,1,delete,transformed-partial,0,0,0,0,0,0,,,,,,,,1586,,,,,,,,0,0,0,0,0,0,delete,
tel_fra_1.1Ado_d324_m183,teleworking/commuting,France,1.1,Adoption over time,Partial up to 2019 Employed persons teleworking as a percentage of the total employment (%),Partial up to 2019 Percentage of total employment,tel,-0.001822,0.00098293,-0.00011429,652.55,-2411.9,0.88848,1555.3,1.5748e+05,0.29879,0.017231,-1.4569,0.0014778,0.0013525,-2101.2,-3502.7,0.06835,0.068333,0.017143,-0.6381,0.0014779,0.0013524,6,6,0.078786,0.074284,0.0045021,6,4,1,1,1,0,0.82965,1,1,n,y,y,y,y,y,y,m,m,n,m,n,m,,,,,0,prefer-relative,transformed-partial,1,1,0,1,0,0,,,,,,,,1588,,,,,,,,1,1,0,1,0,0,,
tel_fra_3.2Adc_d098_m036,teleworking/commuting,France,3.2,Adopter characteristics,Female employees teleworking as a % of total female employment,% female teleworkers of total female employment,tel,,0.00094287,-0.00045256,,,,1621.1,1.6405e+05,1.0723,,,,,-14482,-18620,0.15879,0.15878,0.97059,0.96218,0.00022629,0.00017179,10,10,,,,10,9,0,0,0,0,0.90004,1,1,n,y,y,y,y,y,y,m,y,n,y,m,y,,,,needs to be partial to 2019 to match 1.1,0,,,0,1,0,0,0,1,,,,,,,,1590,,,,,,,,0,1,0,0,0,1,,
tel_fra_3.2Adc_d117_m039,teleworking/commuting,France,3.2,Adopter characteristics,Male employees teleworking as a % of total male employment,% male teleworkers of total male employment,tel,,0.00094353,-0.00045192,,,,1555.4,1.5748e+05,1.0647,,,,,-12877,-16557,0.15252,0.15251,0.93278,0.91358,0.00034845,0.00028009,10,10,,,,10,9,0,0,0,0,0.89953,1,1,n,y,y,y,y,y,y,m,y,n,y,m,y,,,,needs to be partial to 2019 to match 1.1,0,,,0,1,0,0,0,0,,,,,,,,1591,,,,,,,,0,1,0,0,0,0,delete,
tel_fra_3.5Mar_d074_m128,teleworking/commuting,France,3.5,Market Formation,CumulativeStartups,cum. # companies,tel,-0.0035017,0.00094075,-0.00048565,0.7818,-1255,153.98,1555.1,1.5745e+05,1.1116,0.98312,0.98188,0.00082812,0.00068283,-478.1,-500.92,0.13951,0.13936,0.97924,0.97826,0.00091827,0.00076688,45,45,0.00097466,0.00084741,0.00012726,45,44,0,0,0,0,0.97741,1,1,y,y,y,y,y,y,y,m,y,m,y,y,y,,,,,0,prefer,original,1,1,0,0,0,1,,,,,,,,1592,,,,,,,,1,1,0,0,0,1,,
tel_fra_3.5Mar_d126_m008,teleworking/commuting,France,3.5,Market Formation,NewStartups,# companies,tel,-0.0052405,0.00095698,-0.00038082,117.56,-838.55,1423,1555.1,1.5745e+05,0.83574,0.9702,0.96802,0.0008708,0.00073058,-211.41,-221.52,0.073518,0.073345,0.96128,0.95943,0.00099263,0.00084211,45,45,5.8152e-05,4.7083e-05,1.1069e-05,45,44,0,0,0,0,0.97667,1,1,y,y,y,y,y,y,y,m,y,m,y,n,m,,,,,0,hide,original,0,1,0,0,0,0,,,,,,,,1593,,,,,,,,0,1,0,0,0,0,delete,
tel_fra_3.5Mar_d171_m011,teleworking/commuting,France,3.5,Market Formation,PrivateEquityDeals,# deals,tel,-0.014889,0.00096657,-0.00033034,1243.5,-295.15,1779.9,1555.1,1.5745e+05,0.68392,0.98877,0.98794,0.00046131,0.00038039,-26.916,-28.246,0.022995,0.02258,0.97172,0.97038,0.00073184,0.00062446,45,45,1.7111e-05,9.1252e-06,7.9854e-06,45,44,0,0,0,0,0.97477,1,1,y,y,y,y,y,y,y,m,y,m,y,m,m,,,,,0,hide,original,0,1,0,0,0,0,,,,,,,,1594,,,,,,,,0,1,0,0,0,0,delete,
tel_fra_3.5Mar_d175_m027,teleworking/commuting,France,3.5,Market Formation,PrivateEquityInvestment,$ million,tel,-0.04557,0.00099742,-2.6707e-05,1760.3,-96.434,32.156,705.33,72482,0.054097,0.97281,0.97082,6.0037e-05,3.7757e-05,-2.9844,-3.1742,0.00072672,0.00062895,0.90764,0.90324,0.00011065,8.0421e-05,45,45,5.3078e-05,6.311e-06,4.6767e-05,45,44,0,0,0,0,0.93222,1,1,y,y,y,y,y,y,y,m,y,m,y,n,m,,,,,0,hide,original,0,1,0,0,0,0,,,,,,,,1595,,,,,,,,0,1,0,0,0,0,delete,
tel_fra_3.5Mar_d200_m027,teleworking/commuting,France,3.5,Market Formation,TotalFundraisingAmount,$ million,tel,29.937,0.064391,0.015433,2006.3,0.14679,0.53003,16.995,2074.1,-30.686,0.1397,0.076746,0.64438,0.28439,0.0792,0.035353,0.66665,0.31721,0.083238,0.039583,0.66519,0.33062,45,9,7.5931,0.020753,7.5723,17,16,1,0,0,1,0.038591,0,1,n,y,y,m,m,m,m,y,m,n,m,n,m,,,,,0,hide,original,0,1,0,0,0,0,,,,,,,,1596,,,,,,,,0,1,0,0,0,0,delete,
tel_fra_3.5Mar_d204_m011,teleworking/commuting,France,3.5,Market Formation,TotalFundraisingDeals,# deals,tel,2.5194,0.16426,0.044796,2019.3,1.7443,2.9202,6.4211,2028.3,-89.259,0.75742,0.73967,0.48133,0.19383,0.63477,0.61738,0.59061,0.28514,0.35438,0.32364,0.78524,0.51698,45,10,1.7122,0.34245,1.3698,18,3,17,1,0,1,0.7451,0,1,y,y,y,m,m,m,y,y,y,m,m,m,m,,,,,0,hide,original,1,1,0,0,0,0,,,,,,,,1597,,,,,,,,1,1,0,0,0,0,delete,
tel_fra_3.5Mar_d242_m156,teleworking/commuting,France,3.5,Market Formation,cumulative CumulativeStartups,cumulative cum. # companies,tel,-0.01014,0.00093992,-0.00051447,2030.3,-433.37,0.20763,1555.1,1.5745e+05,1.1485,0.99021,0.98949,0.00066438,0.00054588,-311.64,-326.53,0.11872,0.11853,0.9902,0.98974,0.00066456,0.00055112,45,45,0.62389,0.50899,0.11491,45,44,0,0,0,0,0.97795,1,1,y,y,y,y,y,y,y,m,y,m,y,y,y,,,,not needed as transformed-cumulative twice (error),1,delete,transformed-cumx2error,0,0,0,0,0,0,,,,,,,,1598,,,,,,,,0,0,0,0,0,0,delete,
tel_fra_3.5Mar_d243_m157,teleworking/commuting,France,3.5,Market Formation,Partial up to max CumulativeStartups,Partial up to max cum. # companies,tel,-0.015696,-0.0050277,-0.00047375,2048.1,-279.96,0.13882,1.2432,1486.6,1.0417,0.98875,0.98786,0.00061281,0.0004923,0.98579,0.98506,0.00068862,0.00057094,0.98806,0.98745,0.00063125,0.00051403,42,42,0.75468,0.60227,0.15241,42,41,0,0,0,0,0.97587,1,1,y,y,y,y,y,y,y,m,y,m,y,y,y,,,,not needed as transformed-cumulative preferred,1,delete,transformed-partial,0,0,0,0,0,0,,,,,,,,1599,,,,,,,,0,0,0,0,0,0,delete,
tel_fra_3.5Mar_d244_m158,teleworking/commuting,France,3.5,Market Formation,cumulative NewStartups,cumulative # companies,tel,-0.038327,-0.0082213,-0.0004857,2035.7,-114.66,0.07528,1.5192e-08,3845.2,1.0306,0.98693,0.98598,0.00073171,0.00062656,0.95683,0.95477,0.00133,0.0010141,0.97108,0.9697,0.0010886,0.00084268,45,45,0.88062,0.60554,0.27508,45,44,0,0,0,0,0.97896,1,1,y,y,y,y,y,y,y,y,y,y,y,y,y,,,,not needed as cumulative in original data,1,delete,transformed-cumulative,0,0,0,0,0,0,,,,,,,,1600,,,,,,,,0,0,0,0,0,0,delete,
tel_fra_3.5Mar_d245_m159,teleworking/commuting,France,3.5,Market Formation,Partial up to max NewStartups,Partial up to max # companies,tel,-0.032544,0.00094921,-0.00049244,2008.7,-135.03,0.064282,1555,1.5744e+05,1.0215,0.9858,0.98423,0.00052878,0.00044615,-77.447,-83.05,0.039308,0.039057,0.98494,0.98386,0.00054472,0.00045226,31,31,0.70651,0.47522,0.23129,31,30,0,0,0,0,0.96858,1,1,y,y,y,y,y,y,y,y,y,y,y,m,m,,,,not needed as transformed-cumulative preferred,1,delete,transformed-partial,0,0,0,0,0,0,,,,,,,,1601,,,,,,,,0,0,0,0,0,0,delete,
tel_fra_3.5Mar_d246_m160,teleworking/commuting,France,3.5,Market Formation,cumulative PrivateEquityDeals,cumulative # deals,tel,-0.030284,0.00097814,-0.0002195,1977.8,-145.11,0.033538,1555.1,1.5746e+05,0.45051,0.99447,0.99406,0.00021295,0.0001676,-14.949,-15.708,0.011433,0.011069,0.99151,0.99111,0.00026376,0.00022041,45,45,0.48275,0.19763,0.28512,45,44,0,0,0,0,0.97363,1,1,y,y,y,y,y,y,y,y,y,y,y,y,y,,,,,0,prefer,transformed-cumulative,1,1,0,0,0,0,,,,,,,,1602,,,,,,,,1,1,0,0,0,0,delete,
tel_fra_3.5Mar_d247_m161,teleworking/commuting,France,3.5,Market Formation,Partial up to max PrivateEquityDeals,Partial up to max # deals,tel,-0.06173,0.01892,-0.00010992,2000,-71.188,0.0077122,-17.161,7564.4,0.2237,0.9953,0.99493,9.1599e-05,7.4653e-05,-8.116,-8.5835,0.0040362,0.0038084,0.99334,0.993,0.0001091,8.7625e-05,42,42,0.78961,0.22591,0.5637,42,41,0,0,0,0,0.97005,1,1,y,y,y,y,y,y,y,y,y,y,y,m,m,,,,not needed as transformed-cumulative preferred,1,delete,transformed-partial,0,0,0,0,0,0,,,,,,,,1603,,,,,,,,0,0,0,0,0,0,delete,
tel_fra_3.5Mar_d248_m162,teleworking/commuting,France,3.5,Market Formation,cumulative PrivateEquityInvestment,cumulative $ million,tel,0.20074,0.019465,0.19565,2014,21.891,9.2836,1551.3,1.5783e+05,-389.48,0.93585,0.93115,0.73591,0.5037,-0.57472,-0.64971,3.646,2.2026,0.76479,0.75359,1.4091,1.1517,45,39,0.94363,3.7162e-07,0.94363,45,1,24,0,1,1,0.91802,0,1,y,y,y,m,m,m,y,y,y,m,m,y,y,,,,,0,prefer,transformed-cumulative,1,1,0,0,0,0,,,,,,,,1604,,,,,,,,1,1,0,0,0,0,delete,
tel_fra_3.5Mar_d249_m163,teleworking/commuting,France,3.5,Market Formation,Partial up to max PrivateEquityInvestment,Partial up to max $ million,tel,17.678,0.0038582,0.029738,2007,0.24858,6.285,1554.4,1.575e+05,-59.14,1,1,4.4452e-08,8.6824e-09,-0.037037,-0.12,0.76057,0.14374,0.10345,0.031724,0.70718,0.33774,28,1,0.64034,0.64034,0,1,0,0,0,0,,,0,1,y,n,m,m,m,m,m,m,m,n,n,n,n,,,,not needed as transformed-cumulative preferred,1,delete,transformed-partial,0,0,0,0,0,0,,,,,,,,1605,,,,,,,,0,0,0,0,0,0,delete,
tel_fra_3.5Mar_d250_m162,teleworking/commuting,France,3.5,Market Formation,cumulative TotalFundraisingAmount,cumulative $ million,tel,0.17556,0.020281,0.20421,2016.7,25.031,11.742,1551.1,1.5785e+05,-406.56,0.9365,0.93185,0.76998,0.5403,-0.55348,-0.62746,3.8083,2.2732,0.75339,0.74165,1.5174,1.2229,45,18,0.81251,0.34275,0.46976,18,1,17,0,0,0,0.91208,0,1,y,y,y,y,y,y,y,y,y,y,y,y,y,,,,,0,prefer,transformed-cumulative,1,1,0,0,0,0,,,,,,,,1606,,,,,,,,1,1,0,0,0,0,delete,
tel_fra_3.5Mar_d251_m163,teleworking/commuting,France,3.5,Market Formation,Partial up to max TotalFundraisingAmount,Partial up to max $ million,tel,17.678,0.0038582,0.029738,2007,0.24858,6.285,1554.4,1.575e+05,-59.14,1,1,4.4452e-08,8.6824e-09,-0.037037,-0.12,0.76057,0.14374,0.10345,0.031724,0.70718,0.33774,28,1,0.64034,0.64034,0,1,0,0,0,0,,,0,1,y,n,m,m,m,m,m,m,m,n,n,n,n,,,,not needed as transformed-cumulative preferred,1,delete,transformed-partial,0,0,0,0,0,0,,,,,,,,1607,,,,,,,,0,0,0,0,0,0,delete,
tel_fra_3.5Mar_d252_m160,teleworking/commuting,France,3.5,Market Formation,cumulative TotalFundraisingDeals,cumulative # deals,tel,0.34954,0.23554,0.23531,2023.3,12.572,35.034,5.6129,2018.5,-468.93,0.98704,0.98609,0.52037,0.29414,0.9823,0.98146,0.60795,0.31942,0.44713,0.4208,3.3982,2.5162,45,18,0.54234,0.028544,0.51379,18,0,17,0,0,0,0.82071,0,1,y,y,y,y,y,y,y,y,y,y,y,y,y,,,,,0,prefer,transformed-cumulative,1,1,0,0,0,0,,,,,,,,1608,,,,,,,,1,1,0,0,0,0,delete,
tel_fra_3.5Mar_d253_m161,teleworking/commuting,France,3.5,Market Formation,Partial up to max TotalFundraisingDeals,Partial up to max # deals,tel,0.78236,0.78229,0.034357,2034.9,5.6169,2.6502e+05,0.0045401,2012.1,-68.446,0.87961,0.87011,0.29603,0.10868,0.87961,0.87344,0.29602,0.10869,0.23825,0.19919,0.74463,0.42693,42,7,1.8867e-05,3.7733e-06,1.5093e-05,15,0,14,0,0,1,0.38235,0,1,y,y,y,m,m,m,m,m,m,m,m,m,m,,,,not needed as transformed-cumulative preferred,1,delete,transformed-partial,0,0,0,0,0,0,,,,,,,,1609,,,,,,,,0,0,0,0,0,0,delete,
tel_ger_1.1Ado_d324_m183,teleworking/commuting,Germany,1.1,Adoption over time,Partial up to 2019 Employed persons teleworking as a percentage of the total employment (%),Partial up to 2019 Percentage of total employment,tel,0.1766,0.11655,0.0047714,2020.6,24.883,0.12485,2.5054,2051.9,-9.5804,0.84241,0.60602,0.0035389,0.0029422,0.84043,0.73405,0.0035611,0.002994,0.83554,0.7259,0.0036152,0.0029619,6,6,0.4165,0.25631,0.16019,6,0,5,0,0,0,0.8124,1,1,y,y,y,y,y,y,y,m,y,m,y,m,y,,,,,0,prefer-relative,transformed-partial,1,1,0,1,0,0,,,,,,,,1611,,,,,,,,1,1,0,1,0,0,,
tel_ger_3.2Adc_d098_m036,teleworking/commuting,Germany,3.2,Adopter characteristics,Female employees teleworking as a % of total female employment,% female teleworkers of total female employment,tel,0.51604,0.17844,0.015539,2018.8,8.5157,0.1724,0.18546,2023.6,-31.283,0.81759,0.72638,0.021771,0.017459,0.74844,0.67656,0.025566,0.019787,0.7667,0.70004,0.024621,0.020954,10,10,0.98025,0.19721,0.78304,10,2,9,1,0,1,0.85704,1,1,y,y,y,y,y,y,y,y,y,y,y,y,y,,,,needs to be partial to 2019 to match 1.1,0,,,1,1,0,0,0,1,,,,,,,,1613,,,,,,,,1,1,0,0,0,1,,
tel_ger_3.2Adc_d117_m039,teleworking/commuting,Germany,3.2,Adopter characteristics,Male employees teleworking as a % of total male employment,% male teleworkers of total male employment,tel,0.64649,0.18224,0.016127,2018.7,6.7974,0.16339,0.32797,2026.7,-32.471,0.80481,0.70722,0.023773,0.01999,0.70814,0.62475,0.02907,0.022918,0.74108,0.6671,0.02738,0.023313,10,10,1.0649,0.18361,0.88132,10,2,7,1,1,1,0.85766,1,1,y,y,y,y,y,y,y,y,y,y,y,y,y,,,,needs to be partial to 2019 to match 1.1,0,,,1,1,0,0,0,0,,,,,,,,1614,,,,,,,,1,1,0,0,0,0,delete,
tel_ger_3.5Mar_d074_m128,teleworking/commuting,Germany,3.5,Market Formation,CumulativeStartups,cum. # companies,tel,1.0159,0.24378,0.093017,2019.8,4.3257,7.3605,6.7744,2023,-185.42,0.99194,0.99135,0.1782,0.066298,0.92302,0.91936,0.55056,0.28771,0.3706,0.34063,1.5743,1.1859,45,9,0.95102,0.13586,0.81516,9,2,8,1,0,0,0.85437,0,1,y,y,y,y,y,y,y,y,y,y,y,y,y,,,,,0,prefer,original,1,1,0,0,0,1,,,,,,,,1615,,,,,,,,1,1,0,0,0,1,,
tel_ger_3.5Mar_d126_m008,teleworking/commuting,Germany,3.5,Market Formation,NewStartups,# companies,tel,19.946,0.002562,0.016469,2018.5,0.22032,1,1554.7,1.5749e+05,-32.815,0.49552,0.4586,0.33333,0.11111,-0.10987,-0.16272,0.49441,0.15556,0.20771,0.16998,0.41773,0.2745,45,5,2,1,1,7,2,6,1,0,1,0.72727,0,1,m,n,y,y,y,y,y,y,m,n,n,n,n,,,,,0,hide,original,0,1,0,0,0,0,,,,,,,,1616,,,,,,,,0,1,0,0,0,0,delete,
tel_ger_3.5Mar_d171_m011,teleworking/commuting,Germany,3.5,Market Formation,PrivateEquityDeals,# deals,tel,44.316,0.0027435,0.018314,2021.2,0.099162,2,1554.7,1.5749e+05,-36.508,0.4211,0.37874,0.57735,0.15556,-0.042024,-0.091644,0.7746,0.15556,0.098243,0.055302,0.72058,0.32218,45,3,2.5,0.5,2,4,1,3,1,0,1,0.18519,0,1,m,n,m,m,m,m,m,y,m,n,n,n,n,,,,,0,hide,original,0,1,0,0,0,0,,,,,,,,1617,,,,,,,,0,1,0,0,0,0,delete,
tel_ger_3.5Mar_d175_m027,teleworking/commuting,Germany,3.5,Market Formation,PrivateEquityInvestment,$ million,tel,40.859,0.20581,0.09534,2021.2,0.10755,12.042,6.8627,2023.2,-190.07,0.33841,0.29,4.2001,1.0221,0.13918,0.098191,4.791,1.4864,0.057498,0.012617,5.0131,1.8568,45,2,2.9096,0.09038,2.8192,2,1,0,0,0,1,0.031032,0,1,m,n,m,y,m,m,m,y,m,n,n,n,n,,,,,0,hide,original,0,1,0,0,0,0,,,,,,,,1618,,,,,,,,0,1,0,0,0,0,delete,
tel_ger_3.5Mar_d200_m027,teleworking/commuting,Germany,3.5,Market Formation,TotalFundraisingAmount,$ million,tel,53.243,0.20397,0.096738,2021.2,0.082536,12.042,6.8941,2023.2,-192.85,0.33778,0.28933,4.201,1.0352,0.14199,0.10113,4.7819,1.4856,0.059225,0.014427,5.0073,1.8603,45,3,2.9096,0.04893,2.8607,4,1,3,1,0,1,0.031024,0,1,m,n,m,m,m,m,m,y,m,n,n,n,n,,,,,0,hide,original,0,1,0,0,0,0,,,,,,,,1619,,,,,,,,0,1,0,0,0,0,delete,
tel_ger_3.5Mar_d204_m011,teleworking/commuting,Germany,3.5,Market Formation,TotalFundraisingDeals,# deals,tel,65.347,0.0032454,0.023584,2019.1,0.067248,1.8,1554.6,1.5751e+05,-47.014,0.49315,0.45606,0.57349,0.15111,-0.061644,-0.1122,0.82999,0.2,0.14457,0.10384,0.74504,0.38255,45,4,2.7778,0.55556,2.2222,5,2,1,1,1,1,0.19355,0,1,m,n,m,y,m,m,m,y,m,n,n,n,n,,,,,0,hide,original,0,1,0,0,0,0,,,,,,,,1620,,,,,,,,0,1,0,0,0,0,delete,
tel_ger_3.5Mar_d242_m156,teleworking/commuting,Germany,3.5,Market Formation,cumulative CumulativeStartups,cumulative cum. # companies,tel,0.63749,0.35062,0.32477,2022.3,6.8934,47.687,1.9009,2015.4,-647.48,0.99969,0.99967,0.13392,0.063924,0.98658,0.98594,0.8864,0.46327,0.30379,0.27064,6.3852,4.3328,45,9,0.75493,0.02097,0.73396,9,0,8,0,0,0,0.7468,0,1,y,y,y,y,y,y,y,y,y,y,y,y,y,,,,not needed as transformed-cumulative twice (error),1,delete,transformed-cumx2error,0,0,0,0,0,0,,,,,,,,1621,,,,,,,,0,0,0,0,0,0,delete,
tel_ger_3.5Mar_d243_m157,teleworking/commuting,Germany,3.5,Market Formation,Partial up to max CumulativeStartups,Partial up to max cum. # companies,tel,0.77687,0.0071498,0.064482,2020.4,5.6566,9.1754,1553.7,1.5759e+05,-128.52,0.98991,0.98914,0.15066,0.057698,-0.11635,-0.17216,1.5848,0.51163,0.2846,0.24883,1.2687,0.83028,43,7,0.76291,0.10899,0.65392,7,0,6,0,0,0,0.72222,0,1,y,y,y,y,y,y,y,y,m,y,m,y,y,,,,not needed as transformed-cumulative preferred,1,delete,transformed-partial,0,0,0,0,0,0,,,,,,,,1622,,,,,,,,0,0,0,0,0,0,delete,
tel_ger_3.5Mar_d244_m158,teleworking/commuting,Germany,3.5,Market Formation,cumulative NewStartups,cumulative # companies,tel,1.0159,0.24378,0.093017,2019.8,4.3257,7.3605,6.7744,2023,-185.42,0.99194,0.99135,0.1782,0.066298,0.92302,0.91936,0.55056,0.28771,0.3706,0.34063,1.5743,1.1859,45,9,0.95102,0.13586,0.81516,9,2,8,1,0,0,0.85437,0,1,y,y,y,y,y,y,y,y,y,y,y,y,y,,,,not needed as cumulative in original data,1,delete,transformed-cumulative,0,0,0,0,0,0,,,,,,,,1623,,,,,,,,0,0,0,0,0,0,delete,
tel_ger_3.5Mar_d245_m159,teleworking/commuting,Germany,3.5,Market Formation,Partial up to max NewStartups,Partial up to max # companies,tel,0.82961,0.0022478,0.013066,2031.6,5.297,30579,1554.8,1.5748e+05,-26.035,0.81277,0.79759,0.16005,0.040472,-0.069565,-0.12586,0.38255,0.097561,0.17469,0.13125,0.33604,0.19992,41,3,6.5405e-05,3.2702e-05,3.2702e-05,5,0,4,0,0,1,0.33333,0,1,y,n,m,m,y,m,m,m,m,n,n,n,n,,,,not needed as transformed-cumulative preferred,1,delete,transformed-partial,0,0,0,0,0,0,,,,,,,,1624,,,,,,,,0,0,0,0,0,0,delete,
tel_ger_3.5Mar_d246_m160,teleworking/commuting,Germany,3.5,Market Formation,cumulative PrivateEquityDeals,cumulative # deals,tel,3.4065,0.41153,0.060343,2021.5,1.29,7.0364,6.3763,2023.4,-120.32,0.99259,0.99205,0.14359,0.025136,0.88938,0.88411,0.55488,0.22881,0.22066,0.18355,1.4728,0.93252,45,5,0.99483,0.14212,0.85271,5,1,4,1,0,1,0.72059,0,1,y,n,y,y,y,y,y,y,m,n,n,n,n,,,,too few,0,prefer,transformed-cumulative,0,1,0,0,0,0,,,,,,,,1625,,,,,,,,0,1,0,0,0,0,delete,
tel_ger_3.5Mar_d247_m161,teleworking/commuting,Germany,3.5,Market Formation,Partial up to max PrivateEquityDeals,Partial up to max # deals,tel,10.7,0.0027897,0.018725,2022,0.41068,8.4162,1554.7,1.5749e+05,-37.33,0.96026,0.9572,0.1525,0.023262,-0.033272,-0.084935,0.77759,0.13953,0.092277,0.046891,0.72882,0.31719,43,2,0.59409,0.11882,0.47527,3,0,2,0,0,1,0,0,1,y,n,m,m,y,m,m,y,m,n,n,n,n,,,,not needed as transformed-cumulative preferred,1,delete,transformed-partial,0,0,0,0,0,0,,,,,,,,1626,,,,,,,,0,0,0,0,0,0,delete,
tel_ger_3.5Mar_d248_m162,teleworking/commuting,Germany,3.5,Market Formation,cumulative PrivateEquityInvestment,cumulative $ million,tel,,0.44048,0.297,,,,1.2918,2016,-592.21,,,,,0.82144,0.81293,3.7702,1.4428,0.1869,0.14818,8.0453,4.9999,45,3,,,,3,1,2,1,0,0,0.66988,0,1,n,n,m,y,y,y,m,m,m,n,n,n,n,,,,too few,0,prefer,transformed-cumulative,0,1,0,0,0,0,,,,,,,,1627,,,,,,,,0,1,0,0,0,0,delete,
tel_ger_3.5Mar_d249_m163,teleworking/commuting,Germany,3.5,Market Formation,Partial up to max PrivateEquityInvestment,Partial up to max $ million,tel,16.09,,0.11112,2022.1,0.27311,118.38,,,-221.53,1,1,7.8105e-07,1.244e-07,,,,,0.068182,0.021591,5.0977,2.0018,43,1,0.296,0.296,0,1,0,0,0,0,,,0,1,y,n,m,m,m,m,m,m,m,n,n,n,n,,,,not needed as transformed-cumulative preferred,1,delete,transformed-partial,0,0,0,0,0,0,,,,,,,,1628,,,,,,,,0,0,0,0,0,0,delete,
tel_ger_3.5Mar_d250_m162,teleworking/commuting,Germany,3.5,Market Formation,cumulative TotalFundraisingAmount,cumulative $ million,tel,7.6029,0.43535,0.30477,2021.5,0.578,36.717,1.485,2016.2,-607.69,0.99991,0.9999,0.087793,0.013117,0.8271,0.81887,3.7685,1.4514,0.19073,0.15219,8.153,5.0822,45,5,0.99999,0.016048,0.98394,5,1,4,1,0,1,0.67509,0,1,y,n,y,y,y,y,m,y,m,n,n,n,n,,,,too few,0,prefer,transformed-cumulative,0,1,0,0,0,0,,,,,,,,1629,,,,,,,,0,1,0,0,0,0,delete,
tel_ger_3.5Mar_d251_m163,teleworking/commuting,Germany,3.5,Market Formation,Partial up to max TotalFundraisingAmount,Partial up to max $ million,tel,12.54,9.2889,0.11281,2021.9,0.35045,52.156,0.35337,2021.5,-224.9,0.99971,0.99969,0.089857,0.013712,0.99971,0.9997,0.089858,0.013779,0.070309,0.023824,5.0905,2.0066,43,2,0.67181,0.011297,0.66051,3,0,2,0,0,1,0,0,1,y,n,m,m,y,m,m,y,m,n,n,n,n,,,,not needed as transformed-cumulative preferred,1,delete,transformed-partial,0,0,0,0,0,0,,,,,,,,1630,,,,,,,,0,0,0,0,0,0,delete,
tel_ger_3.5Mar_d252_m160,teleworking/commuting,Germany,3.5,Market Formation,cumulative TotalFundraisingDeals,cumulative # deals,tel,1.5729,0.40084,0.076416,2021.5,2.7939,9.1008,6.1474,2022.7,-152.36,0.98446,0.98332,0.25247,0.076071,0.92823,0.92482,0.54255,0.22387,0.24012,0.20394,1.7654,1.1197,45,5,0.98893,0.21976,0.76917,5,0,4,0,0,1,0.72277,0,1,y,n,y,y,y,y,y,y,m,n,n,n,n,,,,,0,prefer,transformed-cumulative,1,1,0,0,0,0,,,,,,,,1631,,,,,,,,1,1,0,0,0,0,delete,
tel_ger_3.5Mar_d253_m161,teleworking/commuting,Germany,3.5,Market Formation,Partial up to max TotalFundraisingDeals,Partial up to max # deals,tel,8.6308,0.0030631,0.021595,2022.2,0.50916,44.881,1554.6,1.575e+05,-43.048,0.85643,0.84538,0.305,0.04654,-0.040902,-0.092947,0.82123,0.16279,0.11084,0.066381,0.75901,0.36815,43,2,0.11141,0.044562,0.066843,3,0,2,0,0,1,0,0,1,y,n,m,m,y,m,m,m,m,n,n,n,n,,,,not needed as transformed-cumulative preferred,1,delete,transformed-partial,0,0,0,0,0,0,,,,,,,,1632,,,,,,,,0,0,0,0,0,0,delete,
tel_glo_3.3Sci_d235_m020,teleworking/commuting,Global,3.3,Risk & Uncertainty (Shared Expectations),scientific publications,# publications,tel,2.8654,0.23028,14.478,2020.1,1.5336,1619.4,8.9266e-05,1950.9,-28749,0.95627,0.95369,86.804,50.725,0.8138,0.80664,179.11,80.123,0.30659,0.27992,345.64,228.5,55,48,1.1578,0.00061751,1.1572,49,2,47,0,0,1,0.86709,0,0,y,y,y,y,y,y,y,y,y,y,y,y,y,,,,"good; only available global, apply to all EA regions",0,,,1,1,0,0,1,1,,,,,,,,1633,,,,,,,,1,1,0,0,1,1,,
tel_glo_3.5Mar_d074_m128,teleworking/commuting,Global,3.5,Market Formation,CumulativeStartups,cum. # companies,tel,0.13322,0.10726,7.358,2027.9,32.986,1077.4,0.013714,1927.8,-14641,0.98908,0.98828,11.548,7.9457,0.98663,0.986,12.773,8.2289,0.74806,0.73606,55.457,46.128,45,42,0.34155,0.0018563,0.3397,42,1,41,0,0,0,0.92053,0,0,y,y,y,y,y,y,y,y,y,y,y,y,y,,,,,0,prefer,original,1,1,0,0,0,1,,,,,,,,1634,,,,,,,,1,1,0,0,0,1,,
tel_glo_3.5Mar_d126_m008,teleworking/commuting,Global,3.5,Market Formation,NewStartups,# companies,tel,0.48284,0.067492,0.58643,2011.5,9.1012,24.137,3.7929,1995,-1165.9,0.58398,0.55354,7.29,4.1719,0.47002,0.44478,8.2282,5.0438,0.45406,0.42806,8.3512,5.5033,45,37,2.1544,0.041431,2.113,41,3,37,0,0,1,0.85727,0,1,m,y,y,m,y,m,y,y,y,m,m,n,m,,,,,0,hide,original,1,1,0,0,0,0,,,,,,,,1635,,,,,,,,1,1,0,0,0,0,delete,
tel_glo_3.5Mar_d171_m011,teleworking/commuting,Global,3.5,Market Formation,PrivateEquityDeals,# deals,tel,0.64263,0.13556,0.95336,2017.1,6.8382,52.828,7.6781,2009,-1899.4,0.82656,0.81387,7.6512,3.1891,0.71231,0.69861,9.8542,4.7552,0.45418,0.42819,13.573,9.7515,45,26,1.5333,0.01893,1.5144,29,2,28,0,0,1,0.90925,0,1,y,y,y,m,y,m,y,y,y,m,m,m,m,,,,,0,hide,original,1,1,0,0,0,0,,,,,,,,1636,,,,,,,,1,1,0,0,0,0,delete,
tel_glo_3.5Mar_d175_m027,teleworking/commuting,Global,3.5,Market Formation,PrivateEquityInvestment,$ million,tel,0.14104,0.096777,3.5158,2022.6,31.158,319.17,0.2553,1956,-6996.6,0.41415,0.37128,60.235,31.551,0.40902,0.38087,60.499,33.638,0.33664,0.30505,64.097,44.782,45,25,0.97763,0.0050707,0.97256,27,2,16,0,1,1,0.54551,0,0,m,y,y,m,m,m,m,y,y,m,m,m,m,,,,,0,hide,original,1,1,0,0,0,0,,,,,,,,1637,,,,,,,,1,1,0,0,0,0,delete,
tel_glo_3.5Mar_d200_m027,teleworking/commuting,Global,3.5,Market Formation,TotalFundraisingAmount,$ million,tel,0.72049,0.084563,12.936,2014.6,6.0992,575.09,0.077854,1917.8,-25746,0.38077,0.33546,254.83,127.03,0.30376,0.27061,270.22,145.4,0.26913,0.23432,276.86,163.02,45,29,2.8715,0.0026083,2.8689,33,5,32,1,0,1,0.60335,0,0,m,y,y,m,m,m,m,y,m,m,m,m,m,,,,,0,hide,original,1,1,0,0,0,0,,,,,,,,1638,,,,,,,,1,1,0,0,0,0,delete,
tel_glo_3.5Mar_d204_m011,teleworking/commuting,Global,3.5,Market Formation,TotalFundraisingDeals,# deals,tel,0.60099,0.13419,1.28,2017.1,7.312,70.881,4.4861,2002.6,-2549.7,0.85801,0.84762,8.9511,4.0625,0.75841,0.74691,11.676,5.543,0.48971,0.46541,16.969,12.513,45,29,1.3967,0.014108,1.3826,33,2,32,0,0,1,0.92248,0,1,y,y,y,y,y,y,y,y,y,y,y,y,y,,,,,0,hide,original,1,1,0,0,0,0,,,,,,,,1639,,,,,,,,1,1,0,0,0,0,delete,
tel_glo_3.5Mar_d242_m156,teleworking/commuting,Global,3.5,Market Formation,cumulative CumulativeStartups,cumulative cum. # companies,tel,0.12189,0.11597,70.331,2041.8,36.054,39257,0.0016245,1896.9,-1.3999e+05,0.99903,0.99896,33.162,30.632,0.9989,0.99884,35.358,31.199,0.73725,0.72474,545.28,446.43,45,42,0.10222,5.0947e-05,0.10217,42,0,41,0,0,0,0.89428,0,0,y,y,y,y,y,y,y,m,y,m,y,m,y,,,,not needed as transformed-cumulative twice (error),1,delete,transformed-cumx2error,0,0,0,0,0,0,,,,,,,,1640,,,,,,,,0,0,0,0,0,0,delete,
tel_glo_3.5Mar_d243_m157,teleworking/commuting,Global,3.5,Market Formation,Partial up to max CumulativeStartups,Partial up to max cum. # companies,tel,0.11786,0.11406,6.9871,2045.5,37.286,5952.9,0.013692,1932.9,-13902,0.99224,0.99166,9.1039,6.3972,0.99218,0.9918,9.1363,6.3449,0.73727,0.72445,52.965,43.1,44,41,0.061818,0.00033597,0.061482,41,0,40,0,0,0,0.90659,0,0,y,y,y,y,y,y,y,m,y,m,y,y,y,,,,not needed as transformed-cumulative preferred,1,delete,transformed-partial,0,0,0,0,0,0,,,,,,,,1641,,,,,,,,0,0,0,0,0,0,delete,
tel_glo_3.5Mar_d244_m158,teleworking/commuting,Global,3.5,Market Formation,cumulative NewStartups,cumulative # companies,tel,0.13322,0.10726,7.358,2027.9,32.986,1077.4,0.013714,1927.8,-14641,0.98908,0.98828,11.548,7.9457,0.98663,0.986,12.773,8.2289,0.74806,0.73606,55.457,46.128,45,42,0.34155,0.0018563,0.3397,42,1,41,0,0,0,0.92053,0,0,y,y,y,y,y,y,y,y,y,y,y,y,y,,,,not needed as cumulative in original data,1,delete,transformed-cumulative,0,0,0,0,0,0,,,,,,,,1642,,,,,,,,0,0,0,0,0,0,delete,
tel_glo_3.5Mar_d245_m159,teleworking/commuting,Global,3.5,Market Formation,Partial up to max NewStartups,Partial up to max # companies,tel,0.16314,0.16314,0.65976,2089.5,26.937,3.5309e+06,7.2374,2009.3,-1312.1,0.89346,0.88482,3.4156,2.4426,0.89346,0.88785,3.4156,2.4426,0.55649,0.53315,6.969,4.6471,41,34,1.4727e-05,2.8321e-07,1.4444e-05,38,0,34,0,0,1,0.70293,0,1,y,y,y,m,y,m,y,m,y,m,m,m,m,,,,not needed as transformed-cumulative preferred,1,delete,transformed-partial,0,0,0,0,0,0,,,,,,,,1643,,,,,,,,0,0,0,0,0,0,delete,
tel_glo_3.5Mar_d246_m160,teleworking/commuting,Global,3.5,Market Formation,cumulative PrivateEquityDeals,cumulative # deals,tel,0.36352,0.21447,5.6266,2021.7,12.088,626.85,0.0020821,1966.6,-11212,0.99578,0.99547,6.9059,4.3002,0.98552,0.98483,12.797,6.4049,0.47215,0.44702,77.264,58.475,45,29,0.66523,0.0015953,0.66364,29,0,28,0,0,0,0.8474,0,0,y,y,y,y,y,y,y,y,y,y,y,y,y,,,,,0,prefer,transformed-cumulative,1,1,0,0,0,0,,,,,,,,1644,,,,,,,,1,1,0,0,0,0,delete,
tel_glo_3.5Mar_d247_m161,teleworking/commuting,Global,3.5,Market Formation,Partial up to max PrivateEquityDeals,Partial up to max # deals,tel,0.28917,0.26779,0.93688,2028.1,15.197,562.2,4.5572,2011.2,-1866.5,0.98977,0.98898,1.805,0.94117,0.98955,0.98903,1.8241,1.0019,0.42443,0.39565,13.539,9.4576,43,24,0.14408,0.0017787,0.1423,27,0,26,0,0,1,0.76762,0,1,y,y,y,m,y,m,y,m,y,m,m,m,m,,,,not needed as transformed-cumulative preferred,1,delete,transformed-partial,0,0,0,0,0,0,,,,,,,,1645,,,,,,,,0,0,0,0,0,0,delete,
tel_glo_3.5Mar_d248_m162,teleworking/commuting,Global,3.5,Market Formation,cumulative PrivateEquityInvestment,cumulative $ million,tel,0.13134,0.11946,34.445,2034.8,33.457,9934.3,0.00055261,1897.6,-68584,0.97835,0.97677,77.521,59.815,0.9778,0.97674,78.508,62.201,0.72092,0.70763,278.33,222.37,45,27,0.19053,0.00050331,0.19002,27,0,26,0,0,1,0.89519,0,0,y,y,y,y,y,y,y,m,y,m,y,m,y,,,,,0,prefer,transformed-cumulative,1,1,0,0,0,0,,,,,,,,1646,,,,,,,,1,1,0,0,0,0,delete,
tel_glo_3.5Mar_d249_m163,teleworking/commuting,Global,3.5,Market Formation,Partial up to max PrivateEquityInvestment,Partial up to max $ million,tel,0.19218,0.19215,3.5551,2077.6,22.866,1.0876e+07,0.024222,1973.9,-7075.1,0.50217,0.46387,54.678,22.723,0.50217,0.47728,54.678,22.724,0.32411,0.29032,63.71,43.695,43,23,2.8691e-05,1.4881e-07,2.8542e-05,25,0,14,0,1,1,0.40353,0,0,m,y,y,m,m,m,m,m,y,m,m,m,m,,,,not needed as transformed-cumulative preferred,1,delete,transformed-partial,0,0,0,0,0,0,,,,,,,,1647,,,,,,,,0,0,0,0,0,0,delete,
tel_glo_3.5Mar_d250_m162,teleworking/commuting,Global,3.5,Market Formation,cumulative TotalFundraisingAmount,cumulative $ million,tel,0.19075,0.13797,123.91,2023.9,23.038,14660,0.00017326,1896.3,-2.4677e+05,0.97866,0.9771,292.09,178.46,0.97381,0.97256,323.63,200.14,0.64762,0.63084,1187.1,995.81,45,33,0.46484,0.00010232,0.46473,33,0,32,0,0,1,0.89812,0,0,y,y,y,y,y,y,y,y,y,y,y,y,y,,,,,0,prefer,transformed-cumulative,1,1,0,0,0,0,,,,,,,,1648,,,,,,,,1,1,0,0,0,0,delete,
tel_glo_3.5Mar_d251_m163,teleworking/commuting,Global,3.5,Market Formation,Partial up to max TotalFundraisingAmount,Partial up to max $ million,tel,2.7744,2.7722,11.444,2021.4,1.584,1.4432e+06,7.2841e-21,1999.6,-22775,0.70182,0.67697,155.44,64.158,0.70182,0.68571,155.44,64.161,0.21536,0.17295,252.15,137.31,40,24,0.0011443,1.0394e-06,0.0011432,28,0,27,0,0,1,0.13451,0,0,y,y,y,m,m,m,m,m,m,m,m,m,m,,,,not needed as transformed-cumulative preferred,1,delete,transformed-partial,0,0,0,0,0,0,,,,,,,,1649,,,,,,,,0,0,0,0,0,0,delete,
tel_glo_3.5Mar_d252_m160,teleworking/commuting,Global,3.5,Market Formation,cumulative TotalFundraisingDeals,cumulative # deals,tel,0.27053,0.1953,8.1233,2024,16.244,1219.7,0.0012295,1956.7,-16184,0.9941,0.99367,11.25,7.5543,0.99052,0.99007,14.26,7.8017,0.51895,0.49604,101.57,77.636,45,33,0.47308,0.00081989,0.47226,33,0,32,0,0,1,0.85326,0,0,y,y,y,y,y,y,y,y,y,y,y,y,y,,,,,0,prefer,transformed-cumulative,1,1,0,0,0,0,,,,,,,,1650,,,,,,,,1,1,0,0,0,0,delete,
tel_glo_3.5Mar_d253_m161,teleworking/commuting,Global,3.5,Market Formation,Partial up to max TotalFundraisingDeals,Partial up to max # deals,tel,0.27297,0.2465,1.2243,2027.4,16.099,541.82,2.6042,2007.1,-2438.6,0.98685,0.98584,2.585,1.5441,0.98651,0.98583,2.6188,1.6084,0.45417,0.42688,16.655,11.869,43,27,0.18272,0.0018456,0.18087,31,0,30,0,0,1,0.78771,0,1,y,y,y,y,y,y,y,m,y,m,y,y,y,,,,not needed as transformed-cumulative preferred,1,delete,transformed-partial,0,0,0,0,0,0,,,,,,,,1651,,,,,,,,0,0,0,0,0,0,delete,
tel_ire_1.1Ado_d324_m183,teleworking/commuting,Ireland,1.1,Adoption over time,Partial up to 2019 Employed persons teleworking as a percentage of the total employment (%),Partial up to 2019 Percentage of total employment,tel,0.16952,0.0017203,0.0077429,2079.8,25.922,2123.9,1555.1,1.575e+05,-15.565,0.87898,0.69746,0.0050522,0.003813,-11.153,-19.254,0.050628,0.0485,0.82905,0.71508,0.0060048,0.0046667,6,6,3.2958e-05,1.5537e-05,1.742e-05,6,0,3,0,1,0,0.78048,1,1,y,y,y,y,y,y,y,m,y,m,y,m,y,,,,,0,prefer-relative,transformed-partial,1,1,0,1,0,0,,,,,,,,1653,,,,,,,,1,1,0,1,0,0,,
tel_ire_3.2Adc_d098_m036,teleworking/commuting,Ireland,3.2,Adopter characteristics,Female employees teleworking as a % of total female employment,% female teleworkers of total female employment,tel,2.6792,0.21649,0.030685,2019.4,1.6402,0.25816,0.4237,2024.8,-61.813,0.85607,0.7841,0.040251,0.03356,0.63867,0.53544,0.063774,0.051418,0.69009,0.60155,0.059063,0.049568,10,10,1.2667,0.10846,1.1582,10,2,9,1,0,1,0.8415,1,1,y,y,y,m,y,m,y,y,y,m,m,m,m,,,,needs to be partial to 2019 to match 1.1,0,,,1,1,0,0,0,1,,,,,,,,1655,,,,,,,,1,1,0,0,0,1,,
tel_ire_3.2Adc_d117_m039,teleworking/commuting,Ireland,3.2,Adopter characteristics,Male employees teleworking as a % of total male employment,% male teleworkers of total male employment,tel,1.2414,0.21295,0.030667,2019.1,3.54,0.27354,0.45454,2025,-61.767,0.85451,0.78176,0.038831,0.034564,0.72313,0.64402,0.053568,0.04199,0.74862,0.6768,0.051042,0.043467,10,10,1.1589,0.13526,1.0236,10,2,7,1,1,1,0.84358,1,1,y,y,y,y,y,y,y,y,y,y,y,y,y,,,,needs to be partial to 2019 to match 1.1,0,,,1,1,0,0,0,0,,,,,,,,1656,,,,,,,,1,1,0,0,0,0,delete,
tel_ire_3.5Mar_d074_m128,teleworking/commuting,Ireland,3.5,Market Formation,CumulativeStartups,cum. # companies,tel,0.17385,0.013151,0.12872,2019.6,25.277,9.502,1552.6,1.577e+05,-256.21,0.95584,0.95261,0.40993,0.29453,-0.58253,-0.65789,2.454,1.4889,0.7344,0.72175,1.0054,0.8568,45,26,0.63145,0.10524,0.52621,26,3,25,1,0,0,0.91882,0,1,y,y,y,y,y,y,y,y,y,y,y,y,y,,,,,0,prefer,original,1,1,0,0,0,1,,,,,,,,1657,,,,,,,,1,1,0,0,0,1,,
tel_ire_3.5Mar_d126_m008,teleworking/commuting,Ireland,3.5,Market Formation,NewStartups,# companies,tel,39.868,0.001877,0.0093544,2012.2,0.11022,0.41667,1554.9,1.5747e+05,-18.594,0.17824,0.11811,0.3626,0.17037,-0.11111,-0.16402,0.42164,0.13333,0.092245,0.049018,0.3811,0.22705,45,5,4.8,2.4,2.4,23,6,22,1,0,1,0.125,0,1,n,m,y,m,m,m,m,y,m,n,m,n,m,,,,,0,hide,original,0,1,0,0,0,0,,,,,,,,1658,,,,,,,,0,1,0,0,0,0,delete,
tel_ire_3.5Mar_d171_m011,teleworking/commuting,Ireland,3.5,Market Formation,PrivateEquityDeals,# deals,tel,20.282,0.0030383,0.021476,2015.5,0.21667,1,1554.6,1.575e+05,-42.794,0.78261,0.7667,0.21082,0.044446,-0.19565,-0.25259,0.49441,0.2,0.38049,0.35099,0.35589,0.27537,45,8,2,1,1,9,2,8,1,0,1,0.63636,0,1,y,y,y,m,m,m,m,y,y,m,m,m,m,,,,,0,hide,original,0,1,0,0,0,0,,,,,,,,1659,,,,,,,,0,1,0,0,0,0,delete,
tel_ire_3.5Mar_d175_m027,teleworking/commuting,Ireland,3.5,Market Formation,PrivateEquityInvestment,$ million,tel,45.715,0.31898,0.018474,2021.3,0.096126,1.906,0.00013413,1993.8,-36.828,0.93387,0.92903,0.12418,0.047368,0.74278,0.73054,0.24489,0.097652,0.24688,0.21102,0.41904,0.26647,45,8,1.1186,0.063047,1.0556,9,1,4,1,1,1,0.68706,0,1,y,y,y,m,m,m,m,y,m,m,m,m,m,,,,,0,hide,original,0,1,0,0,0,0,,,,,,,,1660,,,,,,,,0,1,0,0,0,0,delete,
tel_ire_3.5Mar_d200_m027,teleworking/commuting,Ireland,3.5,Market Formation,TotalFundraisingAmount,$ million,tel,0.41288,0.0031106,0.022184,2021.8,10.643,2.6173,1554.6,1.575e+05,-44.22,0.67514,0.65137,0.31168,0.12411,-0.12483,-0.1784,0.57996,0.19321,0.2776,0.2432,0.46478,0.31899,45,8,0.81463,0.045913,0.76871,9,1,4,1,1,1,0.56782,0,1,m,y,y,m,m,m,m,y,m,m,m,m,m,,,,,0,hide,original,1,1,0,0,0,0,,,,,,,,1661,,,,,,,,1,1,0,0,0,0,delete,
tel_ire_3.5Mar_d204_m011,teleworking/commuting,Ireland,3.5,Market Formation,TotalFundraisingDeals,# deals,tel,1.5337,0.0044271,0.0361,2016.3,2.8652,1.8532,1554.3,1.5753e+05,-71.939,0.86679,0.85704,0.26654,0.10122,-0.20833,-0.26587,0.80277,0.33333,0.41214,0.38415,0.55993,0.42107,45,9,1.6189,0.53962,1.0792,9,2,8,1,0,1,0.82759,0,1,y,y,y,y,y,y,y,y,y,y,y,y,y,,,,,0,hide,original,1,1,0,0,0,0,,,,,,,,1662,,,,,,,,1,1,0,0,0,0,delete,
tel_ire_3.5Mar_d242_m156,teleworking/commuting,Ireland,3.5,Market Formation,cumulative CumulativeStartups,cumulative cum. # companies,tel,0.15098,0.12717,1.1643,2029,29.106,211.79,3.143,1999.6,-2318.4,0.99736,0.99716,0.92814,0.74635,0.99581,0.99561,1.1694,0.98896,0.7013,0.68707,9.8684,8.2021,45,26,0.31635,0.0047216,0.31163,26,0,25,0,0,0,0.89052,0,1,y,y,y,y,y,y,y,y,y,y,y,y,y,,,,not needed as transformed-cumulative twice (error),1,delete,transformed-cumx2error,0,0,0,0,0,0,,,,,,,,1663,,,,,,,,0,0,0,0,0,0,delete,
tel_ire_3.5Mar_d243_m157,teleworking/commuting,Ireland,3.5,Market Formation,Partial up to max CumulativeStartups,Partial up to max cum. # companies,tel,0.13242,0.011311,0.10899,2037.1,33.185,54.894,1553,1.5766e+05,-216.86,0.93729,0.93234,0.39752,0.29138,-0.54016,-0.61914,1.97,1.1667,0.69254,0.67677,0.88021,0.72636,42,23,0.1093,0.018217,0.091085,23,0,22,0,0,0,0.86503,0,1,y,y,y,y,y,y,y,m,y,m,y,y,y,,,,not needed as transformed-cumulative preferred,1,delete,transformed-partial,0,0,0,0,0,0,,,,,,,,1664,,,,,,,,0,0,0,0,0,0,delete,
tel_ire_3.5Mar_d244_m158,teleworking/commuting,Ireland,3.5,Market Formation,cumulative NewStartups,cumulative # companies,tel,0.17385,0.013151,0.12872,2019.6,25.277,9.502,1552.6,1.577e+05,-256.21,0.95584,0.95261,0.40993,0.29453,-0.58253,-0.65789,2.454,1.4889,0.7344,0.72175,1.0054,0.8568,45,26,0.63145,0.10524,0.52621,26,3,25,1,0,0,0.91882,0,1,y,y,y,y,y,y,y,y,y,y,y,y,y,,,,not needed as cumulative in original data,1,delete,transformed-cumulative,0,0,0,0,0,0,,,,,,,,1665,,,,,,,,0,0,0,0,0,0,delete,
tel_ire_3.5Mar_d245_m159,teleworking/commuting,Ireland,3.5,Market Formation,Partial up to max NewStartups,Partial up to max # companies,tel,61.03,0.0022762,0.013385,1998.1,0.072005,0.23529,1554.7,1.5747e+05,-26.625,0.089412,0.0040441,0.37486,0.18301,-0.08,-0.14545,0.40825,0.11111,0.12528,0.072269,0.36741,0.21299,36,3,8.5,4.25,4.25,17,0,16,0,0,1,0,0,1,n,m,m,m,m,m,m,y,m,n,m,m,m,,,,not needed as transformed-cumulative preferred,1,delete,transformed-partial,0,0,0,0,0,0,,,,,,,,1666,,,,,,,,0,0,0,0,0,0,delete,
tel_ire_3.5Mar_d246_m160,teleworking/commuting,Ireland,3.5,Market Formation,cumulative PrivateEquityDeals,cumulative # deals,tel,0.48209,0.2323,0.11212,2020.3,9.1154,10.191,6.9153,2022.4,-223.49,0.9893,0.98852,0.23431,0.10874,0.96508,0.96342,0.42334,0.24176,0.41309,0.38514,1.7357,1.3282,45,9,0.88311,0.098123,0.78499,9,0,8,0,0,0,0.83212,0,1,y,y,y,y,y,y,y,y,y,y,y,y,y,,,,,0,prefer,transformed-cumulative,1,1,0,0,0,0,,,,,,,,1667,,,,,,,,1,1,0,0,0,0,delete,
tel_ire_3.5Mar_d247_m161,teleworking/commuting,Ireland,3.5,Market Formation,Partial up to max PrivateEquityDeals,Partial up to max # deals,tel,21.979,0.002825,0.019178,2015.5,0.19994,1,1554.7,1.5749e+05,-38.213,0.74556,0.72599,0.21567,0.046512,-0.14497,-0.20222,0.4575,0.16279,0.30986,0.27536,0.35519,0.26111,43,6,2,1,1,7,0,6,0,0,1,0.44444,0,1,y,y,y,m,m,m,m,y,y,m,m,m,m,,,,not needed as transformed-cumulative preferred,1,delete,transformed-partial,0,0,0,0,0,0,,,,,,,,1668,,,,,,,,0,0,0,0,0,0,delete,
tel_ire_3.5Mar_d248_m162,teleworking/commuting,Ireland,3.5,Market Formation,cumulative PrivateEquityInvestment,cumulative $ million,tel,0.49112,0.40436,0.057533,2025.6,8.9479,22.966,6.4666,2023.7,-114.7,0.98307,0.98183,0.18167,0.069554,0.98201,0.98115,0.18728,0.079316,0.28637,0.25239,1.1795,0.74053,45,9,0.30644,0.007566,0.29887,9,0,8,0,0,1,0.68863,0,1,y,y,y,y,y,y,m,y,m,m,m,m,m,,,,,0,prefer,transformed-cumulative,1,1,0,0,0,0,,,,,,,,1669,,,,,,,,1,1,0,0,0,0,delete,
tel_ire_3.5Mar_d249_m163,teleworking/commuting,Ireland,3.5,Market Formation,Partial up to max PrivateEquityInvestment,Partial up to max $ million,tel,18.869,0.002478,0.015502,2021.8,0.23289,2.1322,1554.7,1.5749e+05,-30.901,0.94847,0.94461,0.10063,0.029989,-0.080609,-0.13332,0.4608,0.12585,0.1972,0.15804,0.39717,0.22578,44,7,1,0.056361,0.94364,8,0,3,0,1,1,0.5102,0,1,y,y,y,m,m,m,m,y,m,m,m,m,m,,,,not needed as transformed-cumulative preferred,1,delete,transformed-partial,0,0,0,0,0,0,,,,,,,,1670,,,,,,,,0,0,0,0,0,0,delete,
tel_ire_3.5Mar_d250_m162,teleworking/commuting,Ireland,3.5,Market Formation,cumulative TotalFundraisingAmount,cumulative $ million,tel,0.44352,0.31904,0.083072,2023.8,9.9081,16.773,6.7594,2023.1,-165.61,0.98511,0.98402,0.22876,0.094982,0.9803,0.97937,0.26306,0.13987,0.33128,0.29943,1.5328,1.0678,45,9,0.51835,0.01036,0.50799,9,0,8,0,0,1,0.74838,0,1,y,y,y,y,y,y,y,y,y,y,y,y,y,,,,,0,prefer,transformed-cumulative,1,1,0,0,0,0,,,,,,,,1671,,,,,,,,1,1,0,0,0,0,delete,
tel_ire_3.5Mar_d251_m163,teleworking/commuting,Ireland,3.5,Market Formation,Partial up to max TotalFundraisingAmount,Partial up to max $ million,tel,0.34929,0.0028657,0.019588,2051.6,12.581,47113,1554.7,1.575e+05,-39.042,0.67116,0.64649,0.29583,0.10157,-0.10046,-0.15414,0.54117,0.16351,0.23248,0.19504,0.45195,0.28826,44,7,4.5257e-05,2.5507e-06,4.2706e-05,8,0,3,0,1,1,0.41878,0,1,m,y,y,m,m,m,m,m,m,m,m,m,m,,,,not needed as transformed-cumulative preferred,1,delete,transformed-partial,0,0,0,0,0,0,,,,,,,,1672,,,,,,,,0,0,0,0,0,0,delete,
tel_ire_3.5Mar_d252_m160,teleworking/commuting,Ireland,3.5,Market Formation,cumulative TotalFundraisingDeals,cumulative # deals,tel,0.57369,0.248,0.183,2020.3,7.6599,16.662,2.068,2015.5,-364.8,0.99568,0.99536,0.2508,0.11586,0.96419,0.96248,0.72199,0.41844,0.38809,0.35895,2.9843,2.2553,45,9,0.90024,0.060016,0.84022,9,0,8,0,0,0,0.83442,0,1,y,y,y,y,y,y,y,y,y,y,y,y,y,,,,,0,prefer,transformed-cumulative,1,1,0,0,0,0,,,,,,,,1673,,,,,,,,1,1,0,0,0,0,delete,
tel_ire_3.5Mar_d253_m161,teleworking/commuting,Ireland,3.5,Market Formation,Partial up to max TotalFundraisingDeals,Partial up to max # deals,tel,1.3119,0.0041921,0.033525,2016.6,3.3497,2.0462,1554.4,1.5752e+05,-66.804,0.88787,0.87924,0.23206,0.075631,-0.16216,-0.22027,0.74709,0.27907,0.36039,0.32841,0.55424,0.40613,43,7,1.4661,0.48871,0.97743,7,0,6,0,0,1,0.66667,0,1,y,y,y,y,y,y,m,y,y,m,m,y,y,,,,not needed as transformed-cumulative preferred,1,delete,transformed-partial,0,0,0,0,0,0,,,,,,,,1674,,,,,,,,0,0,0,0,0,0,delete,
tel_ita_1.1Ado_d324_m183,teleworking/commuting,Italy,1.1,Adoption over time,Partial up to 2019 Employed persons teleworking as a percentage of the total employment (%),Partial up to 2019 Percentage of total employment,tel,0.13218,,0.0008,2004.8,33.246,0.041761,,,-1.5789,0.84345,0.60863,0.00058982,0.00048829,,,,,0.84,0.73333,0.00059628,0.00053333,6,6,0.86206,0.76627,0.095784,6,1,5,1,0,0,0.83559,1,1,y,y,y,y,y,y,y,m,y,m,y,n,y,,,,* error in fit,0,prefer-relative,transformed-partial,0,1,0,1,0,0,,,,,,,,1676,,,,,,,,0,1,0,1,0,0,,
tel_ita_3.2Adc_d098_m036,teleworking/commuting,Italy,3.2,Adopter characteristics,Female employees teleworking as a % of total female employment,% female teleworkers of total female employment,tel,0.55647,0.0015721,0.0061879,2016.7,7.897,0.08038,1555.2,1.575e+05,-12.437,0.30064,-0.049041,0.030171,0.023446,-2.2155,-3.1342,0.064694,0.0537,0.24269,0.026319,0.031396,0.022599,10,10,1.779,0.36079,1.4183,10,3,9,1,0,1,0.77426,1,1,m,y,y,m,y,m,y,y,m,m,m,m,m,,,,needs to be partial to 2019 to match 1.1,0,,,0,1,0,0,0,1,,,,,,,,1678,,,,,,,,0,1,0,0,0,1,,
tel_ita_3.2Adc_d117_m039,teleworking/commuting,Italy,3.2,Adopter characteristics,Male employees teleworking as a % of total male employment,% male teleworkers of total male employment,tel,0.40576,0.0012966,0.0032303,2014.6,10.83,0.062362,1555.3,1.5749e+05,-6.4721,0.22166,-0.16751,0.019553,0.014569,-4.7493,-6.3919,0.053142,0.0483,0.17526,-0.060385,0.020128,0.013743,10,10,1.7158,0.54521,1.1706,10,3,9,1,0,1,0.83152,1,1,n,y,y,y,y,y,y,y,m,n,m,n,m,,,,needs to be partial to 2019 to match 1.1,0,,,0,1,0,0,0,0,,,,,,,,1679,,,,,,,,0,1,0,0,0,0,delete,
tel_ita_3.5Mar_d074_m128,teleworking/commuting,Italy,3.5,Market Formation,CumulativeStartups,cum. # companies,tel,0.32876,0.0097007,0.0917,2018.6,13.367,6.2829,1553.2,1.5764e+05,-182.72,0.93405,0.92923,0.41795,0.22519,-0.28356,-0.34468,1.8439,0.86667,0.53543,0.5133,1.1093,0.86494,45,12,0.7958,0.31832,0.47748,12,4,11,1,0,1,0.87582,0,1,y,y,y,y,y,y,y,y,y,y,y,y,y,,,,,0,prefer,original,1,1,0,0,0,1,,,,,,,,1680,,,,,,,,1,1,0,0,0,1,,
tel_ita_3.5Mar_d126_m008,teleworking/commuting,Italy,3.5,Market Formation,NewStartups,# companies,tel,61.02,0.0019446,0.010013,2012.1,0.072017,0.41667,1554.9,1.5748e+05,-19.935,0.12277,0.05858,0.49254,0.18519,-0.044643,-0.094388,0.53748,0.11111,0.061152,0.016445,0.50954,0.22834,45,2,7.2,4.8,2.4,8,0,7,0,0,1,0,0,1,n,n,m,m,m,m,m,y,m,n,n,n,n,,,,,0,hide,original,0,1,0,0,0,0,,,,,,,,1681,,,,,,,,0,1,0,0,0,0,delete,
tel_ita_3.5Mar_d171_m011,teleworking/commuting,Italy,3.5,Market Formation,PrivateEquityDeals,# deals,tel,0.56619,0.0021645,0.012253,2021.6,7.7614,1.3552,1554.8,1.5748e+05,-24.419,0.58912,0.55906,0.20145,0.070205,-0.125,-0.17857,0.33333,0.11111,0.25639,0.22098,0.271,0.19596,45,5,0.73789,0.73789,0,11,10,10,0,0,1,0.4,1,1,m,m,y,m,m,m,m,m,m,m,m,m,m,,,,,0,hide,original,0,1,0,0,0,0,,,,,,,,1682,,,,,,,,0,1,0,0,0,0,delete,
tel_ita_3.5Mar_d175_m027,teleworking/commuting,Italy,3.5,Market Formation,PrivateEquityInvestment,$ million,tel,2.1141,0.97499,0.018943,2023.2,2.0786,5.1626,5.905e-08,2005.4,-37.776,0.99989,0.99988,0.0072179,0.0015263,0.98933,0.98882,0.071704,0.022487,0.12565,0.084011,0.64898,0.32084,45,3,0.83649,0.072018,0.76447,3,0,2,0,0,1,0.40739,0,1,y,n,m,y,y,y,m,y,m,n,n,n,n,,,,,0,hide,original,0,1,0,0,0,0,,,,,,,,1683,,,,,,,,0,1,0,0,0,0,delete,
tel_ita_3.5Mar_d200_m027,teleworking/commuting,Italy,3.5,Market Formation,TotalFundraisingAmount,$ million,tel,49.355,0.0059887,0.052465,2019.2,0.089037,4.1588,1554,1.5756e+05,-104.57,0.36113,0.31438,1.7384,0.4505,-0.045141,-0.094909,2.2234,0.46208,0.098152,0.055207,2.0654,0.92227,45,4,3.3989,0.089402,3.3095,5,4,2,0,1,1,0.0415,0,1,m,n,m,m,y,m,m,y,m,n,n,n,n,,,,,0,hide,original,0,1,0,0,0,0,,,,,,,,1684,,,,,,,,0,1,0,0,0,0,delete,
tel_ita_3.5Mar_d204_m011,teleworking/commuting,Italy,3.5,Market Formation,TotalFundraisingDeals,# deals,tel,39.223,0.0023894,0.014625,2019.2,0.11204,1,1554.8,1.5749e+05,-29.145,0.58333,0.55285,0.2582,0.06667,-0.11111,-0.16402,0.42164,0.13333,0.22546,0.18858,0.35203,0.23475,45,5,2,1,1,11,4,10,1,0,1,0.25,0,1,m,m,y,m,m,m,m,y,m,m,m,m,m,,,,,0,hide,original,0,1,0,0,0,0,,,,,,,,1685,,,,,,,,0,1,0,0,0,0,delete,
tel_ita_3.5Mar_d242_m156,teleworking/commuting,Italy,3.5,Market Formation,cumulative CumulativeStartups,cumulative cum. # companies,tel,0.3366,0.21701,0.49934,2022.2,13.056,60.065,0.04656,1992.7,-995.21,0.9966,0.99635,0.55799,0.29744,0.98754,0.98695,1.0675,0.65511,0.45966,0.43393,7.0312,5.3156,45,12,0.6493,0.033297,0.616,12,0,11,0,0,0,0.8331,0,1,y,y,y,y,y,y,y,y,y,y,y,y,y,,,,not needed as transformed-cumulative twice (error),1,delete,transformed-cumx2error,0,0,0,0,0,0,,,,,,,,1686,,,,,,,,0,0,0,0,0,0,delete,
tel_ita_3.5Mar_d243_m157,teleworking/commuting,Italy,3.5,Market Formation,Partial up to max CumulativeStartups,Partial up to max cum. # companies,tel,0.22751,0.0063742,0.056446,2061.3,19.315,49375,1553.9,1.5757e+05,-112.43,0.84511,0.83255,0.40861,0.22585,-0.19923,-0.26234,1.137,0.46341,0.41381,0.38296,0.7949,0.59036,41,8,0.00010127,4.0507e-05,6.076e-05,8,0,7,0,0,1,0.64151,0,1,y,y,y,y,y,y,m,m,y,m,m,m,y,,,,not needed as transformed-cumulative preferred,1,delete,transformed-partial,0,0,0,0,0,0,,,,,,,,1687,,,,,,,,0,0,0,0,0,0,delete,
tel_ita_3.5Mar_d244_m158,teleworking/commuting,Italy,3.5,Market Formation,cumulative NewStartups,cumulative # companies,tel,0.32876,0.0097007,0.0917,2018.6,13.367,6.2829,1553.2,1.5764e+05,-182.72,0.93405,0.92923,0.41795,0.22519,-0.28356,-0.34468,1.8439,0.86667,0.53543,0.5133,1.1093,0.86494,45,12,0.7958,0.31832,0.47748,12,4,11,1,0,1,0.87582,0,1,y,y,y,y,y,y,y,y,y,y,y,y,y,,,,not needed as cumulative in original data,1,delete,transformed-cumulative,0,0,0,0,0,0,,,,,,,,1688,,,,,,,,0,0,0,0,0,0,delete,
tel_ita_3.5Mar_d245_m159,teleworking/commuting,Italy,3.5,Market Formation,Partial up to max NewStartups,Partial up to max # companies,tel,9.179,0.0024274,0.014983,2020.1,0.47875,9.0708,1554.7,1.5748e+05,-29.843,0.67717,0.65099,0.31235,0.048793,-0.049213,-0.10443,0.56309,0.12195,0.10399,0.056835,0.52036,0.26367,41,2,0.33073,0.22049,0.11024,8,0,7,0,0,1,0,0,1,m,n,m,m,m,m,m,m,m,n,n,n,n,,,,not needed as transformed-cumulative preferred,1,delete,transformed-partial,0,0,0,0,0,0,,,,,,,,1689,,,,,,,,0,0,0,0,0,0,delete,
tel_ita_3.5Mar_d246_m160,teleworking/commuting,Italy,3.5,Market Formation,cumulative PrivateEquityDeals,cumulative # deals,tel,0.25175,0.25175,0.054677,2066.5,17.455,2.2336e+05,6.2937,2024.9,-108.97,0.97524,0.97342,0.17118,0.092411,0.97524,0.97406,0.17118,0.092411,0.42617,0.39884,0.82399,0.58259,45,11,2.2385e-05,4.477e-06,1.7908e-05,11,0,10,0,0,0,0.76562,0,1,y,y,y,y,y,y,y,m,y,m,y,m,y,,,,,0,prefer,transformed-cumulative,1,1,0,0,0,0,,,,,,,,1690,,,,,,,,1,1,0,0,0,0,delete,
tel_ita_3.5Mar_d247_m161,teleworking/commuting,Italy,3.5,Market Formation,Partial up to max PrivateEquityDeals,Partial up to max # deals,tel,18.153,0.0014566,0.0047619,2014,0.24208,1.6664,1554.9,1.5746e+05,-9.481,1,1,5.5263e-09,9.5887e-10,-0.029412,-0.09375,0.16903,0.028571,0.083333,0.026042,0.15951,0.068844,35,1,0.6001,0.6001,0,1,0,0,0,0,,,1,1,y,n,m,m,m,m,m,m,m,n,n,n,n,,,,not needed as transformed-cumulative preferred,1,delete,transformed-partial,0,0,0,0,0,0,,,,,,,,1691,,,,,,,,0,0,0,0,0,0,delete,
tel_ita_3.5Mar_d248_m162,teleworking/commuting,Italy,3.5,Market Formation,cumulative PrivateEquityInvestment,cumulative $ million,tel,2.1397,1.1629,0.026755,2023.5,2.0538,8.8299,1.9718e-06,2011.1,-53.355,0.99996,0.99995,0.0068365,0.0014089,0.99607,0.99588,0.064734,0.019299,0.11319,0.070959,0.9726,0.45903,45,3,0.7541,0.042107,0.71199,3,0,2,0,0,1,0.32937,0,1,y,n,m,y,y,y,m,y,m,n,n,n,n,,,,,0,prefer,transformed-cumulative,1,1,0,0,0,0,,,,,,,,1692,,,,,,,,1,1,0,0,0,0,delete,
tel_ita_3.5Mar_d249_m163,teleworking/commuting,Italy,3.5,Market Formation,Partial up to max PrivateEquityInvestment,Partial up to max $ million,tel,2.1141,0.97499,0.018943,2023.2,2.0786,5.1626,5.905e-08,2005.4,-37.776,0.99989,0.99988,0.0072179,0.0015263,0.98933,0.98882,0.071704,0.022487,0.12565,0.084011,0.64898,0.32084,45,3,0.83649,0.072018,0.76447,3,0,2,0,0,1,0.40739,0,1,y,n,m,y,y,y,m,y,m,n,n,n,n,,,,not needed as transformed-cumulative preferred,1,delete,transformed-partial,0,0,0,0,0,0,,,,,,,,1693,,,,,,,,0,0,0,0,0,0,delete,
tel_ita_3.5Mar_d250_m162,teleworking/commuting,Italy,3.5,Market Formation,cumulative TotalFundraisingAmount,cumulative $ million,tel,7.3222,0.29785,0.21299,2019.8,0.60015,16.479,5.7865,2019.4,-424.62,0.9761,0.97435,0.78875,0.19339,0.87885,0.87308,1.7759,0.8124,0.29391,0.26029,4.2874,3.1631,45,5,1.2618,0.85776,0.40406,5,0,4,0,0,0,0.7508,0,1,y,n,y,y,y,y,y,y,m,n,n,n,n,,,,,0,prefer,transformed-cumulative,1,1,0,0,0,0,,,,,,,,1694,,,,,,,,1,1,0,0,0,0,delete,
tel_ita_3.5Mar_d251_m163,teleworking/commuting,Italy,3.5,Market Formation,Partial up to max TotalFundraisingAmount,Partial up to max $ million,tel,17.879,0.0057129,0.049251,2020,0.24578,24.153,1554,1.5755e+05,-98.158,1,1,9.1497e-08,1.4718e-08,-0.025,-0.078947,2.2075,0.34476,0.071429,0.022556,2.1011,0.84328,41,1,0.58523,0.58523,0,1,0,0,0,0,,,0,1,y,n,m,m,m,m,m,m,m,n,n,n,n,,,,not needed as transformed-cumulative preferred,1,delete,transformed-partial,0,0,0,0,0,0,,,,,,,,1695,,,,,,,,0,0,0,0,0,0,delete,
tel_ita_3.5Mar_d252_m160,teleworking/commuting,Italy,3.5,Market Formation,cumulative TotalFundraisingDeals,cumulative # deals,tel,0.32313,0.25263,0.067852,2025.1,13.599,14.753,6.4839,2024.1,-135.24,0.97657,0.97486,0.21011,0.097831,0.97423,0.97301,0.22035,0.11972,0.41208,0.38408,1.0526,0.7795,45,11,0.40669,0.067781,0.33891,11,0,10,0,0,1,0.78218,0,1,y,y,y,y,y,y,y,y,y,y,y,y,y,,,,,0,prefer,transformed-cumulative,1,1,0,0,0,0,,,,,,,,1696,,,,,,,,1,1,0,0,0,0,delete,
tel_ita_3.5Mar_d253_m161,teleworking/commuting,Italy,3.5,Market Formation,Partial up to max TotalFundraisingDeals,Partial up to max # deals,tel,10.825,0.0018974,0.0094077,2020,0.40594,3.4815,1554.8,1.5747e+05,-18.742,0.79082,0.77386,0.15617,0.024393,-0.045918,-0.10097,0.34922,0.073171,0.10627,0.05923,0.32281,0.16072,41,2,0.57446,0.28723,0.28723,7,0,6,0,0,1,0,0,1,y,n,m,m,m,m,m,y,m,n,n,n,n,,,,not needed as transformed-cumulative preferred,1,delete,transformed-partial,0,0,0,0,0,0,,,,,,,,1697,,,,,,,,0,0,0,0,0,0,delete,
tel_net_1.1Ado_d324_m183,teleworking/commuting,The Netherlands,1.1,Adoption over time,Partial up to 2019 Employed persons teleworking as a percentage of the total employment (%),Partial up to 2019 Percentage of total employment,tel,0.02537,0.001161,0.0018571,2022.3,173.22,0.29444,1555.3,1.5748e+05,-3.6084,0.86843,0.67107,0.0012345,0.0010008,-1608.5,-2681.6,0.13654,0.1365,0.86845,0.78075,0.0012344,0.001,6,6,0.47887,0.44491,0.033962,6,0,5,0,0,0,0.83422,1,1,y,y,y,y,y,y,y,m,y,m,y,n,y,,,,* error in fit,0,prefer-relative,transformed-partial,0,1,1,1,0,0,,,,,,,,1699,,,,,,,,0,1,1,1,0,0,,
tel_net_3.2Adc_d098_m036,teleworking/commuting,The Netherlands,3.2,Adopter characteristics,Female employees teleworking as a % of total female employment,% female teleworkers of total female employment,tel,0.23759,0.040285,0.0057939,2012,18.496,0.17153,1.422e-05,1790.8,-11.557,0.37113,0.056696,0.022531,0.016265,0.3288,0.13703,0.023277,0.015553,0.34308,0.15539,0.023028,0.015619,10,10,1.2068,0.66461,0.54218,10,2,9,1,0,0,0.90912,1,1,m,y,y,y,y,y,y,y,y,m,y,m,y,,,,needs to be partial to 2019 to match 1.1,0,,,1,1,0,0,1,1,,,,,,,,1701,,,,,,,,1,1,0,0,1,1,,
tel_net_3.2Adc_d117_m039,teleworking/commuting,The Netherlands,3.2,Adopter characteristics,Male employees teleworking as a % of total male employment,% male teleworkers of total male employment,tel,0.40353,0.0086193,0.0014303,2009.1,10.89,0.16402,1.5792,2285.8,-2.7293,0.091703,-0.36245,0.019136,0.013832,0.039819,-0.23452,0.019675,0.013603,0.041863,-0.23189,0.019654,0.013577,10,10,1.2255,0.7804,0.44507,10,2,0,1,0,0,0.91708,1,1,n,y,y,y,y,y,y,y,m,n,m,n,m,,,,needs to be partial to 2019 to match 1.1,0,,,1,1,0,0,0,0,,,,,,,,1702,,,,,,,,1,1,0,0,0,0,delete,
tel_net_3.5Mar_d074_m128,teleworking/commuting,The Netherlands,3.5,Market Formation,CumulativeStartups,cum. # companies,tel,0.17385,0.013151,0.12872,2019.6,25.277,9.502,1552.6,1.577e+05,-256.21,0.95584,0.95261,0.40993,0.29453,-0.58253,-0.65789,2.454,1.4889,0.7344,0.72175,1.0054,0.8568,45,26,0.63145,0.10524,0.52621,26,3,25,1,0,0,0.91882,0,1,y,y,y,y,y,y,y,y,y,y,y,y,y,,,,,0,prefer,original,1,1,0,0,1,1,,,,,,,,1703,,,,,,,,1,1,0,0,1,1,,
tel_net_3.5Mar_d126_m008,teleworking/commuting,The Netherlands,3.5,Market Formation,NewStartups,# companies,tel,39.868,0.001877,0.0093544,2012.2,0.11022,0.41667,1554.9,1.5747e+05,-18.594,0.17824,0.11811,0.3626,0.17037,-0.11111,-0.16402,0.42164,0.13333,0.092245,0.049018,0.3811,0.22705,45,5,4.8,2.4,2.4,23,6,22,1,0,1,0.125,0,1,n,m,y,m,m,m,m,y,m,n,m,n,m,,,,,0,hide,original,0,1,0,0,0,0,,,,,,,,1704,,,,,,,,0,1,0,0,0,0,delete,
tel_net_3.5Mar_d171_m011,teleworking/commuting,The Netherlands,3.5,Market Formation,PrivateEquityDeals,# deals,tel,20.282,0.0030383,0.021476,2015.5,0.21667,1,1554.6,1.575e+05,-42.794,0.78261,0.7667,0.21082,0.044446,-0.19565,-0.25259,0.49441,0.2,0.38049,0.35099,0.35589,0.27537,45,8,2,1,1,9,2,8,1,0,1,0.63636,0,1,y,y,y,m,m,m,m,y,y,m,m,m,m,,,,,0,hide,original,0,1,0,0,0,0,,,,,,,,1705,,,,,,,,0,1,0,0,0,0,delete,
tel_net_3.5Mar_d175_m027,teleworking/commuting,The Netherlands,3.5,Market Formation,PrivateEquityInvestment,$ million,tel,45.715,0.31898,0.018474,2021.3,0.096126,1.906,0.00013413,1993.8,-36.828,0.93387,0.92903,0.12418,0.047368,0.74278,0.73054,0.24489,0.097652,0.24688,0.21102,0.41904,0.26647,45,8,1.1186,0.063047,1.0556,9,1,4,1,1,1,0.68706,0,1,y,y,y,m,m,m,m,y,m,m,m,m,m,,,,,0,hide,original,1,1,0,0,0,0,,,,,,,,1706,,,,,,,,1,1,0,0,0,0,delete,
tel_net_3.5Mar_d200_m027,teleworking/commuting,The Netherlands,3.5,Market Formation,TotalFundraisingAmount,$ million,tel,0.41288,0.0031106,0.022184,2021.8,10.643,2.6173,1554.6,1.575e+05,-44.22,0.67514,0.65137,0.31168,0.12411,-0.12483,-0.1784,0.57996,0.19321,0.2776,0.2432,0.46478,0.31899,45,8,0.81463,0.045913,0.76871,9,1,4,1,1,1,0.56782,0,1,m,y,y,m,m,m,m,y,m,m,m,m,m,,,,,0,hide,original,1,1,0,0,0,0,,,,,,,,1707,,,,,,,,1,1,0,0,0,0,delete,
tel_net_3.5Mar_d204_m011,teleworking/commuting,The Netherlands,3.5,Market Formation,TotalFundraisingDeals,# deals,tel,1.5337,0.0044271,0.0361,2016.3,2.8652,1.8532,1554.3,1.5753e+05,-71.939,0.86679,0.85704,0.26654,0.10122,-0.20833,-0.26587,0.80277,0.33333,0.41214,0.38415,0.55993,0.42107,45,9,1.6189,0.53962,1.0792,9,2,8,1,0,1,0.82759,0,1,y,y,y,y,y,y,y,y,y,y,y,y,y,,,,,0,hide,original,1,1,0,0,0,0,,,,,,,,1708,,,,,,,,1,1,0,0,0,0,delete,
tel_net_3.5Mar_d242_m156,teleworking/commuting,The Netherlands,3.5,Market Formation,cumulative CumulativeStartups,cumulative cum. # companies,tel,0.15098,0.12717,1.1643,2029,29.106,211.79,3.143,1999.6,-2318.4,0.99736,0.99716,0.92814,0.74635,0.99581,0.99561,1.1694,0.98896,0.7013,0.68707,9.8684,8.2021,45,26,0.31635,0.0047216,0.31163,26,0,25,0,0,0,0.89052,0,1,y,y,y,y,y,y,y,y,y,y,y,y,y,,,,not needed as transformed-cumulative twice (error),1,delete,transformed-cumx2error,0,0,0,0,0,0,,,,,,,,1709,,,,,,,,0,0,0,0,0,0,delete,
tel_net_3.5Mar_d243_m157,teleworking/commuting,The Netherlands,3.5,Market Formation,Partial up to max CumulativeStartups,Partial up to max cum. # companies,tel,0.13242,0.011311,0.10899,2037.1,33.185,54.894,1553,1.5766e+05,-216.86,0.93729,0.93234,0.39752,0.29138,-0.54016,-0.61914,1.97,1.1667,0.69254,0.67677,0.88021,0.72636,42,23,0.1093,0.018217,0.091085,23,0,22,0,0,0,0.86503,0,1,y,y,y,y,y,y,y,m,y,m,y,y,y,,,,not needed as transformed-cumulative preferred,1,delete,transformed-partial,0,0,0,0,0,0,,,,,,,,1710,,,,,,,,0,0,0,0,0,0,delete,
tel_net_3.5Mar_d244_m158,teleworking/commuting,The Netherlands,3.5,Market Formation,cumulative NewStartups,cumulative # companies,tel,0.17385,0.013151,0.12872,2019.6,25.277,9.502,1552.6,1.577e+05,-256.21,0.95584,0.95261,0.40993,0.29453,-0.58253,-0.65789,2.454,1.4889,0.7344,0.72175,1.0054,0.8568,45,26,0.63145,0.10524,0.52621,26,3,25,1,0,0,0.91882,0,1,y,y,y,y,y,y,y,y,y,y,y,y,y,,,,not needed as cumulative in original data,1,delete,transformed-cumulative,0,0,0,0,0,0,,,,,,,,1711,,,,,,,,0,0,0,0,0,0,delete,
tel_net_3.5Mar_d245_m159,teleworking/commuting,The Netherlands,3.5,Market Formation,Partial up to max NewStartups,Partial up to max # companies,tel,61.03,0.0022762,0.013385,1998.1,0.072005,0.23529,1554.7,1.5747e+05,-26.625,0.089412,0.0040441,0.37486,0.18301,-0.08,-0.14545,0.40825,0.11111,0.12528,0.072269,0.36741,0.21299,36,3,8.5,4.25,4.25,17,0,16,0,0,1,0,0,1,n,m,m,m,m,m,m,y,m,n,m,m,m,,,,not needed as transformed-cumulative preferred,1,delete,transformed-partial,0,0,0,0,0,0,,,,,,,,1712,,,,,,,,0,0,0,0,0,0,delete,
tel_net_3.5Mar_d246_m160,teleworking/commuting,The Netherlands,3.5,Market Formation,cumulative PrivateEquityDeals,cumulative # deals,tel,0.48209,0.2323,0.11212,2020.3,9.1154,10.191,6.9153,2022.4,-223.49,0.9893,0.98852,0.23431,0.10874,0.96508,0.96342,0.42334,0.24176,0.41309,0.38514,1.7357,1.3282,45,9,0.88311,0.098123,0.78499,9,0,8,0,0,0,0.83212,0,1,y,y,y,y,y,y,y,y,y,y,y,y,y,,,,,0,prefer,transformed-cumulative,1,1,0,0,0,0,,,,,,,,1713,,,,,,,,1,1,0,0,0,0,delete,
tel_net_3.5Mar_d247_m161,teleworking/commuting,The Netherlands,3.5,Market Formation,Partial up to max PrivateEquityDeals,Partial up to max # deals,tel,21.979,0.002825,0.019178,2015.5,0.19994,1,1554.7,1.5749e+05,-38.213,0.74556,0.72599,0.21567,0.046512,-0.14497,-0.20222,0.4575,0.16279,0.30986,0.27536,0.35519,0.26111,43,6,2,1,1,7,0,6,0,0,1,0.44444,0,1,y,y,y,m,m,m,m,y,y,m,m,m,m,,,,not needed as transformed-cumulative preferred,1,delete,transformed-partial,0,0,0,0,0,0,,,,,,,,1714,,,,,,,,0,0,0,0,0,0,delete,
tel_net_3.5Mar_d248_m162,teleworking/commuting,The Netherlands,3.5,Market Formation,cumulative PrivateEquityInvestment,cumulative $ million,tel,0.49112,0.40436,0.057533,2025.6,8.9479,22.966,6.4666,2023.7,-114.7,0.98307,0.98183,0.18167,0.069554,0.98201,0.98115,0.18728,0.079316,0.28637,0.25239,1.1795,0.74053,45,9,0.30644,0.007566,0.29887,9,0,8,0,0,1,0.68863,0,1,y,y,y,y,y,y,m,y,m,m,m,m,m,,,,,0,prefer,transformed-cumulative,1,1,0,0,0,0,,,,,,,,1715,,,,,,,,1,1,0,0,0,0,delete,
tel_net_3.5Mar_d249_m163,teleworking/commuting,The Netherlands,3.5,Market Formation,Partial up to max PrivateEquityInvestment,Partial up to max $ million,tel,18.869,0.002478,0.015502,2021.8,0.23289,2.1322,1554.7,1.5749e+05,-30.901,0.94847,0.94461,0.10063,0.029989,-0.080609,-0.13332,0.4608,0.12585,0.1972,0.15804,0.39717,0.22578,44,7,1,0.056361,0.94364,8,0,3,0,1,1,0.5102,0,1,y,y,y,m,m,m,m,y,m,m,m,m,m,,,,not needed as transformed-cumulative preferred,1,delete,transformed-partial,0,0,0,0,0,0,,,,,,,,1716,,,,,,,,0,0,0,0,0,0,delete,
tel_net_3.5Mar_d250_m162,teleworking/commuting,The Netherlands,3.5,Market Formation,cumulative TotalFundraisingAmount,cumulative $ million,tel,0.44352,0.31904,0.083072,2023.8,9.9081,16.773,6.7594,2023.1,-165.61,0.98511,0.98402,0.22876,0.094982,0.9803,0.97937,0.26306,0.13987,0.33128,0.29943,1.5328,1.0678,45,9,0.51835,0.01036,0.50799,9,0,8,0,0,1,0.74838,0,1,y,y,y,y,y,y,y,y,y,y,y,y,y,,,,,0,prefer,transformed-cumulative,1,1,0,0,0,0,,,,,,,,1717,,,,,,,,1,1,0,0,0,0,delete,
tel_net_3.5Mar_d251_m163,teleworking/commuting,The Netherlands,3.5,Market Formation,Partial up to max TotalFundraisingAmount,Partial up to max $ million,tel,0.34929,0.0028657,0.019588,2051.6,12.581,47113,1554.7,1.575e+05,-39.042,0.67116,0.64649,0.29583,0.10157,-0.10046,-0.15414,0.54117,0.16351,0.23248,0.19504,0.45195,0.28826,44,7,4.5257e-05,2.5507e-06,4.2706e-05,8,0,3,0,1,1,0.41878,0,1,m,y,y,m,m,m,m,m,m,m,m,m,m,,,,not needed as transformed-cumulative preferred,1,delete,transformed-partial,0,0,0,0,0,0,,,,,,,,1718,,,,,,,,0,0,0,0,0,0,delete,
tel_net_3.5Mar_d252_m160,teleworking/commuting,The Netherlands,3.5,Market Formation,cumulative TotalFundraisingDeals,cumulative # deals,tel,0.57369,0.248,0.183,2020.3,7.6599,16.662,2.068,2015.5,-364.8,0.99568,0.99536,0.2508,0.11586,0.96419,0.96248,0.72199,0.41844,0.38809,0.35895,2.9843,2.2553,45,9,0.90024,0.060016,0.84022,9,0,8,0,0,0,0.83442,0,1,y,y,y,y,y,y,y,y,y,y,y,y,y,,,,,0,prefer,transformed-cumulative,1,1,0,0,0,0,,,,,,,,1719,,,,,,,,1,1,0,0,0,0,delete,
tel_net_3.5Mar_d253_m161,teleworking/commuting,The Netherlands,3.5,Market Formation,Partial up to max TotalFundraisingDeals,Partial up to max # deals,tel,1.3119,0.0041921,0.033525,2016.6,3.3497,2.0462,1554.4,1.5752e+05,-66.804,0.88787,0.87924,0.23206,0.075631,-0.16216,-0.22027,0.74709,0.27907,0.36039,0.32841,0.55424,0.40613,43,7,1.4661,0.48871,0.97743,7,0,6,0,0,1,0.66667,0,1,y,y,y,y,y,y,m,y,y,m,m,y,y,,,,not needed as transformed-cumulative preferred,1,delete,transformed-partial,0,0,0,0,0,0,,,,,,,,1720,,,,,,,,0,0,0,0,0,0,delete,
tel_usa_1.1Ado_d324_m183,teleworking/commuting,US,1.1,Adoption over time,Partial up to 2019 Employed persons teleworking as a percentage of the total employment (%),Partial up to 2019 Percentage of total employment,tel,0.29096,0.010874,0.00063691,1986.6,15.103,0.051796,0.0084934,1845,-1.2286,0.72172,0.67998,0.0055261,0.0044233,0.2203,0.14605,0.00925,0.0074779,0.27159,0.20222,0.0089406,0.0077057,24,24,1.2163,0.13515,1.0812,40,10,23,1,0,1,0.95575,1,1,y,y,y,y,y,y,y,y,m,y,m,y,m,,,,* error / discontinuity in data,0,prefer-relative,transformed-partial,0,1,0,1,0,0,,,,,,,,1722,,,,,,,,0,1,0,1,0,0,,
tel_usa_3.5Mar_d074_m128,teleworking/commuting,US,3.5,Market Formation,CumulativeStartups,cum. # companies,tel,0.11629,0.0982,2.7565,2031,37.79,478.95,0.36946,1962.8,-5483.5,0.98941,0.98864,4.1669,2.9649,0.98777,0.98719,4.4781,3.1973,0.78154,0.77113,18.927,16.093,45,42,0.28187,0.0041758,0.27769,42,1,41,0,0,0,0.92516,0,0,y,y,y,y,y,y,y,y,y,y,y,y,y,,,,,0,prefer,original,1,1,0,0,0,1,,,,,,,,1724,,,,,,,,1,1,0,0,0,1,,
tel_usa_3.5Mar_d126_m008,teleworking/commuting,US,3.5,Market Formation,NewStartups,# companies,tel,0.51432,0.019902,0.20145,2011.7,8.5442,8.4969,1551.6,1.5781e+05,-400.3,0.55751,0.52514,2.582,1.7022,-0.59735,-0.67341,4.9058,3,0.4543,0.42832,2.8674,1.9518,45,32,1.883,0.11769,1.7653,41,3,34,0,1,1,0.82918,0,1,m,y,y,m,m,m,y,y,y,m,m,m,m,,,,,0,hide,original,1,1,0,0,0,0,,,,,,,,1725,,,,,,,,1,1,0,0,0,0,delete,
tel_usa_3.5Mar_d171_m011,teleworking/commuting,US,3.5,Market Formation,PrivateEquityDeals,# deals,tel,0.65606,0.041824,0.43057,2017.3,6.6982,24.346,1546.4,1.5832e+05,-857.77,0.86695,0.85722,2.9592,1.3043,-0.27086,-0.33138,9.1457,4.2222,0.47508,0.45009,5.8778,4.3846,45,22,1.3554,0.041074,1.3144,27,2,26,0,0,1,0.92109,0,1,y,y,y,y,y,y,y,y,y,y,y,y,y,,,,,0,hide,original,1,1,0,0,0,0,,,,,,,,1726,,,,,,,,1,1,0,0,0,0,delete,
tel_usa_3.5Mar_d175_m027,teleworking/commuting,US,3.5,Market Formation,PrivateEquityInvestment,$ million,tel,4.2406,0.1549,1.8921,2018.4,1.0363,109.16,0.64348,1989.8,-3769.7,0.73431,0.71487,21.011,9.0929,0.63114,0.61358,24.757,12.125,0.36341,0.33309,32.524,22.632,45,22,1.6961,0.0068681,1.6892,27,2,12,0,1,1,0.7739,0,0,y,y,y,m,m,m,y,y,y,m,m,m,m,,,,,0,hide,original,1,1,0,0,0,0,,,,,,,,1727,,,,,,,,1,1,0,0,0,0,delete,
tel_usa_3.5Mar_d200_m027,teleworking/commuting,US,3.5,Market Formation,TotalFundraisingAmount,$ million,tel,21.44,0.1066,8.2705,2018.1,0.20497,565.72,0.035342,1935.3,-16469,0.41996,0.37752,219.58,83.293,0.18783,0.14916,259.83,114.61,0.13879,0.097781,267.56,133.43,45,27,2.8943,0.00066287,2.8936,33,5,17,1,1,1,0.50314,0,0,m,y,y,m,m,m,m,y,m,m,m,m,m,,,,,0,hide,original,1,1,0,0,0,0,,,,,,,,1728,,,,,,,,1,1,0,0,0,0,delete,
tel_usa_3.5Mar_d204_m011,teleworking/commuting,US,3.5,Market Formation,TotalFundraisingDeals,# deals,tel,0.6769,0.13097,0.52833,2017,6.4921,28.786,7.2202,2012.5,-1052.2,0.87528,0.86615,3.4116,1.7906,0.77019,0.75925,4.6308,2.5186,0.50452,0.48092,6.7998,5.1794,45,27,1.2854,0.034739,1.2506,33,2,32,0,0,1,0.92688,0,1,y,y,y,m,m,m,y,y,y,m,m,m,m,,,,,0,hide,original,1,1,0,0,0,0,,,,,,,,1729,,,,,,,,1,1,0,0,0,0,delete,
tel_usa_3.5Mar_d242_m156,teleworking/commuting,US,3.5,Market Formation,cumulative CumulativeStartups,cumulative cum. # companies,tel,0.11703,0.10751,28.644,2037.5,37.549,9207.8,0.0012557,1893.2,-57004,0.99886,0.99877,14.361,13.227,0.99845,0.99838,16.711,14.514,0.76658,0.75547,205.27,170.02,45,42,0.17116,0.00021721,0.17094,42,0,41,0,0,0,0.90209,0,0,y,y,y,y,y,y,y,m,y,m,y,m,y,,,,not needed as transformed-cumulative twice (error),1,delete,transformed-cumx2error,0,0,0,0,0,0,,,,,,,,1730,,,,,,,,0,0,0,0,0,0,delete,
tel_usa_3.5Mar_d243_m157,teleworking/commuting,US,3.5,Market Formation,Partial up to max CumulativeStartups,Partial up to max cum. # companies,tel,0.10485,0.1033,2.6318,2055.9,41.913,4639.8,0.37652,1965.5,-5234.8,0.9919,0.99129,3.4212,2.6322,0.99189,0.99149,3.4238,2.6441,0.77303,0.76196,18.108,15.107,44,41,0.029096,0.00043106,0.028665,41,0,40,0,0,0,0.91284,0,0,y,y,y,y,y,y,y,m,y,m,y,y,y,,,,not needed as transformed-cumulative preferred,1,delete,transformed-partial,0,0,0,0,0,0,,,,,,,,1731,,,,,,,,0,0,0,0,0,0,delete,
tel_usa_3.5Mar_d244_m158,teleworking/commuting,US,3.5,Market Formation,cumulative NewStartups,cumulative # companies,tel,0.11629,0.0982,2.7565,2031,37.79,478.95,0.36946,1962.8,-5483.5,0.98941,0.98864,4.1669,2.9649,0.98777,0.98719,4.4781,3.1973,0.78154,0.77113,18.927,16.093,45,42,0.28187,0.0041758,0.27769,42,1,41,0,0,0,0.92516,0,0,y,y,y,y,y,y,y,y,y,y,y,y,y,,,,not needed as cumulative in original data,1,delete,transformed-cumulative,0,0,0,0,0,0,,,,,,,,1732,,,,,,,,0,0,0,0,0,0,delete,
tel_usa_3.5Mar_d245_m159,teleworking/commuting,US,3.5,Market Formation,Partial up to max NewStartups,Partial up to max # companies,tel,0.13589,0.022434,0.22666,2096.5,32.339,4.376e+05,1551,1.5786e+05,-450.58,0.81831,0.80358,1.5413,1.1595,-0.57075,-0.65342,4.5317,2.7317,0.5501,0.52642,2.4253,1.7438,41,29,3.6563e-05,2.2852e-06,3.4278e-05,38,0,31,0,1,1,0.72922,0,1,y,y,y,m,m,m,y,m,y,m,m,m,m,,,,not needed as transformed-cumulative preferred,1,delete,transformed-partial,0,0,0,0,0,0,,,,,,,,1733,,,,,,,,0,0,0,0,0,0,delete,
tel_usa_3.5Mar_d246_m160,teleworking/commuting,US,3.5,Market Formation,cumulative PrivateEquityDeals,cumulative # deals,tel,0.31701,0.20889,2.5739,2022.8,13.862,334.56,0.06872,1985.6,-5128.5,0.99477,0.99439,3.4518,2.3121,0.98893,0.9884,5.0213,2.7835,0.49056,0.4663,34.065,25.864,45,27,0.5679,0.002989,0.56492,27,0,26,0,0,1,0.84607,0,0,y,y,y,y,y,y,y,y,y,y,y,y,y,,,,,0,prefer,transformed-cumulative,1,1,0,0,0,0,,,,,,,,1734,,,,,,,,1,1,0,0,0,0,delete,
tel_usa_3.5Mar_d247_m161,teleworking/commuting,US,3.5,Market Formation,Partial up to max PrivateEquityDeals,Partial up to max # deals,tel,0.31442,0.025093,0.40441,2023.9,13.976,94.886,19.045,2870.8,-805.62,0.98653,0.9855,0.88141,0.55811,-0.22527,-0.28653,8.4068,3.6047,0.43665,0.40848,5.7004,4.0724,43,20,0.34778,0.010539,0.33725,25,0,24,0,0,1,0.7871,0,1,y,y,y,y,y,y,y,y,y,y,y,y,y,,,,not needed as transformed-cumulative preferred,1,delete,transformed-partial,0,0,0,0,0,0,,,,,,,,1735,,,,,,,,0,0,0,0,0,0,delete,
tel_usa_3.5Mar_d248_m162,teleworking/commuting,US,3.5,Market Formation,cumulative PrivateEquityInvestment,cumulative $ million,tel,0.2991,0.2247,10.59,2024.8,14.692,1984,0.0007676,1961.8,-21100,0.98855,0.98771,21.409,13.758,0.98619,0.98553,23.514,13.039,0.47253,0.44742,145.31,106.82,45,27,0.41493,0.0025202,0.41241,27,0,26,0,0,1,0.83065,0,0,y,y,y,y,y,y,y,y,y,y,y,y,y,,,,,0,prefer,transformed-cumulative,1,1,0,0,0,0,,,,,,,,1736,,,,,,,,1,1,0,0,0,0,delete,
tel_usa_3.5Mar_d249_m163,teleworking/commuting,US,3.5,Market Formation,Partial up to max PrivateEquityInvestment,Partial up to max $ million,tel,0.32988,0.32988,1.6809,2054.4,13.321,7.4083e+06,1.2468,2007.1,-3348.6,0.8866,0.87788,12.056,5.8496,0.8866,0.88094,12.056,5.8496,0.33947,0.30644,29.097,19.372,43,20,2.4992e-05,1.012e-07,2.4891e-05,25,0,10,0,1,1,0.56297,0,0,y,y,y,m,m,m,m,m,y,m,m,m,m,,,,not needed as transformed-cumulative preferred,1,delete,transformed-partial,0,0,0,0,0,0,,,,,,,,1737,,,,,,,,0,0,0,0,0,0,delete,
tel_usa_3.5Mar_d250_m162,teleworking/commuting,US,3.5,Market Formation,cumulative TotalFundraisingAmount,cumulative $ million,tel,1.1249,0.18309,61.537,2018.9,3.9064,3899,5.4776e-05,1924.3,-1.2256e+05,0.94631,0.94238,260.68,184.79,0.91346,0.90934,330.96,195.57,0.5046,0.48101,791.87,621.86,45,33,1.0182,0.00038471,1.0179,33,0,32,0,0,1,0.86775,0,0,y,y,y,m,y,m,y,y,y,m,m,m,m,,,,,0,prefer,transformed-cumulative,1,1,0,0,0,0,,,,,,,,1738,,,,,,,,1,1,0,0,0,0,delete,
tel_usa_3.5Mar_d251_m163,teleworking/commuting,US,3.5,Market Formation,Partial up to max TotalFundraisingAmount,Partial up to max $ million,tel,3.9819,3.9663,6.5741,2020,1.1036,1.0513e+05,1.0474e-28,2000.9,-13090,0.98546,0.98425,30.726,13.62,0.98546,0.98467,30.726,13.62,0.088693,0.039433,243.25,99.912,40,22,0.015575,3.5672e-06,0.015572,28,0,12,0,1,1,0.025807,0,0,y,y,y,m,m,m,m,m,m,m,m,m,m,,,,not needed as transformed-cumulative preferred,1,delete,transformed-partial,0,0,0,0,0,0,,,,,,,,1739,,,,,,,,0,0,0,0,0,0,delete,
tel_usa_3.5Mar_d252_m160,teleworking/commuting,US,3.5,Market Formation,cumulative TotalFundraisingDeals,cumulative # deals,tel,0.18959,0.17548,3.6534,2033.5,23.179,1872.3,0.034315,1973,-7276.4,0.98944,0.98867,6.4685,4.4775,0.98925,0.98874,6.5256,4.4227,0.56814,0.54757,41.367,31.925,45,33,0.13246,0.00053411,0.13193,33,0,32,0,0,0,0.86147,0,0,y,y,y,y,y,y,y,m,y,m,y,m,y,,,,,0,prefer,transformed-cumulative,1,1,0,0,0,0,,,,,,,,1740,,,,,,,,1,1,0,0,0,0,delete,
tel_usa_3.5Mar_d253_m161,teleworking/commuting,US,3.5,Market Formation,Partial up to max TotalFundraisingDeals,Partial up to max # deals,tel,0.34147,0.22557,0.49834,2021,12.869,64.493,0.097499,1995.3,-992.41,0.97603,0.97419,1.3936,0.9408,0.9712,0.96976,1.5275,0.99405,0.47206,0.44567,6.54,4.7916,43,25,0.57371,0.015506,0.5582,31,0,30,0,0,1,0.81596,0,1,y,y,y,m,m,m,y,y,y,m,m,m,m,,,,not needed as transformed-cumulative preferred,1,delete,transformed-partial,0,0,0,0,0,0,,,,,,,,1741,,,,,,,,0,0,0,0,0,0,delete,
tel_usa_4.1Sal_d213_m100,teleworking/commuting,US,4.1,Knowledge Flows (social networks),annualised Google search frequency (index 100=monthly max.),Index 0-100,tel,0.46149,0.18584,4.4041,2019.5,9.5223,106.55,0.10128,1986.6,-8841.5,0.91959,0.9054,9.0226,7.1565,0.88056,0.86729,10.996,8.7693,0.70246,0.6694,17.356,15.549,21,20,0.93855,0.0029057,0.93565,20,2,14,1,1,1,0.86114,0,1,y,y,y,m,y,m,y,y,y,m,m,m,m,,,,,0,hide,original,1,1,0,0,0,0,,,,,,,,1742,,,,,,,,1,1,0,0,0,0,delete,
tel_usa_4.1Sal_d239_m153,teleworking/commuting,US,4.1,Knowledge Flows (social networks),Partial up to max annualised Google search frequency (index 100=monthly max.),Partial up to max Index 0-100,tel,0.27092,0.27092,3.7505,2060.7,16.22,3.4099e+06,0.083641,1996.1,-7527.6,0.91242,0.8949,7.8173,6.762,0.91242,0.90147,7.8173,6.762,0.60478,0.55537,16.606,14.147,19,18,2.9327e-05,9.0794e-08,2.9236e-05,18,0,12,0,1,1,0.69838,0,1,y,y,y,m,y,m,m,m,y,m,m,m,m,,,,,0,prefer,transformed-partial,1,1,0,0,0,1,,,,,,,,1743,,,,,,,,1,1,0,0,0,1,,
tim_ger_1.1Adod_m_0,time-and-work redesign,Germany,1.1,Adoption over time,share of working population in part time,%,tim,0.1514,0.010079,0.2961,1992.6,29.025,31.426,7.1771,1874.7,-567.04,0.97461,0.96826,0.40883,0.34696,0.83854,0.8137,1.031,0.85964,0.85822,0.83641,0.96608,0.81055,16,16,1.0135,0.73029,0.2832,26,0,15,0,0,0,0.94288,0,1,y,y,y,y,y,y,y,y,y,y,y,,,,,,,,,,,,,,,,,,,,,,,,,,,,,,,,,,,,,,
tim_ger_3.2Adcd_m_0,time-and-work redesign,Germany,3.2,Adopter characteristics,share of working population wishing to work less,%,tim,0.068801,0.017778,0.18167,2163.7,63.872,75160,1551.1,1.5789e+05,-363.31,0.85706,0.77129,0.19533,0.16192,-28.219,-37.958,2.7926,2.7444,0.82431,0.76574,0.21655,0.18099,9,9,4.6567e-05,2.9271e-05,1.7296e-05,9,0,7,0,1,0,0.86779,0,1,y,y,y,y,y,y,y,m,y,m,y,,,,,,,,,,,,,,,,,,,,,,,,,,,,,,,,,,,,,,
urb_glo_3.3Scid_m_0,urban densification & mixed-use planning,Global,3.3,Risk & Uncertainty (Shared Expectations),scientific publications on X-minute cities,# publications,urb,1.7779,0.6095,23.7,2021.5,2.4718,95.488,8.0153e-05,2000.1,-47860,0.99983,0.9993,0.45548,0.35796,0.9327,0.86539,8.9594,7.6851,0.94193,0.88385,8.3223,7.8,5,5,0.93206,0.010473,0.92159,5,0,4,0,0,1,0.59822,0,1,y,n,y,y,y,y,m,y,y,n,n,,,,,,,,,,,,,,,,,,,,,,,,,,,,,,,,,,,,,,
wea_chi_1.1Adod_m_0,wearables,China,1.1,Adoption over time,"% penetration rate total (smartwatch, bands, scales) ",% penetration rate ,wea,0.24188,0.20031,0.016617,2028.9,18.168,0.60764,0.31245,2028,-33.495,0.97852,0.96564,0.006546,0.0060333,0.97704,0.96938,0.0067686,0.0059975,0.92262,0.89683,0.012425,0.011086,9,9,0.26759,0.067474,0.20012,9,0,8,0,0,0,0.8234,1,1,y,y,y,y,y,y,y,y,y,y,y,,,,,,,,,,,,,,,,,,,,,,,,,,,,,,,,,,,,,,
wea_glo_1.1Adod_m_0,wearables,Global,1.1,Adoption over time,"% penetration rate total (smartwatch, bands, scales) ",% penetration rate ,wea,0.43238,0.22004,0.015015,2022.4,10.164,0.17394,0.022394,2016.7,-30.278,0.99728,0.99565,0.0020443,0.0016253,0.96935,0.95913,0.0068678,0.0063672,0.97665,0.96886,0.0059951,0.0050872,9,9,0.73877,0.10004,0.63874,9,0,8,0,0,0,0.82871,1,1,y,y,y,y,y,y,y,y,y,y,y,,,,,,,,,,,,,,,,,,,,,,,,,,,,,,,,,,,,,,
wea_jap_1.1Adod_m_0,wearables,Japan,1.1,Adoption over time,"% penetration rate total (smartwatch, bands, scales) ",% penetration rate ,wea,0.53658,0.22275,0.022587,2021.5,8.1897,0.21187,0.35328,2027.5,-45.553,0.99581,0.9933,0.00379,0.0032497,0.94269,0.92358,0.014023,0.012425,0.99121,0.98828,0.0054911,0.0047052,9,9,0.85099,0.051446,0.79954,9,0,8,0,0,1,0.83661,1,1,y,y,y,y,y,y,y,y,y,y,y,,,,,,,,,,,,,,,,,,,,,,,,,,,,,,,,,,,,,,
wea_net_1.1Adod_m_0,wearables,The Netherlands,1.1,Adoption over time,"% penetration rate total (smartwatch, bands, scales) ",% penetration rate ,wea,0.4385,0.215,0.023198,2022.1,10.022,0.2564,0.37534,2027.6,-46.78,0.99699,0.99519,0.0032995,0.0025137,0.96568,0.95424,0.011142,0.0094892,0.99169,0.98892,0.0054833,0.004437,9,9,0.77456,0.072152,0.70241,9,0,8,0,0,0,0.83062,1,1,y,y,y,y,y,y,y,y,y,y,y,,,,,,,,,,,,,,,,,,,,,,,,,,,,,,,,,,,,,,
wor_bra_1.1Adod_m_0,world wide web,Brazil,1.1,Adoption over Time,Individuals using the internet,%,wor,0.21311,0.079243,2.9574,2011,20.621,88.398,0.66488,1960.5,-5901.6,0.99055,0.98964,2.9704,2.5883,0.91971,0.91469,8.6595,8.0099,0.9552,0.9524,6.4683,4.9249,35,34,0.95549,3.7197e-05,0.95546,34,0,33,0,0,1,0.94858,0,1,y,y,y,y,y,y,y,y,y,y,y,,,,,,,,,,,,,,,,,,,,,,,,,,,,,,,,,,,,,,
wor_ger_1.1Adod_m_0,world wide web,Germany,1.1,Adoption over Time,Individuals using the internet,%,wor,0.42757,0.047966,3.3202,2001.9,10.278,87.136,0.73458,1918.5,-6607.8,0.99283,0.99214,3.0314,2.6183,0.72617,0.70905,18.735,16.908,0.87719,0.86951,12.547,11.145,35,35,1.073,0.0014448,1.0716,35,0,34,0,0,1,0.96919,0,1,y,y,y,y,y,y,y,y,y,y,y,,,,,,,,,,,,,,,,,,,,,,,,,,,,,,,,,,,,,,
wor_ita_1.1Adod_m_0,world wide web,Italy,1.1,Adoption over Time,Individuals using the internet,%,wor,0.17641,0.063345,2.795,2007.9,24.911,84.231,0.82266,1948.5,-5570.2,0.9616,0.95789,5.5983,4.9671,0.89657,0.89011,9.1879,7.9797,0.97629,0.97481,4.3991,3.802,35,35,1.0592,0.00020829,1.059,35,0,34,0,0,1,0.94821,0,1,y,y,y,y,y,y,y,y,y,y,y,,,,,,,,,,,,,,,,,,,,,,,,,,,,,,,,,,,,,,
wor_jap_1.1Adod_m_0,world wide web,Japan,1.1,Adoption over Time,Individuals using the internet,%,wor,0.37637,0.046605,3.2497,2002.1,11.676,87.293,0.84326,1918.9,-6466.6,0.99077,0.98988,3.3855,3.0647,0.70895,0.69076,19.01,17.345,0.8675,0.85921,12.827,11.212,35,35,1.0675,0.00023248,1.0672,35,8,34,1,0,1,0.97325,0,1,y,y,y,y,y,y,y,y,y,y,y,,,,,,,,,,,,,,,,,,,,,,,,,,,,,,,,,,,,,,
wor_net_1.1Adod_m_0,world wide web,Netherlands,1.1,Adoption over Time,Individuals using the internet,%,wor,0.40838,0.041668,3.2739,2000.6,10.761,92.875,0.93236,1907.4,-6507.7,0.99554,0.99511,2.4234,1.7945,0.67838,0.65828,20.576,18.163,0.83052,0.81993,14.936,13.459,35,35,1.0445,0.0036004,1.0409,35,1,34,0,0,1,0.9723,0,1,y,y,y,y,y,y,y,y,y,y,y,,,,,,,,,,,,,,,,,,,,,,,,,,,,,,,,,,,,,,
wor_nig_1.1Adod_m_0,world wide web,Nigeria,1.1,Adoption over Time,Individuals using the internet,%,wor,0.22211,0.10328,1.4815,2015.4,19.785,46.082,4.4966,2001.3,-2962.3,0.9912,0.99019,1.31,1.1488,0.95127,0.94766,3.083,2.7207,0.90636,0.89943,4.2737,3.2824,30,29,0.89431,0.00019168,0.89411,29,0,28,0,0,1,0.9264,0,1,y,y,y,y,y,y,y,y,y,y,y,,,,,,,,,,,,,,,,,,,,,,,,,,,,,,,,,,,,,,
wor_por_1.1Adod_m_0,world wide web,Portugal,1.1,Adoption over Time,Individuals using the internet,%,wor,0.19887,0.064069,2.9798,2007.8,22.097,86.905,0.65145,1944.9,-5939.4,0.99136,0.99052,2.8181,2.4143,0.90059,0.89438,9.5573,8.6521,0.98568,0.98478,3.6277,2.8846,35,34,1.0182,0.0011533,1.0171,34,0,33,0,0,1,0.95502,0,1,y,y,y,y,y,y,y,y,y,y,y,,,,,,,,,,,,,,,,,,,,,,,,,,,,,,,,,,,,,,
wor_sou_1.1Adod_m_0,world wide web,South Korea,1.1,Adoption over Time,Individuals using the internet,%,wor,0.49113,0.046589,3.4764,2001,8.9477,90.508,0.73338,1914.1,-6916.9,0.97737,0.97518,5.6984,4.9268,0.70996,0.69183,20.4,18.375,0.85915,0.85035,14.216,12.278,35,35,1.0816,0.00025705,1.0814,35,0,34,0,0,1,0.97004,0,1,y,y,y,y,y,y,y,y,y,y,y,,,,,,,,,,,,,,,,,,,,,,,,,,,,,,,,,,,,,,
wor_swe_1.1Adod_m_0,world wide web,Sweden,1.1,Adoption over Time,Individuals using the internet,%,wor,0.46428,0.037106,3.0587,1999.8,9.465,92.951,1.1554,1899.9,-6074.2,0.99305,0.99239,2.9949,2.3778,0.63642,0.61439,21.656,18.691,0.78268,0.76951,16.743,14.689,36,36,1.0303,0.0062849,1.024,36,0,35,0,0,1,0.97483,0,1,y,y,y,y,y,y,y,y,y,y,y,,,,,,,,,,,,,,,,,,,,,,,,,,,,,,,,,,,,,,
wor_uki_1.1Adod_m_0,world wide web,United Kingdom,1.1,Adoption over Time,Individuals using the internet,%,wor,0.3956,0.047848,3.4796,2002,11.108,91.87,0.69438,1916.1,-6924.9,0.98918,0.98813,3.8978,3.0931,0.72756,0.71054,19.556,18.022,0.87976,0.87225,12.992,11.787,35,35,1.0471,0.00095086,1.0461,35,3,34,0,0,1,0.9703,0,1,y,y,y,y,y,y,y,y,y,y,y,,,,,,,,,,,,,,,,,,,,,,,,,,,,,,,,,,,,,,
wor_usa_1.1Adod_m_0,world wide web,United States,1.1,Adoption over Time,Individuals using the internet,%,wor,0.30413,0.043528,2.9423,2000.3,14.449,84.265,0.84102,1911.8,-5847.9,0.96323,0.95967,6.0086,5.0997,0.77302,0.75884,14.928,12.426,0.89938,0.8931,9.9391,8.4355,35,35,1.1238,0.0093126,1.1144,35,0,34,0,0,1,0.96783,0,1,y,y,y,y,y,y,y,y,y,y,y,,,,,,,,,,,,,,,,,,,,,,,,,,,,,,,,,,,,,,
